"snp","beta_R","se_R","p_R","n_miss","beta_gemma","se_gemma","p_gemma"
"abph1.1",-0.832724139414142,1.73324519269949,0.631296346943593,0,-0.8428313,1.738999,0.6283015
"abph1.10",-0.771592312860408,1.4489747321384,0.594804965986283,0,-0.7884529,1.455481,0.5884564
"abph1.15",-0.52470414212144,1.34413572479324,0.696569642597401,0,-0.51996,1.347732,0.6999415
"abph1.19",-2.08547109331962,2.70345030315067,0.441128144627528,0,-2.086931,2.708752,0.4417027
"abph1.20",-0.37935881315346,1.56228756773162,0.808324457503358,0,-0.4020401,1.568044,0.7978376
"abph1.3",0.296181268082991,1.77458829144845,0.867570735898188,0,0.2950595,1.780468,0.8684994
"abph1.5",-1.15002751837679,2.34650067622229,0.624453064207674,0,-1.186134,2.353627,0.6146943
"abph1.9",0.500015834197624,1.49952658135161,0.73905030904867,0,0.4997109,1.504987,0.7401153
"ae1.1",1.30574525719146,1.55294374994822,0.401182260237045,0,1.303728,1.555059,0.4025491
"ae1.7",-0.0774218297532744,1.26836368838731,0.951371281070489,0,-0.07905291,1.272392,0.9505051
"ae1.8",0.152363736633132,1.79589810332807,0.932450662860315,0,0.1571971,1.79833,0.9304072
"an1.4",3.17695315465138,2.36581164902832,0.180428736763832,0,3.287774,2.366221,0.1658204
"an1.5",4.86824938048223,1.46383230652212,0.00100241412563694,0,4.913028,1.441488,0.000751904
"ba1.5",-3.83148348653328,6.26731119008319,0.541478687152378,0,-3.818687,6.275919,0.5433822
"ba1.7",4.24745374761343,4.47249933206799,0.343110561646535,0,4.299065,4.47336,0.3373808
"ba1.8",-1.51638163992761,5.84036556339498,0.79533789163881,0,-1.490256,5.851026,0.7991459
"bt2.2",1.28005507337359,1.39653198757137,0.360160622628607,0,1.305117,1.40101,0.352387
"bt2.4",-0.698013459709212,2.45332726356472,0.776229070767323,0,-0.6915594,2.460908,0.7789087
"bt2.7",0.0437491568677269,1.45552164194998,0.976043178306325,0,0.04358748,1.460817,0.9762182
"d8.1",-0.038051822287809,1.6040302897769,0.981091119301339,0,-0.03090698,1.608703,0.9846857
"d8.2",0.39635849702913,1.92609390420331,0.837112778774205,0,0.3806314,1.931351,0.8439108
"d8.3",-1.02920083730317,2.2842075723201,0.652654102677427,0,-1.030499,2.289898,0.6530521
"Fea2.1",2.07993697666331,1.34070703232468,0.121966515579646,0,2.089263,1.340549,0.1202658
"Fea2.2",-1.61134179254493,1.63298470411206,0.324637508702019,0,-1.653447,1.639678,0.3141535
"Fea2.3",2.28652772114279,1.67491452116433,0.173322322494703,0,2.291137,1.673207,0.1720241
"Fea2.4",1.00998334566616,1.43708713577645,0.482777713384561,0,1.01185,1.440734,0.4830784
"Fea2.5",-1.62772715427547,1.82693263717,0.373731351521993,0,-1.655248,1.832635,0.3672098
"Fea2.6",1.64417468027775,2.73828105934918,0.548709048739233,0,1.638894,2.743062,0.5506879
"id1.2",0.607712718671851,1.71539231344051,0.723408732452951,0,0.6468874,1.725983,0.7081039
"id1.3",-0.110466679723065,1.68932898230004,0.947910482800745,0,-0.0906474,1.69686,0.9574357
"id1.6",0.319591516628205,1.73013670560929,0.853585004982768,0,0.3500845,1.739841,0.8406786
"id1.9",1.03615059013259,3.46949449044773,0.765436541818741,0,1.044278,3.477608,0.7641864
"lac1.3",-0.38661279602968,1.33094622553735,0.771669046600841,0,-0.388698,1.33499,0.7711479
"lg2.1",2.51546392140977,1.52815112594684,0.100893137000165,0,2.515817,1.524643,0.1000679
"lg2.12",-1.90089954141189,1.89610090247859,0.316971829339464,0,-1.938163,1.892524,0.3066841
"lg2.2",2.79486191398502,1.56607605014587,0.0754281152631072,0,2.797,1.558207,0.07375394
"PHM10225.15",0.250572690062012,1.58648166317381,0.874618537365488,0,0.2534012,1.590239,0.8735122
"PHM10321.11",0.266005278180529,1.32066685992323,0.840521660475039,0,0.2544883,1.324514,0.8477771
"PHM10404.8",-0.235593732240139,1.28350702614036,0.854498570703943,0,-0.2439073,1.287856,0.8499273
"PHM10525.11",0.258009147654782,1.38625154613234,0.852488369113715,0,0.2539295,1.390418,0.8552248
"PHM10525.9",-0.665183119030818,1.37064971605052,0.627847831625222,0,-0.6619541,1.373853,0.6303161
"PHM11114.7",-2.24003628915079,1.28230519724049,0.0817782187061758,0,-2.239886,1.277909,0.08075919
"PHM1218.6",3.22245552601468,1.51351269496267,0.0341357738386837,0,3.242814,1.506723,0.03225275
"PHM12749.13",0.323748637022008,1.34246919352587,0.809612186456603,0,0.3196094,1.345842,0.8124625
"PHM1275.22",2.98316513677756,1.3515923893504,0.0281327350604087,0,2.996143,1.344492,0.02666149
"PHM12830.14",0.522845159905386,1.44740584406194,0.718206534253103,0,0.5184639,1.450989,0.7211291
"PHM12859.7",1.43755158426864,1.39543360404735,0.303832735299566,0,1.510397,1.404063,0.282993
"PHM1307.11",-1.44221686291541,1.49639822975905,0.335999966253856,0,-1.445212,1.496106,0.3349049
"PHM13122.43",1.68750719657058,1.63746854469135,0.303656701491819,0,1.686127,1.638096,0.3042364
"PHM13619.5",0.106482426724821,1.32113885085326,0.935819726057244,0,0.1045779,1.325244,0.9371601
"PHM13623.14",0.209426309759883,1.99217014690243,0.916353766188662,0,0.209764,1.996313,0.9163926
"PHM13673.53",2.31064345637775,1.44562897581719,0.111114162543732,0,2.325375,1.445732,0.1088902
"PHM13681.12",-1.87274264973367,1.33248500513027,0.161019984206881,0,-1.92337,1.326604,0.1482456
"PHM13687.14",2.15345967358408,1.42685640976438,0.132391330118038,0,2.17363,1.427207,0.128913
"PHM14046.9",-0.733065914493641,1.50657120293962,0.626945673567154,0,-0.731455,1.509725,0.6284213
"PHM14055.6",0.0262836952606601,1.53399699712514,0.986342085331433,0,0.02713318,1.54097,0.9859645
"PHM14152.18",2.42379165100965,1.28538167053013,0.0603986987230016,0,2.423829,1.279947,0.05931885
"PHM14475.7",0.599001733318961,1.20719022374559,0.62015464923524,0,0.6156371,1.210174,0.6113596
"PHM1506.23",-0.979148223483482,1.41326373288111,0.489004500278047,0,-0.9766621,1.41519,0.4906979
"PHM1511.14",-0.217863834672444,1.31355548568608,0.86839092531962,0,-0.2061802,1.317109,0.8757227
"PHM15278.6",-1.72061722287078,1.30617842056854,0.188841564393034,0,-1.72238,1.306021,0.1883373
"PHM15427.11",0.448159658716408,1.33072424475376,0.736541489404105,0,0.4422333,1.333505,0.7404205
"PHM15449.10",1.06526361130504,1.35257213097213,0.431621078917491,0,1.063386,1.35494,0.4332365
"PHM15474.5",2.56082791189679,1.42043268445883,0.0725103486434025,0,2.561605,1.415859,0.07151221
"PHM15501.9",-0.710102427835018,1.48038645317417,0.631842095680217,0,-0.7339224,1.485713,0.6217114
"PHM15868.56",-1.50529447307405,1.34459370279091,0.263900378639183,0,-1.504375,1.344737,0.2642422
"PHM15871.11",0.109758109298685,1.97807642555124,0.955790689862494,0,0.1302076,1.98556,0.9477622
"PHM15899.9",1.04936235394536,2.39715294968728,0.661909773533463,0,1.040859,2.402218,0.6651443
"PHM15961.13",0.398003385385022,1.29548817373293,0.758907231276511,0,0.3953368,1.297916,0.7609071
"PHM16125.47",1.54969019928235,1.68193752522003,0.35766675261832,0,1.54769,1.683015,0.358594
"PHM16605.19",-1.61452945577838,1.71564975362209,0.347502999510117,0,-1.612957,1.716757,0.3482827
"PHM1675.29",-0.410154770143216,1.91772444728088,0.830803010975663,0,-0.4013835,1.923604,0.834867
"PHM17210.5",-2.8088571413457,1.44883632364972,0.05356482606013,0,-2.814471,1.438754,0.05145899
"PHM18195.6",-0.659526116217533,1.99713092774834,0.741473400919034,0,-0.6645499,2.003015,0.740313
"PHM18513.156",-0.294757889411177,1.35188642708511,0.827564517728535,0,-0.2912507,1.356207,0.8301189
"PHM1870.20",0.226750607611662,1.39682165261637,0.871163075893552,0,0.2228623,1.402101,0.8738263
"PHM18705.23",-1.73193101326491,1.45073553599983,0.233577188645714,0,-1.740428,1.447763,0.2303437
"PHM1959.26",-1.57558817036247,1.36935275082447,0.250896714400344,0,-1.584859,1.371879,0.2489957
"PHM1968.22",0.7361985752401,1.54634994563402,0.634391107644311,0,0.7391783,1.549947,0.6338096
"PHM2100.21",0.21168274942914,2.22020570156974,0.924111480260671,0,0.2163073,2.224881,0.9226212
"PHM2244.142",1.01462773667315,2.0014706118866,0.612603862727715,0,1.009804,2.004684,0.6148613
"PHM2324.23",-3.64345369779281,2.04428400880624,0.0758134598785284,0,-3.647587,2.034873,0.07414984
"PHM2343.25",0.22728661934037,1.33223774768102,0.8646601584816,0,0.2375788,1.336913,0.8590843
"PHM2350.17",-1.13760101937236,1.25350119126737,0.364919386255514,0,-1.136088,1.254257,0.3658453
"PHM2423.33",0.368531059318242,1.29248078046843,0.775756389202994,0,0.3780125,1.296014,0.7707572
"PHM2438.28",0.595421755276796,1.26003259814325,0.636914190238018,0,0.5930381,1.262979,0.6390465
"PHM2478.22",2.58330739297588,1.96345996294295,0.189377425359595,0,2.601822,1.960067,0.1854766
"PHM2672.19",0.465065748967122,1.32328175037519,0.725521800152619,0,0.4629645,1.327342,0.7275144
"PHM2749.10",-1.01152308996185,1.34980953282145,0.454269828114578,0,-1.009914,1.352386,0.4558458
"PHM2769.43",-1.6803389365941,1.27612659046467,0.189022893835407,0,-1.73138,1.277098,0.1763063
"PHM2828.83",0.859868181423201,1.27698200248422,0.501286063819426,0,0.8573401,1.279372,0.5033422
"PHM2885.31",-1.8786166036803,2.01548091557511,0.352108794233192,0,-1.879315,2.017827,0.3524894
"PHM3055.9",0.395476940249364,1.340177984594,0.768146426346001,0,0.3935204,1.343395,0.7697976
"PHM3330.25",1.7133900196929,1.46635442332572,0.2436331746198,0,1.717012,1.467235,0.2429225
"PHM3342.31",0.125119040179287,1.45677661732421,0.931618499131243,0,0.1257488,1.461019,0.9314742
"PHM3457.6",1.22361204881864,1.33183148721644,0.359037599764396,0,1.222019,1.333225,0.3601641
"PHM3465.6",-3.13760596438854,2.74599513885328,0.254197306240349,0,-3.13723,2.746279,0.254303
"PHM3626.3",-0.191501717327329,1.27222477506154,0.880461127456278,0,-0.189097,1.275545,0.8822561
"PHM3637.14",-1.78091565566323,1.31935909447468,0.178183347087808,0,-1.781481,1.318177,0.1776586
"PHM3668.12",2.32481306409804,1.26339603530073,0.0668306145214468,0,2.325556,1.258831,0.06576806
"PHM3726.129",1.3269524179843,1.42732617356226,0.35335662425027,0,1.341309,1.431261,0.3495057
"PHM3765.7",-1.83361821767845,2.16657201434944,0.398111493598159,0,-1.843557,2.167594,0.3957851
"PHM3922.32",1.16829554158845,1.45430707890993,0.422477553838767,0,1.16768,1.457316,0.423679
"PHM3925.79",-0.0315222241824623,2.95676213561739,0.991501622535549,0,-0.03527795,2.966046,0.9905189
"PHM4080.15",2.03464066656865,1.4977580517287,0.175435922342171,0,2.035074,1.49754,0.1752817
"PHM4134.8",-0.0552153115728358,1.46716118835384,0.970006812378728,0,-0.0649949,1.471938,0.9648122
"PHM4165.14",0.852403137517765,1.24553618257784,0.494322245963291,0,0.8500623,1.247371,0.4961415
"PHM4203.11",1.1414370091351,1.28159318394838,0.373904180009198,0,1.141652,1.28316,0.3743972
"PHM4468.13",0.939150165189636,1.28636607900735,0.465965001699374,0,0.9391461,1.288529,0.4667151
"PHM448.23",-1.54445510443917,1.31667104821691,0.241814538337853,0,-1.543518,1.316528,0.2420484
"PHM4531.46",0.381376349750451,1.59640848439497,0.811364447992026,0,0.4353294,1.600772,0.7858655
"PHM4748.16",1.40265182303812,1.52603995662349,0.358828226870408,0,1.401634,1.527545,0.3596492
"PHM4757.14",2.25528958324877,1.37273292168994,0.101546641689018,0,2.262693,1.367106,0.0990497
"PHM4786.9",0.158194836685421,1.42513687231821,0.911695028492246,0,0.1522849,1.42972,0.9152527
"PHM4913.18",2.38854884483372,1.35115787861431,0.0782107282459284,0,2.389413,1.346801,0.07715052
"PHM5098.25",1.81184887370357,1.93146915401627,0.349035745181088,0,1.840774,1.935369,0.3423803
"PHM5181.10",2.0343398042939,1.40763389052938,0.149538963271707,0,2.050263,1.400958,0.1444845
"PHM5232.9",-2.76437715102724,1.34966788593939,0.0414942796707398,0,-2.764674,1.341354,0.04023631
"PHM532.23",0.617160784919645,1.44250986379338,0.66910501386362,0,0.619055,1.445748,0.6688491
"PHM5324.11",-0.0868066381487139,1.53970126733478,0.955081068683596,0,-0.07710267,1.54342,0.9601941
"PHM537.22",-1.27137816177249,1.60207292531219,0.42812480966191,0,-1.270714,1.603285,0.4287146
"PHM5435.25",-1.67837364729616,1.39640427218269,0.23043022260204,0,-1.688369,1.398453,0.2283531
"PHM5468.25",-2.14609358956799,1.62503697223113,0.187722438235488,0,-2.166636,1.62069,0.182377
"PHM5480.17",1.59596591951955,1.46933399468646,0.278352590295318,0,1.598427,1.470784,0.2780866
"PHM5502.31",1.89930693911609,1.39441201967642,0.174289936291964,0,1.909086,1.395352,0.172378
"PHM5599.20",-0.556644480829553,1.30309081786974,0.669589217598772,0,-0.5524879,1.305979,0.6725944
"PHM5665.26",-1.90149861538156,1.40377798639961,0.176674340244459,0,-1.901004,1.401875,0.1762017
"PHM5798.39",-2.29610415619666,1.41099922925878,0.104825008290798,0,-2.313831,1.412165,0.1024654
"PHM5817.15",0.679713046274885,1.34310752632223,0.613210971847515,0,0.6805642,1.34677,0.6137327
"PHM6043.19",1.43565489610274,2.13916907743008,0.502704762439767,0,1.432701,2.141773,0.5041018
"PHM7616.35",2.51957287522549,1.51842915500982,0.0981937094720243,0,2.536885,1.509761,0.09403429
"PHM7898.10",0.251985737767806,1.27908405231084,0.843969810177592,0,0.2552341,1.283234,0.8424892
"PHM7922.8",0.74670789159761,1.48514113928906,0.615518750526131,0,0.7432799,1.487488,0.6176957
"PHM7953.11",-0.607935443188616,1.28219539121044,0.635780288584255,0,-0.6043034,1.284732,0.6384626
"PHM816.29",-1.90507102543389,1.28520036867316,0.139405837183397,0,-1.907279,1.283938,0.1385633
"PHM890.20",1.46062063567939,2.18443437132028,0.504282102159723,0,1.458644,2.186471,0.5052552
"PHM8909.12",0.032110346934057,1.41752028746645,0.981943970867602,0,0.02864793,1.423255,0.9839555
"PHM904.21",-3.19667311433126,1.40939464210855,0.0241005167676093,0,-3.205894,1.394842,0.02229253
"PHM9241.13",-1.62161100749192,1.28558380552247,0.208244443500533,0,-1.623081,1.28376,0.2071902
"PHM9374.5",-0.516970620074395,1.40829751177425,0.713835929603696,0,-0.5138293,1.411125,0.7160437
"PHM9418.11",0.723940748718837,1.47935344388799,0.624976289095918,0,0.7531624,1.48453,0.6123239
"PHM9695.8",0.406333780498925,1.24120757719916,0.743638237395299,0,0.4063037,1.244418,0.7442945
"PHM9807.9",1.58285564655799,1.79421577978653,0.378442392313431,0,1.582376,1.795049,0.3788075
"PHM9914.11",1.25651550738943,1.29589341855713,0.333094389917231,0,1.255979,1.29614,0.3333924
"PZA00001.8",-0.420009772545923,1.57347194949528,0.789722425030168,0,-0.4384768,1.578807,0.7814317
"PZA00003.11",1.11431778793093,1.54173279701711,0.47043784087286,0,1.134369,1.5476,0.4641936
"PZA00003.5",0.696252013901689,1.5282753492913,0.649052695469272,0,0.7045939,1.532788,0.6461095
"PZA00004.2",-3.06301431981419,1.54640468979755,0.0486211421129367,0,-3.064288,1.539209,0.04749386
"PZA00005.2",-1.53479304379004,1.37327237854352,0.264709430664501,0,-1.545427,1.376794,0.2626401
"PZA00005.5",-0.675041607466317,1.34921554336049,0.617250288522625,0,-0.6784083,1.353964,0.6167359
"PZA00006.13",1.16756025182627,1.55010218831963,0.451967405144096,0,1.165752,1.552597,0.4533935
"PZA00006.9",1.75298726697208,1.97987032954417,0.37671454076669,0,1.758009,1.983754,0.3762852
"PZA00007.1",3.32737025524806,1.32706360852873,0.0127440590096684,0,3.418775,1.321895,0.01021841
"PZA00007.2",-3.13428493179694,1.53999745834055,0.0427876713642215,0,-3.223772,1.538494,0.03705253
"PZA00008.1",0.197728783664153,1.8554535480574,0.915211050959365,0,0.1897623,1.860636,0.9188409
"PZA00010.5",2.48435297084885,1.3912839816912,0.0752610535586094,0,2.497698,1.383459,0.07210954
"PZA00013.8",0.369027792029885,1.41441819140052,0.794362290368898,0,0.3635555,1.419295,0.7980255
"PZA00013.9",0.438180494413125,1.43373948595905,0.760125500450689,0,0.4316226,1.438279,0.7643311
"PZA00015.5",-1.92368481524006,1.80283445475529,0.286895945187241,0,-1.934277,1.804147,0.2846057
"PZA00017.1",0.18699746668408,1.4191194774035,0.895262869564426,0,0.2036262,1.423994,0.8863981
"PZA00017.4",-0.0742387229656076,1.70013809724534,0.965202214948666,0,-0.08983024,1.706103,0.9580473
"PZA00018.5",2.1401976168707,1.93874008600157,0.270600016743482,0,2.144778,1.940497,0.2700111
"PZA00022.2",-0.0962455111874679,1.31267447399539,0.941604839356484,0,-0.09881478,1.317036,0.9402471
"PZA00029.11",-1.9216556988955,3.03717782368283,0.52745007018393,0,-1.923969,3.040712,0.5274335
"PZA00029.12",2.41517621789557,1.86526928012136,0.196474529635886,0,2.424683,1.865079,0.1946786
"PZA00031.5",0.158283293385508,1.89752812688681,0.933582057546063,0,0.1791691,1.903814,0.9250901
"PZA00040.19",0.382426899814964,1.37174848355011,0.78061788095439,0,0.3770185,1.374039,0.783994
"PZA00041.3",-1.82421335407904,1.35435524630337,0.179117713496917,0,-1.8413,1.355774,0.1755436
"PZA00042.2",-0.571243778244242,1.50578450220414,0.704709768104016,0,-0.5647725,1.509232,0.7085362
"PZA00042.5",-0.764545884033969,1.52536410494346,0.616617403122517,0,-0.8092593,1.532312,0.597837
"PZA00043.1",-0.195635350546512,1.32454142505484,0.882687813490382,0,-0.1874774,1.327645,0.8878074
"PZA00043.7",0.344953414714727,1.80295791119979,0.848411591093214,0,0.3536046,1.808261,0.8451077
"PZA00045.1",-1.02728499775961,1.46876506105928,0.484882345877558,0,-1.041633,1.472006,0.4797775
"PZA00045.2",-1.44998705868579,1.49347875486314,0.33246483182927,0,-1.451084,1.495122,0.3326306
"PZA00047.2",0.536584862019965,1.60092683569419,0.737752269193285,0,0.5464476,1.605814,0.7338964
"PZA00048.1",0.807929300109659,1.3772376450714,0.557935037996421,0,0.8119494,1.382098,0.557368
"PZA00048.2",1.49496036103025,1.41245293506005,0.290798796539069,0,1.499802,1.415167,0.2901661
"PZA00049.12",0.795354239587749,1.49496340391997,0.595141486602159,0,0.7919281,1.497217,0.5972799
"PZA00051.17",8.82730888836647,3.5352825356615,0.0131151862642044,0,8.827178,3.50199,0.0122831
"PZA00051.2",-0.843852769220108,1.46219481565132,0.564336462718229,0,-0.8550285,1.46669,0.5603965
"PZA00057.2",-1.42322569848874,1.40029148194654,0.310345954822971,0,-1.431362,1.399116,0.3071878
"PZA00058.1",-0.767225564181148,1.21280865839457,0.527520928615167,0,-0.7684327,1.214027,0.5272864
"PZA00058.5",-2.21524123979861,1.88498926898567,0.240934531076071,0,-2.213763,1.883878,0.2409711
"PZA00060.2",0.77304856377752,1.38541362859702,0.577306042322902,0,0.7903646,1.390177,0.5701372
"PZA00061.1",0.581363480783157,1.3512818020046,0.667365717460946,0,0.585196,1.354977,0.6661636
"PZA00062.4",-1.36207380806717,2.31349082657614,0.556512261802426,0,-1.366014,2.31669,0.5559178
"PZA00063.3",0.476138255181488,3.1834937013015,0.881218095331934,0,0.4631162,3.191279,0.8847234
"PZA00067.10",-1.46554902421866,1.77082112195547,0.40861169838682,0,-1.476221,1.77137,0.4053574
"PZA00067.8",0.379948650186867,1.39995769009095,0.786287691088791,0,0.3719798,1.403007,0.7911084
"PZA00067.9",0.342471138833893,1.92062501604519,0.858609452982701,0,0.3507533,1.926283,0.8556482
"PZA00068.1",-1.48430590178905,1.52349999600432,0.330780016613092,0,-1.648999,1.531834,0.2826563
"PZA00069.2",-0.0729750272418196,1.27238704727102,0.954305921012257,0,-0.08250307,1.275622,0.9484785
"PZA00069.4",0.957008012008639,1.75814026164162,0.586657282328038,0,0.9633431,1.762601,0.5851353
"PZA00070.5",2.30405169987319,1.34753412071095,0.0884297515766461,0,2.304365,1.342614,0.08723241
"PZA00078.2",2.33802369457229,1.40679188464765,0.097665550181077,0,2.350809,1.399538,0.09415478
"PZA00078.4",1.43652552393478,1.36494393444211,0.293523649096689,0,1.435227,1.365433,0.2941319
"PZA00079.1",0.698110604102826,1.76150487304449,0.692181204023538,0,0.6926364,1.764817,0.6950167
"PZA00081.17",0.81198022751784,5.21798618132491,0.876453600711341,0,0.8146103,5.228012,0.8762924
"PZA00081.18",-2.28923202027272,2.24326598418845,0.308395985528359,0,-2.312035,2.242478,0.3034416
"PZA00084.2",2.23391984350188,1.44980357983265,0.124509038409105,0,2.23907,1.449423,0.1235487
"PZA00084.3",1.92402491842196,1.45760981012584,0.187941303691203,0,1.929593,1.459274,0.1871721
"PZA00088.3",0.587106622409942,1.37904886165175,0.670636615831552,0,0.5835328,1.382211,0.6732294
"PZA00089.3",2.40200234700837,1.22890081530898,0.051647838583687,0,2.402376,1.222465,0.05040232
"PZA00090.1",1.66620575942563,2.40895979696515,0.489730102765847,0,1.663218,2.411164,0.4909045
"PZA00092.1",-1.87104528863972,1.58245462100878,0.238084340532794,0,-1.883362,1.584684,0.2356743
"PZA00092.5",-2.78357987445309,2.84040365749924,0.327953335500352,0,-2.802778,2.838791,0.3243598
"PZA00094.2",0.109072020465904,1.51261698636998,0.942568442433655,0,0.1087308,1.516216,0.9428835
"PZA00096.6",-1.55889528735428,1.30133174684767,0.231982175876793,0,-1.634861,1.303381,0.2107934
"PZA00097.13",-2.81646481128202,2.88048073061405,0.329047634365594,0,-2.868876,2.875863,0.3193679
"PZA00098.14",4.2901938178572,2.9256389630827,0.143682639839124,0,4.351301,2.923525,0.1378021
"PZA00099.6",1.42618012679711,1.63793512034826,0.384670180649249,0,1.430136,1.639567,0.3838277
"PZA00100.2",1.5139416441171,1.37009694700759,0.270133834441664,0,1.548849,1.375293,0.2610681
"PZA00100.9",-1.66178365701435,1.50417181856945,0.270222760495093,0,-1.698742,1.508326,0.261048
"PZA00102.6",3.69219144740118,1.92488712023429,0.0561332445249911,0,3.729135,1.912803,0.05224786
"PZA00102.8",-3.49417651570971,1.95000377952271,0.0742552107727925,0,-3.548869,1.938864,0.06827845
"PZA00104.1",-2.35786002200186,2.01920136722876,0.243935200857083,0,-2.36077,2.01739,0.2429333
"PZA00106.10",-0.347403729742108,1.70136989169995,0.838356142600049,0,-0.3359615,1.705254,0.8439614
"PZA00106.9",-2.26554937286027,1.9761161712612,0.252602719524087,0,-2.284233,1.972484,0.2478525
"PZA00107.18",-0.150498098601005,2.51252998967046,0.952279720078121,0,-0.1430486,2.519463,0.9547639
"PZA00107.4",1.03620364851704,1.36319420847665,0.447830944890782,0,1.03458,1.365313,0.4492455
"PZA00108.12",-3.88374410705151,2.11120196686439,0.0669103255833745,0,-3.93547,2.102612,0.06231266
"PZA00108.4",1.14335720984931,1.32132360070505,0.38762453069624,0,1.15168,1.323311,0.3848973
"PZA00109.3",0.298669681704287,1.35251624002844,0.82539299410985,0,0.3154733,1.358529,0.8165429
"PZA00111.2",1.06585142709561,1.61936732931016,0.510968659646415,0,1.063246,1.622727,0.5128748
"PZA00111.4",0.212362343617729,1.33633566281148,0.873853758059106,0,0.217259,1.341406,0.8714538
"PZA00112.3",0.633842721399448,1.48787027392174,0.670437407894413,0,0.6324541,1.492342,0.6720443
"PZA00112.4",0.25050136717627,1.32854022970108,0.850582087621189,0,0.2508091,1.332755,0.8508682
"PZA00112.5",6.15345726835122,2.19176946530642,0.00535094707461471,0,6.170204,2.164077,0.004686846
"PZA00113.1",-0.328759835923411,1.55189291314047,0.832385914930857,0,-0.3256802,1.555886,0.8343529
"PZA00114.3",1.4530429390925,1.30150790369293,0.265216044441967,0,1.453897,1.300771,0.264666
"PZA00116.2",-2.4815840886509,1.74689591521268,0.156579378456984,0,-2.483869,1.743174,0.1553208
"PZA00116.3",-3.15102762990973,1.76628319220891,0.0755322182686235,0,-3.153708,1.758238,0.07396764
"PZA00118.1",0.505946920888809,1.28719139056887,0.694578813950583,0,0.5003716,1.290553,0.6985251
"PZA00118.4",-0.72479221706001,1.30097610111489,0.577904220534922,0,-0.7216184,1.304256,0.5805232
"PZA00118.5",0.512570488444911,1.96841654876233,0.794752853388072,0,0.5247825,1.974088,0.7905659
"PZA00119.1",-0.2471163887779,1.29619702220191,0.848943152717714,0,-0.243632,1.299713,0.8514461
"PZA00119.4",1.20902121668467,1.60672772275908,0.452411872822161,0,1.219741,1.608948,0.4490436
"PZA00120.4",3.97222026971896,2.01685025157303,0.0499010379155607,0,3.985304,2.003954,0.04772665
"PZA00121.1",2.4713604258229,1.27628756632675,0.0538510630123407,0,2.49084,1.27349,0.05149102
"PZA00121.10",2.82845404892649,1.66594151581446,0.0906787661989903,0,2.862133,1.66267,0.0863055
"PZA00123.1",-2.5745395236114,2.86638197357429,0.369875832284648,0,-2.57964,2.867391,0.3690981
"PZA00124.2",0.0403971125619576,1.31830435873339,0.975576368804771,0,0.04108747,1.32201,0.9752287
"PZA00124.3",-0.658322899054591,1.3221091436325,0.618930067503408,0,-0.6558996,1.324177,0.620767
"PZA00125.2",-1.63733385631721,1.40520200681432,0.244953588272923,0,-1.636783,1.40451,0.2448803
"PZA00125.8",-1.54905937457435,2.38208209048552,0.516045665874661,0,-1.618839,2.388931,0.4985708
"PZA00130.7",1.06813574182107,1.56808773295468,0.496338629024774,0,1.065394,1.570189,0.498019
"PZA00130.9",-1.34599389708313,1.38726408837592,0.332777256594445,0,-1.34444,1.387957,0.3335757
"PZA00131.14",-0.508685928839108,1.7589110888982,0.772643183808885,0,-0.5026029,1.762138,0.7756885
"PZA00131.15",2.65400402725188,3.75832716022033,0.480684722778378,0,2.7654,3.761076,0.4628049
"PZA00132.17",-0.37063144688272,1.66141805300026,0.823638378656633,0,-0.3704074,1.665335,0.824151
"PZA00132.3",1.2317283269601,1.39264254704932,0.377226601915664,0,1.234724,1.392775,0.3761145
"PZA00133.1",1.20940613167258,2.54807770261334,0.635425422238434,0,1.22742,2.552423,0.6309825
"PZA00133.3",2.23537907241859,1.80418466115084,0.21640696590335,0,2.244567,1.805963,0.2149802
"PZA00134.12",0.177038188352829,2.05450916026272,0.931393774243,0,0.1786389,2.059659,0.9309477
"PZA00136.1",0.818424108240286,1.30280624879774,0.530395573416281,0,0.8188868,1.30543,0.5309896
"PZA00136.2",-1.39724609768028,1.61094908094266,0.386512816961018,0,-1.395718,1.612021,0.387347
"PZA00137.2",0.128589915488393,1.38073800317264,0.925867317288653,0,0.1389521,1.385049,0.9201614
"PZA00139.14",-1.93051180476522,3.07823820847727,0.531084271954718,0,-1.932853,3.082041,0.5310936
"PZA00139.4",-2.6400717740647,1.3898424484982,0.058542539485892,0,-2.639883,1.383284,0.05738224
"PZA00140.6",1.4403279848216,2.38540862919757,0.546471091248099,0,1.443508,2.391429,0.5465974
"PZA00140.7",-2.30368524308563,2.39629641909315,0.337222619928083,0,-2.306808,2.39984,0.3372821
"PZA00143.5",-0.477849914033439,1.84624367705908,0.79596631206439,0,-0.4741992,1.851206,0.7980219
"PZA00151.2",1.02601302950168,1.33026150556736,0.441201622514985,0,1.031479,1.334007,0.4400596
"PZA00155.1",2.44902952336236,2.08400523966194,0.240952826050619,0,2.485512,2.079372,0.2329961
"PZA00158.2",0.547414847690216,1.3166632530994,0.677911649600546,0,0.557242,1.320644,0.6733945
"PZA00163.4",0.345319575519905,1.26735563982705,0.785463945016579,0,0.3487293,1.270675,0.7839502
"PZA00164.1",-0.548135400655836,1.26292257152483,0.664614465307056,0,-0.5495466,1.265424,0.6644279
"PZA00166.1",3.05511261824364,1.32568477133987,0.0219394550802036,0,3.05605,1.314719,0.02083039
"PZA00166.3",1.45746877882651,2.14280456868626,0.496971879478991,0,1.462855,2.145858,0.4959976
"PZA00167.7",-0.605995073658532,1.33013934503504,0.649047347203087,0,-0.6163215,1.333903,0.6444168
"PZA00168.14",0.906446516927009,1.99606699587883,0.65010464355343,0,0.8999025,2.000035,0.653107
"PZA00170.1",-2.93510010312672,1.55594834468461,0.0603020058906765,0,-2.938631,1.54987,0.05900546
"PZA00172.11",-0.118984041073731,2.44263396690179,0.961184804019947,0,-0.1260542,2.448107,0.9589722
"PZA00172.12",0.718963814725795,1.45004455269419,0.620417542853043,0,0.7165312,1.452237,0.6221265
"PZA00174.1",0.991067147038378,1.70456276940825,0.561435308337279,0,0.9973058,1.709223,0.560047
"PZA00174.2",-1.29788608502257,1.668362405979,0.437275515427829,0,-1.312894,1.672957,0.433264
"PZA00175.2",-2.45856873973104,1.30562553719731,0.0607517153646376,0,-2.460218,1.298585,0.05920655
"PZA00176.8",-1.09132722937626,1.4440695840176,0.450460063412095,0,-1.089771,1.446273,0.4517948
"PZA00177.4",1.12717389001866,1.66767100308059,0.499676086888514,0,1.124834,1.669763,0.5011023
"PZA00178.3",-0.634657731050474,1.38906277022591,0.648107544310511,0,-0.6325237,1.392553,0.6500309
"PZA00178.4",-0.902601602117919,1.69367901023619,0.594518385867103,0,-0.9022695,1.697765,0.5955408
"PZA00179.9",3.21814440167263,1.93051437495247,0.0966593548666209,0,3.218542,1.925513,0.09575982
"PZA00181.2",2.18708273536257,1.44915277973162,0.132396153313788,0,2.21036,1.442504,0.1266003
"PZA00181.5",0.545387017704235,1.98964466895925,0.784204494407925,0,0.5370379,1.993951,0.7878757
"PZA00182.3",-2.0984593489806,1.37894808036474,0.1292167268821,0,-2.099215,1.375123,0.1280227
"PZA00182.4",-2.43091450175895,1.37265090924289,0.0776784883555386,0,-2.430798,1.367707,0.07663148
"PZA00184.1",-0.515491013141308,1.55800195317977,0.740998030559177,0,-0.5211017,1.562284,0.7389734
"PZA00184.4",-1.28432898644158,2.26093281180757,0.57046438687085,0,-1.291771,2.263999,0.5687587
"PZA00186.2",0.843566548464709,1.35115467058445,0.532930296459276,0,0.8531435,1.354969,0.5294543
"PZA00187.2",0.0561761777087923,1.28334355917615,0.965116995912647,0,0.05703623,1.286485,0.9646697
"PZA00187.8",3.97477805725464,3.62226255166117,0.273465308002455,0,3.971622,3.619264,0.2734492
"PZA00188.1",1.84477332896033,1.58990428861405,0.246934777861782,0,1.850487,1.589709,0.2454199
"PZA00189.21",1.70907592387873,1.57828651894719,0.279819041532854,0,1.716985,1.579997,0.2781238
"PZA00191.4",0.511842896106152,1.34947430514549,0.704765865106599,0,0.5126913,1.354007,0.7052429
"PZA00191.5",0.380369458743912,1.34907557443029,0.778196049901811,0,0.3832427,1.354051,0.7773644
"PZA00192.6",-1.22782811209561,1.67480256151353,0.464113127265431,0,-1.225524,1.677297,0.4656148
"PZA00192.7",-1.16615392443445,1.65627206911203,0.481978682542504,0,-1.164205,1.658144,0.4832046
"PZA00193.1",0.805303255325995,1.39129203397142,0.563188263091687,0,0.8040705,1.39539,0.5649304
"PZA00193.2",-0.298667253697411,1.36882072833499,0.827441066809337,0,-0.3030762,1.374032,0.8255881
"PZA00196.2",2.59935882830642,2.29319674208972,0.257991426213637,0,2.59724,2.292252,0.258183
"PZA00198.39",1.80014042069274,1.79056999351206,0.315617798050433,0,1.833777,1.789809,0.306472
"PZA00200.8",0.432924013132132,1.30946896104021,0.741191479545626,0,0.440454,1.31315,0.7375666
"PZA00200.9",-0.0144522243997151,2.44955018640455,0.995296841294479,0,-0.01789046,2.45433,0.9941893
"PZA00201.2",-4.95044442084405,4.02715577915434,0.220026793868618,0,-4.969867,4.029571,0.2185026
"PZA00205.7",2.33466401051123,1.56016776766924,0.135695572028808,0,2.334557,1.557382,0.1350181
"PZA00209.4",0.874222579258369,1.57390620300514,0.579041684545299,0,0.870678,1.57644,0.5811887
"PZA00209.8",0.510229104576415,1.37027249968986,0.709915691878755,0,0.5071748,1.372638,0.7120485
"PZA00210.1",0.0877811966901874,1.30217161869659,0.946303367014859,0,0.07216262,1.306321,0.9559866
"PZA00210.6",-6.32579225860267,4.11967783868297,0.125813340366275,0,-6.323722,4.109307,0.1249881
"PZA00210.9",0.973161814024025,1.65781309569658,0.557676729331215,0,0.9728933,1.661219,0.5585927
"PZA00211.7",-2.33582679651184,2.66480205451289,0.381500053206767,0,-2.341416,2.666049,0.3805859
"PZA00213.19",3.26105477470256,2.14123403262314,0.128917190440082,0,3.279714,2.141248,0.1267544
"PZA00213.7",1.30648316892132,1.3178318227899,0.322370640098787,0,1.308956,1.31932,0.3220025
"PZA00214.1",-0.581761504385256,1.2889937224355,0.652108748104324,0,-0.6070246,1.29409,0.6393893
"PZA00215.3",-1.0821852524067,1.49082222062864,0.468520719092492,0,-1.083249,1.492014,0.4684394
"PZA00216.2",0.154163118204665,1.44478300810434,0.915102444680034,0,0.146553,1.449279,0.9195281
"PZA00216.8",-1.0321570499652,1.69398029972447,0.542824683817086,0,-1.03092,1.696876,0.5439958
"PZA00218.1",-0.679365120528017,1.4220925410756,0.633228844681357,0,-0.6740217,1.425547,0.6367207
"PZA00218.6",1.12080274491401,1.9025518628804,0.55627623804831,0,1.118013,1.907459,0.5582726
"PZA00219.6",2.28463424564138,1.35363017884468,0.0925907431094243,0,2.3069,1.353126,0.0893527
"PZA00219.7",0.102774866070799,1.26246770975759,0.935176986188952,0,0.1050572,1.266633,0.9339582
"PZA00220.11",3.12580068626056,2.33413943006655,0.181626406360936,0,3.172268,2.335489,0.1754894
"PZA00220.2",-0.399547600609738,1.29373842850532,0.757684146074979,0,-0.4131686,1.297737,0.750442
"PZA00222.5",1.87426050306597,1.36461465239642,0.170728299966805,0,1.883462,1.361165,0.1675725
"PZA00222.7",-0.70097850227332,1.31248257714866,0.593715115694159,0,-0.7012382,1.314174,0.5940536
"PZA00223.2",0.716486711024779,1.30867801941773,0.584488556470792,0,0.719084,1.312706,0.5842837
"PZA00223.4",-0.768428409664108,1.32573221802893,0.562643355817524,0,-0.7701028,1.329684,0.5629557
"PZA00224.3",1.53083682848687,1.75660608883301,0.384258246158482,0,1.529754,1.757463,0.3848255
"PZA00224.4",1.5163636605267,1.28298493280878,0.2382689286839,0,1.524141,1.284497,0.2364263
"PZA00225.7",-0.601796724606839,1.4790414378217,0.684411622143619,0,-0.6115201,1.484584,0.6807249
"PZA00225.8",1.18038689653679,1.4644509067483,0.420926293186281,0,1.18316,1.468186,0.4210194
"PZA00226.6",0.36156186756628,2.68290597893486,0.892896607931468,0,0.3635857,2.690374,0.8925979
"PZA00226.7",-0.199142913201234,1.50954667387594,0.895142545836511,0,-0.1965041,1.513367,0.8967839
"PZA00227.7",-0.150213633294253,1.45570528664599,0.917887984514862,0,-0.1600514,1.459914,0.9127825
"PZA00229.7",-0.691624249881426,1.67392438267291,0.679801324076138,0,-0.6892088,1.677641,0.6815254
"PZA00230.5",-3.37988648017797,1.77100619611069,0.057377268379182,0,-3.385791,1.761005,0.05556094
"PZA00233.8",2.84475665338737,1.50917970821349,0.0604922228966474,0,2.844507,1.502354,0.05936266
"PZA00234.19",0.650440626142133,1.52044071481966,0.66913464524346,0,0.6486235,1.523501,0.6706276
"PZA00234.21",1.76972548107529,1.78571254250753,0.322536884656944,0,1.770693,1.787135,0.3226575
"PZA00235.6",-0.191409720254816,1.55542477783509,0.902150235817819,0,-0.1857275,1.560434,0.9053444
"PZA00235.8",-1.96845758398406,1.89327152546581,0.299390194571936,0,-1.967122,1.894447,0.300017
"PZA00236.7",-4.76027615806424,1.92125694709513,0.0138267428980206,0,-4.825103,1.906459,0.01193616
"PZA00237.2",-0.661085104269507,1.74991296305642,0.705885244610521,0,-0.654618,1.753536,0.709204
"PZA00237.6",-0.492409030799135,1.54008491637318,0.749417808580744,0,-0.493463,1.543656,0.7494609
"PZA00240.4",1.66303321517668,1.36698888391861,0.224816016586209,0,1.662179,1.366695,0.224954
"PZA00240.6",1.64566039642681,1.35598160562117,0.225934026022034,0,1.645012,1.356085,0.2261518
"PZA00241.6",3.20776627384258,1.87170912196864,0.0876933495189937,0,3.216003,1.863349,0.08548805
"PZA00243.1",-1.63190199652049,1.39561644481242,0.243296767195827,0,-1.634124,1.397124,0.2431646
"PZA00243.24",-2.29758216742622,1.47064633586961,0.119372921430861,0,-2.298903,1.468665,0.1186665
"PZA00243.25",-1.88389566868853,2.02090146918894,0.352050958759326,0,-1.885469,2.021193,0.351719
"PZA00245.14",-2.38186710315009,3.38821606959325,0.482661577516416,0,-2.375585,3.392961,0.4844271
"PZA00245.16",-0.404987624632644,1.43679492567183,0.778256906002263,0,-0.3998881,1.440818,0.781573
"PZA00247.5",2.63695151554236,1.7522566873271,0.133504501153931,0,2.719421,1.752836,0.1219504
"PZA00249.2",-0.279834696090596,1.37675381937222,0.839085113035816,0,-0.2743411,1.380765,0.8426544
"PZA00250.1",-2.35674866410057,1.50616544665045,0.118799407249627,0,-2.415076,1.509,0.1106517
"PZA00251.1",1.26807262204674,1.48011072150562,0.392336303311597,0,1.270254,1.482403,0.3922555
"PZA00251.4",4.27158876175284,1.78410525102042,0.0173269317908503,0,4.272217,1.769312,0.01640696
"PZA00254.3",1.94347801940341,1.51362712456178,0.200231062818547,0,1.958103,1.510506,0.1959551
"PZA00255.14",-1.03006539256344,1.47687720515864,0.486105238199948,0,-1.038383,1.479801,0.4834592
"PZA00255.15",2.18601551685163,2.44132178987038,0.371346986434997,0,2.184393,2.442357,0.3719039
"PZA00256.16",-0.606010570794239,2.19183909943834,0.782384041473254,0,-0.6123069,2.197388,0.7807219
"PZA00256.21",-0.258258657491223,2.48334850728422,0.917248492105499,0,-0.307194,2.490052,0.9019057
"PZA00257.11",-0.051567223484434,1.29183215800036,0.96818765233455,0,-0.06121329,1.295321,0.9623426
"PZA00257.22",1.37041280183903,2.74243874854209,0.617683218558648,0,1.372528,2.748983,0.6179786
"PZA00258.3",-0.416789768411927,1.4981544783545,0.781067019699541,0,-0.4207619,1.50198,0.7795829
"PZA00259.1",0.400955378537399,1.86821064122996,0.830223237757889,0,0.3991858,1.872564,0.8313481
"PZA00261.5",-0.269133910573544,1.35644829025811,0.842870847402496,0,-0.2592417,1.359774,0.8489405
"PZA00261.6",0.369657887912141,1.41266143927807,0.793768773795879,0,0.3625174,1.416384,0.7981848
"PZA00263.13",2.50750689273067,1.42895217291441,0.0804134168920429,0,2.513277,1.424717,0.07883723
"PZA00265.4",-2.986056459262,1.61988957656044,0.0663548362492895,0,-2.991286,1.610853,0.06439021
"PZA00265.6",-3.87656263643895,1.36465064997851,0.00483922132930321,0,-3.882823,1.349021,0.004313887
"PZA00266.5",-1.65172425659874,1.52995719137467,0.281274837923721,0,-1.658017,1.530945,0.2797595
"PZA00271.1",1.88890485186106,2.35027964250171,0.422270596464742,0,1.893489,2.351461,0.4213797
"PZA00272.3",-2.01110006229651,2.68171049482861,0.453939193814365,0,-2.03002,2.683951,0.4500861
"PZA00274.14",1.24261490008609,1.34120283597482,0.355005221820469,0,1.245592,1.341263,0.353877
"PZA00274.7",-2.33067518390716,1.5360936381988,0.130350364371953,0,-2.385453,1.529545,0.1200126
"PZA00276.18",-2.51307425476736,1.6311529711344,0.124550311942924,0,-2.532763,1.626843,0.1206584
"PZA00277.13",3.53324135526943,1.57187766804386,0.0253854307306902,0,3.561815,1.555554,0.02279676
"PZA00277.9",4.75326641552,1.68738723957589,0.00520101125367652,0,4.796912,1.65764,0.004111787
"PZA00280.14",6.12155205877756,4.7812865604117,0.201517240532763,0,6.119206,4.774242,0.201027
"PZA00281.1",-0.0239097289163256,1.27482422187995,0.985049951545786,0,-0.01480164,1.278179,0.9907689
"PZA00281.13",2.32156509852075,1.92413572316177,0.228646349506897,0,2.326928,1.922196,0.2271084
"PZA00282.14",-1.12527718601908,1.59750284905784,0.481783447301763,0,-1.153434,1.597541,0.4709067
"PZA00287.1",0.287539616875216,1.72047174400214,0.86739232885319,0,0.296183,1.726229,0.8638959
"PZA00289.11",0.744006133530594,1.67262949864398,0.656806588590056,0,0.7398699,1.675096,0.6590634
"PZA00291.7",-1.53657766890489,1.5636214677391,0.326619872273373,0,-1.545219,1.565233,0.3244091
"PZA00294.20",-2.99882423793858,1.75089312911462,0.0878916879730207,0,-3.02356,1.744557,0.08419613
"PZA00294.22",-1.26759393096043,1.3272748074162,0.340401796407593,0,-1.266128,1.327989,0.3412188
"PZA00294.4",1.04884735909437,1.5278718522318,0.492993508499784,0,1.052607,1.530838,0.4922851
"PZA00295.7",-4.68416986243609,3.05786275271703,0.126714579967313,0,-4.695821,3.050171,0.1248297
"PZA00297.2",0.51262050288682,1.525147282582,0.737043557122716,0,0.5096393,1.530301,0.7393648
"PZA00297.3",1.53524110149954,1.51222701304137,0.310897215074475,0,1.534299,1.514256,0.3118413
"PZA00300.11",1.16840767579814,1.33924606033542,0.383733950583928,0,1.1707,1.342212,0.3838539
"PZA00303.19",1.93961321310496,1.44793124101246,0.181493401599533,0,1.979655,1.449752,0.173212
"PZA00303.6",-0.688066818268007,1.39836354334824,0.623076955784746,0,-0.6843484,1.400903,0.6255829
"PZA00307.12",-0.910772125435791,3.30969714461454,0.783383103211477,0,-0.8968961,3.315884,0.786991
"PZA00307.14",-1.18256201358268,1.35570389926763,0.383815904786389,0,-1.186698,1.357524,0.3827948
"PZA00308.24",2.42098850543461,2.43768435507854,0.321512642044004,0,2.418707,2.438169,0.3220642
"PZA00309.1",-1.30987218484955,1.54012704393159,0.395791869911002,0,-1.309112,1.541951,0.3966239
"PZA00310.5",0.238926623979978,1.59965608371873,0.88137846684209,0,0.2362521,1.604355,0.8830376
"PZA00315.1",1.12451402844757,1.85462995938049,0.544798984915475,0,1.130708,1.85974,0.543696
"PZA00315.6",1.64553625517982,1.74931146276493,0.347699205302878,0,1.644301,1.750093,0.3482756
"PZA00316.2",0.279532983487928,1.33379305454684,0.834153199528938,0,0.2833869,1.337595,0.8323714
"PZA00316.9",-0.736511966988903,1.36202211336278,0.589119977511615,0,-0.7627562,1.36688,0.5772814
"PZA00318.2",-1.4349779356003,1.65894858519072,0.387799626936191,0,-1.43497,1.661244,0.3884573
"PZA00318.5",1.47796577732415,1.80776185708542,0.414315035950158,0,1.509256,1.809621,0.4049975
"PZA00323.3",0.01123261289102,1.56077237236742,0.994263047305898,0,0.008647578,1.564255,0.9955931
"PZA00323.4",0.254153750037971,1.5787678478728,0.872225934608088,0,0.2543746,1.58147,0.8723325
"PZA00326.16",-0.264695130256339,1.73491971334098,0.878850386158115,0,-0.2688456,1.739621,0.8772957
"PZA00328.1",1.34581745695099,1.80924846867799,0.457601955983369,0,1.354662,1.812236,0.4553976
"PZA00329.3",1.75942665439527,1.32596265891343,0.185644777809113,0,1.765695,1.325472,0.183926
"PZA00332.3",3.52324439801017,1.48972764129557,0.0187257803106789,0,3.548262,1.469549,0.01641122
"PZA00332.5",-4.04966198329401,1.50814113765822,0.00769070017148335,0,-4.092899,1.479655,0.006058609
"PZA00334.2",1.98199772398072,1.59852188855723,0.216075409205787,0,1.982329,1.597363,0.215667
"PZA00336.10",0.205749860453553,1.29471735931914,0.873853001321844,0,0.2187879,1.298635,0.8663337
"PZA00337.3",1.08762340001421,1.41870860635259,0.443962027926989,0,1.085585,1.421087,0.445577
"PZA00337.4",1.80102012172573,1.34886256453289,0.182914546837365,0,1.807235,1.350125,0.1818207
"PZA00339.3",0.424006985454306,1.33001320321634,0.750121759973682,0,0.4283625,1.333218,0.7482283
"PZA00340.1",0.92555307312214,1.46931778588043,0.529271677850733,0,0.9494651,1.472932,0.51972
"PZA00342.7",2.216753618037,1.40073275656988,0.114673712309311,0,2.233999,1.399954,0.1116939
"PZA00342.9",-0.807706010825028,1.58416309028684,0.61055793743224,0,-0.8032182,1.587066,0.6131916
"PZA00343.11",1.1095589469606,1.51464070622789,0.464455534565439,0,1.123797,1.516807,0.4593904
"PZA00343.31",-0.921141319976422,1.36780001431555,0.501230373384965,0,-0.9211327,1.370207,0.5019861
"PZA00344.10",-1.60036426952987,1.82472582913918,0.381231222910077,0,-1.607356,1.828296,0.3800874
"PZA00345.15",1.67000608603484,3.09275980473378,0.589654391333507,0,1.675793,3.0993,0.5891532
"PZA00348.10",-1.43874800402437,2.81920323147498,0.610225194754984,0,-1.43591,2.821735,0.6112495
"PZA00348.11",2.10083743254154,1.34062334609744,0.11825475745656,0,2.101028,1.3382,0.1175597
"PZA00349.3",1.49449310549011,2.72922721859838,0.584420339010337,0,1.498589,2.733953,0.5840421
"PZA00350.2",2.17751672551845,3.29534277131253,0.509304673316986,0,2.185752,3.296837,0.5078977
"PZA00355.2",-1.85892792967403,1.35867612298147,0.172373319633224,0,-1.865298,1.355092,0.1697876
"PZA00356.8",-0.359497417557509,3.15083858783483,0.909245417703658,0,-0.3955469,3.158784,0.9004402
"PZA00357.19",-0.0928540690314936,1.50478452550592,0.950842035331525,0,-0.0939619,1.509253,0.9504034
"PZA00358.12",-0.115625219269873,1.41498743635294,0.934933277385172,0,-0.1086041,1.417941,0.9390034
"PZA00362.1",-0.676373474061131,1.73488335166908,0.696937899124359,0,-0.6978737,1.741097,0.6888619
"PZA00362.2",0.471826351162974,1.44218715241497,0.743796462000987,0,0.4795294,1.446421,0.7404989
"PZA00364.2",-0.501518405821138,1.58343549133129,0.751691153699269,0,-0.5038001,1.588375,0.7513488
"PZA00364.5",-1.91349473139476,1.71704190654818,0.266078375455884,0,-1.919734,1.719257,0.2651406
"PZA00365.2",-1.16462801159533,1.35781206938952,0.391794502280972,0,-1.162699,1.359189,0.3930571
"PZA00365.3",-0.670744575033782,1.33601829074212,0.61603734178723,0,-0.6777115,1.34052,0.6135729
"PZA00367.2",-0.944494678159033,1.71226928885225,0.581669226595948,0,-0.9407428,1.71489,0.583745
"PZA00367.6",5.47078616994474,2.57423788401064,0.0344642146733964,0,5.500397,2.555823,0.03226274
"PZA00368.1",0.979756525148102,1.25045328176155,0.433997910773556,0,0.9811234,1.252252,0.4340177
"PZA00368.17",0.227189117138687,1.35662035238471,0.867126156156069,0,0.230301,1.36053,0.8657068
"PZA00369.1",0.712622650119313,1.72537186786608,0.679910927893913,0,0.7148213,1.729433,0.6796904
"PZA00369.11",5.123549704731,3.81216679703269,0.180060385496729,0,5.122458,3.806719,0.1795323
"PZA00370.1",0.29299723425774,1.37756499135316,0.831725253776263,0,0.3036947,1.381305,0.8261434
"PZA00370.5",-1.90317751363118,1.45641277573221,0.192390971868491,0,-1.922373,1.456555,0.1880008
"PZA00371.5",1.89417627579276,1.38719186968097,0.173223635322908,0,1.894778,1.384851,0.1723648
"PZA00378.9",3.41210630162122,1.90614127808865,0.0745484312466576,0,3.439377,1.895363,0.07067481
"PZA00379.2",2.29736965647623,1.34854374051638,0.0895909643961982,0,2.306387,1.346468,0.08785913
"PZA00380.5",1.77981812577825,1.68899531254015,0.29291507959674,0,1.778956,1.688904,0.2931226
"PZA00380.7",0.680320561062869,1.43120832191377,0.63491838638837,0,0.6799175,1.434792,0.6359638
"PZA00381.3",-0.149609263534879,1.5062979210678,0.920954847470405,0,-0.1610822,1.510931,0.9151754
"PZA00382.17",-0.0199514217331001,1.87786703437104,0.991530756514095,0,-0.02173918,1.882802,0.9907961
"PZA00382.22",-0.885151118032228,1.89825669901287,0.641373529389217,0,-0.8881445,1.901615,0.640837
"PZA00385.1",0.569077268927969,1.41688298483757,0.68826187026354,0,0.5655288,1.419205,0.6905847
"PZA00385.3",1.63109928167525,1.70639055369027,0.339977024676517,0,1.631279,1.708996,0.3406594
"PZA00386.2",-0.268783257568306,1.48114544946193,0.856132957048036,0,-0.2578944,1.484974,0.8622536
"PZA00386.3",1.3831687853869,2.00252293438276,0.490330572338939,0,1.39228,2.003704,0.4877361
"PZA00386.4",1.50483852879814,2.07837607668762,0.469655631055416,0,1.502064,2.081932,0.471232
"PZA00387.1",-2.93843870633473,1.29748920446697,0.024311729292515,0,-2.945371,1.28919,0.02309692
"PZA00390.6",-6.58885506793388,2.76381668161844,0.0178080496608906,0,-6.636238,2.733085,0.01582173
"PZA00390.7",-0.599495782193109,1.6944109219921,0.723755028245989,0,-0.6044181,1.699006,0.7223031
"PZA00391.2",-1.96187515399235,1.58293499532974,0.216261308296634,0,-1.962435,1.581327,0.2156653
"PZA00393.1",1.79858348908973,1.55228597821939,0.247600536997786,0,1.809672,1.549853,0.2439667
"PZA00394.11",-1.13510974329104,1.67304858854445,0.498047682406961,0,-1.139264,1.675763,0.4971745
"PZA00394.15",-0.853201863886719,1.88898426816114,0.651862389424791,0,-0.8901925,1.892815,0.6385143
"PZA00395.1",-1.4570914891548,1.43585531173127,0.311101223765597,0,-1.455558,1.436686,0.3118892
"PZA00395.2",1.57021280010154,1.43506833443804,0.274840124931514,0,1.569321,1.435025,0.2750977
"PZA00396.10",-1.22076033403086,1.49023827111005,0.413400648656434,0,-1.221985,1.493593,0.4139817
"PZA00396.9",-2.29885245986147,1.46487164643211,0.117727451607841,0,-2.311225,1.464699,0.1157305
"PZA00399.10",0.555755790140727,1.23102530970896,0.652016861778297,0,0.5545501,1.232911,0.653218
"PZA00400.3",-1.25324960927025,1.31399303465197,0.341039777694487,0,-1.257859,1.313672,0.3391523
"PZA00401.11",-0.395841695660729,1.43263521365575,0.782523491856136,0,-0.3888224,1.435511,0.7867027
"PZA00401.6",3.49320777589991,3.3054978253708,0.291539562913398,0,3.513746,3.302298,0.2882516
"PZA00403.5",1.65833976893859,1.41908484514306,0.243581336104187,0,1.661307,1.42058,0.2432359
"PZA00405.2",1.24221954016251,1.30342547489326,0.341408648853207,0,1.251461,1.305768,0.3387013
"PZA00405.6",-0.37353313006568,1.37892160252588,0.786681229917644,0,-0.3680998,1.382931,0.7903057
"PZA00405.7",1.48175926701472,1.51074761237578,0.327550719823755,0,1.481115,1.511542,0.3280147
"PZA00407.8",-0.806034611767567,4.67026854244771,0.863102311097998,0,-0.8187877,4.674983,0.8610971
"PZA00408.7",-0.0450480380372615,1.83335897307247,0.980414785953632,0,-0.04448814,1.837271,0.9806993
"PZA00409.15",0.100322636289258,1.64715584936829,0.951478007225322,0,0.09210467,1.651625,0.9555688
"PZA00409.17",1.22858713093339,1.40255587190557,0.381817389075658,0,1.229241,1.404342,0.3821696
"PZA00409.3",-0.619038454130369,1.46712392525944,0.673399583436293,0,-0.636424,1.470996,0.6656106
"PZA00411.1",0.214553424559616,3.47387786287825,0.950797443039059,0,0.2113655,3.483054,0.9516552
"PZA00413.17",-0.95131546349974,2.74781571572441,0.729452185863385,0,-0.9473604,2.751904,0.7309176
"PZA00413.18",-0.708488533257015,1.41532708405956,0.617066545959044,0,-0.7281071,1.420441,0.6086495
"PZA00413.2",0.605119222268393,1.31533469702925,0.645845457197083,0,0.6013623,1.318641,0.6487173
"PZA00414.27",0.576290037043908,1.45497453812232,0.692352381029951,0,0.5723853,1.459082,0.6951479
"PZA00416.2",0.947166499667686,1.29464224606972,0.465035047307286,0,0.9464997,1.2958,0.4657476
"PZA00416.4",-0.123325066995117,1.44941150882508,0.93225491627867,0,-0.1196694,1.452826,0.9344126
"PZA00417.2",1.26120200664687,1.71954520687614,0.463910525355226,0,1.279903,1.72596,0.458989
"PZA00417.3",0.597026387343761,1.79640262287652,0.739882469338807,0,0.5923649,1.803389,0.7428049
"PZA00418.2",-0.229834587358555,1.27471792593136,0.857048520828841,0,-0.2237839,1.278799,0.8612125
"PZA00419.1",0.883052200252509,1.50926316555256,0.558969866081904,0,0.8988402,1.513662,0.5531234
"PZA00420.1",0.528003338327951,1.40952247755562,0.708249722142852,0,0.5255983,1.412874,0.7101756
"PZA00422.2",0.140559767656211,1.63684849357509,0.931630732636914,0,0.1436572,1.64182,0.930339
"PZA00422.5",2.13611965566361,1.86336297801386,0.252638623889201,0,2.143688,1.861911,0.2505971
"PZA00423.16",0.501451733324921,1.91705291455532,0.793846193357295,0,0.4949398,1.92147,0.7969214
"PZA00423.17",0.487460457724512,2.25828687397138,0.829262083944778,0,0.4863538,2.263021,0.8299946
"PZA00424.1",0.320253906195056,1.44295983603301,0.824524086242128,0,0.3247278,1.448297,0.8227582
"PZA00425.11",0.140086666386026,1.23670487264735,0.909896176666463,0,0.141147,1.240138,0.9094673
"PZA00425.4",0.511962426118941,1.28852866978724,0.691438421175644,0,0.5149624,1.29202,0.6905194
"PZA00425.9",-0.84069484068476,4.14352119601762,0.839368607710765,0,-0.8444396,4.154113,0.8390687
"PZA00428.2",1.42562290590213,1.33764484981125,0.287465456139799,0,1.4335,1.339118,0.2853451
"PZA00429.1",-2.50563280161984,1.44556550656405,0.0841631552273345,0,-2.536589,1.436527,0.07854666
"PZA00429.2",-1.9372748225053,1.51672435255938,0.202586252919511,0,-1.994155,1.51019,0.1877811
"PZA00432.4",-0.507198313656874,1.30065506364469,0.696871998771855,0,-0.5176018,1.305059,0.6919624
"PZA00433.3",-1.12829234732619,1.47986777648704,0.44646054649819,0,-1.125919,1.481439,0.447898
"PZA00433.5",1.96407396356398,1.35968361040856,0.149738651995489,0,1.965976,1.356686,0.1484527
"PZA00435.4",2.80422485665383,1.37046805669709,0.0416930421912449,0,2.820454,1.359485,0.03895251
"PZA00435.5",-2.85172659148767,1.33634363308972,0.0337325871818998,0,-2.895033,1.322599,0.0294483
"PZA00436.7",1.87435639918167,1.36971477178472,0.172299051608548,0,1.885645,1.369364,0.1696292
"PZA00439.6",-2.19688341817395,1.77330912892934,0.216457214777144,0,-2.207127,1.773917,0.214485
"PZA00440.1",0.0968128642382833,1.31851929044251,0.941521143257907,0,0.08754978,1.322782,0.9472779
"PZA00440.15",0.97894239175445,1.51234605197805,0.517979398811248,0,1.044374,1.518569,0.4922012
"PZA00442.3",-0.0191410342921754,1.36003841123909,0.988781271288687,0,-0.02776068,1.364847,0.9837871
"PZA00442.4",-0.840360801571292,1.36331517655736,0.538135882539427,0,-0.8665175,1.368655,0.5271859
"PZA00443.4",5.58176617356071,4.21603649061062,0.186627438815295,0,5.605657,4.213415,0.1844826
"PZA00444.1",0.0592331027689569,1.99354064905196,0.976317962505453,0,0.0626962,2.000417,0.97502
"PZA00444.5",8.43221269745617,4.28865259679422,0.0502886014180738,0,8.889544,4.227792,0.03640914
"PZA00447.6",1.67597196859821,1.36271120272459,0.219796799807251,0,1.69027,1.358889,0.2146136
"PZA00447.8",-3.13887284681337,1.3693152495963,0.0226469151999912,0,-3.158987,1.353379,0.020311
"PZA00448.5",2.20421097182425,1.79893512795773,0.221519493289306,0,2.203063,1.798445,0.2216338
"PZA00448.6",0.712523037895869,1.48322329686482,0.631334657316137,0,0.7101862,1.486559,0.6332174
"PZA00449.2",1.4927358261095,1.67859023494448,0.374632971258361,0,1.532959,1.683323,0.3632674
"PZA00452.1",-1.23949228604325,1.25281983807645,0.323358950072149,0,-1.245538,1.254708,0.3217361
"PZA00453.2",-0.84675115423865,1.30788190975772,0.517901098194059,0,-0.8508778,1.310867,0.5168203
"PZA00453.7",-0.108257092118809,2.01397212230514,0.957171107123331,0,-0.1247567,2.018761,0.9507682
"PZA00455.4",3.08202344282824,1.78793830423608,0.0858744207230282,0,3.092032,1.784284,0.08423393
"PZA00458.1",2.11593134781602,1.40500834338859,0.133221168677693,0,2.216825,1.411894,0.1175442
"PZA00458.6",-1.47108778926548,1.62940699300675,0.367405782209256,0,-1.519997,1.633636,0.3529632
"PZA00459.5",-2.4268810256564,1.27964927342073,0.0589429881836728,0,-2.431229,1.272816,0.05716184
"PZA00460.3",-0.849372271111346,1.36261975303574,0.533581142873121,0,-0.862211,1.365501,0.5282893
"PZA00460.8",3.63026468457493,1.35625148699615,0.0078835815402675,0,3.63482,1.338862,0.007051381
"PZA00462.2",-0.881398427260296,1.33106716533161,0.508416088797943,0,-0.8827398,1.333964,0.5086927
"PZA00463.3",0.261305252401138,1.76473293956402,0.882395874435599,0,0.2526077,1.768617,0.8865312
"PZA00464.6",3.03090943376765,2.94079737492249,0.303617596402766,0,3.028694,2.940502,0.3039221
"PZA00466.1",0.30845954286955,1.76624716864058,0.861490537882358,0,0.3071344,1.770526,0.8624095
"PZA00468.7",-3.16153679837274,4.59308947634435,0.491830692675649,0,-3.163467,4.589677,0.4912449
"PZA00470.1",-0.315776790673072,1.47625225546908,0.830780729982376,0,-0.3114193,1.479244,0.8334136
"PZA00471.1",0.83158891156555,2.09205133122831,0.691308797670892,0,0.8284907,2.096546,0.6930254
"PZA00471.2",-1.66950101043624,1.88277954385263,0.376006501216087,0,-1.671757,1.885332,0.3760086
"PZA00472.2",-0.715406710924669,1.82997703650282,0.696147210805762,0,-0.7155774,1.834703,0.6968222
"PZA00473.5",-0.682252904740417,1.27225087173549,0.592216317355977,0,-0.6859244,1.275932,0.5912985
"PZA00473.9",-3.90454948703367,2.50437507598755,0.120129008670843,0,-3.998796,2.502484,0.111211
"PZA00474.14",1.78138925375882,1.47784029156768,0.229088734493062,0,1.786372,1.478839,0.2281058
"PZA00477.5",2.18179466398197,1.46056821136769,0.136378938913062,0,2.192313,1.454928,0.1330092
"PZA00478.7",1.75455468615005,3.90250947164167,0.653356845353803,0,1.749888,3.906242,0.6545273
"PZA00479.9",2.65768296695329,1.9719391298138,0.17885174957589,0,2.660239,1.969643,0.1779317
"PZA00481.7",-0.545711668846583,1.42335591528303,0.701722061574873,0,-0.5427056,1.427066,0.7040214
"PZA00482.10",-2.09122724172635,1.30545972715745,0.110328010184506,0,-2.12011,1.299087,0.1038282
"PZA00484.5",0.845991147697893,1.60367401903543,0.598250328129466,0,0.8421009,1.606753,0.600632
"PZA00484.6",1.28270497387646,2.61822541147107,0.624586864860463,0,1.299253,2.622668,0.6207194
"PZA00485.2",-0.0204524652303052,1.42489989251224,0.988558310689297,0,-0.02331985,1.42949,0.9869962
"PZA00487.16",2.7468386784412,1.57039168584598,0.081386092240952,0,2.806727,1.559066,0.07291905
"PZA00487.24",-0.263116153742771,1.42145933237962,0.853285316953184,0,-0.2684246,1.424072,0.8506314
"PZA00492.25",2.32396534186702,1.79998480133985,0.197756258748377,0,2.322781,1.798135,0.1975248
"PZA00492.26",3.59267410596174,1.74961501048306,0.0409821464668975,0,3.593415,1.738992,0.03973239
"PZA00495.3",-0.41355217085347,1.40692379894298,0.76902575303703,0,-0.4114485,1.41209,0.7709846
"PZA00495.4",0.804358708594078,1.42531778997241,0.572986874181431,0,0.8200746,1.431606,0.5672259
"PZA00495.5",0.00884781797876657,1.42190651912142,0.995039720717182,0,0.004763462,1.428513,0.9973418
"PZA00496.1",-2.0097333281272,2.12808701576754,0.345804971551879,0,-2.007555,2.12983,0.3467213
"PZA00496.2",-0.17882011558078,1.68611276950156,0.915616586853678,0,-0.1606187,1.690233,0.9243624
"PZA00497.1",2.04488145500941,1.51225347499888,0.177423742342281,0,2.058734,1.507529,0.1731735
"PZA00497.4",-0.596219231241481,1.46288029878814,0.683911102045033,0,-0.5915414,1.466092,0.6869086
"PZA00498.3",-0.617250978426749,1.39872156617553,0.659346362144581,0,-0.6111119,1.402369,0.663346
"PZA00498.5",-1.70174548424917,1.4843745296727,0.252613558605429,0,-1.70315,1.483038,0.2517968
"PZA00499.10",-0.672435228465897,2.67310606406071,0.801573022518365,0,-0.6674345,2.681713,0.8036372
"PZA00499.3",-1.68483356451213,1.26142062734433,0.182767668139922,0,-1.684723,1.25966,0.1821871
"PZA00500.5",1.97779717601775,1.49364400701691,0.186559314797781,0,1.988116,1.493929,0.1843624
"PZA00501.12",2.9940496212741,2.39745749688169,0.212788170351849,0,2.996582,2.39606,0.2121368
"PZA00502.1",-0.320900583309949,1.19091418440489,0.787780563876441,0,-0.3281043,1.19343,0.7835807
"PZA00503.5",-0.414543236896351,1.60281413237517,0.796111341655691,0,-0.4241362,1.606543,0.7919742
"PZA00504.1",2.46038160775866,2.02264559054766,0.224872721820898,0,2.459553,2.022008,0.2248828
"PZA00505.4",2.40695071407353,1.65954151389997,0.14809887015172,0,2.427522,1.661007,0.1450307
"PZA00505.5",-1.71842946115536,1.41093100312517,0.224294488624595,0,-1.730672,1.413152,0.2217441
"PZA00505.6",-1.4063925791816,2.62887959534085,0.593098997389868,0,-1.399867,2.633162,0.5954134
"PZA00506.2",-2.44151194733636,2.87629664477822,0.396712022348402,0,-2.443444,2.877734,0.3965745
"PZA00507.11",-2.09627005077453,1.32524838327373,0.114850177577748,0,-2.102627,1.320219,0.1123951
"PZA00508.2",-0.136493323780407,1.26690638434388,0.914282771057559,0,-0.1335018,1.270161,0.9163684
"PZA00510.2",3.28473690959013,1.64134672904862,0.0463520672035009,0,3.344646,1.638646,0.04219862
"PZA00510.3",2.66265699483921,1.64278855380187,0.106207439288844,0,2.696149,1.640893,0.1015095
"PZA00513.1",-1.48124109599276,1.69460681962814,0.382833996586576,0,-1.481768,1.6959,0.3830276
"PZA00514.6",5.45856628295434,4.75801511873051,0.252284844066067,0,5.473145,4.753555,0.2505799
"PZA00515.10",-0.0848501376819876,1.38930746447147,0.951345043590739,0,-0.1017823,1.393674,0.9418342
"PZA00516.2",1.73051478116294,1.33147395127896,0.194796679359522,0,1.729707,1.330393,0.1946432
"PZA00516.3",-0.301124644059514,1.29652874531023,0.816513721198702,0,-0.333347,1.301009,0.7979717
"PZA00517.4",4.1449529548488,1.695876551168,0.0151507183399281,0,4.475525,1.678954,0.008139976
"PZA00517.6",2.22888605876051,2.81685628548881,0.429472474255796,0,2.25033,2.818422,0.4253089
"PZA00520.4",0.405612787308018,2.13817097822482,0.849684032449464,0,0.3931004,2.142767,0.8545771
"PZA00521.3",-0.744594453415471,1.3164046515701,0.572110032118836,0,-0.7412593,1.318958,0.5745728
"PZA00522.12",1.47397214907503,1.45414362371483,0.311650769914723,0,1.472982,1.455737,0.3125043
"PZA00522.2",1.2638895184369,1.49695107021066,0.399233222488649,0,1.26485,1.500295,0.399926
"PZA00522.7",1.61425011528916,1.44577333295228,0.26517325144623,0,1.613616,1.446693,0.2656637
"PZA00523.2",3.42342710636483,3.0699246610334,0.265763173740334,0,3.42528,3.070887,0.2656545
"PZA00524.2",-3.44560993398777,1.37860758654751,0.0130278715189161,0,-3.450206,1.363923,0.0119796
"PZA00525.16",0.278760504200771,1.81184682146799,0.87783783852739,0,0.2766516,1.816038,0.8790325
"PZA00525.17",0.985631330216511,1.56310814091127,0.528854713068701,0,0.9836752,1.565022,0.5301753
"PZA00525.2",0.697891017600396,1.30131835269067,0.592189545619499,0,0.6944705,1.3037,0.5946785
"PZA00527.10",0.289414821561745,1.33547256872776,0.828592958592197,0,0.2885846,1.339296,0.8295574
"PZA00527.5",-0.858225542076806,1.28957333493071,0.506283391109453,0,-0.8572653,1.291691,0.5074551
"PZA00527.6",-2.86383507726498,1.41298663124322,0.043651617598231,0,-2.866144,1.406054,0.04246682
"PZA00528.1",-6.60855198490556e-05,1.63388409906785,0.999967757487821,0,-0.02322755,1.638671,0.988701
"PZA00531.1",-0.638835582764247,1.69987406003764,0.707346361008138,0,-0.6360641,1.704281,0.7092766
"PZA00531.2",-1.20495380600676,1.70023067025171,0.479113060441078,0,-1.202833,1.702704,0.4805239
"PZA00533.3",0.32350384123223,2.38457669102363,0.89218565067202,0,0.3181952,2.389327,0.8941538
"PZA00533.4",-3.49488825654756,3.41921325336775,0.307619886227302,0,-3.511805,3.421541,0.3056173
"PZA00534.2",-0.852454398346522,1.33855630695658,0.52475677772454,0,-0.8810351,1.341309,0.5118303
"PZA00536.2",-1.16250625478178,1.27016122577326,0.360868795730691,0,-1.161095,1.271425,0.3619281
"PZA00537.4",-3.52365396380844,2.82459049397268,0.213282312924906,0,-3.523395,2.821811,0.2128666
"PZA00538.15",0.721247699363864,1.32320976921293,0.586145778485517,0,0.7254254,1.327079,0.5850756
"PZA00538.18",-1.01485272546114,1.53790538135568,0.509876911356536,0,-1.015059,1.54162,0.5108104
"PZA00538.7",1.17939384975261,1.40292033364917,0.401265513494302,0,1.206445,1.406982,0.3919345
"PZA00540.3",0.472810620460935,1.30603114037671,0.717615424078539,0,0.4682679,1.30953,0.7209293
"PZA00543.2",-3.7803545747563,2.26916615653393,0.0968628919601317,0,-3.788967,2.25896,0.09462298
"PZA00543.4",-3.09499599612745,2.11000028636033,0.143571125892026,0,-3.116367,2.102259,0.1393858
"PZA00545.21",-1.82635447654467,2.66845331997194,0.494285720978337,0,-1.832809,2.668584,0.4927837
"PZA00545.4",0.971752085177068,1.38847037107374,0.484600767684309,0,0.9877418,1.391583,0.4784335
"PZA00547.6",-2.44673028245892,1.30346940463027,0.0615681294809014,0,-2.446674,1.297525,0.06040028
"PZA00547.8",-1.50891268796294,1.65209009881075,0.361869022749009,0,-1.525488,1.651517,0.356461
"PZA00548.13",1.52307990586937,1.47012748099613,0.301106768894537,0,1.52594,1.472436,0.3009588
"PZA00548.3",1.74550833752374,1.59683706539586,0.275308424651561,0,1.752256,1.598335,0.2739096
"PZA00549.3",1.2089347971708,2.92587540391253,0.679792501486018,0,1.238154,2.934959,0.673455
"PZA00551.4",-1.93829495744591,1.32198669831371,0.143740893968943,0,-1.942546,1.321028,0.1425791
"PZA00552.3",3.41240165834452,3.35333541821018,0.309759037942837,0,3.409701,3.354515,0.3103111
"PZA00552.4",-0.827490881750595,2.64611422015148,0.754731839467166,0,-0.8187026,2.652146,0.7577885
"PZA00562.3",1.74085801857846,2.26792233896869,0.443385608078668,0,1.73824,2.271907,0.4448695
"PZA00562.4",1.43085867689662,1.41330263190267,0.312229506586433,0,1.42975,1.414327,0.312954
"PZA00567.10",0.352573113369423,1.47828897528963,0.811670963084304,0,0.3569879,1.481957,0.8098209
"PZA00568.19",-1.48649503933624,2.51339554173266,0.554720617940859,0,-1.482553,2.516552,0.5562657
"PZA00569.11",-2.97467330734883,2.67889237108984,0.267795186801039,0,-3.017232,2.682482,0.2616618
"PZA00569.17",2.51802664555153,2.77597467819469,0.365162374781698,0,2.546921,2.780499,0.3604754
"PZA00570.11",-1.43933009124266,1.2929958941324,0.266609094023144,0,-1.449177,1.294195,0.2638003
"PZA00570.19",2.68721559686504,3.24285837469793,0.408020063812228,0,2.686225,3.244685,0.4084564
"PZA00571.1",-3.12507797779478,1.56701732677803,0.0471118053100266,0,-3.129321,1.560984,0.04597779
"PZA00571.2",1.33694764264985,1.38244130137407,0.334350970603083,0,1.399641,1.388283,0.3142567
"PZA00572.1",0.640997538706959,1.62028562753974,0.692702269137339,0,0.7083677,1.625794,0.6633933
"PZA00572.2",0.676112066700714,1.45003657752872,0.641390989942981,0,0.6736969,1.452324,0.6431056
"PZA00573.11",-1.59649119480022,3.7956114292188,0.674365916074409,0,-1.657049,3.798843,0.6630363
"PZA00573.3",-2.69735823288106,1.73871543245762,0.121971793297786,0,-2.702098,1.735593,0.1206549
"PZA00578.1",4.85485322533793,2.24497136112341,0.0314413738880603,0,4.87459,2.232686,0.02986334
"PZA00578.2",-2.08282919821563,1.97839738040988,0.293366581350989,0,-2.080788,1.978268,0.2938075
"PZA00579.2",2.34444350438064,1.39961853891298,0.0950635195438316,0,2.357562,1.393976,0.09192614
"PZA00579.6",2.30694367097328,2.49106495212486,0.35521555655947,0,2.35293,2.478991,0.3433816
"PZA00582.1",-1.61329862346394,1.57344494879775,0.306112350789097,0,-1.613168,1.573317,0.3061122
"PZA00582.4",-0.508284267781124,1.64375816110241,0.75738855405111,0,-0.5286166,1.647729,0.7485949
"PZA00583.17",-0.823812205628339,2.05811197782806,0.68926536324926,0,-0.845926,2.062561,0.6820283
"PZA00583.4",-0.158780391049803,1.3351378680877,0.905422439277664,0,-0.1679723,1.338965,0.9002598
"PZA00586.1",-0.241787080515534,1.68908043155365,0.88627916686168,0,-0.2493187,1.694238,0.8831164
"PZA00587.3",1.84739768542814,2.01363799613437,0.35971748231617,0,1.845897,2.01505,0.3604434
"PZA00588.1",0.31508084904587,1.38192679938352,0.819815426495295,0,0.3088153,1.386259,0.8238814
"PZA00588.2",-0.217238058845288,1.420853116494,0.878595429826514,0,-0.2097617,1.42561,0.8831312
"PZA00590.1",1.04004334214321,1.59230485422,0.514195361842215,0,1.037793,1.595562,0.515963
"PZA00595.3",0.223865265487707,2.76960228825792,0.9356366417779,0,0.2372155,2.776196,0.931969
"PZA00595.4",4.14581330058598,2.44188276952824,0.0906820525703116,0,4.144913,2.433808,0.08969144
"PZA00599.25",-1.4743629651179,2.02943173177269,0.468158263764845,0,-1.474722,2.033567,0.4689546
"PZA00603.1",-0.587515609400317,1.30852938719452,0.65379432657547,0,-0.58322,1.311454,0.6568785
"PZA00606.3",0.880783625357243,1.27919129814718,0.491690801810678,0,0.9182105,1.282553,0.474648
"PZA00608.1",1.17824099093045,1.41084299944861,0.404370639753256,0,1.186699,1.415075,0.4024178
"PZA00610.15",-2.41710663342482,1.93366793185377,0.212362013089875,0,-2.47959,1.935725,0.20129
"PZA00610.9",-1.22646542588468,1.7517816167058,0.484443505898365,0,-1.240118,1.755451,0.4805159
"PZA00611.1",0.00706896591505325,1.26541863974901,0.995546892272911,0,0.00278003,1.268492,0.998253
"PZA00613.20",0.549028164289976,2.92828292791924,0.851414050452301,0,0.5364242,2.932886,0.8550119
"PZA00613.21",-2.38636393636268,2.70958279333392,0.379245194391815,0,-2.383373,2.711595,0.3801953
"PZA00613.22",-0.887858842433434,1.47745231022922,0.54837734437249,0,-0.8850531,1.480588,0.5504863
"PZA00614.1",2.38335598614535,2.456480392095,0.332786517858113,0,2.453069,2.453005,0.3181803
"PZA00614.12",-2.66221693206307,2.5139509661187,0.290542781422825,0,-2.733706,2.507439,0.276566
"PZA00615.3",0.632634904578095,1.98896773839257,0.750672622550371,0,0.6441962,1.995946,0.747129
"PZA00615.6",3.41162308827856,2.19707264281634,0.1216242310879,0,3.527225,2.196684,0.1094908
"PZA00616.7",0.282434272179473,1.29849169156504,0.827973192097468,0,0.2929968,1.302431,0.8221769
"PZA00617.16",2.19371940427411,1.58756274168264,0.168153807051413,0,2.193313,1.584964,0.1675383
"PZA00617.5",0.652640509353791,1.46631254202442,0.656606395458663,0,0.6478478,1.469126,0.6595788
"PZA00618.21",-0.540396314730607,2.63752989343312,0.837812315487157,0,-0.5253241,2.642753,0.8425829
"PZA00619.3",0.511587025322067,1.97570688952209,0.795876938267558,0,0.5027464,1.981482,0.7999003
"PZA00620.2",-1.54804760805953,1.33271961921517,0.246420892320672,0,-1.547123,1.332754,0.2467147
"PZA00620.3",0.943989024381626,1.27486858044943,0.459655030727891,0,0.9426823,1.276172,0.4607339
"PZA00621.2",-0.247507830005462,1.80955122123394,0.89130626853507,0,-0.251448,1.814284,0.8898732
"PZA00623.1",-2.38468033111009,1.36982548453213,0.0828298720586709,0,-2.395817,1.367488,0.08089523
"PZA00623.2",-1.61795838569223,1.32881593622993,0.224425818562802,0,-1.622281,1.329909,0.2235731
"PZA00623.3",-0.282356035054558,2.10812486850679,0.893550672126502,0,-0.2855335,2.113089,0.8926114
"PZA00626.3",1.90382072041132,1.4907640771426,0.202656158268851,0,1.923704,1.492556,0.1985319
"PZA00626.4",2.55717131880713,1.48520576008717,0.0862411789702712,0,2.599002,1.485881,0.08138791
"PZA00627.1",-2.71241074343207,1.31925371446386,0.0407279305257776,0,-2.714858,1.310535,0.03924188
"PZA00628.7",-0.938913616810002,1.34594114898014,0.486025829015239,0,-0.9524507,1.349345,0.4808741
"PZA00629.21",-3.30062455808761,2.5160012480684,0.190667681968725,0,-3.300865,2.512393,0.1900012
"PZA00632.1",0.527138610107104,1.62938555743583,0.746548343153077,0,0.5212139,1.632523,0.7497659
"PZA00633.4",-0.433055856321753,1.3580484408511,0.750059697723558,0,-0.4502358,1.361769,0.7411799
"PZA00633.8",2.73678272298192,3.89083742370755,0.482408937571169,0,2.778961,3.892795,0.4759135
"PZA00635.1",1.0591592853951,1.40568844003184,0.451807984103269,0,1.056584,1.408271,0.4537357
"PZA00635.4",-1.31972784365138,1.38603902235593,0.341856135882016,0,-1.318069,1.386989,0.3427925
"PZA00635.7",0.33735600390508,1.35583245438412,0.803687691432115,0,0.3325071,1.360374,0.8070859
"PZA00636.7",1.09797311356676,1.60837893538448,0.495399574121355,0,1.095568,1.611513,0.4971808
"PZA00637.4",1.83431892622464,1.32620875493169,0.167751048222178,0,1.836124,1.323849,0.1665816
"PZA00641.7",1.9150477879039,3.4312441668986,0.577217835031823,0,1.90999,3.436339,0.5787867
"PZA00641.8",-2.87534333140428,3.43053904816095,0.402670956090519,0,-2.88571,3.43548,0.4016559
"PZA00643.13",-1.51028801313878,1.40686693150328,0.283986129388793,0,-1.515121,1.405788,0.2820828
"PZA00644.11",-2.20636237235367,2.31556378460846,0.341510814067389,0,-2.219894,2.316711,0.338802
"PZA00645.1",2.48012345920112,1.95265374889299,0.205115963186572,0,2.479303,1.951693,0.2050432
"PZA00647.9",-1.16700796239244,1.37631350938337,0.397220906684788,0,-1.182274,1.379421,0.3921497
"PZA00650.8",5.25193781766604,2.87423123313968,0.0687498983767434,0,5.267252,2.864909,0.06706503
"PZA00652.14",1.09567134946518,1.96248807636784,0.577090510157461,0,1.110777,1.964996,0.5723446
"PZA00652.17",-0.957464213905703,1.40481506995642,0.496093568036446,0,-0.9546199,1.40692,0.4980164
"PZA00653.5",-1.19063422456488,1.33325374753142,0.372625310986248,0,-1.189061,1.334865,0.3738327
"PZA00654.10",-1.11135864270036,2.67660965847176,0.678312153530371,0,-1.115728,2.679104,0.6774025
"PZA00654.12",5.32379716266048,2.49472070246488,0.0337285941331441,0,5.403228,2.470048,0.02955118
"PZA00655.1",-2.42872579004022,1.7418815315885,0.164353038347347,0,-2.427937,1.739634,0.163947
"PZA00658.19",-1.56591541633481,1.53414488849889,0.308292718243633,0,-1.570991,1.536267,0.3073976
"PZA00658.21",1.15070043242759,1.65874011691589,0.488445788189504,0,1.147906,1.660764,0.4900305
"PZA00660.20",-1.97712496485904,2.84717814231246,0.48800997107514,0,-1.984739,2.848778,0.4865822
"PZA00662.3",1.98405702181749,3.30053458874488,0.548249031277271,0,1.994745,3.3051,0.5466519
"PZA00663.5",0.971802917271114,1.54620310326329,0.530193962577034,0,0.9864676,1.551637,0.525464
"PZA00664.3",-2.0726043628086,1.2436117851305,0.0967364697114255,0,-2.079848,1.241088,0.09491297
"PZA00665.6",-0.334628016725316,1.87586153039525,0.858551420051721,0,-0.3200103,1.880438,0.8649953
"PZA00667.1",1.10444276721807,1.33997472661715,0.410527730942295,0,1.102859,1.341166,0.4116134
"PZA00667.2",-1.59296134605912,1.34515323729517,0.237351070715224,0,-1.593532,1.343981,0.2367759
"PZA00670.2",-1.58609021811658,1.4838276532556,0.286047365075798,0,-1.585006,1.483832,0.2863777
"PZA00672.6",2.37882888987129,1.69095189046792,0.160620309999355,0,2.395643,1.687305,0.1568013
"PZA00674.3",0.506993054519532,1.44996545059704,0.726863437867492,0,0.5137856,1.454039,0.7240972
"PZA00674.4",0.579205581461474,1.29567292937877,0.655206041776321,0,0.5978177,1.299414,0.6458329
"PZA00675.1",0.22955092307865,1.64675819688425,0.889239916211216,0,0.2278784,1.650616,0.8902971
"PZA00676.2",1.86633248294204,1.96093483429415,0.342059284905792,0,1.867262,1.961071,0.3418528
"PZA00678.1",1.15537131572573,1.37216870346867,0.400520114029361,0,1.153562,1.373729,0.4017918
"PZA00678.2",-1.2857604209792,1.69821051367892,0.449624567714904,0,-1.298463,1.701346,0.4460021
"PZA00680.1",0.00877223316156265,2.32964823254594,0.996998332413954,0,0.002893305,2.334762,0.9990121
"PZA00680.3",0.813966206936224,1.33899726082982,0.543762380943631,0,0.8400417,1.34365,0.5323642
"PZA00682.16",1.02314986899466,1.91254813456144,0.593106646284758,0,1.027779,1.916199,0.5921426
"PZA00682.2",1.9775521880892,1.45276276240008,0.174557683464435,0,1.992852,1.448972,0.1701447
"PZA00683.1",-0.248612227444243,1.38119900049198,0.857287656991812,0,-0.2587983,1.385423,0.8519549
"PZA00683.2",2.4972809141878,1.65399313475548,0.132234093218853,0,2.49678,1.650206,0.1314295
"PZA00684.12",-0.885829958480368,1.48006950192097,0.549997025914993,0,-0.8979632,1.485003,0.5458868
"PZA00686.4",1.43031674496304,2.63098157417011,0.587128675041654,0,1.443774,2.634752,0.5841562
"PZA00686.7",-0.56473548684529,2.45704116997459,0.818384700062392,0,-0.5677434,2.461167,0.8177351
"PZA00693.3",0.724505574250152,1.57987518644652,0.646896415004022,0,0.7916942,1.584474,0.6177172
"PZA00694.6",-0.708488423688965,1.43280769436112,0.621366561205325,0,-0.7066841,1.435621,0.622937
"PZA00695.1",-0.716585238223783,1.45686987138667,0.623207659254694,0,-0.7167759,1.461305,0.6241699
"PZA00695.2",-0.117389718450955,1.40402940704781,0.933428235031393,0,-0.1396331,1.409675,0.9211683
"PZA00698.4",2.36090295059914,2.02457554443357,0.244578966016193,0,2.359305,2.023625,0.2446765
"PZA00699.1",1.07008559767014,1.54252592661233,0.488443668903173,0,1.067347,1.544793,0.4901932
"PZA00699.5",3.63017693707064,2.49057581337791,0.146105538750381,0,3.643572,2.48359,0.143507
"PZA00700.1",0.922213515751024,1.32598851576866,0.487336875649844,0,0.9246742,1.328533,0.4870117
"PZA00700.3",-0.766105983725877,1.51983408590137,0.614615769525755,0,-0.7738769,1.524846,0.6122043
"PZA00701.6",-1.45009752554937,3.12145841848311,0.642617156198209,0,-1.460121,3.129451,0.6411753
"PZA00702.5",0.588633952494723,1.57509385868076,0.708906424480444,0,0.6008438,1.580582,0.7041354
"PZA00703.1",-0.553997936513301,1.36360301626574,0.684857610132316,0,-0.5576687,1.367114,0.6836533
"PZA00704.1",1.63316909720375,1.50370220446543,0.278389882318265,0,1.6591,1.500053,0.2696848
"PZA00706.11",2.3948986509098,1.34636160358273,0.0763823442987484,0,2.39851,1.342742,0.07516001
"PZA00706.16",-1.36231410029028,1.78934362468492,0.447103695903679,0,-1.360236,1.791329,0.4482993
"PZA00707.7",2.81087751642945,3.30153114462311,0.39529840503597,0,2.807024,3.30253,0.3960885
"PZA00707.9",-2.25427327422687,1.44254331818347,0.119275613843103,0,-2.258095,1.440933,0.118244
"PZA00709.19",-0.692228696298051,1.27300707281551,0.587038871752378,0,-0.689582,1.275014,0.5890554
"PZA00710.1",-1.4219012013216,1.44099615525011,0.324636347064535,0,-1.420932,1.441386,0.3250963
"PZA00710.11",1.57957354665937,1.52276407262108,0.300507442293785,0,1.58725,1.521354,0.2977225
"PZA00712.15",-1.57363395741893,1.31987895769374,0.234192309883678,0,-1.572858,1.319309,0.2342209
"PZA00712.4",0.826639917290793,1.4330181055589,0.564512788449677,0,0.8342497,1.43668,0.5619342
"PZA00714.1",1.0930000239109,1.33883856114538,0.414992440831814,0,1.100239,1.340506,0.4124941
"PZA00714.6",0.201885406664268,1.95548130476324,0.917847399950026,0,0.1864361,1.961609,0.9243506
"PZA00715.1",0.446463631900722,1.4541051637771,0.759048664819011,0,0.4981246,1.458719,0.7330034
"PZA00715.3",-1.39579230445592,1.5903007115243,0.380880475039476,0,-1.397863,1.590763,0.3803136
"PZA00717.15",-0.728975884882443,1.365588019645,0.593900039949988,0,-0.7272807,1.369186,0.5957262
"PZA00719.2",-1.93482099298597,1.9307507896599,0.317175544803577,0,-1.975476,1.933415,0.3077982
"PZA00721.4",1.47234509694396,1.80690762265587,0.415870148016599,0,1.512425,1.809902,0.4040859
"PZA00721.5",0.855090766496653,1.83118962900162,0.640900194835412,0,0.8902129,1.836073,0.6281728
"PZA00725.1",1.10166847852219,1.34382398094179,0.413042008639301,0,1.100866,1.346173,0.4141966
"PZA00725.4",0.300650567413087,1.32758203043657,0.821008804767306,0,0.2970703,1.331653,0.8236365
"PZA00726.10",0.087745994830232,1.5417885643694,0.954656917264969,0,0.0880593,1.548336,0.9546874
"PZA00726.6",0.0936437660016837,1.54908605315687,0.951840526817799,0,0.1000886,1.55658,0.948778
"PZA00726.7",0.578001184204088,1.56289316230682,0.71179655489685,0,0.5774154,1.568617,0.7130793
"PZA00727.1",-0.736444598223485,1.61214555804135,0.648169375626505,0,-0.7337694,1.614733,0.6498852
"PZA00727.11",0.566336232661801,1.85021467006598,0.759766909407869,0,0.5579982,1.85387,0.7636496
"PZA00729.18",-2.59905701384674,2.93118566583071,0.376022675888858,0,-2.630013,2.936447,0.3712287
"PZA00729.9",3.99671312472809,4.099232721741,0.330424932116558,0,3.992763,4.101095,0.3311216
"PZA00730.2",-2.07701069969279,1.78262647162243,0.244975373468124,0,-2.075456,1.781819,0.2451144
"PZA00731.6",1.0040342867148,1.52096504332196,0.50972509823952,0,1.101218,1.527727,0.4716341
"PZA00731.7",-0.264904478079141,1.37354596657067,0.847210116666068,0,-0.2914548,1.3782,0.8326739
"PZA00732.2",1.48109157496443,1.64138823956792,0.367668390562379,0,1.482928,1.641901,0.367225
"PZA00732.5",0.331903236424117,2.16699681711915,0.87838265043052,0,0.3261473,2.171518,0.8807227
"PZA00739.1",-0.027050930206532,1.62601574747034,0.986738850868705,0,-0.01588608,1.630853,0.992235
"PZA00740.3",1.89640186842959,1.46605930985674,0.196914821151632,0,1.965371,1.466298,0.1812377
"PZA00749.1",1.09575639797615,1.47044196472923,0.456796515057275,0,1.093633,1.472337,0.4582471
"PZA00750.1",-0.371004250758262,1.67049470883916,0.824407366633445,0,-0.3958042,1.676931,0.8135865
"PZA00752.1",0.0838015419594816,2.29223015382706,0.970863290143934,0,0.07641183,2.297651,0.9734942
"PZA00758.1",-2.23394532876349,1.5083885914201,0.13975171622605,0,-2.236626,1.506168,0.1386992
"PZA00760.1",1.26629343826377,1.542521008062,0.412402870855281,0,1.268835,1.543195,0.4116705
"PZA00766.1",0.356404104741742,1.3257338514364,0.788258710078556,0,0.3472453,1.329084,0.7940831
"PZA00783.1",-1.51166260919031,1.69165150168202,0.372319252736525,0,-1.526782,1.693285,0.3680247
"PZA00793.2",0.701610549007445,1.29721813478552,0.58904501377507,0,0.6991543,1.299199,0.5909156
"PZA00795.1",1.37257839456701,1.74800784567098,0.433000443839692,0,1.396587,1.751225,0.4258562
"PZA00803.3",0.750074707835866,1.38467765311394,0.5884679713019,0,0.747265,1.388038,0.5907652
"PZA00805.1",-1.7378015842567,2.0209943749738,0.390609921810497,0,-1.735308,2.0223,0.3915947
"PZA00814.1",-0.495794761387357,1.47116909929965,0.736369372033436,0,-0.5057302,1.475241,0.7320028
"PZA00821.1",0.608522866535104,1.84045378163175,0.74117107420195,0,0.6026898,1.843553,0.7439798
"PZA00824.2",-0.712965903629261,1.32779352915461,0.591734164598666,0,-0.7102495,1.330276,0.5938359
"PZA00827.1",0.285305965761373,1.39503991732327,0.838103251656823,0,0.2748219,1.398041,0.8443048
"PZA00828.2",-1.97541721833018,2.50910772226083,0.431787516498343,0,-2.01652,2.514301,0.4232364
"PZA00832.1",2.71068174993343,1.53850571726184,0.0792025660960942,0,2.741663,1.533001,0.07481155
"PZA00838.2",-1.6751693433046,1.30518602991915,0.200411272189229,0,-1.674428,1.303914,0.2001725
"PZA00840.1",0.73700420215373,1.45984727537016,0.614069836322054,0,0.743081,1.463415,0.6120217
"PZA00856.2",-0.010211865702756,1.32304162587181,0.993847224531146,0,-0.01488975,1.326744,0.9910539
"PZA00860.1",0.843577107895242,1.40130697837764,0.547676546981161,0,0.8402854,1.403869,0.5499677
"PZA00865.1",-0.178512777997498,1.40492047193294,0.898984087411481,0,-0.1830036,1.408277,0.8967025
"PZA00878.2",-0.0306662935449113,1.43590037541648,0.982976547094658,0,-0.02701339,1.440294,0.9850498
"PZA00892.5",1.36646194530825,1.39389969905513,0.327795016831357,0,1.367824,1.395686,0.3279324
"PZA00894.7",-1.05621859595552,1.44831213932254,0.466456066659374,0,-1.053407,1.450551,0.4683289
"PZA00904.1",-0.801645686168335,1.35632007157787,0.554977763018944,0,-0.7984524,1.358565,0.5572061
"PZA00910.1",-1.70824016884352,1.39027191292194,0.220235036080835,0,-1.75537,1.393187,0.2087533
"PZA00912.2",-0.399710634531736,1.62612529039905,0.806016776861866,0,-0.4359978,1.631723,0.7895155
"PZA00920.1",-1.05807406614542,1.30669685113008,0.418796940586031,0,-1.059268,1.308832,0.4190316
"PZA00925.2",-0.532478716061698,1.48919795865833,0.720947330440166,0,-0.5641767,1.494348,0.7060644
"PZA00934.2",2.56533983615327,1.26866050204008,0.0441391523374282,0,2.574984,1.263979,0.04259045
"PZA00939.1",-1.43989180409152,1.29856361319935,0.268473996200075,0,-1.442679,1.299904,0.2680434
"PZA00941.2",0.453838832639097,1.24276317159791,0.71525482436946,0,0.4517967,1.245835,0.7171492
"PZA00942.2",-0.860841649086058,1.52782910144656,0.573595391173729,0,-0.8573566,1.530393,0.5757873
"PZA00944.1",-1.1298551728315,1.42894987276021,0.429809237174198,0,-1.135279,1.431903,0.4285532
"PZA00944.2",3.35814703472134,2.01703013575803,0.0970763488274197,0,3.358384,2.010494,0.09597668
"PZA00947.1",0.901705178052663,1.45818430210985,0.536841655123426,0,0.9157617,1.461278,0.5313871
"PZA00948.1",-0.362731533756394,1.66158283252893,0.82735412416628,0,-0.3523263,1.665354,0.8326057
"PZA00980.1",0.979096357094155,1.33021979327053,0.462335365635172,0,0.9772201,1.33164,0.4636694
"PZA00985.1",1.94742314022982,1.47136735807494,0.186756956597157,0,1.967598,1.471656,0.1823327
"PZA00991.2",0.094763407898276,1.83786633682937,0.958915552389363,0,0.08576402,1.842971,0.9629172
"PZA01019.1",0.121095783416653,1.28790284444277,0.925157573627338,0,0.1072209,1.291794,0.9339109
"PZA01028.2",-1.13591861111192,1.84193508491555,0.537945668012821,0,-1.156948,1.846838,0.5315427
"PZA01029.1",0.710362391044729,1.37506459069872,0.605850069011994,0,0.7377539,1.379466,0.5932141
"PZA01030.1",3.40192672352367,2.44047271954176,0.164458449548617,0,3.412703,2.437116,0.1625536
"PZA01035.1",2.05303725374852,2.07626552961848,0.323627279788568,0,2.061751,2.08092,0.3226633
"PZA01038.1",-0.0398749163193166,1.34737763958641,0.976412026305654,0,-0.0436596,1.350938,0.974242
"PZA01049.1",-0.806216555390444,1.30108550627631,0.53600371508209,0,-0.8031259,1.303724,0.5383898
"PZA01050.1",1.06120510318965,1.33567206426044,0.427586073924039,0,1.061264,1.336562,0.4278677
"PZA01055.1",-0.778975429072844,1.76783405716179,0.659822296087439,0,-0.774424,1.771762,0.6623885
"PZA01060.1",0.16892110378748,1.32429321481892,0.8985941803798,0,0.1669886,1.327801,0.9000116
"PZA01068.1",0.141248074639118,1.36175917317917,0.917463696236076,0,0.1343751,1.365657,0.9216899
"PZA01072.1",-0.759941814946194,1.51319206218712,0.615922400653093,0,-0.7645494,1.51583,0.6144021
"PZA01073.1",0.0980395463994558,1.50306573010362,0.948041315813219,0,0.1089716,1.508838,0.9424778
"PZA01079.1",0.422717253505152,2.03623157796924,0.835697210451397,0,0.4171118,2.040499,0.8381798
"PZA01096.1",2.07726340994283,1.66087729564877,0.21210998872035,0,2.080188,1.659879,0.2111953
"PZA01106.3",-1.00500136673365,2.07217710951634,0.628065416513714,0,-1.009078,2.076263,0.6273507
"PZA01113.1",0.977156228854255,1.27964805915525,0.445754752453907,0,1.004481,1.282506,0.4341762
"PZA01114.2",-1.0476007492914,1.59510414198282,0.51188640824157,0,-1.046233,1.59907,0.513483
"PZA01122.1",0.990076079011417,1.96755767754092,0.615227550635041,0,1.030741,1.972317,0.6016722
"PZA01135.1",0.646994792822796,1.72334785785975,0.7076318926737,0,0.6427993,1.726157,0.7098922
"PZA01142.4",0.900054480854613,1.78408160469777,0.614321303384767,0,0.9109702,1.787979,0.6108138
"PZA01144.1",1.58042447767945,1.66546637339214,0.34348830391146,0,1.578415,1.666364,0.3443608
"PZA01154.1",0.971474522725573,1.51840844305733,0.522838589838125,0,0.9686014,1.520478,0.5246322
"PZA01186.1",0.0365622734263934,1.26826287004615,0.977022257940659,0,0.03605296,1.271166,0.977394
"PZA01187.1",0.0686816157648684,1.4044132616788,0.961031321734846,0,0.09421501,1.408296,0.9467101
"PZA01195.3",-1.98050776037355,2.37474042948635,0.405013566267613,0,-1.977124,2.377473,0.4063549
"PZA01196.2",2.36834386373228,1.37522849553261,0.0861716056448138,0,2.398247,1.373772,0.08197727
"PZA01209.1",-0.934991607575051,1.40402485675757,0.506011843916004,0,-0.9413189,1.408522,0.5045031
"PZA01210.1",-0.0613556131919047,1.30055569682993,0.962406955893941,0,-0.06175877,1.304945,0.9622873
"PZA01210.2",0.709537963201135,4.48012191662364,0.874278209670775,0,0.6748569,4.488506,0.8805973
"PZA01216.1",-2.17598861249152,1.34440688607904,0.106694784907511,0,-2.312318,1.350599,0.0880156
"PZA01228.2",1.73861041212163,2.08118157831317,0.404222724401627,0,1.735795,2.082987,0.4053901
"PZA01233.1",-1.69073830514975,1.47823433251405,0.253723399066854,0,-1.697231,1.480127,0.2525146
"PZA01238.2",-1.32710544402491,1.3874299921539,0.339652429416703,0,-1.339474,1.389687,0.3359623
"PZA01241.2",1.62134807780902,1.39447232571894,0.245964313562527,0,1.644012,1.397148,0.2403398
"PZA01254.2",2.94789867363119,1.3872120281669,0.0344771343109036,0,2.947916,1.378601,0.03337383
"PZA01257.1",0.800066347962909,1.41084639369974,0.571122385755182,0,0.7981961,1.414239,0.5729437
"PZA01259.1",0.198089665134631,1.41778180285639,0.888985433718807,0,0.2061014,1.422263,0.8848877
"PZA01265.1",0.397079202704788,1.45343763347557,0.784905262510739,0,0.3974606,1.456596,0.785159
"PZA01267.3",1.6782881439497,1.33877318395897,0.211055437753411,0,1.690928,1.335505,0.2065407
"PZA01271.1",2.00468571284452,1.29031290100814,0.121423833361418,0,2.004603,1.287019,0.120493
"PZA01278.2",-1.47842848488547,1.71654702587824,0.389836646464439,0,-1.520196,1.719239,0.3773493
"PZA01280.2",-0.580132556335514,1.26304041406979,0.646372648179958,0,-0.5761196,1.265488,0.6492864
"PZA01289.1",-0.926454042216674,1.2890656295527,0.472936986738737,0,-0.9255769,1.290299,0.4737782
"PZA01290.1",1.80662846255872,1.33962873666914,0.178577851433715,0,1.807128,1.338964,0.1782433
"PZA01292.1",2.86177728947149,1.40208372332861,0.0422001012937682,0,2.869884,1.391912,0.04016695
"PZA01297.1",2.07296318958999,1.83833925149648,0.260463436068998,0,2.1128,1.844409,0.2529951
"PZA01303.1",-3.08811053845024,1.49457717295637,0.0397483821247247,0,-3.089292,1.486602,0.03863196
"PZA01313.2",3.0849560072993,1.2286689730284,0.0126215090374804,0,3.087518,1.216134,0.01167705
"PZA01316.1",0.424197346227044,1.6501179665144,0.797316961480321,0,0.424273,1.653935,0.7977392
"PZA01321.1",1.03962721532844,1.4675766963894,0.479300849527648,0,1.037708,1.469653,0.4807316
"PZA01327.1",0.317549482897936,1.31043362823676,0.808710419016871,0,0.3091556,1.313262,0.814066
"PZA01332.2",-1.73235379920067,1.38049056147609,0.210590606369359,0,-1.731849,1.379203,0.210299
"PZA01336.1",-0.61862237061709,1.53139054005527,0.68655635132376,0,-0.6223797,1.534923,0.6854416
"PZA01342.2",2.25565041463882,1.69024182471948,0.183143574272268,0,2.260468,1.688302,0.1817128
"PZA01349.2",0.581743644564385,1.52675534084719,0.703474284746807,0,0.5789494,1.528942,0.7052336
"PZA01352.5",0.0623279844412475,1.21620994864457,0.95916546825483,0,0.06531841,1.21926,0.9573151
"PZA01360.3",-0.102900170173014,1.78054343811741,0.953956878984196,0,-0.1159737,1.785106,0.9482473
"PZA01369.1",-2.45536072485497,1.5765619728381,0.120526322998255,0,-2.50087,1.569313,0.1121767
"PZA01374.1",2.95633472664145,2.88699673849554,0.306730297634601,0,3.004212,2.888832,0.2992846
"PZA01391.1",-1.68852879835242,2.20399537867891,0.444263359061222,0,-1.76259,2.209825,0.4257844
"PZA01396.1",-0.259717388480765,1.36051218642747,0.848747836450867,0,-0.2667321,1.365139,0.8452338
"PZA01422.3",-0.83026351776615,1.57560252932926,0.598654768742475,0,-0.8380038,1.579922,0.5962586
"PZA01426.1",0.710388378087692,2.08851358024759,0.734011217510727,0,0.7103388,2.09249,0.7345153
"PZA01445.1",3.53581511368725,1.95325056222491,0.0713569599557098,0,3.61705,1.95028,0.06472318
"PZA01447.1",2.06887530345987,1.39331083861484,0.138729726969835,0,2.068511,1.390557,0.1380217
"PZA01455.1",-0.306120201790153,1.59482368302237,0.847926591530482,0,-0.3007149,1.599997,0.8510572
"PZA01456.2",1.89456214602392,1.26568258837135,0.135578126168338,0,1.931094,1.267112,0.1286591
"PZA01457.1",3.2650518638866,3.12812995049386,0.297511273244027,0,3.296543,3.134148,0.2938113
"PZA01468.1",0.976035061826304,1.30940872364949,0.456668047805041,0,0.976888,1.311581,0.4570206
"PZA01470.1",-0.63513597724578,1.45593755853009,0.663007238810564,0,-0.6315309,1.45995,0.6656674
"PZA01473.1",0.045756790005492,2.44318801563684,0.985071471955499,0,0.04515574,2.448366,0.9852987
"PZA01477.3",-0.311816679539277,1.2361629185397,0.801040330923631,0,-0.3179426,1.239452,0.7977429
"PZA01497.1",-2.83663288440679,1.36835042517973,0.0391040649595059,0,-2.836965,1.360754,0.03800895
"PZA01509.1",-0.797123871423308,1.28993505466329,0.537117234833619,0,-0.7973915,1.292562,0.537808
"PZA01523.1",0.735924086055763,1.75119829930095,0.674639287997153,0,0.7594962,1.75548,0.6656145
"PZA01533.2",-0.776103594469373,1.33646768471599,0.561911494952557,0,-0.7730652,1.338584,0.5640593
"PZA01537.2",-0.241509032741419,1.27021118354134,0.849345714842892,0,-0.2500094,1.274225,0.8445951
"PZA01542.1",1.87850143394122,1.35251701335798,0.165993134870982,0,1.894834,1.351932,0.1621738
"PZA01563.1",-0.752308122272199,2.01282018436659,0.708873229731605,0,-0.7602546,2.017887,0.7066452
"PZA01566.1",0.266754558953613,1.58275405057591,0.866284217115953,0,0.2564857,1.586635,0.8716975
"PZA01570.1",-1.23375920315602,1.43715417834295,0.391381244846752,0,-1.240652,1.439929,0.3896576
"PZA01575.1",-0.881752254654898,2.23623655551741,0.69366489600552,0,-0.8815159,2.239961,0.6942262
"PZA01588.1",0.732981436132389,1.34587294685642,0.586461886389225,0,0.7787235,1.351693,0.5650139
"PZA01591.1",-0.237304800881242,1.48467924331975,0.873128235037977,0,-0.2375854,1.489378,0.8733768
"PZA01597.1",-0.103434030908596,1.33585201737745,0.938338576340517,0,-0.1076043,1.340067,0.9360591
"PZA01601.1",-1.57273267973052,1.43319824139703,0.273448018695545,0,-1.57178,1.433801,0.2739393
"PZA01607.1",-0.832027774160372,1.36649768507285,0.543111038613988,0,-0.8314286,1.369163,0.5441858
"PZA01608.1",-0.411656012057194,1.58385705179955,0.795130469735764,0,-0.4048497,1.587281,0.7988692
"PZA01618.2",1.18218307058337,1.30355556851619,0.365261189585317,0,1.180458,1.304584,0.3663377
"PZA01638.1",-2.26180686171599,1.93221413873416,0.242785621126269,0,-2.27417,1.933236,0.2404742
"PZA01652.1",2.33915641171616,1.44891198039754,0.107586722651607,0,2.355867,1.446428,0.1045155
"PZA01672.1",-0.275264860602055,1.31440912110561,0.834275226415096,0,-0.265568,1.317821,0.840441
"PZA01677.1",0.723499080603528,1.57908856366299,0.647189798001572,0,0.7189775,1.581955,0.6498384
"PZA01680.3",-0.825690289280825,2.4904148334182,0.7404845702633,0,-0.8244594,2.493661,0.7411826
"PZA01688.3",-0.148124319749352,1.44589342495259,0.918478527353129,0,-0.1460774,1.449746,0.9198141
"PZA01691.1",-0.764170159840965,1.27671788446448,0.549972352682479,0,-0.7626535,1.278376,0.5512804
"PZA01693.1",0.891691634469337,1.42134477864224,0.530947204512896,0,0.9329102,1.425884,0.513488
"PZA01713.4",0.503174530023544,1.51958708251416,0.740802536835567,0,0.5108475,1.524069,0.7377408
"PZA01714.1",-2.1922914408151,1.36357100071917,0.109039964450288,0,-2.192819,1.359473,0.1078972
"PZA01715.1",3.67150873651998,1.42688817185844,0.0106060812646509,0,3.674322,1.411407,0.009736124
"PZA01715.2",0.480828020591008,1.22905621237609,0.695940685023564,0,0.4860368,1.232513,0.6936323
"PZA01729.1",-1.36922223140379,2.00260265888229,0.494728920480975,0,-1.365551,2.005409,0.4964885
"PZA01736.1",0.866467338530109,2.02497200329418,0.669066582252025,0,0.8899606,2.029864,0.6614175
"PZA01741.1",-0.215945950439502,1.57917383144467,0.891331867235324,0,-0.2036366,1.583191,0.8977494
"PZA01751.2",1.48856907012833,1.60725879122086,0.355180999898328,0,1.491073,1.609251,0.3549686
"PZA01753.1",0.374608484465465,1.87651639279422,0.841918234969079,0,0.368092,1.880946,0.8449939
"PZA01755.1",0.354231417926089,1.36756033208407,0.79581094612638,0,0.3500469,1.372057,0.7988175
"PZA01759.1",0.32004927315755,1.6468426222558,0.846052783097361,0,0.3219417,1.651792,0.8456121
"PZA01765.1",-2.19840756685141,1.48343808696401,0.139497979839181,0,-2.293781,1.487402,0.1241939
"PZA01779.1",-0.591453263037229,1.46021136476902,0.68575950264622,0,-0.5925696,1.463354,0.6858381
"PZA01790.1",1.31294417738547,1.98344011622172,0.508557658383686,0,1.312959,1.985471,0.5089863
"PZA01791.2",-1.11427607953695,1.34570823084524,0.408378637457842,0,-1.12035,1.349738,0.4072333
"PZA01796.1",1.30853418585453,1.33409120149106,0.327535356166894,0,1.317651,1.335809,0.3248035
"PZA01799.1",0.286921127683564,1.36175293847949,0.833278106167782,0,0.2909066,1.365594,0.8314654
"PZA01802.3",-2.76836656934603,1.36744121200325,0.0438900247977906,0,-2.790899,1.356187,0.04054556
"PZA01807.1",-1.3956378452705,1.62913341967692,0.392373136427486,0,-1.399502,1.63196,0.3918854
"PZA01819.1",1.38337600462008,1.56883558340611,0.378665850692404,0,1.401727,1.571385,0.3731581
"PZA01861.1",1.43328966973587,1.41773712650583,0.312922717403748,0,1.471329,1.422901,0.3020318
"PZA01877.2",1.47586171264796,1.92305812536277,0.443471506390398,0,1.506876,1.923988,0.4341836
"PZA01879.1",0.609443805217338,1.87642302106461,0.745587699135802,0,0.6037128,1.879569,0.7483056
"PZA01883.2",2.60745915126582,1.83251460573983,0.155906765421951,0,2.68651,1.838182,0.1450231
"PZA01884.1",-0.411118635119173,1.29728304194053,0.751555168268042,0,-0.4076294,1.300689,0.7542191
"PZA01885.2",0.503258845824026,1.62207308501223,0.756601704139944,0,0.5243321,1.62626,0.7473835
"PZA01887.1",-1.25437084545317,1.38221161500106,0.364934610260654,0,-1.25794,1.384196,0.3642611
"PZA01895.1",-0.804635002393344,2.12528487431924,0.705277353132882,0,-0.8203077,2.128644,0.700265
"PZA01902.1",1.24539431570235,3.0671136138617,0.685024504264736,0,1.251465,3.074309,0.6842729
"PZA01905.12",-1.30394998925467,1.3142821149772,0.322005269415869,0,-1.304198,1.315867,0.3224957
"PZA01909.1",-0.933067191874973,1.46847378882848,0.5256983216126,0,-0.936158,1.470645,0.524941
"PZA01919.2",0.681656987544862,1.28505981173457,0.596231210482965,0,0.6788985,1.28716,0.5983157
"PZA01921.19",-0.720086366824304,1.50897179346062,0.63359774119513,0,-0.7243886,1.513574,0.6326086
"PZA01925.1",-2.12803866274489,1.55460314767782,0.17216325795145,0,-2.143986,1.553949,0.1688032
"PZA01926.1",1.33953044336558,1.48042660262673,0.366351767291097,0,1.341267,1.480744,0.3658341
"PZA01933.3",0.100636737209053,1.28273842801099,0.937523701815868,0,0.0967425,1.285961,0.9400868
"PZA01935.10",1.63273061132176,1.54000616187202,0.289982537344334,0,1.654408,1.54181,0.2842019
"PZA01936.4",0.843451320622938,1.75932432219326,0.632023884461775,0,0.8382153,1.762648,0.6347788
"PZA01946.7",-2.08038149647713,1.28276619977255,0.105997719888406,0,-2.083994,1.278219,0.1041684
"PZA01954.1",0.00260261872594218,1.68973018174239,0.998772174002559,0,-0.002245446,1.694058,0.9989434
"PZA01962.12",0.900706338950541,1.39787868075329,0.519895318709795,0,0.8977438,1.40016,0.5219467
"PZA01964.29",-0.680559537138576,1.43687618177047,0.636135043028137,0,-0.6833337,1.44077,0.6356753
"PZA01978.23",0.414836160067608,1.35598234145403,0.759889984219372,0,0.4125124,1.35979,0.7618421
"PZA01991.3",1.22594915604096,1.32489967147808,0.355616459315732,0,1.26893,1.327848,0.3401023
"PZA01995.2",2.84330384921237,1.48226589079038,0.0561230004876857,0,2.846288,1.475163,0.05470451
"PZA01999.3",0.153654994947933,1.87492671484391,0.934744291946891,0,0.1660137,1.879522,0.9296808
"PZA02011.1",0.103102620986617,1.28513446759167,0.936115196205432,0,0.09771207,1.288261,0.9395954
"PZA02014.3",-2.08568346435217,1.42706812487256,0.145019646651995,0,-2.091812,1.422937,0.1426912
"PZA02017.1",3.90867482005623,3.43511155165572,0.25617307772206,0,3.97581,3.43914,0.2486688
"PZA02019.1",-0.0894064850376317,1.48203327661135,0.951939248819883,0,-0.1101052,1.487121,0.9410333
"PZA02032.1",3.00006791469878,1.89586995397925,0.114706633625851,0,3.003262,1.890426,0.1132882
"PZA02035.5",0.50218024625739,2.25863153732142,0.824216193635366,0,0.5007125,2.26144,0.8249357
"PZA02040.2",-1.06416319791204,1.37700205433609,0.440300001752492,0,-1.067453,1.377681,0.4391148
"PZA02044.1",-0.331205140877268,1.61568267802453,0.837729068889015,0,-0.3327545,1.619813,0.8373905
"PZA02049.1",-0.935179507163042,1.44013234446977,0.516642872511152,0,-0.9386299,1.441281,0.515433
"PZA02060.1",-0.274036009827752,1.37691799715568,0.84239368526979,0,-0.2651989,1.381361,0.8478971
"PZA02068.1",2.24420711536278,1.36182486091441,0.100510956970485,0,2.246945,1.356932,0.09888667
"PZA02070.1",-0.0372437691393547,2.21403875671079,0.986591146092667,0,-0.04757263,2.219557,0.9829155
"PZA02081.1",0.4265407116534,2.23936035860815,0.849078485973607,0,0.4173263,2.246473,0.8527629
"PZA02090.1",-1.98967615125641,1.29538990997162,0.125700379896147,0,-1.989245,1.292709,0.1250025
"PZA02095.10",3.77423236210707,1.81801820895737,0.0388250438245893,0,3.874745,1.8115,0.033322
"PZA02111.1",-2.77390483935389,1.93446379023928,0.152729611848074,0,-2.811177,1.933571,0.1471244
"PZA02113.1",0.217182170842829,1.28499107099271,0.865909910842782,0,0.2170906,1.288605,0.8663382
"PZA02114.1",-1.23037882044253,2.87644372075884,0.669174187931375,0,-1.231197,2.880646,0.6694214
"PZA02117.1",-1.234101311541,1.34403550364013,0.35931863609624,0,-1.255129,1.348591,0.3528298
"PZA02122.9",-2.81782241184509,1.73614962273595,0.105732983339895,0,-2.817673,1.731893,0.1049008
"PZA02128.3",-0.787097770783241,1.7915592012877,0.660763839507832,0,-0.7840979,1.794448,0.6624862
"PZA02129.1",-0.175765589109954,1.253544291483,0.888593215511817,0,-0.1882969,1.257381,0.8810695
"PZA02133.10",1.23037450687392,1.39022937673957,0.376924265818443,0,1.232701,1.392844,0.3769195
"PZA02134.3",2.5511228243326,1.76312020879516,0.149057786710217,0,2.556362,1.762389,0.1480603
"PZA02138.1",-0.0652037306008335,1.3164377746528,0.96053267195411,0,-0.07330616,1.320741,0.9557776
"PZA02141.1",1.13522248614336,1.88619933900369,0.547766928632756,0,1.145343,1.890746,0.5451738
"PZA02147.1",0.733678355592766,1.76632162536463,0.678195592993248,0,0.7271456,1.770369,0.6815907
"PZA02155.1",-0.437897337723483,1.56673761441709,0.780074852766545,0,-0.4350413,1.569935,0.7819062
"PZA02168.1",-1.24564342591356,1.55100081036843,0.422600134060891,0,-1.249159,1.551577,0.4214657
"PZA02174.2",0.741382055254775,1.3733803131326,0.589757657485055,0,0.7377664,1.375771,0.5922163
"PZA02175.1",1.97909178137978,1.36561635445524,0.148416967456577,0,1.984697,1.364608,0.1469779
"PZA02182.1",3.01090542766982,1.59669514087085,0.0603916867012701,0,3.100671,1.5935,0.05269818
"PZA02187.1",1.19500972775236,1.26992497069673,0.347529558919803,0,1.194412,1.270301,0.3479126
"PZA02187.2",3.70432151277486,2.53369453990808,0.144880668704321,0,3.785297,2.531904,0.1360549
"PZA02191.1",-2.61334324183845,1.66238931090439,0.117095161908246,0,-2.616572,1.659747,0.116067
"PZA02194.1",2.30918206075143,1.73592652934747,0.184548533673028,0,2.314297,1.734181,0.1831419
"PZA02203.1",-1.63571155136736,1.58727846761677,0.303677895168699,0,-1.634203,1.588233,0.3044136
"PZA02204.1",0.578055258218473,1.30858737355893,0.659025854035192,0,0.575951,1.311617,0.660924
"PZA02207.1",-0.445411660083443,1.29130260501747,0.730410076697215,0,-0.4422517,1.293958,0.7327768
"PZA02209.2",-0.0361990451138181,1.23261840169281,0.976592791426455,0,-0.03073335,1.235846,0.9801781
"PZA02212.1",0.383734567695984,1.27269257874063,0.763251316341115,0,0.3930161,1.276627,0.7584265
"PZA02219.2",0.151126069210045,1.58765897983346,0.924235084479151,0,0.1587426,1.592588,0.9206745
"PZA02221.20",2.6726907860577,1.33465687123367,0.046212923320153,0,2.734323,1.33232,0.0410903
"PZA02223.2",-0.513513850810243,1.38389978341979,0.710877425829853,0,-0.5129002,1.388451,0.7121114
"PZA02235.14",0.110966600858239,1.35679905037141,0.934876931328317,0,0.1004883,1.360813,0.9411881
"PZA02239.12",-0.548293237182132,1.45992868279927,0.707533378048861,0,-0.5422138,1.463106,0.7112287
"PZA02247.1",2.11027928042658,1.27219606058451,0.0983065819342767,0,2.112973,1.26958,0.09719394
"PZA02252.2",0.63503852535971,1.86088222205944,0.733171886980233,0,0.6316774,1.863269,0.7348576
"PZA02262.3",-1.56925573908494,1.56218942546713,0.316012705123473,0,-1.58461,1.563532,0.3117245
"PZA02269.3",-0.894907921713753,1.37804321964606,0.516620743449692,0,-0.8929223,1.381092,0.5184751
"PZA02269.4",-0.364890565626734,1.51158735807717,0.809429056966548,0,-0.3585669,1.516546,0.8132706
"PZA02271.1",0.874932484713144,2.93487907363443,0.765841063791091,0,0.8856483,2.939184,0.7633955
"PZA02272.3",-0.194566871120571,1.38114978088102,0.88807369151674,0,-0.1973032,1.385096,0.8868314
"PZA02274.1",0.102709741592751,2.28806530345514,0.964228210806177,0,0.1117044,2.291637,0.9611585
"PZA02278.1",1.68543418377558,1.88244543575145,0.371389669992727,0,1.684053,1.885018,0.3724333
"PZA02281.3",-1.45015966700047,1.58508263434357,0.361059285640663,0,-1.472542,1.588105,0.3546221
"PZA02284.1",-1.09681682151499,1.31751014550017,0.405856224896475,0,-1.108929,1.321058,0.4019626
"PZA02289.2",-0.519219799116378,1.46692411563468,0.723647542425295,0,-0.5620641,1.469747,0.7024446
"PZA02320.1",-0.648384067873197,1.4206087431463,0.648454708279399,0,-0.6623192,1.425921,0.6426691
"PZA02352.1",-0.2652811474736,1.52308362637128,0.861857552537534,0,-0.2714507,1.526352,0.8589779
"PZA02358.1",0.270645395986172,1.27262296535941,0.831744539218583,0,0.2951801,1.276819,0.8173444
"PZA02359.10",0.919597575655983,1.31596224363962,0.485268238135336,0,0.9253075,1.319228,0.4836484
"PZA02373.1",0.678512689772707,1.23574030754276,0.58340194162225,0,0.7297994,1.239787,0.5565815
"PZA02376.1",-3.91715090526088,1.80065777054318,0.0304550509070284,0,-3.992609,1.791842,0.0266779
"PZA02378.7",-1.9703173486371,1.37024975345085,0.151596243884911,0,-1.971915,1.369006,0.1508963
"PZA02381.1",1.97981505858099,2.92098028928199,0.498475958575578,0,1.977624,2.923674,0.4993462
"PZA02383.1",-0.00650079262145045,1.26308572252231,0.995897247016856,0,-0.01099165,1.266507,0.9930818
"PZA02386.2",-0.490172114705511,2.09853615821363,0.81548693415193,0,-0.4968208,2.10399,0.8135062
"PZA02388.1",2.2752209504281,1.26492344862402,0.0731662070610234,0,2.670046,1.262712,0.03537292
"PZA02390.1",1.29039858813935,1.33354256248324,0.334073977266062,0,1.306869,1.335138,0.3285289
"PZA02393.2",-1.63305140936567,1.3088485708606,0.213205916725174,0,-1.638988,1.30943,0.2117538
"PZA02398.2",0.994853432445027,1.4028312021043,0.478818600709499,0,1.004129,1.406789,0.4759748
"PZA02402.1",2.52436322806294,1.66472561568301,0.130575111145494,0,2.524165,1.661477,0.1298577
"PZA02408.2",-0.0870731930848903,1.35642996569509,0.948863425719844,0,-0.07153453,1.360476,0.9581045
"PZA02411.3",-1.92890820231344,1.68529031787876,0.253392188790346,0,-2.000251,1.682946,0.2356492
"PZA02418.2",0.399572271210079,1.40303725318456,0.776019458163633,0,0.4027198,1.406818,0.7748931
"PZA02421.1",-2.30929807262328,1.40973162991442,0.102546167645567,0,-2.373847,1.413413,0.09419171
"PZA02427.1",-0.991282590161455,1.39416065415182,0.477673781587918,0,-1.001134,1.397865,0.4744851
"PZA02436.1",2.3979030867374,1.56398403700477,0.126379945845621,0,2.511374,1.562834,0.1092202
"PZA02449.13",-0.71333770031287,1.67926325227093,0.671321643426991,0,-0.7098739,1.682599,0.6734352
"PZA02450.1",-2.06193305181759,1.38618554026405,0.138036095494199,0,-2.063625,1.38263,0.1367093
"PZA02453.1",-0.404884706477114,1.41519839698679,0.775019640469731,0,-0.3996936,1.418398,0.7783154
"PZA02456.1",-0.603784404124582,2.47628130356826,0.807547220453044,0,-0.6005646,2.479702,0.8088123
"PZA02457.1",0.46041200677348,1.40545295614548,0.743472016256714,0,0.4614052,1.410213,0.7437752
"PZA02462.1",-2.26680488873346,1.28590066688002,0.0790464793888062,0,-2.266752,1.281549,0.07804661
"PZA02467.10",1.54686437597502,1.48143519273856,0.297328890582428,0,1.587173,1.48591,0.2863937
"PZA02472.2",1.16992214251737,3.06470013668239,0.702949254234364,0,1.160732,3.072158,0.7058545
"PZA02479.1",1.33999417465829,1.3409763200756,0.318546734104473,0,1.363697,1.344248,0.3112544
"PZA02480.1",0.365529351195423,1.67225348426963,0.827136139826524,0,0.3591012,1.677088,0.8306113
"PZA02487.1",2.11448604597611,1.47924865712266,0.154019112161226,0,2.115267,1.476009,0.1529697
"PZA02490.1",0.579021484806834,1.30201468782926,0.656879012091442,0,0.5751582,1.304327,0.6595885
"PZA02514.1",-0.908919742127265,2.61253066609592,0.728176566446692,0,-0.9179121,2.617898,0.7261358
"PZA02516.1",2.55249705005324,2.61589447091607,0.330041841739577,0,2.558936,2.613787,0.3284363
"PZA02520.1",-2.78546924851547,1.61636275010321,0.0859633892205292,0,-2.788131,1.611851,0.08479753
"PZA02522.1",1.17424179358387,1.88594006571664,0.534045893704966,0,1.182091,1.892391,0.5327173
"PZA02545.1",1.88820967041629,3.48260389037829,0.588132903232055,0,1.905245,3.496317,0.5862454
"PZA02549.3",0.870332768989276,1.95158280643358,0.655976520904006,0,0.875348,1.956209,0.6548881
"PZA02550.1",3.83821309870956,2.25466319921767,0.0898249895462348,0,3.840906,2.246507,0.08844915
"PZA02554.1",0.528439752520145,1.71856034608801,0.7587041845081,0,0.5294701,1.722463,0.7587791
"PZA02566.1",1.16434923064572,1.29637596788672,0.36989036943061,0,1.17546,1.298451,0.3661129
"PZA02577.1",-1.15899859638862,1.36924093866143,0.398038533034567,0,-1.161373,1.371371,0.3978064
"PZA02606.1",-0.092639885733442,1.34672629858048,0.945207788349553,0,-0.08805541,1.35144,0.9480967
"PZA02612.1",-0.693910503282464,1.71220050335573,0.685592298362782,0,-0.6908336,1.715073,0.6874086
"PZA02613.1",-3.16319574185005,2.15713122328085,0.143688776383583,0,-3.161871,2.152903,0.1430736
"PZA02619.1",-0.816202163515555,1.8345066973229,0.656731410772662,0,-0.8138821,1.837104,0.6580976
"PZA02626.1",-1.5996783374913,2.14842250460225,0.457162120681305,0,-1.621189,2.15226,0.4519466
"PZA02633.4",-0.0578760369791555,1.26351233488377,0.963498500546779,0,-0.0551433,1.266939,0.9653149
"PZA02641.2",0.143744926140201,1.55992351112744,0.926647230669367,0,0.1562818,1.564599,0.9205077
"PZA02643.1",0.0622776828759415,1.68797841689305,0.970595724360705,0,0.08620021,1.692563,0.9594193
"PZA02645.2",-1.38037350209341,1.44103374362156,0.338955082542332,0,-1.380943,1.443519,0.3395868
"PZA02648.2",-1.2759212333087,1.58754201171631,0.422261958004088,0,-1.322608,1.591827,0.406768
"PZA02653.12",0.861310575101622,1.45311585553404,0.553848326911934,0,0.8593894,1.455055,0.5552596
"PZA02663.1",2.51471752593626,1.28445272247261,0.051266822472895,0,2.535079,1.281336,0.04887761
"PZA02665.2",0.0853333497427185,1.23375107643367,0.944908114459841,0,0.09369991,1.236782,0.9396645
"PZA02667.1",-5.40382051952852,3.47973935128232,0.121592129216013,0,-5.427563,3.471434,0.1190909
"PZA02668.2",0.0569801226598966,1.83552466196492,0.975257876996302,0,0.03620047,1.840675,0.9843234
"PZA02673.1",-2.51538681526697,1.34299620383824,0.062137698031643,0,-2.534339,1.335268,0.05874701
"PZA02678.1",0.994667356862645,1.44083464214248,0.490564050915453,0,1.003359,1.441878,0.4871004
"PZA02680.1",-2.48792752341393,2.15468381398833,0.249235651800616,0,-2.485878,2.153338,0.2493298
"PZA02681.8",0.0144727773911702,1.46337221549259,0.992116233012798,0,-0.007771283,1.467777,0.9957794
"PZA02686.1",3.36763706399911,2.29973754865928,0.144242765525161,0,3.371214,2.296653,0.1432835
"PZA02698.3",-1.35213795471263,1.83496724035176,0.461830006470526,0,-1.375612,1.841235,0.4556357
"PZA02699.1",1.94430201686012,1.38388094485141,0.161164868927555,0,1.949418,1.383649,0.1599996
"PZA02702.1",-3.86979075896528,1.82864063482714,0.0352286053680966,0,-3.875068,1.815633,0.03370763
"PZA02705.1",-0.440648999234288,1.99095929172871,0.825004260100795,0,-0.4411563,1.994407,0.825104
"PZA02727.1",-0.270778280874585,1.28910651199501,0.833783872172237,0,-0.2722278,1.293337,0.8334457
"PZA02731.1",-1.06911309132364,1.44835502203956,0.461050920459861,0,-1.066602,1.450257,0.4626903
"PZA02737.1",2.96374951561025,1.34446212938329,0.0283266192876073,0,2.965585,1.33456,0.02709024
"PZA02741.1",0.00767683541414591,1.35834133138739,0.995494792461972,0,0.007932559,1.361888,0.9953568
"PZA02742.1",-3.49606551538023,1.33729495909724,0.00943623855209288,0,-3.520292,1.315776,0.007912054
"PZA02746.2",1.3206734312168,1.33146228984712,0.322122904942323,0,1.32509,1.334434,0.3215873
"PZA02753.1",-2.33842468405081,1.26322643611425,0.065223631408646,0,-2.338272,1.257826,0.06410217
"PZA02763.1",-1.13547086635389,1.25360057849103,0.365854627271049,0,-1.150935,1.253305,0.3592589
"PZA02769.1",0.56490202130644,1.29083627106141,0.662003014059988,0,0.5615332,1.293772,0.6646097
"PZA02774.1",0.449157224485674,1.7032016880648,0.792198937573994,0,0.458388,1.706425,0.7884206
"PZA02779.1",2.43780849228913,1.38855933618369,0.0802675090571215,0,2.437523,1.383561,0.07922249
"PZA02788.12",0.365252174745239,1.48558050390975,0.805970847158526,0,0.3613021,1.488335,0.8083762
"PZA02789.31",-0.0649250911152872,2.04237516033891,0.974663451702206,0,-0.04489458,2.047051,0.9825187
"PZA02789.36",0.0336423161112246,1.52452149069232,0.982410205368096,0,0.02560338,1.528743,0.9866498
"PZA02791.3",0.523348663482687,1.43427046124553,0.71547618463546,0,0.5180332,1.437155,0.7187829
"PZA02791.6",0.429882399253738,1.45108764386447,0.767264799272184,0,0.4227715,1.455129,0.7716238
"PZA02792.16",0.983672050222671,1.46237236570386,0.501733687013739,0,0.9807585,1.466093,0.5040838
"PZA02792.18",-0.107728773014345,2.1509865830737,0.960092398367511,0,-0.1188472,2.157656,0.9561136
"PZA02792.25",-0.740674837105289,1.4788362179871,0.616878919548892,0,-0.7351475,1.482554,0.6203868
"PZA02792.26",0.905931626331705,1.49057547970319,0.543841395932103,0,0.9019026,1.493636,0.5464562
"PZA02792.9",1.49848764626619,1.47103586284037,0.309262277250244,0,1.497042,1.472586,0.3102371
"PZA02793.33",0.689102550311404,1.65248646052128,0.676997983693227,0,0.6932572,1.656053,0.6758217
"PZA02806.4",-0.596343660092952,1.54439455987283,0.69969689034651,0,-0.5939645,1.549186,0.7017173
"PZA02807.5",-4.2548202077414,3.22794575623089,0.188564314559437,0,-4.258239,3.226076,0.1879555
"PZA02808.12",-0.295475253970086,2.43563068911797,0.90353152460985,0,-0.2742326,2.440768,0.9106242
"PZA02808.14",-1.30004007284608,2.42746942966173,0.592701504788621,0,-1.332028,2.429945,0.5840202
"PZA02808.16",-0.153571035663573,1.356442363467,0.90994218347145,0,-0.1605628,1.359781,0.9060908
"PZA02811.4",-2.22111224401678,1.87262779526142,0.236612745276599,0,-2.219619,1.871335,0.2366042
"PZA02811.5",2.93067818516299,1.38065271578603,0.0346777975265425,0,2.961686,1.367404,0.03117988
"PZA02812.34",-0.592780509498646,1.48389641660376,0.689853951794517,0,-0.587813,1.488083,0.6931401
"PZA02812.43",0.151412646518287,1.47179893288185,0.918136713372607,0,0.1639634,1.477639,0.9117268
"PZA02814.2",-1.0125840740837,1.31012317599896,0.440252350829875,0,-1.010371,1.311729,0.44181
"PZA02815.25",-1.78354374233657,2.06179993366715,0.387772403215833,0,-1.792256,2.063699,0.3858983
"PZA02817.15",1.04088105951663,1.35647304127052,0.443537894103054,0,1.038545,1.358383,0.4452002
"PZA02817.3",-0.989968169476625,1.35726651905548,0.466389977015379,0,-0.9932624,1.360355,0.4659225
"PZA02818.10",-0.957843679456788,1.28472995225695,0.456572150012921,0,-1.000969,1.289339,0.4382163
"PZA02818.6",-0.533419224157794,1.31341697195738,0.684963415874751,0,-0.5645543,1.317982,0.6687345
"PZA02819.22",0.732944821648321,1.29326216757716,0.571354045134298,0,0.7324646,1.296455,0.5725532
"PZA02819.35",-0.551338505370923,1.43598510410638,0.701317394653855,0,-0.55968,1.440295,0.6978834
"PZA02820.16",0.386241217587189,1.50831714295909,0.798085631884339,0,0.3834005,1.513101,0.800159
"PZA02820.17",1.01477436055881,1.48817016249235,0.495881944101507,0,1.015008,1.491312,0.4966904
"PZA02820.6",0.415548910657636,1.87875010366093,0.825114134754966,0,0.4784188,1.881919,0.7995174
"PZA02820.7",-4.18433705382041,1.70853761537918,0.0149490287210398,0,-4.1848,1.692782,0.01403823
"PZA02821.5",-1.47126395171291,1.40249009571838,0.295085515186904,0,-1.477129,1.405006,0.2940322
"PZA02824.1",-0.925561183763832,1.64535891358367,0.574215970433836,0,-0.9294079,1.649501,0.5735908
"PZA02824.3",-0.144111482791892,2.08859901884354,0.945040651504858,0,-0.1524287,2.095121,0.9420548
"PZA02825.4",-2.11211199076386,1.37573284515041,0.125873072101558,0,-2.114589,1.373128,0.1247196
"PZA02830.8",3.64843525308569,1.54859068490319,0.0191789372880721,0,3.732744,1.543112,0.01621618
"PZA02831.2",2.23028274581911,1.51898556766426,0.143177608160114,0,2.241833,1.518647,0.1410375
"PZA02831.5",0.726654467563198,2.28708528045283,0.750938759030996,0,0.7235845,2.289618,0.7522215
"PZA02831.6",-1.78024260963805,1.76668832781506,0.314500920935387,0,-1.78189,1.768847,0.3146438
"PZA02833.6",0.836063701256006,1.35546126632738,0.537871427623604,0,0.8330532,1.357748,0.5400183
"PZA02834.38",2.42849326735934,1.33518598705666,0.070026977729511,0,2.435669,1.332205,0.06859189
"PZA02836.17",-1.39755332729651,1.29857475685616,0.282775153082014,0,-1.398783,1.299956,0.2828633
"PZA02837.5",-0.851862568533589,1.39362417784292,0.541536213609076,0,-0.8527622,1.398,0.5423759
"PZA02837.6",-1.26854252403056,1.35061137603203,0.348436927692068,0,-1.278167,1.354937,0.3463377
"PZA02841.3",-0.504886703007804,2.53622884374664,0.842355742823178,0,-0.4988262,2.540336,0.8444722
"PZA02841.5",0.304332469913251,1.73114262833908,0.860582012901121,0,0.312,1.73627,0.8575245
"PZA02844.1",-2.22763583180463,5.34407007594744,0.677119949510948,0,-2.224242,5.349013,0.6778651
"PZA02847.21",1.02907764282156,1.54774156402908,0.506680172736487,0,1.028248,1.549354,0.5074645
"PZA02850.18",-1.68120194247255,1.44327541508177,0.245092132763677,0,-1.696923,1.445104,0.2413116
"PZA02850.4",1.47110481287747,1.69181056640918,0.385310378687699,0,1.495359,1.69601,0.3787159
"PZA02853.10",-0.79450746311644,2.28755572342483,0.728619652919528,0,-0.7848647,2.292768,0.732371
"PZA02853.7",-1.29064741734704,1.37177118309183,0.347604301772167,0,-1.290147,1.372171,0.3479311
"PZA02854.13",-1.05185516200221,1.3518478873766,0.437189130027011,0,-1.064305,1.354853,0.4328096
"PZA02854.7",1.9924339236976,1.59633317575835,0.213048369532518,0,1.991834,1.595846,0.2130466
"PZA02855.14",-1.79796788016928,1.63878743357377,0.273546487470931,0,-1.796655,1.63934,0.2740576
"PZA02855.17",-0.0163239061439777,1.37673292478617,0.990548342287894,0,-0.01100952,1.380854,0.9936444
"PZA02855.22",-0.142835368349303,1.53659752691502,0.926006753011824,0,-0.152954,1.542012,0.921059
"PZA02861.12",0.553444918340289,1.68917177375073,0.743431980147835,0,0.5706348,1.693955,0.7364763
"PZA02861.13",0.096561894369577,1.69168258959773,0.954522763798681,0,0.07722945,1.697489,0.9637449
"PZA02865.11",-1.64595034388692,1.48430369646441,0.26844394252008,0,-1.644726,1.484214,0.2687706
"PZA02869.2",0.471008194964588,1.62198848277081,0.771738041680881,0,0.4630949,1.625533,0.7759451
"PZA02869.4",-1.21782299420691,1.60655303256536,0.449081665702452,0,-1.226867,1.607096,0.4458779
"PZA02869.8",-0.536448404715177,1.64882312395752,0.745162749606628,0,-0.5289483,1.652337,0.7491204
"PZA02878.13",-0.533929987421333,1.6817542687057,0.751118215899625,0,-0.5255842,1.685441,0.7554009
"PZA02881.9",-0.890465757759723,1.35098363981211,0.510369682930456,0,-0.887662,1.353677,0.5125408
"PZA02887.9",1.82937651137051,1.31858429119787,0.166453512026384,0,1.833846,1.318051,0.1652537
"PZA02888.3",-0.434084434451528,1.85287962421143,0.814946007730766,0,-0.4622233,1.857633,0.8036834
"PZA02890.3",-1.40048116476901,1.60098858890429,0.382470486913186,0,-1.40284,1.60449,0.382709
"PZA02890.4",-1.53574600611884,1.46795737884466,0.296400472110005,0,-1.534919,1.46938,0.297127
"PZA02890.5",-2.66413699051394,2.69327504556373,0.323447212221114,0,-2.675309,2.694349,0.3216185
"PZA02894.1",-0.483498991696687,1.32536908653855,0.71553965922512,0,-0.4902233,1.328823,0.7124757
"PZA02897.12",-1.00727243210461,1.42447664036239,0.480094377943926,0,-1.008917,1.425675,0.4797474
"PZA02906.7",-0.67789151644346,1.40319434415948,0.629406309089432,0,-0.6731168,1.406339,0.6325831
"PZA02916.4",3.19006554539015,1.44772930423112,0.0283918610179992,0,3.223135,1.42839,0.02482869
"PZA02916.5",4.29960296035164,1.45152431710431,0.00332318734442579,0,4.308881,1.422101,0.002679682
"PZA02921.4",-3.10195627013724,1.39260153439376,0.026729252778238,0,-3.102677,1.383224,0.02569127
"PZA02921.9",-0.0126341309104417,1.74395692853565,0.994225031582918,0,-0.01923559,1.748619,0.9912311
"PZA02923.7",-0.822245139351483,3.06513550552885,0.788703078173529,0,-0.8307199,3.072305,0.7870639
"PZA02927.1",4.15657997909579,2.78273993124471,0.136404566799156,0,4.16929,2.777333,0.1344593
"PZA02938.3",-0.142605796880488,1.63765937625964,0.930672293271181,0,-0.141358,1.643,0.9315002
"PZA02938.5",0.0978017871268018,1.61830388911571,0.951853440799932,0,0.1030935,1.623674,0.9494194
"PZA02939.5",0.571719972230597,1.80723802079861,0.751977634804316,0,0.5652083,1.811273,0.7552396
"PZA02939.6",-3.07694361916582,4.58819665300915,0.503026506466425,0,-3.077507,4.587287,0.5028637
"PZA02941.3",3.06482581602406,2.02416074602996,0.131147609520096,0,3.098226,2.0222,0.1266499
"PZA02941.6",1.56611558368682,1.60694448022382,0.330622195735254,0,1.60477,1.611724,0.3202815
"PZA02944.10",-0.0266278615762031,1.37320645652713,0.98454329397877,0,-0.03814355,1.37673,0.9779169
"PZA02944.12",0.00140447739373739,1.58490928386215,0.999293594462325,0,0.01598679,1.58874,0.9919787
"PZA02945.10",3.93493647483755,1.34552305351858,0.00373897368313223,0,3.997671,1.316132,0.002616036
"PZA02945.37",-2.63548053742326,1.32065528988856,0.046968984627788,0,-2.643377,1.311211,0.04477785
"PZA02946.8",-1.27477391929535,1.40613843836547,0.365426651388169,0,-1.27706,1.406271,0.3646139
"PZA02948.24",0.712828867332568,1.42284016668904,0.616780296457922,0,0.7227683,1.42688,0.6128867
"PZA02949.22",1.76201923243778,2.04912797119981,0.390602862491122,0,1.771324,2.050664,0.3884637
"PZA02952.10",3.62115042776523,2.51742509819084,0.151452110208179,0,3.70182,2.505481,0.1406932
"PZA02952.7",0.361808307341552,1.73612332951837,0.835071393828797,0,0.3644086,1.740404,0.8343059
"PZA02955.3",0.367679807466265,1.37268854089387,0.789013401451437,0,0.3903369,1.377783,0.7771547
"PZA02957.4",1.33846203113035,1.70461332744358,0.433014838925854,0,1.345595,1.707773,0.4314223
"PZA02958.17",2.22068868196268,1.3261276039672,0.0951602975997675,0,2.222035,1.323294,0.09425897
"PZA02959.11",-0.267955053051302,1.32736660600553,0.84016841079029,0,-0.2681493,1.331446,0.8405375
"PZA02959.14",-0.918461335231147,1.45851000689826,0.529398765277005,0,-0.9165271,1.461573,0.5311271
"PZA02959.7",1.60574196048416,1.37543257858837,0.244045612103827,0,1.605001,1.375399,0.2442514
"PZA02961.1",-1.53859360900244,1.79052424869078,0.390927369857463,0,-1.540347,1.791219,0.390572
"PZA02961.6",1.25177078387296,1.31857625208099,0.343286750733137,0,1.254524,1.32092,0.343084
"PZA02962.13",1.71003003252225,1.94188540010802,0.379304495061265,0,1.767306,1.94489,0.3643112
"PZA02962.14",1.28014151597328,2.3396791928647,0.584725128565705,0,1.276194,2.342959,0.5864074
"PZA02963.4",-5.44328014750309,3.70956269794157,0.143423843321104,0,-5.451744,3.702388,0.1420353
"PZA02963.5",-0.699573411611145,2.24722776829818,0.755805425209507,0,-0.6943466,2.250952,0.7579607
"PZA02964.7",0.386917356070343,1.40241041978795,0.78283704574328,0,0.3971249,1.408134,0.7781394
"PZA02965.13",-0.904021380230011,1.94549045087248,0.642533019574582,0,-0.9110538,1.948088,0.6403955
"PZA02966.10",-3.34001534956368,2.42318778096794,0.169217823256824,0,-3.376531,2.417159,0.1635738
"PZA02966.11",0.232104565210767,1.38560313276491,0.867091104811457,0,0.2474011,1.389145,0.8587792
"PZA02968.4",-2.72387401085662,2.08631879717874,0.192787660110439,0,-2.730755,2.082468,0.1908518
"PZA02969.1",1.22367317939344,1.35610872811138,0.367668020527623,0,1.225815,1.358333,0.3676154
"PZA02969.8",-0.524121011337762,1.33560558421945,0.69505152075224,0,-0.5196149,1.338793,0.6982272
"PZA02970.6",1.19485324876801,2.64930999688229,0.652342333362463,0,1.221001,2.656338,0.6461279
"PZA02970.9",-1.24899201689337,1.9374872618746,0.519696418784539,0,-1.246547,1.940909,0.5212486
"PZA02981.2",-1.44083158169763,1.31964768451239,0.275866720535674,0,-1.442322,1.320678,0.2757451
"PZA02982.5",4.39591779069048,2.06642470406672,0.0342878191133101,0,4.414737,2.048863,0.03205481
"PZA02982.6",2.0583275194343,1.43656644583757,0.1530519318819,0,2.058857,1.433531,0.1520822
"PZA02982.7",1.91551269363752,3.1605521624904,0.544970683052229,0,1.93614,3.163715,0.5410565
"PZA02983.38",0.034693648140023,1.74976673728055,0.984195343457836,0,0.02286528,1.754721,0.9896128
"PZA02985.5",-0.140359715302028,1.40298797688468,0.920383013501934,0,-0.1509602,1.407909,0.9146905
"PZA02988.2",-5.67079129326198,3.05556621104444,0.0645430017897077,0,-5.692427,3.045903,0.06270637
"PZA02989.5",0.245755844641238,1.99216373883722,0.901911466798943,0,0.2451999,1.996181,0.9023282
"PZA02992.1",-0.243863449277143,1.36605294443119,0.85844902001754,0,-0.2428286,1.37011,0.8594564
"PZA02992.15",2.88355418908742,2.08138827811709,0.167057090789002,0,2.885729,2.079753,0.1664063
"PZA02993.14",-1.18709621088501,1.69659886663093,0.484713427805827,0,-1.196142,1.699918,0.4822504
"PZA02993.5",2.39857611150179,1.6898237296739,0.156912120386782,0,2.414747,1.68921,0.1539961
"PZA02993.6",-0.276900713640379,1.5880911683056,0.861710744854555,0,-0.2753606,1.593088,0.8628992
"PZA02996.9",-7.50281682225059,4.39737908850864,0.0891035813372965,0,-7.524449,4.387764,0.08749952
"PZA02997.16",0.887491779793898,1.47092773873992,0.546771595276197,0,0.8871278,1.473301,0.5475816
"PZA03001.15",0.885915251642733,1.54773135504734,0.567523068132487,0,0.8818868,1.551954,0.5703355
"PZA03001.18",-1.62882819269508,2.46438301045906,0.50920121717888,0,-1.681359,2.463965,0.4955757
"PZA03001.9",-0.545411184455781,1.5537122024105,0.725830002753729,0,-0.541385,1.559451,0.7287348
"PZA03003.10",1.66110752756669,1.88753707760512,0.379609011305285,0,1.659541,1.88939,0.3805248
"PZA03003.11",0.120568836371787,1.42916697166132,0.932829416247356,0,0.1190767,1.432904,0.9338314
"PZA03004.10",-0.981527995960076,1.5661064688636,0.531357185850637,0,-0.9789402,1.568472,0.5330573
"PZA03004.2",-6.5180170974369,2.87911785783502,0.0243626694003417,0,-6.589662,2.855507,0.02176092
"PZA03005.19",-2.65321341664507,1.76081464939273,0.133011344466547,0,-2.667642,1.759564,0.1306517
"PZA03005.9",0.166749042430644,1.28132522591042,0.896552770871663,0,0.1639871,1.285056,0.8985505
"PZA03008.21",3.6722122527644,3.28516587065601,0.26462454772328,0,3.680034,3.284433,0.2635043
"PZA03009.5",-2.20627059245507,1.56910733284461,0.1608371348022,0,-2.205272,1.56652,0.1603379
"PZA03009.6",-1.04062363139954,1.84926985954755,0.574084766010607,0,-1.03668,1.852524,0.5762065
"PZA03009.7",1.33042513118941,1.36647917877161,0.331106289374424,0,1.338504,1.368014,0.3287253
"PZA03011.6",1.6021643066717,2.27691452747244,0.482244616927312,0,1.605361,2.279956,0.4819566
"PZA03012.10",-4.12218553413069,3.81273464856287,0.280575509470895,0,-4.151683,3.811303,0.2769752
"PZA03012.12",-1.97926395008765,1.37880209323346,0.15228656077737,0,-1.986429,1.378563,0.1507431
"PZA03012.7",1.4893644278876,1.31482887962836,0.258312047697082,0,1.48837,1.315073,0.2587175
"PZA03013.7",-1.65791901468029,1.92106867120807,0.388881709396508,0,-1.656091,1.922866,0.3898471
"PZA03013.8",1.45610142687811,1.98025992896991,0.46278071045438,0,1.452892,1.982747,0.4643267
"PZA03014.21",-3.39361391595463,3.97351384589289,0.393818547441484,0,-3.39372,3.97488,0.3939661
"PZA03014.9",2.27381120523116,3.30763939017937,0.492385524872523,0,2.279367,3.308859,0.4914893
"PZA03017.10",0.249233805423,1.36713891163249,0.855479587318116,0,0.2452614,1.371512,0.8582068
"PZA03018.16",-1.07312016074159,1.44950283350309,0.459729616998774,0,-1.084297,1.453419,0.4562875
"PZA03018.9",0.134311136541922,2.5178039471151,0.957496251199771,0,0.1490475,2.524897,0.9529703
"PZA03019.8",2.97281931029517,2.45712680500044,0.227369161343292,0,2.995963,2.457646,0.2238782
"PZA03020.8",0.900552352822743,1.42692189959357,0.52849118891199,0,0.9060074,1.430346,0.5269887
"PZA03024.16",-2.50980170098407,1.27000102038645,0.0491327042234549,0,-2.510051,1.263071,0.04788896
"PZA03024.7",0.530429214067669,3.05813011960512,0.862426681493735,0,0.5251883,3.061225,0.8639089
"PZA03027.12",-0.13038848367842,1.50360663991031,0.930959680092072,0,-0.1390935,1.507995,0.9265768
"PZA03027.23",0.925902076457285,1.93321873589681,0.63236098524466,0,0.9219746,1.936204,0.6343282
"PZA03027.25",-1.29162601557429,1.63864252473911,0.431244005818768,0,-1.315581,1.63821,0.4226361
"PZA03028.5",-0.78298770256139,2.05081742595672,0.702910845731698,0,-0.7805879,2.054336,0.7042614
"PZA03032.16",0.888875933599339,1.27857211969024,0.487512953369267,0,0.8932227,1.282355,0.4866756
"PZA03032.17",1.15085779441342,1.6338930815675,0.481803452502998,0,1.148861,1.635708,0.483049
"PZA03032.19",1.23601121694362,1.73058396247947,0.475701444706122,0,1.233007,1.733298,0.4774635
"PZA03035.5",-2.02392156183369,2.20964372467826,0.360498923419682,0,-2.024843,2.210326,0.3604287
"PZA03037.2",2.35778181622885,1.35617447838059,0.0832366200317844,0,2.367486,1.354523,0.0816123
"PZA03037.3",1.13947311752245,2.03313847273412,0.575630275298636,0,1.157971,2.037723,0.570319
"PZA03037.8",0.467958031359692,1.98192403377369,0.81352138516652,0,0.4577994,1.98687,0.8179433
"PZA03041.8",0.343609354262739,1.33610205053058,0.797238254553582,0,0.3431176,1.340237,0.7981333
"PZA03042.1",0.728312821637109,1.46056337913245,0.618424642470845,0,0.7317056,1.463506,0.6174991
"PZA03042.5",6.49760234446269,2.6185934239182,0.0136893024660037,0,6.618123,2.607012,0.01168394
"PZA03043.14",-0.836260754236685,1.40469428156571,0.552112325671628,0,-0.842459,1.409545,0.550546
"PZA03043.8",1.39981328712748,1.39716048363365,0.317276486618813,0,1.414431,1.40137,0.3137114
"PZA03046.2",-4.86502366934438,3.06964446624693,0.114146617907341,0,-4.889274,3.060601,0.1113095
"PZA03046.3",7.55360298146593,2.99724642681543,0.0122979985776625,0,7.645877,2.965257,0.01044571
"PZA03046.4",-1.90468364145109,1.38739311559083,0.170921294534505,0,-1.906524,1.386731,0.1703064
"PZA03047.12",-1.37444809367155,1.31214065611346,0.295798905793718,0,-1.375201,1.312892,0.2958109
"PZA03047.20",0.605368515444479,1.98066722504,0.760111839533381,0,0.6085813,1.985356,0.7594301
"PZA03049.14",-0.948925117708225,1.45508686766275,0.514855435742161,0,-0.9474575,1.456885,0.5160234
"PZA03049.15",-0.818144366748355,1.38070792030796,0.553968189389557,0,-0.8153713,1.38294,0.5559497
"PZA03049.23",0.331598239747157,1.35536559436167,0.806905964428584,0,0.3221174,1.35851,0.8127481
"PZA03049.24",-0.903401095605268,2.2171864377662,0.683992853348619,0,-0.9031216,2.22099,0.684597
"PZA03050.11",1.80159500762931,1.27801112979058,0.159766304895937,0,1.801031,1.276304,0.1593409
"PZA03052.15",-3.17719812116805,2.04084766026388,0.120671479506267,0,-3.187019,2.030958,0.1177509
"PZA03054.10",1.45304117516441,1.84440718482404,0.431489231423555,0,1.453227,1.845644,0.431739
"PZA03054.3",0.329486406753221,1.49516841237527,0.825749120360832,0,0.3276338,1.498835,0.8271304
"PZA03054.5",-1.89373258229917,2.03302582492296,0.352422866188411,0,-1.895181,2.035252,0.3525813
"PZA03057.3",1.64218421158084,1.9044029058698,0.389271445079086,0,1.651026,1.906595,0.3872724
"PZA03058.12",0.939434587780225,1.44005167737931,0.514714755275308,0,0.9803172,1.445076,0.4981004
"PZA03058.16",0.349621053150118,1.3733154478681,0.799237116535461,0,0.3469012,1.376956,0.8012814
"PZA03058.17",-3.89761369879014,1.96278328028165,0.0480566779424096,0,-4.058345,1.961848,0.03951845
"PZA03058.21",-4.14126556025665,2.06163991446095,0.0455473452929424,0,-4.222733,2.058618,0.04119367
"PZA03058.22",-0.29472828586908,1.93387897923122,0.878981527768836,0,-0.2810327,1.938553,0.8848409
"PZA03061.5",0.576710132830333,2.1237875747096,0.786174116945613,0,0.5803349,2.130929,0.7855665
"PZA03062.15",-1.03372125327655,3.46086212998855,0.765403793951802,0,-1.029767,3.465358,0.7665691
"PZA03062.7",-2.11989312499266,1.44365357421297,0.143136603128187,0,-2.119915,1.441635,0.1425754
"PZA03063.17",2.02532398690246,2.91473239188439,0.487733345052802,0,2.023827,2.918954,0.4886836
"PZA03063.18",-0.132065095597916,2.17835114863967,0.951701124324933,0,-0.1235904,2.182472,0.9548823
"PZA03064.6",0.853360439703423,1.27967381736765,0.505424138806356,0,0.8551074,1.28219,0.5053898
"PZA03067.17",-1.00109520726366,1.58111234378591,0.527158038769297,0,-1.005247,1.584597,0.5263578
"PZA03067.20",-1.05026688649022,1.44325560216912,0.467414468523304,0,-1.059938,1.44681,0.4644265
"PZA03068.11",-3.82067999400106,4.36565842413345,0.382249574654688,0,-3.830375,4.364823,0.3809537
"PZA03068.13",-2.26462786098487,5.22272969805948,0.664912853091966,0,-2.252401,5.230544,0.6670799
"PZA03069.4",3.03869950503605,1.3743068645928,0.0278562688417608,0,3.039074,1.365098,0.02680952
"PZA03069.8",-1.87108383365675,1.41283748957898,0.186492198672912,0,-1.888562,1.415133,0.1831324
"PZA03070.5",1.83719387483144,1.51557759358044,0.226477347922014,0,1.837286,1.515773,0.2265138
"PZA03070.6",-2.61956048784892,1.46828151250716,0.0755140012174084,0,-2.625166,1.465885,0.0744226
"PZA03070.7",-2.55194724509271,1.48116094982688,0.0860281288494956,0,-2.556888,1.479356,0.08504681
"PZA03070.9",-2.34170371327014,1.46722652394291,0.111639931548304,0,-2.359554,1.469383,0.1094669
"PZA03071.15",-0.542466457510654,1.53491875432034,0.724047568626276,0,-0.5356322,1.538661,0.7280205
"PZA03073.23",1.5961355929923,1.71277278221614,0.352207805303982,0,1.596081,1.714526,0.3527162
"PZA03073.24",0.668599146888693,1.35914960185316,0.623166506706425,0,0.6733124,1.362919,0.6216863
"PZA03073.25",-1.41014364335863,1.35525446978707,0.299024444527325,0,-1.416513,1.357692,0.2977178
"PZA03073.28",1.65507196488206,1.80001563280512,0.358655168765849,0,1.676818,1.804216,0.3535057
"PZA03074.24",1.35125403235067,1.72691758710651,0.434616544491059,0,1.348906,1.728821,0.4359193
"PZA03074.27",-0.0828649053438914,1.73427962885209,0.961925912929225,0,-0.06812843,1.73926,0.9687826
"PZA03076.10",0.422916242647851,1.52431469585377,0.781646259533098,0,0.4353144,1.529642,0.7761764
"PZA03078.29",1.70933110348032,1.33077660408696,0.200065487160264,0,1.709922,1.330669,0.1998745
"PZA03078.33",1.48475839519098,2.41036702444149,0.538413472213829,0,1.488855,2.415921,0.5382294
"PZA03081.1",-1.09469821096192,1.40090313753246,0.435228293875193,0,-1.092543,1.402423,0.4366285
"PZA03081.9",1.78379043130479,1.4787150057607,0.228738066844378,0,1.782878,1.477855,0.2287057
"PZA03083.7",1.28409487788268,3.93029327513781,0.744131133299318,0,1.271953,3.936401,0.7468464
"PZA03085.30",0.686791990473948,1.60118765735334,0.668313670218695,0,0.6826563,1.604249,0.6707844
"PZA03086.6",-2.06030178606359,2.69956827420629,0.446002650712339,0,-2.063247,2.701325,0.4456491
"PZA03089.12",-0.873272454985537,1.31834711086494,0.508271997730865,0,-0.880624,1.320789,0.5054987
"PZA03090.31",1.55470100089577,1.74167285861987,0.372828931462787,0,1.59647,1.743566,0.3606632
"PZA03092.7",-1.08000343718019,1.28141466442249,0.400063560596496,0,-1.081078,1.283523,0.4003694
"PZA03093.10",0.459954079443287,1.2266798505787,0.70798136737312,0,0.4565986,1.229183,0.7105782
"PZA03094.17",-5.23488501522233,3.51043639113524,0.137050200886655,0,-5.239912,3.503287,0.1358793
"PZA03094.6",1.4805575359011,1.30449699216144,0.257382141031419,0,1.482611,1.30504,0.2569219
"PZA03094.9",-0.190036543144214,1.30180149792256,0.88404478064201,0,-0.1841062,1.305084,0.8879195
"PZA03097.4",-2.54038668815768,1.91748833806896,0.18632434071929,0,-2.541532,1.915568,0.185687
"PZA03097.7",1.2189109007387,1.59386275912971,0.445076937937234,0,1.221244,1.594822,0.4444809
"PZA03100.4",1.49966492817424,1.51733535577525,0.323851130127853,0,1.500931,1.517289,0.3234286
"PZA03102.2",-2.26361067090376,2.05013735242701,0.270507016684788,0,-2.26243,2.049457,0.2705979
"PZA03102.9",-0.748614368359978,1.42460176360349,0.599667403006519,0,-0.7538291,1.428678,0.5981756
"PZA03106.1",-0.392693406669454,1.37926716984361,0.776080144051738,0,-0.3983712,1.383512,0.7736088
"PZA03107.1",0.789971131487828,1.57178548257351,0.6156529243476,0,0.7983161,1.576738,0.613047
"PZA03109.1",1.25342430506934,1.50447403362064,0.405496351029296,0,1.264883,1.507964,0.4023117
"PZA03109.2",1.2161093559608,2.25532511485232,0.590175088956115,0,1.213083,2.259636,0.5918077
"PZA03109.3",-3.77158848816923,3.55320826738257,0.289415588523242,0,-3.779163,3.552816,0.288397
"PZA03111.2",-2.56290281410222,1.58690267139315,0.107454075587557,0,-2.588539,1.580395,0.1025891
"PZA03112.1",-0.313430745329078,1.89202324632085,0.868547448959985,0,-0.3115414,1.895068,0.8695407
"PZA03113.3",-1.29619430838443,1.39969615033749,0.355232808104226,0,-1.299,1.40233,0.3550971
"PZA03113.4",-2.38784802722859,1.39669961530534,0.0884653329715214,0,-2.388601,1.393019,0.08753201
"PZA03113.5",-2.81253641236389,1.62554407777255,0.08471832534631,0,-2.821263,1.617836,0.08230668
"PZA03114.2",0.86537758027721,1.27072949197991,0.496441228077288,0,0.8629164,1.272467,0.4982523
"PZA03115.1",1.5068733982512,1.32961572090311,0.258072670135378,0,1.506682,1.328987,0.2579084
"PZA03115.2",-1.07990380113665,1.43097085199938,0.451098065051371,0,-1.077511,1.433666,0.4529502
"PZA03116.1",0.7619956274582,1.37184985631837,0.579039304629927,0,0.7680902,1.375819,0.5771102
"PZA03116.2",-0.472883305984569,1.49467746746127,0.751956380891263,0,-0.5101766,1.500129,0.7340504
"PZA03117.2",-2.1881765783767,1.23592691002739,0.0777600812633182,0,-2.212139,1.228187,0.07277994
"PZA03117.3",-3.00977383774737,1.30166500172244,0.0215053889200003,0,-3.080909,1.297919,0.01829909
"PZA03119.1",-0.321468814222212,1.3177669997803,0.807452365670822,0,-0.3194852,1.321377,0.8091299
"PZA03119.3",-1.15807543281947,1.56582105159066,0.460178167833454,0,-1.156122,1.567934,0.4615383
"PZA03120.1",0.00288279208764619,1.38471027800797,0.998340421121052,0,0.008003494,1.388834,0.9954062
"PZA03120.3",0.959227315463773,1.60699798914421,0.551062794359866,0,0.9559325,1.609187,0.5529709
"PZA03121.2",-0.0916680913922227,1.64369993043903,0.955566189207184,0,-0.08657436,1.647409,0.9581273
"PZA03122.1",-0.981810026324001,1.80820085017708,0.587587601793236,0,-0.9953934,1.813235,0.58348
"PZA03124.1",2.421422716181,2.37427582281286,0.30869573563865,0,2.464371,2.382758,0.3019306
"PZA03126.1",3.18513091748814,2.30275128757165,0.167734178222435,0,3.185346,2.298875,0.1669927
"PZA03128.1",0.84170567537109,1.38805209989863,0.544755592482755,0,0.845478,1.389312,0.5433212
"PZA03128.3",1.52590112484188,1.66198960152394,0.359365012239088,0,1.523878,1.663532,0.3604464
"PZA03132.3",-0.544330094597144,1.72876807630362,0.75310312635291,0,-0.5564127,1.732687,0.7483589
"PZA03135.1",-0.272004581642419,1.37791945069863,0.843659024167442,0,-0.2826593,1.3829,0.8381958
"PZA03135.3",1.14919533085718,3.76147543555403,0.760204268158788,0,1.154764,3.766791,0.7594077
"PZA03136.4",-1.20743336726278,2.24295416701098,0.590791241548703,0,-1.235581,2.246628,0.582787
"PZA03137.3",-2.19214913968689,1.80984174186457,0.226847812684591,0,-2.208022,1.812773,0.2242582
"PZA03143.1",-0.77048215701829,1.39688447917545,0.581691263575723,0,-0.7770629,1.401021,0.5795932
"PZA03143.2",-0.55959087948314,1.41749455700247,0.693316347186741,0,-0.5685246,1.423124,0.689843
"PZA03143.4",-2.79582330286708,2.57614715979697,0.278754626542266,0,-2.827674,2.571839,0.2725257
"PZA03144.1",0.598623495956952,1.26539792944097,0.636538923795341,0,0.5951488,1.268135,0.6392212
"PZA03145.1",1.32621063773362,1.26036427248243,0.293614734752259,0,1.348979,1.263006,0.2864287
"PZA03146.1",-1.52771697574017,1.45017224163262,0.293052465013005,0,-1.539565,1.44872,0.2888505
"PZA03146.2",-1.3722981658885,1.66021559433811,0.409195331829004,0,-1.372447,1.663038,0.409939
"PZA03146.3",1.9946429412837,1.82221992850869,0.274643350007729,0,1.996444,1.821309,0.2739717
"PZA03146.4",1.56864893667073,1.40565215173368,0.265417784285874,0,1.567427,1.405727,0.265815
"PZA03149.1",-0.827000086867867,1.32382714069059,0.532685208049247,0,-0.8461351,1.328994,0.5248692
"PZA03149.2",-1.50912575886103,1.31680168921829,0.252772740860625,0,-1.509187,1.316026,0.2524748
"PZA03149.4",-0.000863775376706896,1.3558678447272,0.999492159611702,0,-0.01431631,1.360335,0.9916108
"PZA03150.3",0.143759137316332,1.40290903058081,0.918456852445733,0,0.1357897,1.40678,0.9231741
"PZA03150.4",-0.262327565388912,1.55289387238759,0.865977756560274,0,-0.2695756,1.558684,0.8628178
"PZA03151.1",0.0971445638507321,1.27423888453112,0.939285923612141,0,0.09536815,1.277894,0.9405642
"PZA03151.2",0.874928968750136,1.76004205572329,0.619512341034925,0,0.8764103,1.764787,0.6198625
"PZA03152.1",1.07056695329178,1.69761214938935,0.528807412458563,0,1.102751,1.703448,0.5179383
"PZA03152.2",-9.98607251678643,3.40889532297569,0.00368173931629232,0,-10.02849,3.358787,0.003084524
"PZA03152.3",-2.05090971778107,1.92511305442053,0.287657673786847,0,-2.06763,1.929146,0.2847596
"PZA03153.1",0.574083106622662,2.43411372133515,0.813726093781977,0,0.5862029,2.441331,0.8104198
"PZA03153.2",0.405102548295991,1.5708739005048,0.796690357910259,0,0.3982907,1.57433,0.8004651
"PZA03153.3",0.220560864764547,1.36284783108425,0.871552530765366,0,0.2213865,1.36762,0.8715218
"PZA03153.4",0.963533356895319,1.3932951380019,0.489805456578736,0,0.9669904,1.397451,0.4895437
"PZA03154.1",0.904000937183442,1.69070413239168,0.593298525996242,0,0.9066295,1.694649,0.5930869
"PZA03154.2",-1.32481111233146,1.36210872271628,0.331601156093514,0,-1.32438,1.363621,0.3322939
"PZA03154.4",0.0744465853593208,1.50015539533657,0.960456649548414,0,0.08074163,1.504168,0.9572304
"PZA03155.1",0.0473691754581919,1.41023895693823,0.97322897692301,0,0.04206443,1.414406,0.9762961
"PZA03155.3",-0.551505341258885,1.42590420465664,0.699222351498097,0,-0.5494589,1.429494,0.7010002
"PZA03156.3",5.39952370046344,3.75436079635757,0.151518335131593,0,5.462953,3.744942,0.1457779
"PZA03157.2",-2.29538772761818e-05,1.67613448124911,0.999989083309364,0,-0.007072381,1.680444,0.9966451
"PZA03158.1",-0.447026973574154,1.28143655571439,0.727471109118811,0,-0.4483015,1.285202,0.7274939
"PZA03158.3",-2.30740338906065,1.50449792519041,0.126264664461739,0,-2.31111,1.50039,0.1246317
"PZA03161.1",0.458928837702791,1.69598423051685,0.786904454009569,0,0.4506345,1.69981,0.791125
"PZA03162.1",-0.970596426528596,2.41262095715243,0.687777212679004,0,-1.024029,2.421742,0.6727378
"PZA03162.2",-1.9370600551399,2.35237493463234,0.410969016978624,0,-2.023417,2.358738,0.3917312
"PZA03163.2",0.758403896298513,1.32040597594208,0.566187501389729,0,0.7553726,1.322605,0.568383
"PZA03163.4",-0.382779287047196,1.5641076806309,0.806851038949074,0,-0.3746429,1.568337,0.8113779
"PZA03164.1",0.0358359708773472,1.52207554037807,0.981233360653905,0,0.03284145,1.526741,0.9828538
"PZA03164.2",-0.156764500410985,1.49211178300353,0.916403345892912,0,-0.1632941,1.496204,0.9131722
"PZA03164.3",3.1686036619071,2.43650701824804,0.194532762811286,0,3.225995,2.436177,0.1865389
"PZA03165.1",-0.085063046756705,1.30360357356611,0.948020754529783,0,-0.07756006,1.308179,0.9527655
"PZA03167.2",-1.36355851988465,1.31668434226446,0.301301820233936,0,-1.385086,1.319128,0.2946426
"PZA03167.3",-2.10925769831402,1.39788153961024,0.132477602990405,0,-2.161193,1.400983,0.1240756
"PZA03167.5",-2.42565136500614,1.33268380917347,0.0698308990237475,0,-2.431314,1.325858,0.06777315
"PZA03168.1",-1.10511483794827,1.30485751189145,0.39777672590811,0,-1.103789,1.305761,0.3986684
"PZA03168.2",2.8064365005167,1.34920007355121,0.0384481123242356,0,2.816939,1.342803,0.03683837
"PZA03168.5",-0.67713502463692,2.34484371270685,0.772971008172302,0,-0.6842707,2.347705,0.7709173
"PZA03169.1",1.41398074808238,1.66339574553897,0.396035711619079,0,1.416281,1.664951,0.3957098
"PZA03169.2",-0.77772519893766,1.42114187902213,0.584649876293699,0,-0.7808903,1.424631,0.5840455
"PZA03169.3",2.05577297225968,2.51106280563222,0.413676808402473,0,2.104118,2.51177,0.4029274
"PZA03170.1",0.818035319962927,1.63978996781386,0.618274109698682,0,0.82724,1.644658,0.6153782
"PZA03170.2",-0.316916730900978,1.67564087980203,0.850129651555714,0,-0.3141139,1.680383,0.8518539
"PZA03172.2",-0.639320060169682,2.57140942672794,0.803836097188895,0,-0.6287976,2.575938,0.8073327
"PZA03172.3",0.169621948612153,3.29476420329829,0.958978738867753,0,0.1853806,3.29882,0.9552266
"PZA03174.3",1.4909575553344,1.78557011765685,0.404443120097654,0,1.497614,1.789053,0.4032665
"PZA03176.2",0.188183385272671,1.32610794301617,0.887258114745531,0,0.1813919,1.329867,0.8916064
"PZA03176.3",1.63153949587032,1.48535626405344,0.272987017910546,0,1.636773,1.485533,0.2715117
"PZA03176.4",2.10449452047494,1.36314549699546,0.123778394010093,0,2.105942,1.359072,0.122405
"PZA03178.1",0.423094955687513,1.23060395201933,0.731252245741427,0,0.4183819,1.233246,0.7346793
"PZA03178.3",-2.38881310590294,1.81048399060857,0.188125704032571,0,-2.388394,1.809312,0.1879178
"PZA03179.1",-0.895553895502302,1.36864384678636,0.513443748846844,0,-0.9017429,1.373618,0.5120709
"PZA03179.4",-1.32037318899306,2.00939783102505,0.51166885423843,0,-1.323727,2.013587,0.5114771
"PZA03180.1",-0.0519971879318353,1.3854823449409,0.97008972842487,0,-0.05727795,1.390271,0.9671672
"PZA03180.2",1.63081618224268,4.16406108718632,0.695628053062747,0,1.615174,4.173238,0.6990334
"PZA03180.5",-5.1844452325123,2.99242865344236,0.0843061002863388,0,-5.18371,2.982373,0.0833138
"PZA03182.2",-1.85011328344295,3.95868663106352,0.640617133199019,0,-1.856265,3.974264,0.64082
"PZA03182.3",0.813019939835486,1.9579841359261,0.678296189846619,0,0.8195075,1.964062,0.6768213
"PZA03182.5",-0.0414524919484458,1.32004954302838,0.974971628720722,0,-0.06922348,1.324212,0.9583475
"PZA03183.2",-0.677112879242757,1.70965450984133,0.692374556029187,0,-0.7197955,1.714667,0.6749698
"PZA03183.3",-2.70825530250866,1.38295358570355,0.0512078328436495,0,-2.709548,1.375232,0.04981676
"PZA03183.4",-0.955534052542232,1.54987170997156,0.538060224872188,0,-0.9692498,1.550864,0.5325081
"PZA03183.5",0.103996931063666,2.0446931817079,0.959472642780684,0,0.1201317,2.049361,0.9532982
"PZA03184.1",-0.135897381237749,1.39492191741845,0.922461760218139,0,-0.1368728,1.398186,0.9220887
"PZA03184.2",0.535761579754623,2.18610168682404,0.806580847883709,0,0.536081,2.18871,0.8066939
"PZA03184.3",1.95011962206188,1.29396760239669,0.132940827582932,0,1.951264,1.291962,0.1321164
"PZA03185.1",0.610584232885986,1.29990426546612,0.638932407599428,0,0.6095526,1.303075,0.6403137
"PZA03186.1",0.679441789744764,1.9896016876716,0.732991669084153,0,0.6728696,1.993447,0.7359677
"PZA03186.2",-1.12429146474539,2.37634260304963,0.636505378242687,0,-1.12101,2.381099,0.6381615
"PZA03188.1",-1.92846927101329,1.36282774544521,0.158189351424733,0,-1.943078,1.358225,0.153684
"PZA03188.2",-2.19811391762906,1.39652548880551,0.116644223114434,0,-2.201701,1.391948,0.1148625
"PZA03188.3",-1.41330577386005,1.47520661948743,0.338887556964928,0,-1.415759,1.474935,0.3379623
"PZA03188.4",-6.33881477699256,1.57414844562807,7.32486148607136e-05,0,-6.352748,1.532217,4.513246e-05
"PZA03189.1",0.942802283943494,1.39457375547952,0.499578802567318,0,0.9679159,1.39936,0.4897209
"PZA03189.2",0.275413779370197,1.40053054734179,0.844247529287426,0,0.2782212,1.404639,0.8431347
"PZA03189.3",-2.55737234474223,1.76653090526405,0.14884963154546,0,-2.566408,1.763367,0.1467027
"PZA03189.4",0.0267830738920065,1.30392627837444,0.983627291081163,0,0.01905206,1.308033,0.9883895
"PZA03191.1",1.17110032030078,1.42697834872057,0.41253889657656,0,1.177233,1.426619,0.4099811
"PZA03191.2",0.453692990091849,1.499758487566,0.762492294265044,0,0.4467197,1.502895,0.7665089
"PZA03191.3",0.0682873747959827,1.31630872770163,0.958663758556111,0,0.07968692,1.320864,0.9519373
"PZA03193.1",0.650961388609944,1.28471697246095,0.612775396159478,0,0.6533788,1.288003,0.6123661
"PZA03193.2",-4.16572996394661,4.23409201028333,0.326055067208527,0,-4.160963,4.235226,0.3267373
"PZA03193.3",0.626913158797246,2.10556818208454,0.766126772430131,0,0.6210888,2.108561,0.7685563
"PZA03194.1",2.20773531784714,1.44264955001725,0.127087802676236,0,2.207539,1.439308,0.126245
"PZA03194.2",2.15335306397855,1.34137918565206,0.109573611795991,0,2.219033,1.344077,0.09989007
"PZA03195.2",0.691502829090846,1.45435376488302,0.634830225784473,0,0.704322,1.459052,0.6296758
"PZA03196.1",0.878925108316127,1.36063070046777,0.518840131573134,0,0.8757353,1.363203,0.5211441
"PZA03196.3",1.8098754730765,2.17878946399105,0.406878007406839,0,1.840814,2.184055,0.4000519
"PZA03198.3",1.31128397822945,1.70815435903765,0.4433494636188,0,1.312744,1.710531,0.4434757
"PZA03199.3",-0.66641306231674,1.367190557262,0.626341641569712,0,-0.6685848,1.370866,0.6261455
"PZA03200.1",-0.584092777798884,1.28698591771715,0.650299289615892,0,-0.5798613,1.289475,0.653291
"PZA03200.2",-1.577602379517,1.32544409802835,0.234980577036748,0,-1.586935,1.323035,0.2313832
"PZA03200.3",-1.37022345397809,2.13808636014941,0.52214641173185,0,-1.405947,2.140684,0.5118772
"PZA03201.2",1.36965791442695,1.31784753085996,0.299574788145924,0,1.386519,1.319813,0.2943947
"PZA03202.1",-1.61937408630199,1.26331831610163,0.20098176737554,0,-1.623001,1.261341,0.1992756
"PZA03202.2",0.315060470812473,1.37764949755454,0.819277184040492,0,0.3075777,1.381709,0.8240075
"PZA03203.1",-0.844021736700006,1.3142032416466,0.521260337225333,0,-0.8412086,1.316622,0.5234125
"PZA03203.2",-1.0997586262474,1.36615617999034,0.421516426120148,0,-1.097545,1.367798,0.4230069
"PZA03204.1",0.228410923932613,1.26294503151693,0.856614470051579,0,0.2389538,1.267321,0.8505848
"PZA03204.2",0.161762400129964,1.44346835124695,0.910853855530845,0,0.1570158,1.448003,0.9137292
"PZA03205.1",-2.16642450783566,2.4485104588101,0.377044140106704,0,-2.173586,2.45312,0.3763677
"PZA03205.3",1.07555902578546,1.28665142452533,0.403918944028738,0,1.081025,1.289746,0.4026665
"PZA03210.1",-3.524232923646,2.0252939177357,0.0829625777927831,0,-3.537866,2.020494,0.08106659
"PZA03211.3",-0.732614951705549,1.36350021619382,0.591493291834829,0,-0.731525,1.365777,0.5926621
"PZA03211.5",-1.30510801189051,1.69184394570694,0.4411277556908,0,-1.321136,1.69473,0.4363255
"PZA03212.3",-1.85082420803745,2.20179628585416,0.401306457311549,0,-1.923173,2.202121,0.3832491
"PZA03213.1",-1.50717345902581,1.40606035589636,0.284702616039376,0,-1.5058,1.406168,0.2851777
"PZA03213.2",2.33295087578152,2.52449569307195,0.356234086474624,0,2.329988,2.525607,0.3570557
"PZA03214.1",1.1764186518791,1.30836849428422,0.369362620548307,0,1.19077,1.307627,0.3632887
"PZA03214.2",-0.417293266927191,1.50676119290207,0.782029474444694,0,-0.4088704,1.509998,0.7867675
"PZA03214.3",4.57134270974467,1.74493753353633,0.00928932445643317,0,4.638415,1.719031,0.007402714
"PZA03216.2",-1.02645180153635,1.29794809841958,0.429729190423034,0,-1.05062,1.300397,0.419836
"PZA03217.1",-0.880146469347459,1.3155035214307,0.504022620931814,0,-0.8794474,1.319003,0.5054918
"PZA03217.2",0.923833107505041,1.30577196063811,0.479857402639647,0,0.9233548,1.308816,0.4811056
"PZA03218.1",1.07384389406609,1.34552253717978,0.425511215432672,0,1.0902,1.349398,0.4198396
"PZA03218.2",-0.727583121154108,1.95973314430317,0.710726009445286,0,-0.719733,1.963666,0.7142562
"PZA03219.2",1.48439950877905,1.69753402367307,0.382641970458669,0,1.521673,1.703752,0.372571
"PZA03219.3",-1.37881521993344,1.52221446890344,0.365839845999153,0,-1.406781,1.526512,0.3575659
"PZA03222.1",0.427499699941004,1.29586988211271,0.741732126026528,0,0.4222947,1.299398,0.7454348
"PZA03222.4",0.591549764275982,3.06651381493663,0.847175277518642,0,0.5930957,3.071155,0.8470095
"PZA03224.3",-0.00489065554796009,1.38155529631857,0.997178099463777,0,-0.006231175,1.385134,0.9964139
"PZA03224.4",-1.62337852145856,1.96114138589652,0.408519839448791,0,-1.620679,1.962767,0.4096864
"PZA03225.2",1.44253211315108,1.34340734371888,0.283863295324656,0,1.46881,1.346065,0.2761487
"PZA03226.2",0.588030609968151,1.35579346327729,0.664835275501934,0,0.5833558,1.359,0.6680759
"PZA03226.3",-0.0364459473559836,1.43707569410252,0.979785328682852,0,-0.05386719,1.441583,0.9702198
"PZA03227.1",-0.785377425278957,1.33755877437474,0.557571527184386,0,-0.7833265,1.340502,0.5594637
"PZA03227.2",0.204732794579013,2.22610350304243,0.926789772732992,0,0.2142877,2.230908,0.9235479
"PZA03228.2",-1.2489715025811,1.89291543282341,0.509927625795972,0,-1.244992,1.895808,0.5119201
"PZA03228.3",-1.10107454890934,1.39888636793812,0.431898979810338,0,-1.10121,1.399839,0.4321554
"PZA03228.4",2.12323537156625,2.17417754699923,0.32964375347919,0,2.128551,2.176189,0.3288828
"PZA03229.1",0.207381930159099,1.29597361909614,0.872983080935458,0,0.2031855,1.299578,0.8758745
"PZA03229.2",-2.54455352526335,1.9106486637834,0.184041018759842,0,-2.594475,1.908549,0.1751388
"PZA03229.4",-0.258027521730825,1.55116152081049,0.868008360407033,0,-0.261196,1.555166,0.8667435
"PZA03231.1",1.76558675881468,1.45156121595128,0.224903569584297,0,1.771035,1.453516,0.2241016
"PZA03233.1",-1.62430923213672,1.44201439057824,0.260974706699521,0,-1.65053,1.442243,0.2534485
"PZA03235.1",-1.30298936053185,1.48273308137736,0.380293046660942,0,-1.320693,1.487122,0.3752732
"PZA03235.2",0.614842526032827,1.53672296440637,0.689394767347035,0,0.623493,1.541857,0.6862503
"PZA03235.3",-2.13141021935596,3.49479189226466,0.542445505411612,0,-2.130375,3.502573,0.5435379
"PZA03240.1",-2.24179428584578,1.46451229954253,0.126986215193929,0,-2.262589,1.456636,0.1215063
"PZA03240.2",2.25107008349601,1.41737066536876,0.11339403406559,0,2.280342,1.407515,0.1063571
"PZA03240.4",0.674353518347232,2.25569215250199,0.765199960015779,0,0.6687082,2.262303,0.7677691
"PZA03240.5",-2.39898483865793,2.84741315355509,0.40023523326375,0,-2.400114,2.848339,0.4001668
"PZA03241.3",-2.01997551861425,1.85116070755126,0.276146119188104,0,-2.018649,1.851956,0.2766668
"PZA03242.1",-0.045385014811713,1.33298737523243,0.972863986572185,0,-0.04135086,1.337096,0.9753512
"PZA03243.2",0.78019098855669,1.69867062078651,0.646386479151591,0,0.7942311,1.706282,0.6419613
"PZA03243.3",0.626241016864374,1.4698054065208,0.670390838692432,0,0.6226842,1.473872,0.6730046
"PZA03243.4",-0.536700987881232,1.55513418594591,0.73027228319516,0,-0.5284561,1.558945,0.734882
"PZA03243.6",-5.43076595257857,3.51548834157062,0.123546079919429,0,-5.438147,3.508565,0.1223046
"PZA03243.7",0.068459120491383,2.40566657165813,0.977318025264874,0,0.04517801,2.411589,0.9850672
"PZA03244.1",-0.876118648493206,1.38657127407022,0.528005321629416,0,-0.874087,1.388545,0.5295472
"PZA03244.4",1.89851449308562,2.04154581556358,0.353220869630182,0,1.896091,2.042585,0.3540793
"PZA03244.6",0.0742314013033779,1.37941565450954,0.957122843098291,0,0.09145654,1.383917,0.9473581
"PZA03247.1",0.262560282691274,1.40427539066419,0.851820895759034,0,0.2676648,1.408277,0.8493986
"PZA03247.3",0.196262042005885,5.87625321038779,0.973380580007141,0,0.2325466,5.889128,0.9685305
"PZA03253.1",0.539142772918406,1.52380416972713,0.723750612250346,0,0.535519,1.528305,0.7263072
"PZA03253.2",1.10571639476457,1.61257335848741,0.493491879672826,0,1.103825,1.616355,0.4952406
"PZA03254.1",-0.232088604059905,2.2070893809291,0.916328992655854,0,-0.2405576,2.217181,0.9136808
"PZA03254.2",-1.36286479948516,2.07664574656975,0.512193580438045,0,-1.394781,2.085492,0.5041849
"PZA03254.3",-1.37860106085269,2.16734286416199,0.525255948658322,0,-1.394461,2.177108,0.5223758
"PZA03255.1",1.42031384695966,1.38001391321981,0.304292159262535,0,1.418945,1.380722,0.3050054
"PZA03255.3",0.00173101566265286,1.56149804457353,0.999116303221498,0,0.01097208,1.567871,0.9944215
"PZA03255.4",-0.0439953716015382,1.54478872321021,0.977300160449353,0,-0.05325347,1.551011,0.9726353
"PZA03258.2",-2.54507451875065,4.27808581864621,0.552394834643426,0,-2.558532,4.285463,0.5509832
"PZA03261.1",-5.59088184722227,2.36732829661737,0.0188919135684974,0,-5.634107,2.342952,0.0168492
"PZA03262.1",0.640030613765946,1.73513495966171,0.71251318811261,0,0.6410566,1.73942,0.7127507
"PZA03262.2",-2.15011453737705,1.788327046589,0.230283382643372,0,-2.187737,1.791142,0.2229769
"PZA03263.1",1.08022442053302,1.44779490164052,0.456236372281778,0,1.082944,1.448605,0.4553563
"PZA03263.2",1.38642431067205,1.5324491545975,0.366413053094068,0,1.397377,1.53484,0.3633915
"PZA03264.1",-3.46810546699124,2.10137406197624,0.100007135341105,0,-3.468294,2.096022,0.09912973
"PZA03265.2",0.512829152229381,1.75336070268212,0.770138295802206,0,0.5189558,1.758282,0.7681034
"PZA03265.3",2.86110168273097,1.57954951768584,0.0711831259404743,0,2.880815,1.577181,0.06885392
"PZA03265.4",-0.720947568533949,1.948158273261,0.711619034496201,0,-0.7192776,1.952238,0.7128315
"PZA03267.2",2.03289172052507,1.42566006512268,0.155026780009785,0,2.074139,1.424244,0.1464521
"PZA03267.3",1.02890443872505,1.30159399960217,0.429921983790367,0,1.029793,1.303823,0.4303123
"PZA03267.4",-1.12166086097351,1.28270265917364,0.38263840735014,0,-1.119943,1.283678,0.3837277
"PZA03269.1",-1.89570777100632,1.90284735651327,0.320008672603951,0,-1.91535,1.901679,0.3147326
"PZA03270.1",0.368020207068182,1.38763053349504,0.791043383320532,0,0.3774816,1.392583,0.7865445
"PZA03270.2",-0.0224178255727212,1.69772414687694,0.989474142126871,0,-0.01603865,1.703591,0.9924952
"PZA03270.3",-1.20792524621889,1.35265523056678,0.372639168284362,0,-1.207892,1.353166,0.3728325
"PZA03270.4",0.931459385420796,1.94326965691526,0.632089170314023,0,0.9438966,1.946318,0.6280885
"PZA03270.5",-0.927565763465564,1.87687079837437,0.621554810139376,0,-0.930227,1.881654,0.6214433
"PZA03271.1",0.195780002516052,1.35563312691525,0.885275302501103,0,0.1805032,1.360244,0.8945287
"PZA03271.2",-0.783576469879533,1.56314899219301,0.616576053502082,0,-0.8144981,1.568743,0.6040373
"PZA03275.1",-0.378779710602078,1.2735837139461,0.766376965807902,0,-0.3742407,1.27629,0.7695718
"PZA03275.3",1.19692166949123,2.08607988538857,0.566596832258456,0,1.19342,2.08856,0.5681915
"PZA03275.4",0.112368823753851,1.30900082006819,0.931653755488044,0,0.1236358,1.313287,0.9250649
"PZA03276.1",0.990707356187439,1.3014911787691,0.447186611665669,0,1.005338,1.305318,0.4418527
"PZA03276.2",1.82603216030473,1.65188173799321,0.269944953992385,0,1.824538,1.65152,0.2702316
"PZA03276.3",1.35036149207224,1.40164188004909,0.336189251137626,0,1.351554,1.402989,0.3362271
"PZA03276.4",-1.83000215034013,2.16917198947002,0.399606025139637,0,-1.832074,2.173746,0.4000647
"PZA03278.1",-1.01481941110281,1.2988082266274,0.4352732474648,0,-1.023165,1.302062,0.4326617
"PZA03278.2",0.414167617494511,1.38751109437311,0.765550263873537,0,0.4080046,1.390411,0.7694066
"PZA03283.1",-0.622859318119537,1.41213913229856,0.659506504954313,0,-0.6652449,1.416923,0.6390859
"PZA03283.2",0.756731952288913,1.45137802554274,0.602517250564218,0,0.7671912,1.454802,0.5983767
"PZA03284.3",-3.41185298570038,1.6662949398073,0.0415557106120555,0,-3.412381,1.656003,0.04028392
"PZA03284.4",-1.05598913247707,3.11626472513617,0.734971921693619,0,-1.058782,3.117143,0.7343695
"PZA03286.1",-0.621007980279528,1.82600836002014,0.734048992592823,0,-0.6154375,1.828841,0.7367381
"PZA03288.1",-1.32003298958028,1.51223948026003,0.383482210997358,0,-1.330625,1.515909,0.3808355
"PZA03288.2",1.74626017908306,1.54060362307454,0.257998953791982,0,1.756985,1.542361,0.2556344
"PZA03290.1",-1.51398202531079,1.6837270563384,0.369343684235033,0,-1.512543,1.685014,0.3701632
"PZA03290.2",-0.284739181012736,2.23518523788755,0.898725547435473,0,-0.2833011,2.242758,0.8995727
"PZA03290.3",-0.163870732913443,2.23217455202601,0.94153099971505,0,-0.1658916,2.2399,0.941015
"PZA03293.1",0.595056019891542,1.27582240681393,0.641292826200876,0,0.6144026,1.278981,0.6313373
"PZA03295.2",2.40639335650973,2.79726239562506,0.390393808253972,0,2.404893,2.798915,0.3909683
"PZA03296.1",1.36218199729198,1.45732951036977,0.350760244422542,0,1.360507,1.458314,0.3516768
"PZA03296.2",1.58935041566471,1.74680940055782,0.363696491543079,0,1.608861,1.750707,0.3589154
"PZA03296.3",4.31262849191482,2.70529146887735,0.112056254909098,0,4.447988,2.702912,0.100987
"PZA03296.5",2.87625586181397,2.43806563100588,0.239131417376575,0,2.910844,2.441473,0.234195
"PZA03296.7",1.39906970236488,1.33060059048985,0.293975036711978,0,1.403807,1.332536,0.2930468
"PZA03296.8",4.99855837891531,2.44546670179619,0.0419085458332413,0,5.006588,2.433508,0.04059847
"PZA03297.1",0.203928819496941,1.3802801251024,0.882653059945978,0,0.2169221,1.385055,0.8756626
"PZA03298.1",0.909812128361799,1.34876838673362,0.500530253492092,0,0.907663,1.351146,0.5022943
"PZA03298.3",0.0190221341718213,2.33956849800788,0.993518694666855,0,0.01477047,2.347653,0.9949846
"PZA03301.2",2.30950242842201,1.44866399006732,0.112037530693311,0,2.325576,1.448281,0.1094809
"PZA03301.3",-2.41068006196853,1.81480128082955,0.185169876969138,0,-2.41094,1.813164,0.1847275
"PZA03301.5",-1.47895802968778,2.04906875539915,0.471050873093693,0,-1.47539,2.05168,0.4726839
"PZA03302.1",-0.548051944555051,1.33879329344899,0.682593379799331,0,-0.5642176,1.344153,0.6749919
"PZA03302.2",2.30878737025428,2.85425378783614,0.419278210400877,0,2.308233,2.858571,0.4200916
"PZA03302.3",-0.980968473002259,1.37442092945811,0.476000296538969,0,-0.9886302,1.377993,0.4737127
"PZA03303.3",1.95600247946884,2.87682710299615,0.497131310556876,0,1.952003,2.880962,0.4986271
"PZA03303.6",-3.09342881759306,1.85138840779667,0.0958891725747473,0,-3.093202,1.845472,0.09485863
"PZA03304.1",-2.97534977778243,1.4052346264078,0.0351325191729286,0,-2.988572,1.390986,0.03254829
"PZA03304.2",-1.14447304835246,2.04320105732983,0.575843479254799,0,-1.139923,2.047145,0.5780945
"PZA03304.3",1.59463212026678,1.6241005983974,0.327037194594143,0,1.59739,1.623743,0.3260965
"PZA03305.1",-1.25037027006379,1.45993843704871,0.392495036583317,0,-1.267235,1.464552,0.387647
"PZA03305.2",-3.26121965154706,1.3797775392392,0.0187973221089661,0,-3.285949,1.362314,0.01652123
"PZA03305.3",1.78822099524911,1.49107545189916,0.231454109792087,0,1.793095,1.492195,0.2305369
"PZA03305.4",8.42417555679979,5.90047427836091,0.154513608150044,0,8.453416,5.88649,0.152123
"PZA03305.5",-1.25329166953784,1.52294106157669,0.411256795292049,0,-1.251655,1.525407,0.4126227
"PZA03305.7",1.05431007055298,1.54056516084565,0.494322652016998,0,1.051197,1.542885,0.4962451
"PZA03307.1",0.340428868001071,2.44262462987827,0.889260073622283,0,0.3229574,2.449088,0.8951852
"PZA03308.2",2.472682948823,4.61288068348974,0.592366626567892,0,2.460925,4.623158,0.5949469
"PZA03308.3",0.167451628106053,1.83950167724151,0.927534492543646,0,0.159954,1.843229,0.9309104
"PZA03309.1",1.30693701551077,1.95233729897176,0.503790175596813,0,1.304773,1.955162,0.5051117
"PZA03310.2",-8.3023101570568,4.70186618152949,0.0785518357574066,0,-8.357325,4.692935,0.07604785
"PZA03311.2",-2.74987311671613,1.54158171952089,0.0755628502676847,0,-2.749452,1.535844,0.07452744
"PZA03311.3",0.91530765050663,1.74218532865496,0.599744608131506,0,0.9641918,1.747122,0.5814842
"PZA03311.4",-0.460922034245808,1.92907451779347,0.811335156301385,0,-0.4645481,1.93428,0.8103812
"PZA03311.5",1.92011422449337,3.98109725809831,0.62997237327055,0,1.914122,3.992267,0.6319958
"PZA03311.6",0.534335596300021,2.12618559663624,0.801761400761325,0,0.5322596,2.132037,0.8030463
"PZA03311.7",1.46777098693149,1.72389371149131,0.395275268283103,0,1.509513,1.72766,0.3830288
"PZA03312.1",1.78995230439786,1.32239256524539,0.176988788111626,0,1.789364,1.321168,0.1767307
"PZA03312.2",1.00327322379901,1.59712165738826,0.530411994895921,0,1.008754,1.598388,0.5284966
"PZA03312.3",0.936215204161271,1.35892754417782,0.491445983540164,0,0.9338154,1.360872,0.4931741
"PZA03316.1",1.56248153288219,1.61880849711055,0.335293413081073,0,1.574693,1.619767,0.3318219
"PZA03316.3",2.00629934892827,1.56522969076553,0.200999076071966,0,2.005364,1.564039,0.2008668
"PZA03316.4",6.64930120501524,3.84172945390258,0.0846115666029512,0,6.84383,3.846957,0.07634432
"PZA03318.1",1.49311065648136,1.78867840818325,0.404582129502265,0,1.494295,1.789536,0.404435
"PZA03319.1",-0.155535893217519,1.32050142671399,0.906323931595978,0,-0.1521712,1.323965,0.9085801
"PZA03320.1",-1.13814889376732,1.41285923409886,0.421192670487893,0,-1.200661,1.408404,0.3946825
"PZA03320.2",-2.54745628460561,1.48365897268494,0.0871074842641781,0,-2.555876,1.474269,0.08410387
"PZA03320.3",-2.63389017439476,1.49589788773168,0.0793976226121747,0,-2.649449,1.484156,0.07534228
"PZA03320.4",-0.722904615817233,2.1649003251381,0.738694963357011,0,-0.7181878,2.169803,0.7409034
"PZA03320.6",1.46865910279787,1.53085232251982,0.338216423212431,0,1.586303,1.521767,0.2981412
"PZA03321.1",-0.76159223338473,1.28573659868047,0.554111935487353,0,-0.7590389,1.288006,0.5561368
"PZA03321.4",1.87878003011005,2.26801754369411,0.40817638738363,0,1.894638,2.268162,0.4042661
"PZA03322.1",0.985537854239812,1.36007668141059,0.469303901877222,0,0.9952456,1.364147,0.4662741
"PZA03322.3",-3.16960896157066,1.67552606659502,0.0595841004728163,0,-3.179789,1.670719,0.05805631
"PZA03322.4",-3.15527215419651,2.15545080713915,0.144379255330783,0,-3.162812,2.14961,0.142346
"PZA03322.5",-0.842717054887448,1.40316541301832,0.548614318755023,0,-0.8530278,1.407541,0.5449892
"PZA03324.1",-0.829264022328443,1.47777203472578,0.575148271731576,0,-0.83704,1.48052,0.5722856
"PZA03328.2",0.205151129704098,1.88168569611985,0.913262315893248,0,0.2179155,1.887126,0.9081533
"PZA03328.3",-0.762371968949794,1.82706303259188,0.676810329577485,0,-0.7580234,1.830946,0.6791932
"PZA03328.4",-1.42862302386762,1.73389044871485,0.410689831126961,0,-1.43857,1.73415,0.4075134
"PZA03328.6",-1.47283354131452,1.62472824395862,0.365462095021112,0,-1.494466,1.624153,0.358303
"PZA03328.7",0.501642483229446,2.02828947519914,0.804843538976068,0,0.5265889,2.034736,0.7959842
"PZA03329.1",-2.09408604084051,1.63851366978883,0.202316955011547,0,-2.13294,1.641196,0.1948218
"PZA03331.3",3.55971064427003,2.04779809268785,0.0832793286770258,0,3.559532,2.041144,0.08229954
"PZA03331.7",2.46990921133797,2.0013601900566,0.218217396147854,0,2.480949,1.999748,0.2158036
"PZA03332.1",0.348485578645241,2.3771875030402,0.883558909970266,0,0.3363647,2.380876,0.8877544
"PZA03335.1",-1.76176815415917,1.66892184568621,0.292066031686663,0,-1.778516,1.672813,0.2886326
"PZA03335.2",-0.890388843348108,1.53645326670158,0.562721781214635,0,-0.8923586,1.539403,0.5626079
"PZA03336.3",0.470649186099536,1.49318872087111,0.752851704035819,0,0.4943918,1.496981,0.7414564
"PZA03337.1",0.335568996895592,1.78843118289207,0.85130310155529,0,0.3415129,1.793603,0.8491319
"PZA03339.3",2.61977126868197,2.11421138410763,0.216359736893711,0,2.625595,2.113871,0.2152696
"PZA03340.1",-1.38687959386048,1.40392719707498,0.324094115393324,0,-1.40734,1.406568,0.3179276
"PZA03340.2",0.775785034568174,1.43042377152607,0.588020786618667,0,0.7987084,1.435293,0.5783386
"PZA03340.3",3.27993689522574,2.08466297578302,0.116788148444163,0,3.286323,2.079361,0.1151579
"PZA03341.2",2.12024855604308,2.66134843328952,0.426325462238544,0,2.133308,2.666654,0.4244072
"PZA03341.3",1.00711009993274,1.3872467844595,0.468472151950369,0,1.005886,1.390673,0.4701069
"PZA03344.1",-2.2942705453506,1.30435017189424,0.0797043044951048,0,-2.32267,1.304827,0.07617429
"PZA03344.2",-0.516918169550056,1.26584471672788,0.683329601417133,0,-0.5424163,1.270681,0.6698088
"PZA03344.3",1.86016935738793,1.48013383846818,0.209911761331568,0,1.872709,1.482638,0.2076296
"PZA03344.4",0.257005422580657,1.53567968580673,0.867213282228915,0,0.2665065,1.54128,0.8628479
"PZA03345.1",-0.660116296915267,1.3419318887117,0.623173363862832,0,-0.6689376,1.344931,0.6193221
"PZA03345.2",0.907593096922912,2.55190786792393,0.722374271066363,0,0.9241053,2.553183,0.717674
"PZA03345.3",-0.317313424634022,2.0825722677178,0.879010324343818,0,-0.3600663,2.089637,0.8633206
"PZA03345.5",-0.79266045660233,1.99685317119621,0.691709802982931,0,-0.8495958,2.002419,0.6716911
"PZA03346.5",1.40003999869714,1.68117467590522,0.405696998795083,0,1.402606,1.682981,0.4053418
"PZA03346.6",3.19696090469615,3.77402020535325,0.397680379927955,0,3.233894,3.774606,0.3923318
"PZA03348.1",1.78690507066767,1.78058212219218,0.316480479672698,0,1.786304,1.780622,0.3166538
"PZA03348.3",0.939078604805925,2.05999545586575,0.648848565296123,0,0.9367409,2.063976,0.6502942
"PZA03349.1",-0.572527112091335,2.30692513746685,0.804182902245553,0,-0.5771169,2.310882,0.8029764
"PZA03349.4",0.590006350015085,4.63690476933959,0.898842651791076,0,0.5502473,4.648966,0.9058699
"PZA03350.1",-4.25454046189687,4.85465890045743,0.381589541594022,0,-4.24837,4.85744,0.3825516
"PZA03351.1",0.263226183166639,1.5253603770743,0.86311954121933,0,0.2651165,1.528696,0.8624442
"PZA03353.1",-0.154804157131331,2.84749114783236,0.95668389715159,0,-0.1703804,2.854603,0.9524491
"PZA03356.1",-0.123418921359499,1.90147229314848,0.948295351928823,0,-0.1339191,1.906577,0.9440534
"PZA03358.1",0.780787479686403,2.45837545273087,0.751027977099436,0,0.7946215,2.464413,0.7473664
"PZA03358.2",-0.162514900302829,3.08541171802999,0.958031604983805,0,-0.1633679,3.093603,0.9579231
"PZA03358.3",-0.684096190160539,2.38286111134181,0.774260205628893,0,-0.7043602,2.387682,0.7682191
"PZA03358.4",0.843328653694975,2.42654099229981,0.728449829518405,0,0.8571984,2.432488,0.7248125
"PZA03359.1",-0.550286771400214,2.84964544604753,0.847018154037976,0,-0.5699314,2.859431,0.8421631
"PZA03359.2",3.11308368030551,3.00152300689934,0.300571991373046,0,3.110293,3.002697,0.3011932
"PZA03359.3",-2.33000214054767,2.90377059995353,0.423013714918176,0,-2.356519,2.908227,0.4184743
"PZA03360.1",1.10060870918717,1.64322813528143,0.503559226136849,0,1.110922,1.647502,0.5006846
"PZA03363.1",-1.1679618661401,1.2626287027187,0.355767375901616,0,-1.166417,1.263793,0.3568458
"PZA03366.1",0.390942909403376,3.53708540702885,0.912072469611913,0,0.4037362,3.548943,0.9095095
"PZA03366.2",3.49005799752396,4.9975501240838,0.485548242885728,0,3.499524,5.001211,0.4846862
"PZA03367.1",2.24834347590602,1.96654869745766,0.253914434914259,0,2.246699,1.966288,0.2541982
"PZA03367.2",2.37178378694557,2.73666975434395,0.386882301349072,0,2.379002,2.737087,0.3855133
"PZA03368.1",-0.947840628533847,1.82602869185223,0.604129429115232,0,-0.94485,1.829385,0.6059322
"PZA03368.3",-0.243818994533119,1.37708741702447,0.859596689732974,0,-0.2359075,1.381424,0.8645297
"PZA03368.4",9.63547368011682,5.45699571351618,0.0785581502094381,0,9.635508,5.435798,0.0774057
"PZA03371.1",2.41086854425013,3.68637147363198,0.513663526885992,0,2.433793,3.693401,0.5104766
"PZA03371.2",-1.66377631529814,2.16715054647139,0.443311486199763,0,-1.665367,2.170095,0.4434948
"PZA03372.3",1.26580791694812,1.4817337257201,0.39369896668427,0,1.288138,1.4854,0.3865916
"PZA03376.1",0.439617293012794,1.83972296223606,0.811316457423157,0,0.4467525,1.846156,0.8089684
"PZA03376.2",-2.66193387866357,2.59902879055616,0.306642631392086,0,-2.666116,2.602798,0.3065843
"PZA03379.1",5.55696022334618,5.67636705127759,0.328461220884113,0,5.560075,5.676729,0.3282214
"PZA03379.2",7.00585105445702,4.85915767922793,0.150505553405643,0,7.136466,4.874062,0.1442933
"PZA03381.1",-1.22805479139085,1.73488504859619,0.479634220803969,0,-1.228941,1.739845,0.4805701
"PZA03381.2",0.724158128586429,1.79399244256418,0.686779590617688,0,0.722797,1.800687,0.688438
"PZA03384.1",0.727853625725568,2.75930577151632,0.792146618844453,0,0.7114049,2.765737,0.7972014
"PZA03385.1",-2.24109044982499,1.47828468346711,0.130670284706841,0,-2.24724,1.477744,0.1294822
"PZA03385.2",2.67940569955077,1.51341324856631,0.0777659517428287,0,2.679559,1.508352,0.07676325
"PZA03386.1",-3.3464685123442,1.52128099093693,0.028658298708348,0,-3.393732,1.512974,0.02569055
"PZA03387.1",-0.172572008267206,1.29854293777566,0.894372661302564,0,-0.1768701,1.301964,0.8920407
"PZA03388.1",-2.48620205843651,1.37815330552056,0.0723279355531026,0,-2.491289,1.370757,0.07023972
"PZA03388.2",-0.132884423778747,1.33934449113954,0.921039307428311,0,-0.1328,1.343699,0.9213442
"PZA03390.1",-0.877303649525162,2.68809782586006,0.744396623979379,0,-0.8942284,2.695718,0.7403529
"PZA03391.1",0.795384743163834,1.35292296819768,0.557082972049837,0,0.8000024,1.356848,0.5559424
"PZA03391.3",2.67979216038427,4.72864907639782,0.57137235738625,0,2.725814,4.738243,0.5655744
"PZA03392.1",2.49907852195393,1.57855926230351,0.114543338537162,0,2.508229,1.57238,0.1118249
"PZA03392.2",0.743955556775996,2.33150237007926,0.749902538710391,0,0.8030086,2.343022,0.7320692
"PZA03394.1",-0.486784958756724,1.72782698020861,0.77836131947451,0,-0.4857221,1.731936,0.7793436
"PZA03395.3",1.03559003290459,1.73605707381641,0.551321465504064,0,1.043794,1.739958,0.5490713
"PZA03395.4",-0.928638691760184,2.28738082131872,0.68507165035305,0,-0.9217313,2.29175,0.6878538
"PZA03395.5",5.60158657116089,2.13645360130571,0.00923279268657199,0,5.619315,2.111223,0.008235357
"PZA03397.1",-19.4050587898543,5.1699317310331,0.000212955177090645,0,-20.30821,4.975174,5.865214e-05
"PZA03398.1",0.177318304489965,1.84917410768794,0.923677602031391,0,0.2033266,1.853146,0.912712
"PZA03398.2",3.86645095730178,6.043411703739,0.522850527048854,0,3.867311,6.047534,0.5230414
"PZA03399.1",0.159735188248865,1.61970343997954,0.921512080955334,0,0.1630482,1.624689,0.9201346
"PZA03399.2",2.93654147643638,1.89429261520204,0.122246606625661,0,2.941062,1.892263,0.1212776
"PZA03400.1",2.67437792223678,5.32836040042677,0.616131191201397,0,2.698296,5.341431,0.6138501
"PZA03402.1",-1.81868385451523,3.12493997007583,0.561051944942364,0,-1.834694,3.131987,0.5584972
"PZA03404.1",-0.149909621939773,1.26947051727783,0.906084210708176,0,-0.1607361,1.273686,0.899668
"PZA03405.1",4.60423309407466,4.99378795991132,0.357343802848849,0,4.675486,5.000729,0.3506316
"PZA03406.1",-3.2340783589165,3.06121983220166,0.291685395385509,0,-3.296723,3.05673,0.2817534
"PZA03407.2",-2.74978144107626,1.41224761579608,0.0525448213230308,0,-2.749853,1.405404,0.05140667
"PZA03407.3",-2.27159487556462,1.5973533453811,0.156134787113408,0,-2.271438,1.595729,0.1557438
"PZA03407.4",0.986210287671423,2.79821336942942,0.724777114436012,0,0.9737434,2.804131,0.7286677
"PZA03407.5",2.5349053016797,2.74767141697275,0.357045625714644,0,2.537533,2.750035,0.3569609
"PZA03408.1",0.493654025755649,2.8435325751675,0.86230338298526,0,0.4900557,2.849696,0.8635899
"PZA03409.1",0.900604880296065,1.30914449013152,0.492076361594531,0,0.9143829,1.314247,0.4871772
"PZA03409.2",-1.37547342342957,1.4594627250279,0.346791531342627,0,-1.378649,1.45889,0.3454922
"PZA03409.3",-2.34846310823565,2.12484120730482,0.270024415954373,0,-2.346839,2.12467,0.2703166
"PZA03410.1",-1.22090952714078,1.87862690751507,0.516304771790433,0,-1.217898,1.881404,0.5179574
"PZA03411.3",-1.09611330025343,2.91740571431217,0.70741944080693,0,-1.099042,2.92347,0.7072542
"PZA03416.6",2.34680391652889,2.18126788955125,0.282922958889254,0,2.346426,2.177679,0.2822094
"PZA03416.7",3.66546671836125,2.14520092142846,0.0886422332388897,0,3.671754,2.136658,0.08684284
"PZA03416.8",7.3127526173986,4.88509243929099,0.135556566954831,0,7.323155,4.869988,0.1338022
"PZA03416.9",-1.19039969336417,3.02661660399016,0.694396115085146,0,-1.188618,3.033886,0.6955247
"PZA03418.1",-0.630959704232977,2.07590150732693,0.761400547287804,0,-0.6492783,2.081609,0.7553448
"PZA03418.2",0.452491734808632,2.12599034095937,0.831611510964549,0,0.4671052,2.132272,0.8267629
"PZA03420.1",0.761565466449558,1.93941763533675,0.694863074431201,0,0.7747391,1.945987,0.6908507
"PZA03426.1",-1.34133657929024,1.65608552224181,0.418675190013709,0,-1.358267,1.655505,0.41267
"PZA03427.1",-3.3564544084428,1.46763279713346,0.0229593679162995,0,-3.356453,1.456255,0.02192248
"PZA03427.2",-3.49923500190576,1.47898716867042,0.0186792177336599,0,-3.515983,1.470285,0.01746086
"PZA03429.1",-2.91112322126166,3.11408352561541,0.350701598810102,0,-2.985178,3.128729,0.3408647
"PZA03431.1",-7.39385497108059,4.82391953289618,0.126491634725454,0,-7.450975,4.804518,0.1220974
"PZA03438.1",-2.40297478919008,5.09435407176044,0.637520814956694,0,-2.399493,5.107714,0.638887
"PZA03442.1",0.697511999060503,1.82840146518461,0.703137327620373,0,0.7058989,1.833854,0.7005905
"PZA03443.1",-1.43621521415519,1.40248902708104,0.306716135957918,0,-1.442362,1.403011,0.3048343
"PZA03445.1",-1.65709927425504,1.5398320050588,0.282804183195658,0,-1.657094,1.539389,0.2826675
"PZA03446.1",-0.566052381448887,1.78025835753462,0.75075686043887,0,-0.5727941,1.785325,0.7485802
"PZA03449.3",2.00682650589258,1.40791095626533,0.155181764881844,0,2.010059,1.406982,0.1542491
"PZA03449.4",0.1561109704143,2.1349709158199,0.941763268450095,0,0.1617668,2.139344,0.9397805
"PZA03451.5",0.483215706523257,1.40421990861376,0.731022365764857,0,0.4844503,1.409772,0.7313826
"PZA03451.6",-1.35187341136307,1.38055015922787,0.328331119991734,0,-1.391252,1.386537,0.3165529
"PZA03451.7",-0.933714612902167,1.36041454076881,0.493075550394474,0,-0.9580763,1.366881,0.4839467
"PZA03457.1",2.79147641552107,1.73106196581844,0.107986878603633,0,2.791085,1.726762,0.1071653
"PZA03461.1",0.281418320572788,1.69661137149436,0.868380934482086,0,0.2829334,1.702414,0.8681257
"PZA03465.1",0.327970199280064,2.30040789997793,0.88673421412745,0,0.3241796,2.306597,0.888333
"PZA03469.1",2.59420803259636,1.62082796383586,0.110630059801445,0,2.621203,1.609151,0.1044758
"PZA03470.1",0.894350315239759,1.900534740952,0.638316318677726,0,0.9011155,1.905065,0.6365823
"PZA03518.1",2.46088233796017,2.72340893778133,0.366999321302514,0,2.460527,2.724357,0.367235
"PZA03519.1",0.0398045346111071,1.50787756149138,0.978959325414178,0,0.04396668,1.513279,0.9768427
"PZA03519.2",0.336363314133783,1.48929309104966,0.821483085027166,0,0.3391413,1.494134,0.8206071
"PZA03520.1",-0.476727771228335,1.5063369120512,0.751878035527805,0,-0.4684469,1.510325,0.7566728
"PZA03520.2",-1.87031761953512,2.07515333820006,0.368224999180551,0,-1.891577,2.073252,0.362375
"PZA03520.3",1.79634569227311,3.25115301831491,0.58103865158592,0,1.793213,3.255241,0.5821719
"PZA03520.4",-2.96715191805968,2.50199833945927,0.236684100577928,0,-2.979819,2.500891,0.2344872
"PZA03521.1",-0.870389964082138,1.70512640534559,0.610143852679758,0,-0.8694275,1.707519,0.6110387
"PZA03522.1",-1.41448572298693,1.31777597382061,0.284041198769442,0,-1.414064,1.317545,0.2841004
"PZA03522.2",-1.04955002967056,2.01516941829108,0.602909518144224,0,-1.044475,2.018535,0.6052651
"PZA03523.1",1.5976103052639,1.40455744342684,0.256344958219404,0,1.606935,1.40289,0.253024
"PZA03523.2",-1.81736620699907,1.4710686027485,0.217737840598203,0,-1.816401,1.470214,0.2177151
"PZA03525.1",1.22762769878328,2.40524162942951,0.610184406550113,0,1.242718,2.410632,0.6066085
"PZA03527.1",-0.725327502789147,1.31309164671303,0.581137322262674,0,-0.728307,1.316501,0.580568
"PZA03527.2",0.244546360746143,1.47881657555199,0.868777653279754,0,0.2425635,1.482308,0.8701359
"PZA03527.3",-4.55878762067063,1.86781186478107,0.0152920191127723,0,-4.558794,1.850812,0.01438797
"PZA03528.1",-0.300220945324653,1.3877682217086,0.828888663516286,0,-0.3203855,1.392591,0.8182134
"PZA03528.2",-1.71511612079428,2.4439477783271,0.483411408416713,0,-1.720389,2.447106,0.482634
"PZA03528.3",4.0093413012473,3.01465006709435,0.184639942930917,0,4.008319,3.011185,0.1842483
"PZA03529.1",-1.18577491816336,1.32043687939014,0.369964839443258,0,-1.185438,1.322067,0.3706899
"PZA03529.4",-2.27481693342496,1.86295507773623,0.223105452613306,0,-2.292631,1.863883,0.2197411
"PZA03529.6",2.29387939420557,2.91587307816494,0.432144999805222,0,2.289815,2.919388,0.4335137
"PZA03531.1",-4.12510150891648,4.82914740396866,0.393735365532558,0,-4.138887,4.824359,0.3916895
"PZA03533.1",-5.00624707739111,2.58538091028807,0.0538509574632023,0,-5.00814,2.574095,0.05272622
"PZA03534.1",3.94956143177479,2.92646951566228,0.178258518059111,0,3.948444,2.923481,0.177939
"PZA03534.3",4.11385928075724,3.26682852126272,0.209000087589681,0,4.11185,3.26433,0.2088746
"PZA03535.2",1.34948793637391,1.33321224863353,0.312331668228915,0,1.353268,1.33275,0.3108132
"PZA03535.3",0.63891567994817,1.91055679160439,0.738323503398455,0,0.640208,1.915326,0.7384426
"PZA03536.1",3.59438728027791,1.25819637802662,0.00460756510272394,0,3.594423,1.241171,0.004084275
"PZA03536.2",1.1256478409685,2.08303590644034,0.589368377238059,0,1.122816,2.08606,0.5908432
"PZA03537.1",4.50282393185787,2.49360881664245,0.0720554432524652,0,4.607973,2.472461,0.0634307
"PZA03538.1",1.71012697176367,1.40336636871988,0.224048338049092,0,1.746958,1.406815,0.2153788
"PZA03539.1",-2.60669536501701,1.73407508518604,0.133934145415298,0,-2.62502,1.734558,0.1313394
"PZA03540.1",7.34227690831707,4.08712087178293,0.0735256106954786,0,7.371738,4.075815,0.07160091
"PZA03541.2",0.500132133974067,1.37693659716154,0.716719944624186,0,0.5251487,1.381961,0.7042379
"PZA03541.3",-0.968459072278947,1.36768003917087,0.479482888402822,0,-0.9709573,1.370794,0.4793503
"PZA03541.4",-1.70550047153771,2.19424030719601,0.437674519187709,0,-1.734556,2.199818,0.4310862
"PZA03544.2",-0.131650167273687,1.30500008864538,0.919718428302228,0,-0.1247842,1.308785,0.9241116
"PZA03544.3",-0.577748856371748,1.34749529909376,0.668436519501968,0,-0.5735739,1.350491,0.6713776
"PZA03544.4",-1.87249329750797,1.60480473301101,0.244303837050648,0,-1.923689,1.606848,0.2322705
"PZA03544.5",-3.86027069070491,3.72490091381368,0.300956423432154,0,-3.945725,3.719143,0.2896591
"PZA03545.1",0.0631399556621189,4.62699248050497,0.989122332999823,0,0.009656802,4.635453,0.9983393
"PZA03546.1",1.28529769819283,1.3880891417371,0.355288077738534,0,1.296036,1.389761,0.3518682
"PZA03550.1",1.05711320711672,2.90984179236077,0.7166692059234,0,1.058998,2.916554,0.7168108
"PZA03550.2",0.488875163746648,4.56629533112222,0.914818409427792,0,0.4874558,4.576867,0.9152602
"PZA03551.1",1.8386547800864,1.30642631951284,0.16044437797883,0,1.846119,1.306756,0.1588642
"PZA03551.2",-1.14580082536182,1.52079391112655,0.451842775565045,0,-1.189484,1.524669,0.4359707
"PZA03552.1",1.70296432742909,1.84397367122996,0.356543820631723,0,1.706131,1.84401,0.3556611
"PZA03552.2",-4.18940206909102,3.7061827277552,0.259303818485316,0,-4.269671,3.699013,0.249394
"PZA03553.1",-1.96008601883755,3.01212702031302,0.515765109027633,0,-1.967389,3.014603,0.5145487
"PZA03555.1",-3.3905556714584,1.59795467351781,0.0347511737441242,0,-3.397923,1.586255,0.03306657
"PZA03556.2",1.58329342329062,1.32431317433258,0.232902701132907,0,1.599124,1.320854,0.2270637
"PZA03556.3",-0.113664192724008,1.27256961428971,0.928893928721349,0,-0.1188453,1.276475,0.9258887
"PZA03557.1",0.912152160318245,1.54128195153456,0.55446316227206,0,0.9212809,1.544135,0.5512455
"PZA03558.3",-0.686949734857587,1.4886976646414,0.64484661676194,0,-0.7040749,1.493567,0.6377266
"PZA03559.1",-3.35089535209178,1.28536633441411,0.00963537087512058,0,-3.501255,1.259879,0.005829137
"PZA03559.2",1.60623119057956,5.09898846810527,0.75299399670157,0,1.667582,5.123411,0.7450642
"PZA03561.1",-0.269419897815254,1.26951504441574,0.832091091601442,0,-0.2669142,1.273402,0.83413
"PZA03561.2",-1.73497372381463,1.54260666135833,0.261699370227096,0,-1.740023,1.541352,0.25993
"PZA03561.4",2.72621559607986,3.81824658575487,0.475836965587766,0,2.742737,3.831798,0.4747348
"PZA03562.1",0.288247050786368,1.92785687622735,0.881255822370129,0,0.2765379,1.932161,0.8862977
"PZA03562.3",-2.65756282866714,3.28038482018406,0.418564176425163,0,-2.662999,3.281906,0.4178296
"PZA03563.1",0.680796368088641,1.29554328422578,0.599666880585116,0,0.6932782,1.298158,0.5937416
"PZA03564.1",1.30445613084387,1.31446576786793,0.321885304639629,0,1.311633,1.316989,0.3201614
"PZA03564.2",-0.943499545466072,3.33847044871707,0.777685877670335,0,-0.9326268,3.345088,0.7806049
"PZA03565.2",2.07758825576978,2.53279774288293,0.412772910179468,0,2.100754,2.539577,0.4088399
"PZA03567.1",1.26251508494442,1.71956386522043,0.463450671600344,0,1.259832,1.721502,0.4649032
"PZA03568.1",-1.61866494631989,2.1245513819785,0.446783624326401,0,-1.641135,2.131174,0.4419269
"PZA03568.2",0.195262976212491,1.69027378263347,0.908116389436477,0,0.1874178,1.695872,0.9120825
"PZA03568.3",3.17292859530918,2.37454002504853,0.182583160468086,0,3.193012,2.374699,0.1798677
"PZA03569.2",0.320489107937643,2.32625430633642,0.890523025111028,0,0.3238513,2.331435,0.8896261
"PZA03570.1",0.748208996376272,1.3540232971604,0.581000115888707,0,0.7453591,1.35685,0.583226
"PZA03570.2",0.103076971966091,2.10675460058453,0.961013196133283,0,0.1044137,2.110636,0.9605806
"PZA03571.2",-1.45029609511449,1.86893698325013,0.438417962082859,0,-1.450066,1.871921,0.4392201
"PZA03572.2",-1.34037963961907,1.46548205485715,0.361188010066611,0,-1.375634,1.470217,0.3502685
"PZA03573.1",-2.17895625831858,1.85811018397706,0.241945330133482,0,-2.290897,1.863542,0.2200051
"PZA03573.2",-2.0949510976615,1.59886095541725,0.191199395369759,0,-2.096059,1.597765,0.1906623
"PZA03573.3",-0.552584660298211,1.83971597475395,0.764127197962824,0,-0.5485159,1.843387,0.7662655
"PZA03574.1",0.276653852270012,1.37890870974718,0.84113481298183,0,0.2864019,1.384578,0.8362796
"PZA03574.2",-1.69008954513906,2.03938209529854,0.407980621532383,0,-1.69641,2.042353,0.4069139
"PZA03574.3",0.791678023568901,1.88346821258669,0.674573907391383,0,0.7896831,1.888356,0.676139
"PZA03574.5",-0.491347160810096,1.36967498530041,0.720071342608034,0,-0.4996785,1.374631,0.7165117
"PZA03575.2",-2.72234679337649,1.59849376602844,0.0896889207487014,0,-2.72189,1.593233,0.08869339
"PZA03575.3",1.58940969209755,1.39174240847582,0.254439122562435,0,1.620051,1.394845,0.2464672
"PZA03575.4",0.148651385415289,2.93491761597951,0.959641917548326,0,0.1596036,2.942061,0.9567764
"PZA03576.1",-1.03829601545562,1.36012017683351,0.44589031026115,0,-1.049263,1.360274,0.4411575
"PZA03576.3",-5.59268020105351,3.24645304857865,0.0860702352437667,0,-5.594955,3.237451,0.08507943
"PZA03576.4",-2.40810885575889,2.31162552408269,0.29845131598045,0,-2.408788,2.311899,0.2983723
"PZA03577.1",0.46020102551369,1.55691021184482,0.76777006153319,0,0.4718808,1.560735,0.7626183
"PZA03577.2",4.81815771458256,1.99880327749813,0.0165885171660442,0,4.978264,1.987966,0.01285433
"PZA03579.1",-0.140632869149981,1.59962289892655,0.930007448905868,0,-0.1534642,1.604435,0.9238685
"PZA03579.2",-0.0703975871305789,1.32060505176457,0.957526091005095,0,-0.05763139,1.324967,0.9653375
"PZA03580.2",0.404375702302073,1.30811188217651,0.757458108017424,0,0.3974628,1.311125,0.7620083
"PZA03580.4",0.244571077929676,1.88847879568834,0.897051564651181,0,0.2507674,1.893795,0.894753
"PZA03580.5",7.08211695026057,5.66530859253239,0.212335130687255,0,7.100727,5.658196,0.2105679
"PZA03581.1",1.43530972683686,1.31510669583179,0.276054920006435,0,1.438441,1.313884,0.2745652
"PZA03581.2",0.259261699101406,1.90188188579138,0.89166959625222,0,0.2558317,1.90672,0.8933637
"PZA03583.1",-1.85588825697818,1.24010605956936,0.135659779348661,0,-1.858402,1.238294,0.1345649
"PZA03583.2",-1.4679289285253,1.64947539048449,0.374280493076344,0,-1.466222,1.650416,0.3751073
"PZA03584.1",-1.7514534787755,1.56269094353922,0.263357240432367,0,-1.755571,1.564137,0.2626795
"PZA03584.2",-6.51405070474483,3.81276816114117,0.0886791672761528,0,-6.57817,3.797324,0.0843424
"PZA03585.1",4.23435577133375,1.82202361196678,0.0208578396551691,0,4.241817,1.805518,0.01951572
"PZA03586.1",0.571611425644495,2.20736844264034,0.795863580900425,0,0.5822801,2.21712,0.7930338
"PZA03587.2",2.18956105078712,1.517122384799,0.150097126296005,0,2.194513,1.517337,0.1492382
"PZA03588.2",0.358982672558865,1.73792958071388,0.836508734489508,0,0.3520611,1.741601,0.8399511
"PZA03590.1",3.98190865729824,4.2524732719566,0.349904829639202,0,4.059702,4.259642,0.3413988
"PZA03591.1",-3.82628249154873,1.77897131534367,0.0323634235994459,0,-3.827585,1.765634,0.03103304
"PZA03591.2",0.124315426619955,1.31024831077759,0.924480056836542,0,0.1160783,1.313993,0.9296709
"PZA03591.3",1.63565879684525,1.72010050645074,0.342488667093627,0,1.738529,1.723501,0.3139992
"PZA03592.1",-3.28904098286609,1.81598188276112,0.0712104834823863,0,-3.355097,1.812528,0.06523714
"PZA03592.3",0.630588816044984,1.4334538247353,0.660350020002278,0,0.6270282,1.435977,0.6627045
"PZA03593.1",0.936191545600918,1.45251275334897,0.519769471220854,0,0.9335601,1.454546,0.521525
"PZA03593.2",3.35616188700244,3.14698558540739,0.287150573327264,0,3.373352,3.145788,0.2845113
"PZA03594.1",0.389620632115119,1.23130224309711,0.751917287508384,0,0.3924259,1.234244,0.7507663
"PZA03595.1",-1.59191991017856,1.43306825257717,0.267607949970817,0,-1.623961,1.440294,0.2605091
"PZA03595.2",-2.42597504828215,1.51767817950679,0.111089148830148,0,-2.429567,1.516479,0.1102833
"PZA03595.3",-11.8056319372997,6.91338204894179,0.0888341333169358,0,-11.88997,6.86454,0.08438363
"PZA03596.1",1.0721879054901,1.39497056967795,0.4427870121666,0,1.087364,1.40141,0.4384732
"PZA03596.2",-1.69702689794395,1.42922808154299,0.236108843205486,0,-1.734655,1.436233,0.228173
"PZA03596.3",-0.682182636783439,2.7771275733894,0.80614230234691,0,-0.6654632,2.783357,0.8112172
"PZA03597.1",1.54464973264062,1.39040527756774,0.267570283954005,0,1.547321,1.389206,0.2663341
"PZA03598.1",-1.30148074601715,1.42181287611054,0.360803810025192,0,-1.304679,1.421724,0.3595967
"PZA03598.2",1.11220055474911,1.45239227551553,0.444471447724443,0,1.135451,1.457296,0.4365642
"PZA03599.1",-2.28277217844148,2.08529973389152,0.274610588297112,0,-2.28086,2.084987,0.2749401
"PZA03599.2",-0.75774992689719,2.01271492041498,0.706850334241852,0,-0.7582024,2.017531,0.7073511
"PZA03599.3",-1.96611924663425,2.26790669900222,0.386738215622339,0,-1.968359,2.270448,0.3867294
"PZA03600.1",1.78312122520879,1.49340467600121,0.233511668706163,0,1.782934,1.492946,0.2334175
"PZA03601.1",0.110689004563567,1.32312789943391,0.933390175801741,0,0.1054752,1.326969,0.9367042
"PZA03601.3",-4.1574059349374,2.14158048704134,0.0532496028063877,0,-4.158961,2.130745,0.05197094
"PZA03602.1",1.08629051774758,1.28517439086951,0.398710109406663,0,1.084762,1.287062,0.4000641
"PZA03602.2",3.78372324114358,1.94124704827059,0.0523014127023479,0,3.784926,1.930639,0.05095601
"PZA03604.1",1.17382501170689,1.56485028505037,0.453826239500288,0,1.199083,1.574264,0.446907
"PZA03604.2",-0.341211809383134,1.54214946139081,0.825056900295856,0,-0.3466513,1.549829,0.8231802
"PZA03604.3",-2.34580245965319,3.51109092544396,0.504624407789608,0,-2.33856,3.516986,0.5066526
"PZA03605.1",0.530898610923036,1.5593275737475,0.733766222102791,0,0.5484999,1.568145,0.7267753
"PZA03605.2",-0.84178778281763,2.61049854065289,0.747348281838975,0,-0.8968291,2.619757,0.7323628
"PZA03606.1",0.192416423699971,1.795390854041,0.914730606098838,0,0.182745,1.803495,0.919364
"PZA03607.1",0.259703317286006,1.46405696633585,0.859336204479208,0,0.2635875,1.469932,0.8578194
"PZA03607.2",0.186084725721333,1.46016444245309,0.898684894313776,0,0.1966092,1.46694,0.8934798
"PZA03607.3",-0.863496241744388,1.56880357057106,0.582481796478703,0,-0.8843992,1.575326,0.5749789
"PZA03607.4",0.654532116912432,1.69387981206403,0.699492931693665,0,0.6587546,1.698773,0.6984781
"PZA03607.5",2.89332140985978,2.662334432192,0.278097523430865,0,2.898092,2.663206,0.2774645
"PZA03608.1",-1.11623380481681,1.52110355231335,0.463678846911278,0,-1.115197,1.523771,0.4648754
"PZA03608.2",-1.08738887698291,1.36830132436092,0.427475909882707,0,-1.109514,1.373286,0.4198339
"PZA03610.1",1.25040215967858,1.60075708082591,0.435399391363662,0,1.249683,1.604466,0.4367238
"PZA03611.1",1.62093413191488,1.55032061838088,0.29669140542083,0,1.624632,1.553239,0.2964994
"PZA03612.2",1.6831114563971,1.55117814686814,0.278851660667579,0,1.681923,1.552193,0.2795042
"PZA03612.3",-1.40593759972314,1.57382630019748,0.372467355076494,0,-1.406837,1.577224,0.3731914
"PZA03612.4",-0.813708410216238,2.84632011898327,0.775185392678954,0,-0.8081788,2.851801,0.77709
"PZA03613.1",-0.364420884191243,1.55415943101679,0.814786688561167,0,-0.3614689,1.558412,0.8167524
"PZA03613.2",-1.09288026343997,1.39585055997259,0.434333040482454,0,-1.096656,1.398769,0.4337084
"PZA03614.1",1.28553110552387,1.39369164957193,0.357135225740771,0,1.294385,1.396534,0.3548172
"PZA03614.2",1.0647594480637,1.3821052714762,0.441732583914636,0,1.06736,1.385243,0.4416543
"PZA03618.1",0.726146886304191,1.35596487648008,0.592724430589031,0,0.7241281,1.359388,0.594682
"PZA03618.2",0.371232760582928,1.7749998645061,0.834490270056638,0,0.3702016,1.779747,0.8353773
"PZA03618.3",-0.947364091923667,1.67730381375301,0.572662634936133,0,-0.9482883,1.680143,0.5729374
"PZA03618.4",0.00518030932807472,1.31587199397294,0.996861770274256,0,-0.004078096,1.320779,0.9975387
"PZA03623.1",-1.65222187019053,1.63853026250166,0.314173209187062,0,-1.666589,1.643921,0.3115777
"PZA03623.2",0.323999992295635,2.07816264150153,0.876221170231584,0,0.3133975,2.084353,0.8805934
"PZA03624.1",3.49705132424887,1.37002096829794,0.0112363464895675,0,3.527787,1.36267,0.01014312
"PZA03624.2",-1.79704545532561,1.36642078777709,0.189559734659982,0,-1.798795,1.367176,0.1893743
"PZA03625.1",-2.17528621308075,1.60176266857198,0.175562574176466,0,-2.201309,1.605286,0.1714073
"PZA03626.1",1.9039948096911,1.46496430079518,0.194800696349571,0,1.903774,1.463314,0.1943508
"PZA03626.2",0.788833454617904,2.04025870408812,0.69932724542588,0,0.7810627,2.044886,0.7027878
"PZA03627.1",0.932397191614407,1.44957664084807,0.520619069544624,0,0.9365802,1.452492,0.5195904
"PZA03627.3",0.791961423806558,1.68027078658074,0.637780412192778,0,0.7868122,1.68363,0.6406346
"PZA03629.1",-0.713155250770996,1.41269528330028,0.614091813527685,0,-0.7093292,1.415827,0.6167734
"PZA03629.2",-0.73955010337058,1.18144668340728,0.531855744380751,0,-0.7371655,1.183099,0.5337501
"PZA03630.1",0.622515898263025,1.42101914169677,0.661675575545767,0,0.6255839,1.425814,0.6611844
"PZA03630.2",-2.10153276189147,2.20883799028554,0.342229673326399,0,-2.115686,2.208072,0.3388268
"PZA03631.1",2.54212531625774,2.31496668244697,0.273113466805585,0,2.553212,2.317738,0.2716039
"PZA03631.2",-6.53544520576601,4.60087795567238,0.156605524453878,0,-6.574533,4.586965,0.15291
"PZA03632.1",0.255155194711139,1.3194628362881,0.846806148540948,0,0.2632485,1.324904,0.8426506
"PZA03632.2",-0.524599282820818,1.77326338884329,0.76757762832235,0,-0.5155689,1.776959,0.7719277
"PZA03632.3",-2.49529237174133,1.94748818484013,0.20117598282779,0,-2.495547,1.947331,0.2010938
"PZA03634.1",2.11628819418979,1.6148702046606,0.19112400756079,0,2.131251,1.616006,0.1883242
"PZA03634.2",2.52527608407239,3.299074903347,0.444662604115252,0,2.52853,3.304698,0.4448514
"PZA03635.1",1.64391457405971,1.62647412173378,0.3130407954364,0,1.643616,1.628596,0.3137582
"PZA03637.1",1.29224112603971,1.71362576334093,0.451438167287607,0,1.297735,1.714165,0.4496611
"PZA03637.2",2.79913597497289,1.37864662938831,0.0432866922692609,0,2.80519,1.373326,0.04204656
"PZA03637.3",-0.928305785740105,1.68962178246474,0.583167271440943,0,-0.9303693,1.691528,0.5827557
"PZA03638.1",1.08755497282384,1.72828191003721,0.529696981231919,0,1.085811,1.730489,0.530881
"PZA03638.2",-2.98600215110811,1.38257244788413,0.0316599965437108,0,-2.98931,1.375139,0.03057457
"PZA03638.3",-0.807017822808792,2.06244850725185,0.695886156488614,0,-0.818118,2.067209,0.6925903
"PZA03639.1",0.71967134440392,1.78178629270147,0.68659806758569,0,0.7130099,1.785444,0.6899494
"PZA03640.1",4.60303776631492,3.10413361746466,0.139257257843086,0,4.600984,3.097259,0.1385606
"PZA03641.1",2.51721414488324,2.88510781674439,0.383707604365141,0,2.513656,2.886719,0.3846443
"PZA03642.1",1.41770079121715,2.04169186149379,0.488035087395276,0,1.420864,2.047472,0.4882952
"PZA03643.1",-0.990187346267546,1.88358980153051,0.599527674707539,0,-0.9864707,1.88769,0.6016883
"PZA03643.2",-1.36502450190839,2.23542892583147,0.541949383921959,0,-1.359785,2.239708,0.5442699
"PZA03644.1",1.50443798418213,1.39563204554021,0.281998908009234,0,1.503466,1.395464,0.2822518
"PZA03644.2",0.793421991810948,1.60636027625327,0.621754642037292,0,0.7887519,1.609303,0.624441
"PZA03644.3",0.534927962290635,1.48796780444803,0.719496206586501,0,0.5388252,1.492431,0.7183488
"PZA03644.4",1.45084511492564,4.1501114329123,0.726913571536652,0,1.447887,4.153011,0.7276307
"PZA03645.1",-1.57776130722061,1.25701878386685,0.210489653208055,0,-1.577918,1.255652,0.2099501
"PZA03645.2",-2.47145929732726,1.41271171733848,0.0813339705262141,0,-2.476672,1.405727,0.07921074
"PZA03646.1",0.197452185640873,1.28736268728411,0.878213657762483,0,0.2037616,1.291662,0.8747689
"PZA03646.2",2.31752414913709,1.89470575326293,0.222321023308825,0,2.324165,1.893995,0.2208297
"PZA03647.1",0.793381647022075,1.36274907470456,0.560916073759006,0,0.8035182,1.363396,0.5561118
"PZA03647.3",3.81589905399774,1.59377769846543,0.0173268889463294,0,3.865551,1.571078,0.01449377
"PZA03648.1",1.74732530125057,1.53837104970224,0.257020953103321,0,1.750785,1.540619,0.2567749
"PZA03648.2",-3.23952157744622,1.51813763565398,0.0337407125359386,0,-3.291204,1.499927,0.0290576
"PZA03648.3",3.76552387684597,2.16371270626312,0.0829278621838493,0,3.765092,2.156437,0.08193554
"PZA03649.1",1.87415848695324,2.16028340714693,0.386398708254272,0,1.871373,2.162285,0.3875431
"PZA03650.1",0.138496239545423,1.45733993234154,0.924357612413301,0,0.1494251,1.46316,0.9187322
"PZA03651.1",-0.270909535845147,1.47835986759783,0.854737342250291,0,-0.283738,1.484921,0.8486048
"PZA03651.2",-1.12236577835081,1.36439017238175,0.411443129311588,0,-1.124093,1.368363,0.4120828
"PZA03652.1",1.22507037095704,1.37133937774197,0.372459833581019,0,1.232043,1.37593,0.3713456
"PZA03652.2",1.8643779291593,1.9295564323453,0.334785644221933,0,1.915593,1.936823,0.3235167
"PZA03652.3",-8.3508733650819,5.4950454040953,0.129737028330726,0,-8.363023,5.478534,0.128037
"PZA03653.1",0.668662559777549,1.49534530912832,0.65511090101075,0,0.6658059,1.499072,0.657288
"PZA03654.1",0.581664124072605,1.52610943070242,0.703393380601416,0,0.5784956,1.530057,0.7056582
"PZA03654.2",3.27006925623,3.18160075052983,0.304947421734643,0,3.266789,3.179657,0.3051369
"PZA03658.1",0.308527221622665,1.32833742238151,0.816505036384062,0,0.3180995,1.332181,0.8114539
"PZA03659.1",0.470756346618396,1.55502722439523,0.762323882002449,0,0.4703562,1.559918,0.763242
"PZA03659.2",1.22787618125088,1.45288437474217,0.398775617753858,0,1.232268,1.456034,0.3981138
"PZA03659.4",0.991004815113573,2.56194335580329,0.699191482531083,0,1.019098,2.571161,0.6921501
"PZA03660.1",-0.311366983944933,1.53020721704477,0.838910696363092,0,-0.3098651,1.535056,0.8401766
"PZA03661.1",-0.309307937568946,1.35784556219461,0.819976930200189,0,-0.3126958,1.362681,0.8186741
"PZA03661.3",0.290899761215678,1.38012510091065,0.833217314002482,0,0.2972123,1.385623,0.8303188
"PZA03662.2",-1.88699034978113,2.29941489047661,0.41256509607461,0,-1.894728,2.304632,0.4117124
"PZA03663.1",-0.20256373606557,1.34507321936029,0.880404582537991,0,-0.2136369,1.350307,0.874405
"PZA03663.2",-0.644765812305701,1.56818427765918,0.681280735765249,0,-0.6420448,1.570734,0.6830391
"PZA03664.1",-0.680070712834225,1.25109943209879,0.587173560724441,0,-0.6846868,1.25407,0.5855297
"PZA03665.2",-0.388609550269016,1.42296230329946,0.784982855916122,0,-0.3823091,1.427098,0.7889835
"PZA03666.3",2.10329294004999,1.30103461963563,0.107108653532664,0,2.103308,1.297194,0.1060756
"PZA03667.1",0.944526268621737,1.35431070849094,0.486129995557657,0,0.9512058,1.354701,0.4831804
"PZA03667.2",0.068216627639058,3.61241581190139,0.98494743836565,0,0.08257609,3.622512,0.9818302
"PZA03668.1",1.79279105876604,1.35890182481711,0.188172225727208,0,1.807242,1.354299,0.1831647
"PZA03668.2",9.59279092587522,4.84409989089936,0.0486695344940845,0,9.611133,4.818055,0.04705338
"PZA03668.3",1.55257615558863,5.87917151624801,0.791916193284511,0,1.542707,5.888392,0.793525
"PZA03668.4",-5.7857539631677,4.30457647728972,0.180029927811805,0,-5.798863,4.294518,0.1780359
"PZA03669.1",0.428995112943752,2.88075394573947,0.881728155226997,0,0.415494,2.88694,0.8856679
"PZA03670.1",-1.18279293367657,1.43408062783776,0.41021713916395,0,-1.182042,1.436656,0.4113525
"PZA03671.1",-1.72222232753383,1.27673016625349,0.178472504575965,0,-1.748775,1.278596,0.1725171
"PZA03672.1",0.162666124908458,1.76376183843498,0.926585232366145,0,0.1670375,1.768451,0.9248175
"PZA03673.1",0.403061540957308,1.50686138615243,0.78929764419003,0,0.4244067,1.511502,0.7790874
"PZA03673.2",-0.197466349783374,1.6020993176318,0.901995733389364,0,-0.216304,1.606948,0.8930226
"PZA03675.1",-1.09890610232199,1.87540507402397,0.558386982971232,0,-1.09506,1.878396,0.5603888
"PZA03675.2",-0.22403893730349,4.02812326805708,0.955686109574654,0,-0.225207,4.038424,0.9555688
"PZA03676.1",0.821085414797073,2.16632393087254,0.704964732370972,0,0.8226839,2.170689,0.7049838
"PZA03676.2",5.0207808281691,2.11140194359806,0.0180959046379284,0,5.031379,2.091036,0.0167834
"PZA03676.3",3.36582479773702,4.55008173657129,0.46009809914902,0,3.437294,4.559682,0.4515896
"PZA03676.4",0.668333841103243,4.03251239689951,0.868486668888336,0,0.683772,4.042649,0.8658116
"PZA03677.1",2.05698191746979,1.58994236363985,0.196842601259373,0,2.056593,1.588145,0.1964224
"PZA03677.2",2.32213803976968,1.37500435614786,0.0923911170309447,0,2.331292,1.374118,0.09091301
"PZA03677.3",-3.2641666959325,2.22910540887436,0.14424762503247,0,-3.263252,2.22454,0.1435409
"PZA03677.4",1.0382510689903,2.98241895326315,0.728014503771615,0,1.027936,2.990444,0.7313052
"PZA03678.1",-0.877606916230931,1.98080918786643,0.658075731038153,0,-0.8777013,1.984624,0.6586568
"PZA03680.1",-0.420447281911062,1.36514961054853,0.758326804918344,0,-0.419329,1.368561,0.7595318
"PZA03683.1",-1.92294454015968,1.36506155224175,0.160061471082252,0,-1.979664,1.368049,0.1490201
"PZA03685.1",4.78767796945666,3.16396004960358,0.131383554379505,0,4.791413,3.159874,0.1305886
"PZA03686.1",0.463307300476151,1.65169487442059,0.779302399392532,0,0.474135,1.654775,0.7746923
"PZA03687.1",0.496542190468293,1.47302053834036,0.736306250097588,0,0.4899913,1.476035,0.7401697
"PZA03688.3",0.483470630496714,1.38657749288602,0.727597987938419,0,0.4786545,1.390817,0.7309948
"PZA03690.1",-0.929777091815609,1.42750691242981,0.515379820606117,0,-0.9575935,1.436185,0.5054852
"PZA03690.2",-0.258603322771309,1.42403391480841,0.856031597226322,0,-0.2531879,1.429194,0.859518
"PZA03692.1",0.810535855774389,1.43693388446273,0.573165743580354,0,0.8379246,1.445938,0.5627264
"PZA03693.1",4.45715453258162,3.30548116296449,0.178639042377034,0,4.462721,3.302246,0.1776756
"PZA03695.1",0.570134444815597,1.61452633211764,0.724264006005374,0,0.5723248,1.620706,0.7242602
"PZA03695.2",0.20877709838454,2.69523358440113,0.938312874607392,0,0.1911936,2.701502,0.94363
"PZA03696.1",-0.17593197292889,1.59473640833398,0.912236031815204,0,-0.1734177,1.601156,0.9138308
"PZA03696.2",4.957714379561,3.6247652172624,0.172516116069135,0,4.991938,3.620242,0.1690514
"PZA03696.3",2.44636884966889,2.73786295953869,0.372356344276661,0,2.452171,2.738684,0.3713683
"PZA03697.1",0.557687830560379,1.44211859105039,0.69926791140323,0,0.5563568,1.447139,0.7009411
"PZA03698.1",-0.738379238722265,1.32275669666377,0.57715516430808,0,-0.7347715,1.325873,0.579908
"PZA03698.2",1.57114038411366,1.54009544236162,0.308553515200654,0,1.569895,1.541087,0.3092472
"PZA03698.3",0.260800652610413,1.68200676823244,0.87689347791781,0,0.2556221,1.688132,0.8797534
"PZA03699.1",2.72219227866338,1.70635975556538,0.111793116391203,0,2.741446,1.705647,0.1091455
"PZA03700.2",-0.404391883112417,1.94406331724791,0.835372769812477,0,-0.3932817,1.94951,0.8402746
"PZA03700.3",0.273433389629654,2.97560638377214,0.926851269780976,0,0.2586733,2.983772,0.9309786
"PZA03701.1",1.85689622015808,1.3652903994758,0.174924415243232,0,1.860222,1.36229,0.1732126
"PZA03704.1",-0.177860775186953,1.51969925697782,0.906916612609695,0,-0.1792454,1.524646,0.9064983
"PZA03705.1",0.416654606922725,2.19313196533011,0.849464258194452,0,0.4272871,2.20306,0.8463575
"PZA03706.1",-0.525010435748862,2.22222356903283,0.813411660699024,0,-0.5445965,2.232892,0.8074928
"PZA03707.1",0.305057233899405,1.39866508614794,0.827508877150436,0,0.2976676,1.403676,0.8322156
"PZA03707.2",5.22479942815207,3.2668744100959,0.110900454442924,0,5.233379,3.255139,0.1090463
"PZA03708.1",-0.688501300254116,1.40340233097408,0.624106009943476,0,-0.6848033,1.407501,0.6269744
"PZA03708.3",5.69212231897526,5.28424197785513,0.282343729737825,0,5.775641,5.294239,0.2762623
"PZA03709.1",3.94533661643709,2.16471504491919,0.0694589391367669,0,3.949589,2.158204,0.06833109
"PZA03709.2",-2.97018587825295,2.81593958972454,0.292456901436953,0,-2.968485,2.818004,0.2930858
"PZA03710.1",0.190597125754187,1.68826575259758,0.910196297550626,0,0.1938333,1.694794,0.9090284
"PZA03710.2",1.93757233046099,1.88122696471908,0.303941121668487,0,1.935627,1.882058,0.304639
"PZA03710.3",2.48119697094293,2.53843286330389,0.32920749462594,0,2.490776,2.544857,0.3285672
"PZA03710.4",0.878628892060387,1.92285588949599,0.64807654708905,0,0.871734,1.927455,0.6514309
"PZA03710.5",-0.068425753305662,2.33922768644502,0.976685358389445,0,-0.07739735,2.347402,0.9737213
"PZA03710.6",-0.12300143042241,1.6341619007393,0.940055757535707,0,-0.1280038,1.63983,0.9378379
"PZA03711.1",-1.59482289288269,1.97885152114727,0.420980037819165,0,-1.604022,1.981966,0.4190401
"PZA03711.2",1.46037535175078,1.98471368172797,0.462474774308424,0,1.464084,1.985856,0.4615976
"PZA03711.3",6.56276921204179,3.13478192354669,0.03722083351766,0,6.620322,3.109549,0.03414361
"PZA03713.1",-2.34377216803198,1.5336676526325,0.127613011069716,0,-2.346039,1.529114,0.1261226
"PZA03714.1",-2.37207524047432,1.38360670234296,0.0875834211555557,0,-2.372094,1.378677,0.08646007
"PZA03714.2",-2.37004271537426,1.32975730204613,0.0758055701673843,0,-2.370274,1.324231,0.07457017
"PZA03714.3",-1.80151031542814,1.44780710844218,0.214451513047511,0,-1.804307,1.4452,0.2129203
"PZA03714.4",-2.40081958513109,3.29206790167242,0.466456987085934,0,-2.395858,3.295007,0.4677747
"PZA03716.1",4.10764314300473,3.09740991046138,0.185893016021784,0,4.133372,3.092217,0.1824289
"PZA03716.2",6.79479678742099,3.02679943114497,0.0255738138162449,0,6.812484,3.003225,0.02408376
"PZA03717.1",0.732623787920886,1.47913932073198,0.620782447858176,0,0.7286863,1.483438,0.623668
"PZA03718.1",0.665421449464556,1.51917719758732,0.661720965488468,0,0.6821641,1.52419,0.6548256
"PZA03719.1",-1.49896600247424,1.39475001023704,0.283445500845059,0,-1.500227,1.396833,0.2837584
"PZA03719.2",0.861696410513169,1.47499150180024,0.559563516764966,0,0.8723671,1.479554,0.5559347
"PZA03720.1",0.99731469538728,1.78675397826264,0.577183248987282,0,1.001318,1.791285,0.5766224
"PZA03720.2",2.41390944310599,1.60981492885912,0.134896557722899,0,2.433177,1.61121,0.1321562
"PZA03721.1",-0.230458093499724,1.31293991312842,0.86079419294441,0,-0.2408561,1.318124,0.8551478
"PZA03722.1",0.0644244995244691,1.855187832857,0.972322977039578,0,0.07961945,1.861081,0.965907
"PZA03723.1",1.93075939356336,1.30990063110696,0.141636559755371,0,1.932113,1.30852,0.140941
"PZA03723.2",-4.86441039113901,3.20415954169411,0.130128311096937,0,-4.86282,3.197076,0.1294078
"PZA03723.3",-1.11058581922878,3.71205247677722,0.765026642443717,0,-1.112881,3.721897,0.7651598
"PZA03723.4",0.659155003706159,3.73458915018902,0.860031530136031,0,0.6765065,3.747138,0.8568625
"PZA03723.5",-0.582709762963083,3.41929026090087,0.864806919347898,0,-0.581095,3.428519,0.8655374
"PZA03725.1",-3.84025647121928,3.33173456134263,0.250066965369633,0,-3.838404,3.327447,0.2496866
"PZA03725.2",-0.830517611127858,2.7424458042212,0.762242881769203,0,-0.84039,2.744174,0.7596505
"PZA03727.1",-0.130561874341561,1.3614164192072,0.923668907128851,0,-0.1221633,1.365419,0.9287742
"PZA03728.1",2.74979985436053,1.76211382242869,0.119793157264625,0,2.750307,1.757258,0.1187107
"PZA03728.2",-1.33823373103073,1.36789951823838,0.328782570891543,0,-1.420331,1.375019,0.3025364
"PZA03728.3",-2.81926409264783,1.67415527691093,0.0933220120705767,0,-3.061041,1.680132,0.06955952
"PZA03729.1",-0.975812389042055,1.33680015603639,0.466037443135833,0,-0.9734098,1.338751,0.4677838
"PZA03730.1",-1.69878067933671,1.52639343503571,0.266710653555872,0,-1.731538,1.528133,0.2581598
"PZA03730.2",2.79319094873441,2.21868170835302,0.209122897734823,0,2.794349,2.218088,0.2088134
"PZA03730.3",1.34437923440782,2.68361762318682,0.616802999656439,0,1.337272,2.688518,0.6193051
"PZA03731.1",-7.67468973269645,4.8747135520097,0.116551725295535,0,-7.793148,4.87416,0.111002
"PZA03731.2",1.44193073565804,4.31966999580103,0.738781458524158,0,1.483141,4.330059,0.7322206
"PZA03732.1",-1.40942466872811,1.39514342849227,0.313273323695549,0,-1.420134,1.393352,0.3089972
"PZA03732.2",1.33026706377062,1.62285381909186,0.413094761714481,0,1.33076,1.623719,0.4131704
"PZA03732.3",-2.41102891372635,2.08413376489554,0.248341456855854,0,-2.417198,2.081811,0.2466104
"PZA03733.1",-0.7626776149821,1.3819160984305,0.581467646446574,0,-0.779593,1.389289,0.5751572
"PZA03733.2",0.814391518361655,1.39292875336395,0.559256590847833,0,0.8427292,1.400895,0.5479611
"PZA03734.2",2.70571692788655,4.11249587009489,0.511138211538213,0,2.695783,4.122504,0.5137125
"PZA03734.3",-9.36181236508691,6.58880157195199,0.156492366265378,0,-9.360067,6.576687,0.1558102
"PZA03735.1",0.751129114319063,1.40085068490632,0.592258824605622,0,0.7694762,1.408482,0.5852933
"PZA03736.1",-1.20487945373651,1.3783738228846,0.382812357412927,0,-1.208641,1.380545,0.3820791
"PZA03738.2",-2.1250416690379,1.53486788450811,0.167328448612242,0,-2.136338,1.530644,0.1639312
"PZA03739.1",-0.0265568551027735,1.88087839065109,0.988745006383999,0,-0.008824699,1.886314,0.9962707
"PZA03741.1",-0.836699867635972,1.32471056327077,0.528168616293091,0,-0.8429027,1.328265,0.5262259
"PZA03742.1",-0.966824693040881,1.68453796411729,0.5664788388648,0,-0.9877267,1.692358,0.5599431
"PZA03742.2",-0.796845215435905,1.66741635394885,0.633107986304586,0,-0.8125227,1.674296,0.6278568
"PZA03743.1",-2.482340399275,1.53986285678115,0.108101639456577,0,-2.494366,1.532441,0.1047361
"PZA03744.1",-1.92115018193185,1.62509959006068,0.238161633040639,0,-1.924042,1.623097,0.2368806
"PZA03745.1",-1.36655235691739,1.25421030647376,0.276859077189068,0,-1.370359,1.253136,0.2751157
"PZA03746.1",-0.948922872258682,1.34811853085223,0.482101003144944,0,-0.9469252,1.349716,0.4835407
"PZA03746.4",5.60144081274984,3.32076205477258,0.0927811356312973,0,5.613387,3.31233,0.09126955
"PZA03746.5",4.20766927712033,3.52291911291159,0.233366130396548,0,4.210907,3.523524,0.2330875
"PZA03747.1",0.768240407342547,1.6543377287451,0.642744687352148,0,0.7651297,1.659014,0.6450243
"PZA03747.2",3.17075606035975,1.49347397154945,0.0346440977467702,0,3.174494,1.48139,0.03300072
"PZA03747.4",1.57789253391959,1.83704173165096,0.391129247520412,0,1.5806,1.839836,0.3910373
"PZA03747.7",5.78999941233392,3.09647918261121,0.0625688339438231,0,5.797632,3.080141,0.06086014
"PZA03748.1",-0.626270922166247,1.63969367372788,0.702799061835183,0,-0.6419978,1.645471,0.696721
"PZA03748.2",1.31477039718989,1.62586230571199,0.419412114586278,0,1.322916,1.626004,0.4165808
"PZA03748.3",3.16143311166969,1.43268398224028,0.0281679301224115,0,3.161519,1.422071,0.02701962
"PZA03748.4",-3.937259536498,3.01332039749989,0.192438019128714,0,-3.941168,3.008502,0.1912897
"PZA03750.2",-3.23143908251281,1.32504941226422,0.0153741887176186,0,-3.233354,1.314016,0.01448501
"PZA03751.1",-0.60349335871667,2.25686418516481,0.789359678460473,0,-0.6232016,2.26728,0.7836251
"PZA03752.1",-1.54046379376461,1.73800379917682,0.376211123837448,0,-1.541943,1.741385,0.3766801
"PZA03752.2",-1.05369184022235,1.81895619335915,0.562873642314176,0,-1.048667,1.823521,0.5657102
"PZA03753.1",-0.358561015008069,1.78884620599269,0.841283127588474,0,-0.3465098,1.794632,0.8470383
"PZA03753.3",0.614094896314756,2.25013095722373,0.785123993002296,0,0.6366891,2.259771,0.7783483
"PZA03755.2",0.191520002871837,1.53793023300699,0.900986160949241,0,0.2056653,1.542032,0.8939964
"PZA03755.3",-0.102428580110407,1.44913283038816,0.943701873416296,0,-0.1082601,1.45279,0.940652
"PZA03756.1",0.923943820248049,1.32711365110997,0.486890284572086,0,0.9212986,1.329758,0.489002
"PZA03756.2",1.93057288045551,1.33675105393719,0.149817424114514,0,1.930917,1.333887,0.1488759
"PZA03757.1",1.54135225136551,2.09231114253459,0.461950592252689,0,1.538243,2.094193,0.4632553
"PZA03758.1",2.3953757321328,1.74785618101017,0.171663496988892,0,2.394434,1.745721,0.1713094
"PZA03759.1",-0.29877437064839,1.79090100673291,0.867627583962671,0,-0.298275,1.796138,0.8682286
"PZA03759.2",-3.18972407196824,1.47093297034855,0.0309808119840352,0,-3.192516,1.462453,0.0298855
"PZA03760.1",-0.734463868236577,2.26620871772239,0.746114388972045,0,-0.7482294,2.272018,0.7421626
"PZA03760.2",2.37840465267476,1.63365102925368,0.146569812177496,0,2.378168,1.63154,0.1460899
"PZA03761.1",0.529737363535201,3.63165626855386,0.884133948729275,0,0.5426237,3.637174,0.8815148
"PZA03761.2",-1.14071728928824,5.92777838880061,0.847543332546346,0,-1.125555,5.94459,0.8499657
"PZA03761.3",3.59724587990454,1.75903197673261,0.0418086894049153,0,3.59744,1.748381,0.04057617
"PZA03762.1",-1.27603731500983,1.27835113304028,0.319067936703345,0,-1.297843,1.281487,0.3120665
"PZA03762.2",2.60195523516595,5.7507590109439,0.651299800881238,0,2.603789,5.758123,0.651487
"PZB00007.3",1.53807297748465,1.6806887252587,0.360920458801137,0,1.536858,1.681478,0.3615246
"PZB00008.1",1.63952357225134,2.11734322281698,0.439402969596383,0,1.636883,2.120438,0.4408062
"PZB00011.1",0.746007723847036,1.3811505445848,0.589542682119537,0,0.7472144,1.386456,0.590367
"PZB00011.6",-1.75443837617434,1.98491549734204,0.377532824451594,0,-1.752378,1.986034,0.3783608
"PZB00014.1",-1.50678524951156,1.73251491882919,0.385220237433476,0,-1.505315,1.73382,0.3860405
"PZB00017.1",4.32629199623642,3.38658654000896,0.202514663564181,0,4.343274,3.385932,0.2006668
"PZB00018.3",-1.90562097892185,2.26134976185551,0.400135796469373,0,-1.922143,2.267116,0.3972692
"PZB00018.4",2.6239012659922,1.36200336832681,0.0550760356086589,0,2.690507,1.363922,0.0495435
"PZB00023.1",-0.625631093089796,1.57098063153631,0.690761646554593,0,-0.6444331,1.576395,0.6830044
"PZB00033.1",-2.50410301635082,2.39952316716171,0.297597928864398,0,-2.502702,2.399621,0.2978876
"PZB00035.1",2.3579639678858,1.59241240032051,0.139822281604415,0,2.382302,1.595375,0.136521
"PZB00037.1",-0.356538009067712,1.55984299794703,0.819371302395527,0,-0.3493205,1.566478,0.8237038
"PZB00037.2",-3.24652289155486,2.37784373940068,0.173271676835393,0,-3.246354,2.374122,0.1726232
"PZB00037.3",-0.20851482729558,1.56937007755613,0.894397432336035,0,-0.198203,1.576306,0.9000308
"PZB00045.2",-1.46550362883021,2.08056993470677,0.481796848872804,0,-1.464593,2.083995,0.4827886
"PZB00045.3",2.50839944167292,1.3211520890775,0.0586616315370516,0,2.50803,1.315076,0.0575485
"PZB00054.3",-1.14125516569678,2.45453833881283,0.642331421574882,0,-1.134463,2.458831,0.6448898
"PZB00062.9",-2.72048742705826,3.55633501224915,0.444948125859122,0,-2.724939,3.558481,0.4444788
"PZB00063.2",1.2708561726885,1.96657574119778,0.518672638002139,0,1.297824,1.971536,0.5109108
"PZB00063.3",1.34935675011009,1.44124582731783,0.349972374549594,0,1.347676,1.443428,0.3512994
"PZB00063.4",-1.74372854341399,1.40306413571597,0.215003910522799,0,-1.743321,1.401909,0.2147341
"PZB00063.5",0.960866795157913,1.44576992881248,0.5068617238078,0,0.9602253,1.449928,0.5083631
"PZB00063.6",-1.31049657076398,2.26930660299385,0.564084290123843,0,-1.311914,2.27629,0.5648593
"PZB00064.1",3.02877049738497,1.68213613444595,0.0728734695892335,0,3.040488,1.673137,0.07027304
"PZB00068.1",-1.40222122064092,1.33927120871261,0.296020819250686,0,-1.417368,1.342791,0.2921088
"PZB00069.1",-0.153838449534423,1.29504894825858,0.905529027269794,0,-0.1659071,1.299648,0.8985153
"PZB00079.2",-0.711434703316848,1.28473099753912,0.580193617224744,0,-0.7081367,1.286951,0.5826004
"PZB00079.3",3.04281018607702,1.47025388233934,0.0394287960372889,0,3.047021,1.459986,0.03781034
"PZB00079.4",-1.70294028066543,1.89871160585402,0.370563602136749,0,-1.705103,1.89918,0.370075
"PZB00080.1",4.36438848685065,2.75633420258999,0.114483094636229,0,4.377216,2.750699,0.1126927
"PZB00080.2",-0.452531412199786,5.60611842531698,0.935722774120215,0,-0.4913374,5.633726,0.9305654
"PZB00081.2",-2.12400527906205,1.4592712049643,0.146668817693138,0,-2.152701,1.451115,0.1390961
"PZB00081.3",-4.11114977160246,2.18444312389942,0.060894078923951,0,-4.112347,2.173982,0.05959617
"PZB00081.4",1.4753111748239,1.50072059675928,0.326440962336582,0,1.494663,1.498532,0.3194416
"PZB00081.5",-3.35401667680541,2.47087841884634,0.175765172798521,0,-3.352668,2.467653,0.1753761
"PZB00083.1",-0.078996095371153,1.45563360495937,0.956760222707786,0,-0.07523488,1.461465,0.9589813
"PZB00083.3",1.09955815013289,1.82746965222729,0.547882408907952,0,1.095248,1.831959,0.5504296
"PZB00089.2",-0.388757168180628,1.35622807207998,0.774600120821466,0,-0.3845596,1.359611,0.777509
"PZB00089.3",1.03316008291451,1.71910810195241,0.548346072580098,0,1.029595,1.722502,0.5505124
"PZB00092.1",4.19504902622251,2.63874313824094,0.11303514374352,0,4.204195,2.630465,0.1111353
"PZB00093.1",-2.43378500323207,1.410797941967,0.0856347944312297,0,-2.4337,1.405902,0.084567
"PZB00093.2",3.82657128663623,1.5600770482446,0.0147981339983098,0,3.873343,1.538409,0.01238093
"PZB00093.7",-2.80848674929043,1.61267578783757,0.082716979731017,0,-2.82275,1.610036,0.08068215
"PZB00094.1",-0.940473102060164,1.23472780773318,0.446903390400802,0,-0.9397526,1.235782,0.4476386
"PZB00102.1",-0.63688380914823,1.73884908392414,0.714448168880641,0,-0.6441884,1.745627,0.7123905
"PZB00102.2",-0.949554377569622,1.83786612939485,0.605809338445746,0,-0.9489197,1.84358,0.6071666
"PZB00104.1",-0.0148765065861661,1.85036813327132,0.9935911230834,0,-0.005295404,1.852825,0.9977217
"PZB00104.2",-2.74255394309329,1.40563073093538,0.0520618419830115,0,-2.745599,1.400543,0.05096435
"PZB00104.3",-2.42766950385732,1.50957061387379,0.108946179960325,0,-2.45823,1.500076,0.1024158
"PZB00108.2",-2.55091245693334,2.41184047095764,0.291141047942868,0,-2.54977,2.412702,0.2915287
"PZB00108.4",0.341286543023487,1.38622505870828,0.805712901951388,0,0.3325061,1.389647,0.8110722
"PZB00109.1",1.15818263797064,1.30678219763782,0.376240681820601,0,1.156545,1.308212,0.377436
"PZB00109.2",-0.292944819743413,1.33099890207773,0.825961869942154,0,-0.2931941,1.33575,0.8264257
"PZB00112.1",-2.49331982857135,4.07291486439105,0.540932376908117,0,-2.523877,4.083791,0.5370736
"PZB00112.2",0.840459670609116,2.97700798316146,0.777913660297818,0,0.8304166,2.981828,0.7808444
"PZB00116.1",2.3517972161491,1.39292395706605,0.0924743552008498,0,2.351809,1.389025,0.09156591
"PZB00116.2",0.826915805730497,1.37623336006353,0.548433702719379,0,0.8270708,1.381164,0.5497866
"PZB00118.2",-1.66905219123549,1.3919970630921,0.231550529236686,0,-1.668118,1.391343,0.2315924
"PZB00119.1",0.766504218373314,1.34948438908275,0.570501584410482,0,0.7653754,1.351317,0.5715907
"PZB00119.3",-0.992468553986848,1.5847842408718,0.531673396754441,0,-1.004113,1.590103,0.5282554
"PZB00123.1",-0.0053664745674999,1.54609212614909,0.997233079760572,0,0.001519995,1.551955,0.9992193
"PZB00126.1",-0.510813255451124,1.27585958809609,0.68919752250913,0,-0.5223083,1.279949,0.6835413
"PZB00136.2",-1.71732934745735,2.06268666428718,0.405812825470151,0,-1.715547,2.064087,0.4066177
"PZB00139.1",1.60072454190142,1.44278472686585,0.268200813364932,0,1.605716,1.44431,0.2672188
"PZB00140.1",0.345070116612593,1.37263566427223,0.80169921131862,0,0.3424573,1.377223,0.8038118
"PZB00145.1",-0.947806250629707,1.7932971648847,0.597561335130641,0,-0.9437187,1.798644,0.6002275
"PZB00147.1",1.83111949985892,1.24661856595256,0.143015428915194,0,1.830544,1.24436,0.142419
"PZB00148.3",-2.37415529722089,1.59700874535487,0.138263286481479,0,-2.376828,1.595426,0.1374331
"PZB00149.1",-2.6604101251063,1.47139074700534,0.071688527554827,0,-2.6649,1.467373,0.07044742
"PZB00149.2",-2.20791686741257,1.53840102666289,0.152369918176988,0,-2.240371,1.539941,0.1468575
"PZB00153.1",1.00812788263574,1.55939585312955,0.518505676324058,0,1.0112,1.563545,0.5183448
"PZB00160.1",-2.18473207841922,2.59264598365789,0.400150771183998,0,-2.211907,2.598161,0.3953264
"PZB00165.2",-0.114208228564923,1.30965982571765,0.930572658801497,0,-0.1180109,1.314106,0.9285092
"PZB00165.4",-3.76400656111791,2.00298690527009,0.06127895256853,0,-3.772923,1.996777,0.05987958
"PZB00169.2",1.72041480182206,2.66339584456716,0.518853743951346,0,1.719227,2.667083,0.5197195
"PZB00174.1",0.0771330506890373,1.45168980148197,0.957664427370084,0,0.05721966,1.456514,0.9686915
"PZB00174.3",0.709256424284639,2.04204728642286,0.728612941291281,0,0.703682,2.045763,0.7311324
"PZB00175.2",0.188733983690182,2.19510726974268,0.931545594938277,0,0.2077777,2.20238,0.9249062
"PZB00176.5",-0.871783086660687,2.43688873610657,0.720810086250247,0,-0.8682381,2.444448,0.7227222
"PZB00178.2",-2.39163373867791,1.42846394152527,0.0952186479556322,0,-2.392719,1.423096,0.09383476
"PZB00182.3",0.912659936527597,1.33501897716206,0.494786107561289,0,0.915213,1.33592,0.4938722
"PZB00183.1",2.17876702287419,1.28437795637476,0.0909535075010575,0,2.178518,1.280324,0.08997679
"PZB00183.2",1.73211138455041,1.54357835677621,0.262785194437003,0,1.734473,1.544862,0.2625323
"PZB00188.1",-1.38184111253379,1.47372822210479,0.349250110492944,0,-1.384744,1.473375,0.3481249
"PZB00188.2",-0.421594882320902,2.10455929550622,0.841375372444178,0,-0.4240802,2.109971,0.8408566
"PZB00204.1",-3.17345834426336,1.28877600277372,0.0144174487405407,0,-3.18069,1.273525,0.01309239
"PZB00204.2",-1.32199984544462,1.3250082701594,0.319290836206208,0,-1.333663,1.324341,0.3148048
"PZB00213.4",-1.79755040787574,2.16560542127464,0.407235828190373,0,-1.852424,2.171,0.3942613
"PZB00219.1",-1.4186016384575,1.42830812159188,0.321486733618182,0,-1.419463,1.429714,0.3216688
"PZB00219.2",1.41144248998539,2.9083645065618,0.627848138251733,0,1.406421,2.912226,0.6295263
"PZB00221.2",1.21966071342179,1.27938035295173,0.341267472843301,0,1.227986,1.281971,0.3389632
"PZB00221.3",0.488375074144726,1.38845562312478,0.725303773841946,0,0.4956923,1.392594,0.7221528
"PZB00221.5",-0.47440589168654,1.42561335211422,0.739559966919426,0,-0.4730508,1.429464,0.7409513
"PZB00221.6",-6.66164093438804,5.8272383458345,0.253957535926125,0,-6.65706,5.82808,0.2543519
"PZB00221.7",0.822186777985511,1.51489120293883,0.587752412967969,0,0.8476572,1.517291,0.5768467
"PZB00223.1",1.17326861400552,1.36878284168977,0.392104446914783,0,1.182419,1.3715,0.3893669
"PZB00223.2",-0.258881551729316,1.67874684779071,0.877556741749014,0,-0.2585938,1.682259,0.8779451
"PZB00223.3",2.1043056156099,3.31356189966976,0.525920221373042,0,2.107891,3.320501,0.5260814
"PZB00226.1",0.450629730623171,1.91445375504056,0.814087362159503,0,0.437764,1.919414,0.8197606
"PZB00228.2",-0.318290263792971,1.41453468739978,0.822136018964604,0,-0.324719,1.419452,0.8192233
"PZB00228.4",-3.93807074435956,1.65924512279495,0.0183145481476845,0,-3.938071,1.645366,0.0173647
"PZB00228.5",-0.446284645538788,2.65124994114298,0.866447935360825,0,-0.4574778,2.659191,0.8635358
"PZB00228.6",1.08279128548,1.3642745777333,0.428071162241663,0,1.103467,1.368085,0.4206094
"PZB00229.1",1.66730410223105,3.03508891939651,0.583217679386055,0,1.660344,3.039649,0.5853531
"PZB00229.2",2.72881380895374,2.46534148289645,0.269320709515247,0,2.744091,2.462619,0.266128
"PZB00232.1",0.279850530006873,1.3437299640232,0.835177591322065,0,0.2679069,1.347424,0.842544
"PZB00232.2",0.264284952256221,1.53359810819111,0.863305323402348,0,0.2547542,1.537986,0.8685613
"PZB00235.1",-0.25050086917564,1.40128753408827,0.858254503131663,0,-0.2506236,1.405438,0.8586001
"PZB00235.2",1.45616685078025,2.6303483238427,0.580302520047054,0,1.451295,2.634555,0.5821723
"PZB00236.2",2.17143875561825,2.8336493746772,0.444154717295165,0,2.190413,2.834232,0.4402821
"PZB00237.1",-2.42132795670367,1.69637216055331,0.154615775897705,0,-2.422174,1.694951,0.1541281
"PZB00237.2",0.458931329641688,2.35484598978066,0.845625022244997,0,0.447151,2.358651,0.8497793
"PZB00257.1",-1.16533452520406,2.64100996893781,0.659383049606262,0,-1.222802,2.64503,0.6442319
"PZB00274.4",5.35222577288241,1.84765113117941,0.00407444912131869,0,5.420068,1.829605,0.003320098
"PZB00274.5",1.23576583670668,1.44675058909439,0.393758926255189,0,1.300902,1.45366,0.3716181
"PZB00282.2",1.20980991393421,1.54315859523007,0.433727355356705,0,1.223377,1.543417,0.4286721
"PZB00379.1",3.83963547595927,1.33606439294447,0.00437280667774425,0,3.839778,1.316062,0.003819399
"PZB00379.2",1.40883803635223,1.32258176353391,0.287715013134128,0,1.420942,1.321038,0.2830413
"PZB00393.2",-1.36112833282918,1.33256309030865,0.307948759243267,0,-1.359901,1.332913,0.3085111
"PZB00400.1",0.9166936312881,1.33306333112586,0.492248930495783,0,0.9768116,1.339386,0.4664425
"PZB00409.1",1.73771643848241,1.70248861217686,0.308300754958382,0,1.746315,1.701611,0.3056688
"PZB00416.6",8.83947137057396,3.66402724995072,0.0165005871423437,0,8.840278,3.630398,0.01552715
"PZB00425.1",3.18967400554019,1.74409467531865,0.0685101418902957,0,3.191186,1.738359,0.06747883
"PZB00451.1",-0.749657890343247,1.57293395173079,0.634027935234781,0,-0.7451157,1.578685,0.6373131
"PZB00451.2",-0.329107251692475,4.47939468290646,0.941484634160697,0,-0.2995481,4.489441,0.946851
"PZB00454.2",-4.79622835668548,1.979791216766,0.0160588690336669,0,-4.851454,1.968303,0.01432303
"PZB00454.6",4.31256726630278,5.79742956623712,0.457589067211818,0,4.40345,5.806951,0.4489191
"PZB00517.2",0.0772995380662347,1.36435309820853,0.954860080170731,0,0.06987175,1.367654,0.959292
"PZB00517.4",3.13562251578127,4.44204297902144,0.480852252331212,0,3.127842,4.447301,0.4824583
"PZB00540.1",-0.826351138375581,1.37896750908055,0.549498993378173,0,-0.8306114,1.383432,0.5487364
"PZB00544.1",-1.41671393854487,1.35252942855831,0.295812787188256,0,-1.417473,1.353931,0.2960539
"PZB00544.2",-0.498145326308217,1.45801770136403,0.732869176679932,0,-0.5049097,1.46211,0.7301116
"PZB00547.1",-1.91658812424668,1.47391192929709,0.194576801324158,0,-1.924196,1.474516,0.1929986
"PZB00547.3",3.3136130894433,2.02593723496572,0.103072534550128,0,3.330357,2.021479,0.1006046
"PZB00555.2",-0.941106587786614,1.75565909715309,0.592364573922135,0,-0.9540023,1.760267,0.5882834
"PZB00555.3",3.32666604311392,4.04716800636242,0.411806494594593,0,3.323058,4.048639,0.4124829
"PZB00562.1",-2.31963405749187,1.70136397356949,0.173876696934468,0,-2.368458,1.700751,0.1648712
"PZB00563.1",-0.989706145026279,1.33771355891573,0.46002499714792,0,-1.002985,1.341773,0.4553985
"PZB00563.4",-3.34964639731873,2.58746638481839,0.196559840272498,0,-3.377931,2.583507,0.1921396
"PZB00565.2",-0.734185254361569,1.58485783904945,0.643552983149477,0,-0.7408548,1.58956,0.6415319
"PZB00565.5",-2.30132995342742,2.64267439971745,0.384607278530746,0,-2.299463,2.645739,0.3855425
"PZB00579.1",0.708163970915128,2.90969956004641,0.807892803043354,0,0.6928668,2.915804,0.8123499
"PZB00591.1",-0.639677072859347,1.52729727423724,0.675668906075553,0,-0.6625615,1.531775,0.6656856
"PZB00592.1",-0.866538417262065,1.30760427499024,0.508085122410629,0,-0.8774483,1.310798,0.5038041
"PZB00592.2",-0.70536060223187,1.52112408733701,0.643223615610007,0,-0.7372861,1.525359,0.6292315
"PZB00595.1",2.43257915809292,1.83158786718214,0.185241774776682,0,2.432714,1.830357,0.1849231
"PZB00597.1",-2.51149963851455,1.88130093474419,0.182990922153147,0,-2.520188,1.881208,0.1814645
"PZB00597.2",-1.15353585874219,2.0007986373809,0.564725101839978,0,-1.154097,2.005744,0.5654959
"PZB00603.2",-0.852879622713124,2.40132499462374,0.722735161294015,0,-0.8819549,2.40733,0.7143775
"PZB00605.3",1.24953826795796,1.43180129984059,0.383588738005904,0,1.250137,1.433831,0.384034
"PZB00605.4",0.545435904050623,2.02540744984247,0.787903913015161,0,0.5393901,2.030613,0.7907245
"PZB00607.1",-1.30584345436396,1.48655746495913,0.380477588512806,0,-1.305852,1.487566,0.3807971
"PZB00619.1",1.40558458490729,1.74728201750195,0.421839982559064,0,1.404155,1.750451,0.4231511
"PZB00628.3",0.117299317314008,2.54856938494951,0.963323409007069,0,0.09489975,2.553614,0.9703822
"PZB00635.1",-2.05278092146962,2.11447211546313,0.332491989139429,0,-2.050412,2.115767,0.3333446
"PZB00643.1",2.41471088030239,1.40018470138908,0.0857334632307934,0,2.42646,1.392465,0.08253165
"PZB00645.1",0.434623094712485,1.59109025777253,0.784935574036434,0,0.4523137,1.596565,0.7771575
"PZB00648.3",-0.442060688413209,4.12114373205767,0.914656054419089,0,-0.4681369,4.133485,0.9099115
"PZB00648.4",-1.89930685266551,3.13012072817731,0.544496777421276,0,-1.899386,3.140923,0.5458641
"PZB00648.5",-0.332048074614969,1.38575747201825,0.810807996910416,0,-0.3348865,1.389107,0.809673
"PZB00659.3",0.866208508367687,3.26397179201311,0.790912596533757,0,0.8735042,3.271938,0.7896943
"PZB00665.1",-2.87001007003914,1.53258942925381,0.062180993153795,0,-2.876199,1.523687,0.06012863
"PZB00665.2",-2.11270683692067,1.27785132043421,0.0994094472704994,0,-2.113256,1.273492,0.09817572
"PZB00677.3",-3.1466349540236,2.2276857015226,0.158933775830168,0,-3.150414,2.225895,0.1581024
"PZB00677.4",-1.31077297289706,1.99078737007852,0.510821542959353,0,-1.306842,1.993678,0.5127005
"PZB00686.1",1.69723267363612,1.61375132871636,0.293849530382786,0,1.708903,1.612222,0.290093
"PZB00686.2",-0.575226141026968,1.83263114801651,0.753851064540971,0,-0.56862,1.836575,0.7570937
"PZB00700.1",0.420594451769584,2.6144575455655,0.872312328370243,0,0.4138755,2.621015,0.8746467
"PZB00711.1",1.51052316968913,1.83219204902897,0.410409560780089,0,1.54118,1.830775,0.4006238
"PZB00711.2",0.287300028702409,2.44381438885086,0.906500741764348,0,0.3243258,2.452345,0.8948826
"PZB00711.3",-1.43282783504693,2.38345308627219,0.548232884933253,0,-1.427334,2.387283,0.5504068
"PZB00718.1",1.42472097559458,1.48136284757898,0.337016300479963,0,1.45169,1.479158,0.3272465
"PZB00718.2",-2.70710078095735,1.63751491184659,0.0994402590354601,0,-2.74119,1.639356,0.0956434
"PZB00718.3",1.56334759929019,1.5405237531019,0.311088980523555,0,1.561706,1.54108,0.3117707
"PZB00718.5",-3.15906317192414,3.29776682748028,0.338937426496783,0,-3.221251,3.299776,0.3298249
"PZB00718.6",-1.41763162985162,1.56469722365985,0.3657264758875,0,-1.420419,1.56781,0.3657377
"PZB00724.1",0.895455941031122,1.36977629937101,0.513837736832571,0,0.8925195,1.371969,0.5158891
"PZB00728.1",0.179107766310354,1.33107421544984,0.893059495280231,0,0.1864556,1.335641,0.8890786
"PZB00728.2",0.357581332791187,1.4975230156665,0.811453230353248,0,0.3586596,1.501796,0.8114234
"PZB00736.2",1.87322761648556,1.36417740434004,0.170826672206736,0,1.882619,1.363634,0.1685303
"PZB00736.4",2.50504219296501,5.23361954022667,0.632573408621232,0,2.566753,5.224927,0.6236418
"PZB00750.2",-2.43759164531405,1.91963816821027,0.205226720007031,0,-2.436606,1.918722,0.2051937
"PZB00750.3",2.89500633569781,1.75594095749643,0.100356750165356,0,2.894608,1.750598,0.09937496
"PZB00752.1",1.27971100934894,1.4093024088412,0.364652018608228,0,1.27993,1.411053,0.3651645
"PZB00752.2",-2.96736955506437,1.8104325762943,0.102352800315807,0,-2.975368,1.806798,0.1007532
"PZB00761.1",0.799156721533724,1.36473718397754,0.558642765663393,0,0.8153588,1.37023,0.5522993
"PZB00761.2",-0.348500004758821,2.21949408989166,0.87534648388148,0,-0.344876,2.226798,0.8770336
"PZB00765.1",1.57511028735099,1.36130274646133,0.248255162063438,0,1.57408,1.361101,0.2484941
"PZB00769.1",1.84959374669692,1.44024191795359,0.200148252658106,0,1.852372,1.440479,0.199549
"PZB00769.2",1.13633754351609,2.23820975703403,0.612072660877042,0,1.17101,2.245208,0.6023984
"PZB00772.1",2.62020811894076,1.3756263430709,0.0578611479809592,0,2.622071,1.367594,0.05624119
"PZB00772.2",3.04877191964395,2.00844868434043,0.130174009271369,0,3.048091,2.004544,0.1295157
"PZB00772.4",-0.166611703445491,1.78340225532095,0.925635387083161,0,-0.16251,1.787234,0.9276161
"PZB00772.7",-1.54584034190423,1.48392862550818,0.298459099056398,0,-1.552463,1.482817,0.2960368
"PZB00777.1",-1.1301612845655,1.93307820006191,0.559268647701457,0,-1.131826,1.93624,0.5593322
"PZB00777.2",-1.55773801906075,1.56835723111468,0.321474635179994,0,-1.571902,1.570953,0.3179012
"PZB00781.1",-0.305043684687023,1.35173685568506,0.821627918739384,0,-0.3016831,1.354964,0.8239736
"PZB00793.1",0.799703843966497,1.2817807687044,0.53321190555915,0,0.7980751,1.283391,0.5345583
"PZB00793.2",0.13404843639844,1.46024165827777,0.926924973194217,0,0.1371819,1.464729,0.9254502
"PZB00801.1",3.03449965482478,1.40282286773804,0.0313953186588904,0,3.152954,1.382286,0.0233179
"PZB00806.4",0.818752689197275,1.94406858380967,0.673972641183433,0,0.8228855,1.948327,0.6730971
"PZB00806.6",-1.64588871519046,2.10493711032847,0.43493777927962,0,-1.653165,2.108418,0.4336715
"PZB00806.9",-1.33685974937884,2.37299704168348,0.573648168212014,0,-1.371681,2.378154,0.564559
"PZB00811.1",-8.49588609023382,2.5852024472613,0.00114723813033398,0,-8.543196,2.530734,0.0008425926
"PZB00811.2",-1.42223299749174,1.44070676117675,0.324426653209221,0,-1.437507,1.443413,0.3201734
"PZB00849.1",1.80929963872468,1.42435196029359,0.205069039856157,0,1.812064,1.42421,0.2043349
"PZB00849.2",1.67729835130682,2.6344416920584,0.524864343693524,0,1.691612,2.640568,0.5223023
"PZB00857.1",0.403359335209769,1.40799715138847,0.774729007886974,0,0.3984513,1.411545,0.7779417
"PZB00857.2",-2.17227123700205,1.56578289493646,0.166465857855274,0,-2.175434,1.56205,0.1648459
"PZB00859.1",2.51843444715587,1.4401197067199,0.081451042446386,0,2.531927,1.432331,0.07822452
"PZB00869.1",-1.02437047058752,1.38913293102142,0.4614997069798,0,-1.024763,1.392217,0.4623204
"PZB00869.2",2.00585450609296,1.37342569270468,0.145305130082245,0,2.066246,1.377459,0.1347551
"PZB00869.4",1.1714267450833,1.40999815836402,0.406809858174526,0,1.170233,1.412354,0.4080695
"PZB00872.1",-1.01742909863286,1.63762315652282,0.534929284803962,0,-1.036177,1.642808,0.5287393
"PZB00872.3",2.09046098870638,2.1589693326301,0.333764418844176,0,2.16784,2.15895,0.3162079
"PZB00878.1",1.19470340898035,2.07779552567313,0.565772568585651,0,1.19233,2.081454,0.5672261
"PZB00878.2",0.0620226411620375,1.73641034922181,0.971532520171507,0,0.04976966,1.742247,0.9772312
"PZB00878.3",0.784729684195258,3.69278575751025,0.831872295911379,0,0.7810428,3.697673,0.8328683
"PZB00895.1",0.43597757766946,1.64716856453058,0.791452640366409,0,0.4250701,1.651044,0.7970205
"PZB00895.2",0.0771156818755022,1.37966171792901,0.955466484235904,0,0.06758284,1.384812,0.9611119
"PZB00895.3",0.415574753382995,2.13982664588149,0.846155719329771,0,0.4176968,2.14863,0.8460056
"PZB00895.4",0.0638989729875598,2.81694274335853,0.981919006615729,0,0.06391041,2.826288,0.9819756
"PZB00901.3",-0.660885909616314,1.41834123595653,0.641616527185017,0,-0.6699576,1.422651,0.6380711
"PZB00901.4",0.677691190673205,1.38297279700426,0.624508363119106,0,0.6856417,1.388279,0.6217874
"PZB00901.5",1.08830597319336,1.35373466404361,0.422135141418765,0,1.100015,1.35714,0.4183339
"PZB00901.6",-1.3840356743288,1.55581717804825,0.37446772666842,0,-1.463789,1.561349,0.3493192
"PZB00901.7",-1.32084823630357,4.3948212790183,0.763988232381406,0,-1.293775,4.407632,0.7693388
"PZB00919.1",1.49100582448595,1.52159323936652,0.328000982868965,0,1.489706,1.522586,0.3287372
"PZB00919.2",3.44828255341553,3.19702763474929,0.281719061902498,0,3.447883,3.192603,0.2811097
"PZB00942.1",1.64751857437795,1.42781310908956,0.249556683648237,0,1.710945,1.433237,0.2336032
"PZB00954.1",-1.56780341974876,2.29578711875989,0.495244158605017,0,-1.570581,2.302055,0.495656
"PZB00959.1",1.94442141713651,1.45777123611967,0.183366676827901,0,1.969932,1.451834,0.1759432
"PZB00963.2",4.7218003127454,2.77040414150438,0.0894451391285433,0,4.749435,2.760618,0.08648435
"PZB00967.2",0.942363044316723,1.61175544040758,0.559243243559565,0,0.9538512,1.617623,0.5559031
"PZB00969.1",-3.08155748026626,1.40989355452392,0.0296865770994948,0,-3.147694,1.391316,0.02445689
"PZB00991.1",-0.94518240827028,1.70516261654708,0.579821356269418,0,-0.9572601,1.710004,0.5760733
"PZB01004.1",-0.450789581358475,1.71366970841298,0.792705795620284,0,-0.4884907,1.717757,0.7763362
"PZB01004.2",6.01272625023903,5.42299385891716,0.268511727981799,0,6.050694,5.438752,0.2668918
"PZB01009.1",-0.638143818726364,1.30517665894037,0.625280322285917,0,-0.635149,1.308505,0.6277802
"PZB01009.2",1.65558945834563,1.78264224170898,0.353847582280601,0,1.675762,1.785451,0.3487807
"PZB01009.4",-1.62255108997132,1.66118650548029,0.329558319050976,0,-1.623879,1.66108,0.3291324
"PZB01009.5",2.96405363486062,3.30384906425109,0.370425591458873,0,2.971652,3.305694,0.3694689
"PZB01013.1",0.791671816214634,1.94541972621663,0.684368737028549,0,0.7954877,1.949319,0.68353
"PZB01013.2",-2.12869693582231,1.32053807077725,0.108114878500688,0,-2.149544,1.314427,0.1031247
"PZB01013.3",1.04341775857028,1.33519965554605,0.435201138527925,0,1.042328,1.33767,0.4365274
"PZB01013.4",-3.25669419822974,2.03314029298228,0.110350956720199,0,-3.255373,2.027379,0.1094906
"PZB01017.1",-1.29469156115902,1.28349882000387,0.313998655338664,0,-1.37678,1.288404,0.2861934
"PZB01017.2",0.537126061169921,1.69284078502206,0.75126314090237,0,0.5410659,1.695401,0.7498655
"PZB01017.3",0.436800266655954,1.33556178655295,0.743877070365075,0,0.430712,1.338316,0.7478258
"PZB01017.4",1.25808327861002,1.29529271331011,0.332268800117765,0,1.259015,1.295327,0.3319241
"PZB01017.5",0.485009378981633,2.04376598625353,0.8125924023557,0,0.4726786,2.048331,0.8176713
"PZB01021.4",-0.636041517540778,2.74531480103382,0.816957519152192,0,-0.6295231,2.752521,0.8192666
"PZB01021.5",-1.67550063934229,1.6156094833771,0.300617437788371,0,-1.676936,1.616373,0.3004322
"PZB01022.3",0.924219219717516,1.34533933019971,0.492677277756721,0,0.9227986,1.348374,0.4943143
"PZB01022.4",-0.0654040048227847,1.47328793412668,0.964623295954941,0,-0.05037022,1.478115,0.9728403
"PZB01042.1",-3.35994795668409,2.36818712900011,0.157098231153302,0,-3.678382,2.370595,0.1218954
"PZB01042.2",0.725511622985874,1.82809166252048,0.691773522081013,0,0.7462205,1.832853,0.6842259
"PZB01042.3",-1.58700100590038,2.10215375665012,0.450933087571566,0,-1.583653,2.104333,0.4523559
"PZB01042.5",-1.98626592672209,1.7319078398185,0.252437562570906,0,-1.990226,1.73022,0.2510343
"PZB01042.6",1.23273808346934,2.72441021465879,0.651282067946611,0,1.226674,2.728952,0.6534236
"PZB01042.7",-0.425407470876265,1.78712585880937,0.812027968155482,0,-0.4237888,1.79204,0.8132338
"PZB01042.8",0.631547880137506,1.43939728765971,0.661182255292874,0,0.6728652,1.445694,0.6419954
"PZB01047.1",-0.765294556695354,1.2015674215907,0.524712930474039,0,-0.7634472,1.202821,0.5261446
"PZB01052.1",0.854690517371552,1.47239150275225,0.562069568680561,0,0.8509699,1.476503,0.5648576
"PZB01052.2",0.942116546883307,1.66718974682154,0.572473178751627,0,0.9382659,1.669904,0.5746652
"PZB01052.3",-0.816915541635616,1.46810041606379,0.578361581311133,0,-0.8126511,1.47229,0.581423
"PZB01052.4",0.795361400361925,1.46430620450703,0.587457078847106,0,0.7910433,1.4686,0.5905741
"PZB01057.1",-0.323029979092708,1.92240119323414,0.86667999464327,0,-0.3191482,1.926385,0.8685372
"PZB01057.2",1.05551008789497,1.55746472685187,0.498527170217175,0,1.059262,1.559422,0.497543
"PZB01057.3",0.533493253042098,1.88951069167874,0.777892400541713,0,0.5398626,1.892857,0.7756983
"PZB01057.4",-0.538227588116421,1.80933661653038,0.7663313355162,0,-0.5520908,1.814389,0.7611419
"PZB01062.1",-0.747559001164334,1.89053415801867,0.692839079701036,0,-0.7430917,1.893148,0.6949819
"PZB01062.2",-1.18418453184691,1.51295859681488,0.434482392651153,0,-1.228607,1.516883,0.4186688
"PZB01062.3",-0.0520511992772271,1.32311069104834,0.968647949416608,0,-0.04654881,1.326643,0.9720354
"PZB01067.1",-2.71382849759699,2.78216987480848,0.330204443061404,0,-2.71224,2.784438,0.3308806
"PZB01067.2",-2.30187108338917,1.81324419437014,0.205348302885138,0,-2.305845,1.810812,0.2039638
"PZB01077.1",1.88018125452472,1.34491553972329,0.163246101619674,0,1.928196,1.338185,0.1507537
"PZB01077.2",3.29525238199496,2.1348871785857,0.123857501155021,0,3.298726,2.131782,0.1229203
"PZB01077.3",-1.55985935942969,1.56000000306989,0.318236359233534,0,-1.565348,1.562104,0.3171905
"PZB01077.7",-0.368445133647796,2.03255752506154,0.856288345059785,0,-0.355387,2.03733,0.8616504
"PZB01080.1",1.5828050624759,1.57560404905532,0.315990114461403,0,1.588394,1.574041,0.313808
"PZB01080.2",4.49216257286138,3.13352292500862,0.152831654895194,0,4.504914,3.129766,0.1511851
"PZB01083.2",0.14421900933561,2.12626833434241,0.945972591587682,0,0.1377911,2.131902,0.9485134
"PZB01083.3",0.341458265110528,1.4130121522905,0.809229999710994,0,0.3341422,1.417158,0.813777
"PZB01083.4",0.498919629113092,1.43459872772943,0.728275102659399,0,0.4929239,1.438431,0.7321007
"PZB01092.10",4.25664191240792,4.27254252519322,0.319993897419489,0,4.334012,4.276846,0.3117792
"PZB01092.2",-2.21225216695805,1.3707381571847,0.107697303763609,0,-2.230505,1.365223,0.1034486
"PZB01092.3",0.522949868499793,1.79843989295821,0.771439762243149,0,0.5146324,1.802062,0.7754157
"PZB01092.4",2.8556609061918,1.73172146169086,0.10028746037251,0,2.857905,1.725642,0.09883807
"PZB01092.5",1.0115086870242,2.16957185399656,0.641424870816773,0,1.006707,2.17304,0.6435376
"PZB01094.1",0.425090065362496,1.46253327187863,0.771536392649929,0,0.4328108,1.46639,0.7680999
"PZB01094.3",-6.15418851954295,4.84960796081158,0.205515340346881,0,-6.172107,4.850356,0.2042722
"PZB01103.1",0.479492788724577,1.3122285294683,0.71509220464317,0,0.4863399,1.316627,0.7121275
"PZB01103.2",0.600677841351909,1.32884452415646,0.651604866827676,0,0.6384825,1.33488,0.6328131
"PZB01107.2",0.233518944428106,1.57608772469806,0.88232257751983,0,0.234322,1.58101,0.8822858
"PZB01107.5",0.992673746486121,1.28386662359437,0.44007602936591,0,0.9940073,1.284613,0.4397282
"PZB01107.6",-1.73815162101097,2.95335582600949,0.556658448181289,0,-1.745662,2.964858,0.556491
"PZB01107.7",-1.25616973314568,4.52184539577417,0.781375204889907,0,-1.251012,4.535867,0.7829063
"PZB01107.8",1.34349180259327,2.20752663665477,0.54329647669962,0,1.347187,2.21014,0.5426662
"PZB01109.1",3.17214952258968,1.44550420405076,0.0290393538782901,0,3.181345,1.437967,0.02776437
"PZB01109.2",2.63111509612336,1.27903487775339,0.040622120910935,0,2.640345,1.268768,0.03835978
"PZB01110.1",-0.306978317252673,1.4906919676217,0.83699845099359,0,-0.2977529,1.495033,0.8422842
"PZB01110.6",0.545008393578705,1.46383244721901,0.709945313789252,0,0.5432017,1.467939,0.7116357
"PZB01111.1",1.34553621115275,1.34157609814902,0.316768997860287,0,1.344078,1.342556,0.3176455
"PZB01111.3",1.31781519039338,2.11271409653716,0.53330766698422,0,1.314299,2.115431,0.5349244
"PZB01111.5",0.878755601630374,1.98583528874009,0.658467985068947,0,0.8767844,1.990035,0.6598592
"PZB01111.6",0.287205413343308,1.48696271288674,0.846985345859363,0,0.2852885,1.490866,0.8483871
"PZB01111.7",6.60590073584799,3.28329143190735,0.0452012393663293,0,6.756563,3.273662,0.03996715
"PZB01111.8",1.39427920791377,1.33479829318828,0.297146241692415,0,1.393,1.335698,0.2979139
"PZB01112.1",2.39773668853288,1.5152782853315,0.114717819473772,0,2.405513,1.509522,0.1121875
"PZB01112.2",-0.0670642586796299,1.7396073366065,0.969276142020325,0,-0.06925368,1.743243,0.9683398
"PZB01112.3",-0.867812770891422,2.11866623755186,0.682416976118098,0,-0.8761186,2.123977,0.6803031
"PZB01112.5",-4.65481437027932,3.23506828239023,0.151331158893057,0,-4.668518,3.231498,0.1496871
"PZB01114.1",0.576356884199481,1.43019029744801,0.687267529952331,0,0.5716047,1.433115,0.690311
"PZB01114.2",-1.16966977426901,2.24554212218024,0.602867397126208,0,-1.177363,2.25241,0.6015966
"PZB01114.6",0.520732225891458,1.45384452562416,0.720487385620141,0,0.5119719,1.458113,0.7257685
"PZB01115.3",-0.110507676743729,1.49472995047799,0.941118808339346,0,-0.1069087,1.498943,0.9431929
"PZB01115.4",1.32600011837603,1.40435451864509,0.345896164509633,0,1.330634,1.406187,0.3448439
"PZB01156.3",-2.17181045831237,1.75325171331137,0.216504596361494,0,-2.221175,1.75657,0.2071268
"PZB01178.1",2.04658372695592,1.40500508463954,0.146361316816221,0,2.06983,1.40633,0.1422236
"PZB01183.1",-3.15531131379548,4.38304778236017,0.4722064720302,0,-3.179311,4.390717,0.4696231
"PZB01186.1",0.479695042667004,1.22569784607974,0.695831748143122,0,0.4795235,1.228894,0.6966864
"PZB01186.2",0.00499826867296429,1.39404153638326,0.997141838548898,0,0.002636028,1.397601,0.9984965
"PZB01186.3",-0.628339445289493,1.28182272174069,0.624390210480396,0,-0.6243766,1.28437,0.6272603
"PZB01186.4",-9.37454825122511,6.5627882374769,0.154304194016733,0,-9.376104,6.550233,0.1534508
"PZB01201.1",-1.51391536172653,1.42354544251719,0.288499643948989,0,-1.534678,1.425775,0.2827034
"PZB01206.1",0.39262136218819,1.50296844978652,0.794110918902606,0,0.3833051,1.506868,0.799399
"PZB01206.2",-0.187436194993268,1.81616254912907,0.917876142525295,0,-0.2014859,1.82121,0.9119884
"PZB01222.1",0.900588519149971,1.33891484183495,0.50175229496028,0,0.9047884,1.341188,0.5004877
"PZB01223.1",-5.5501722965305,4.84934421219803,0.253406778804943,0,-5.599445,4.853188,0.2496013
"PZB01223.2",-1.19027801770779,3.20313987638647,0.710479915832657,0,-1.192427,3.20843,0.7104376
"PZB01223.3",0.462185478755007,1.37809436254032,0.737594983754401,0,0.4577078,1.382572,0.7408558
"PZB01226.1",-0.301077781320701,4.05320581634637,0.940840681205347,0,-0.3134309,4.063737,0.9385774
"PZB01227.1",-0.162155101446963,1.37093035251961,0.905931624589964,0,-0.1641527,1.37573,0.9051089
"PZB01227.3",0.354762432772039,1.72913528353921,0.837593563985972,0,0.370456,1.733485,0.8309354
"PZB01228.2",0.906987049873361,1.66865747801997,0.587197957427524,0,0.9038261,1.6708,0.5889787
"PZB01228.4",0.129828708940932,1.50554746087337,0.93134373830531,0,0.1495904,1.509862,0.9211507
"PZB01230.1",-0.577784304417905,1.82656210398289,0.751997907659573,0,-0.5700496,1.831057,0.7557921
"PZB01230.2",-1.22087434257272,1.27287811657575,0.338331415450369,0,-1.222089,1.272878,0.337852
"PZB01230.5",1.41421325898346,1.75068438607443,0.419903037942783,0,1.412237,1.75219,0.4209509
"PZB01231.1",-0.904057517644132,1.34696778519796,0.502671435098392,0,-0.9055421,1.350407,0.5030595
"PZB01231.2",-0.276124928142699,1.52564774823795,0.856510285811646,0,-0.2983071,1.530539,0.8456131
"PZB01231.3",0.690445350859216,1.38699268521569,0.619024094952811,0,0.6883735,1.390421,0.6209385
"PZB01231.4",-0.87613308913481,1.60565956619327,0.585748368522703,0,-0.8739059,1.608052,0.5872577
"PZB01233.6",1.20949523414994,2.85349391730499,0.671997077614058,0,1.23747,2.862158,0.6658231
"PZB01234.5",0.918675615101344,1.64316768342967,0.57655821405066,0,0.9495598,1.648537,0.565087
"PZB01235.1",0.500043728120757,1.31398133667806,0.703827455871274,0,0.5089625,1.319102,0.6999144
"PZB01235.2",-1.49288711589797,2.36659241009212,0.528685888768768,0,-1.558891,2.375957,0.5123035
"PZB01235.3",-0.714668516246385,3.39501265171429,0.833429690043142,0,-0.7829189,3.401107,0.8181117
"PZB01235.4",-0.868199934330884,1.83394504429946,0.636300749715059,0,-0.8656621,1.836554,0.637765
"PZB01238.3",-1.58261373890927,2.76560436319924,0.567622649422608,0,-1.581934,2.768991,0.5682624
"PZB01238.7",-2.89876449123986,2.78069582108086,0.298117306019031,0,-2.941278,2.788251,0.2924082
"PZB01261.1",-2.58016817472641,1.79141584767253,0.150925451015617,0,-2.587221,1.792112,0.1499737
"PZB01267.1",2.05499657961011,1.7212944829761,0.233562600275752,0,2.056374,1.722991,0.2337094
"PZB01267.2",2.28300195245712,1.38881513450021,0.101354342698468,0,2.288125,1.382864,0.09914489
"PZB01271.1",-0.242708027710729,2.56340080544445,0.924636583949165,0,-0.2502226,2.567111,0.9224225
"PZB01273.2",-0.178360311020649,1.37491629243466,0.896879587785456,0,-0.1878066,1.377995,0.8916923
"PZB01285.1",6.65141724337626,5.14572433495657,0.197234761195856,0,6.64954,5.144123,0.1972219
"PZB01285.2",-0.28457955953816,4.28598255719322,0.9471095899791,0,-0.2910989,4.298245,0.9460539
"PZB01292.1",-1.66028468464658,1.73895341914896,0.34054019878406,0,-1.67653,1.741632,0.336587
"PZB01292.3",-1.68260106449757,2.57479235882624,0.513988442354262,0,-1.696813,2.581663,0.511568
"PZB01301.5",-0.633187651659616,1.40152880916786,0.651782337246616,0,-0.6279683,1.404785,0.6552132
"PZB01301.6",0.124800885728629,1.29202034288358,0.92311975863617,0,0.1177723,1.295601,0.9276372
"PZB01301.7",-0.98896041136112,1.3440792109733,0.462487733884908,0,-0.9864447,1.345993,0.4642612
"PZB01302.1",-9.52000970889017,3.47594917437348,0.00657024908547164,0,-9.596995,3.44119,0.005660124
"PZB01308.1",-0.00455398235342276,1.69739603997404,0.997861292245334,0,-0.002438948,1.701983,0.9988577
"PZB01308.3",-2.2700843917635,1.72075647117376,0.18819149356043,0,-2.310621,1.72457,0.1814126
"PZB01325.1",1.36702694434801,2.02698637388578,0.500617076215357,0,1.362849,2.030061,0.5025733
"PZB01331.2",-1.27189683265744,1.91838043362153,0.507884377699141,0,-1.272795,1.923883,0.508799
"PZB01336.3",1.69016785880565,1.40124322583981,0.228784068094645,0,1.691027,1.401939,0.2287787
"PZB01336.6",-1.34519037034367,1.59933367715263,0.401028553020367,0,-1.343403,1.600798,0.4020839
"PZB01352.2",-2.93588377999227,1.70651167477823,0.0864886473821212,0,-3.013733,1.690528,0.07573957
"PZB01352.4",1.979711605519,1.74670919279368,0.258039099952327,0,2.043681,1.742421,0.2418555
"PZB01352.6",2.24958894713719,2.1129247703441,0.287958050093223,0,2.407571,2.110943,0.255066
"PZB01358.1",-0.973094801932353,1.51259672034749,0.520549771986514,0,-0.970246,1.514897,0.5224023
"PZB01358.2",1.28673507546045,1.51478866892265,0.396373306291868,0,1.289141,1.515074,0.3955808
"PZB01358.3",1.75792681905578,1.75814409393227,0.318252507601605,0,1.773971,1.75636,0.3133735
"PZB01358.4",1.95877324662722,2.7683369752751,0.479817968972599,0,1.955689,2.771796,0.4810566
"PZB01370.1",1.05214832578797,1.40292934879221,0.45391907066068,0,1.05088,1.405425,0.4552634
"PZB01370.2",-0.932438343449886,1.51472390555214,0.53868072501122,0,-0.9362655,1.51822,0.5379536
"PZB01376.1",1.10905644525839,1.37259337079384,0.41979109112693,0,1.107496,1.373905,0.4208879
"PZB01378.2",2.49413392848453,2.74227068567754,0.363878143268161,0,2.514592,2.744059,0.3602751
"PZB01378.3",0.206804493612412,2.01671118679557,0.918398771229397,0,0.2101959,2.021679,0.9172685
"PZB01378.4",2.17943165048181,1.47717112712066,0.141250776323316,0,2.183317,1.473091,0.1394541
"PZB01378.5",-0.0479784197941313,2.44470516135115,0.984356451274741,0,-0.05319411,2.450864,0.9826997
"PZB01385.2",0.248795566860549,1.59100100782913,0.87585121716843,0,0.2652035,1.596082,0.8681543
"PZB01385.3",-0.235409046037929,1.29808618964684,0.856226265646692,0,-0.2257863,1.301552,0.8624064
"PZB01388.1",0.768651918050008,1.28258351431783,0.549468248825576,0,0.799574,1.286494,0.5347782
"PZB01389.1",0.0442843389900945,1.33415192013147,0.973544945799521,0,0.05272211,1.338808,0.9686162
"PZB01389.2",-0.0416476809415046,4.23664273341553,0.992163795353554,0,-0.0370108,4.252394,0.993062
"PZB01394.1",0.132153757205236,1.56217371165444,0.932644299681046,0,0.162513,1.565741,0.9174096
"PZB01394.2",-1.85440726151006,1.31899415941019,0.160879275692287,0,-1.879701,1.321359,0.1560036
"PZB01394.4",-1.25369498645127,1.50972913482862,0.407029672063458,0,-1.254014,1.512536,0.4077807
"PZB01396.3",1.28976984936441,2.02846439575692,0.525414301986065,0,1.357,2.034234,0.5052814
"PZB01400.1",0.543464635208534,1.71578707213025,0.751679325195848,0,0.576926,1.721614,0.7378003
"PZB01400.2",-0.055300754729147,3.06168350431318,0.985602374511311,0,-0.04163346,3.071262,0.9891942
"PZB01400.3",-0.058610723278516,3.38992213622047,0.986218088713258,0,-0.04560569,3.398559,0.9893032
"PZB01400.4",0.338310026772112,3.44861354730781,0.921924373358689,0,0.3428526,3.45767,0.921086
"PZB01400.5",0.0842115059536197,1.86119692511093,0.963944276455509,0,0.1048062,1.866645,0.9552657
"PZB01403.1",2.90242267620731,1.30746648093226,0.0272452845988841,0,2.906254,1.300001,0.02618499
"PZB01403.2",0.548396835781547,2.3190282437585,0.813239239551288,0,0.5346183,2.324572,0.8182745
"PZB01403.3",1.67477865561398,2.48148267927765,0.500301739104523,0,1.68588,2.487101,0.4984392
"PZB01403.4",1.99143056019854,2.73890693945792,0.467791868577609,0,2.010336,2.743861,0.4643878
"PZB01403.5",4.48205578337948,3.56011091324363,0.209114422749113,0,4.482423,3.556205,0.208579
"PZB01412.2",4.02185325629408,2.8297971711066,0.1563807889657,0,4.020905,2.825843,0.1559013
"PZB01427.4",-1.90342618356175,1.84300368740361,0.302615333965362,0,-1.928494,1.847756,0.2975464
"PZB01427.5",-2.04758506340622,2.47697658304848,0.409156487107735,0,-2.073522,2.479046,0.4036478
"PZB01432.1",1.80202378266359,1.39645517134887,0.197990240044307,0,1.80128,1.395591,0.197898
"PZB01432.2",2.05427807231738,1.45451341408928,0.158982486994084,0,2.055217,1.453894,0.1586158
"PZB01432.3",0.677233473898961,1.57239956029042,0.66702466973429,0,0.6911032,1.578155,0.6617903
"PZB01432.4",-0.304288661211276,1.79046844134738,0.865175507919561,0,-0.2993221,1.796269,0.8677798
"PZB01436.1",2.49113426463609,1.42206344449673,0.0809313785189893,0,2.523567,1.41692,0.07601653
"PZB01436.3",-1.98451906773565,2.02697487667546,0.328416646175853,0,-1.991093,2.02938,0.3273921
"PZB01446.1",3.1687362377552,2.20552343293532,0.151936268622668,0,3.170646,2.203141,0.15125
"PZB01446.3",-6.4834786633495,3.85751633505356,0.0939531552293309,0,-6.484093,3.847268,0.09305454
"PZB01449.2",-0.140283748375281,1.36833997842305,0.918418038686645,0,-0.1441852,1.372076,0.9163849
"PZB01449.3",0.721337596526644,1.54883525223302,0.641779425701464,0,0.7172815,1.551482,0.6442185
"PZB01454.3",-1.71019063583072,1.35502549142881,0.207982596876773,0,-1.785626,1.345469,0.185567
"PZB01457.1",-0.899078639648991,1.30564848282711,0.491653258792077,0,-0.8974621,1.308135,0.493254
"PZB01457.3",-0.0605285570987113,1.34803946781912,0.964218785458171,0,-0.05946222,1.352985,0.9649771
"PZB01460.1",0.208898279157343,1.50871411306762,0.889977682340383,0,0.2121095,1.513038,0.8886145
"PZB01461.1",0.589694735686539,1.47147903344205,0.68891674723638,0,0.5914527,1.475754,0.6888945
"PZB01461.2",-0.0904259007419837,1.33672357311309,0.946115642980347,0,-0.1029869,1.340705,0.9388264
"PZB01461.3",-1.51039386273451,1.91126095158037,0.430059111861351,0,-1.508201,1.912059,0.4309203
"PZB01463.6",-2.79756799972677,3.15486893173252,0.375993203938594,0,-2.818144,3.158589,0.3730599
"PZB01463.7",5.50937026164573,4.81858291803505,0.253887525977617,0,5.535661,4.816279,0.2514079
"PZB01471.1",2.59767152767708,1.41483334498618,0.0674372028035823,0,2.673045,1.416772,0.06025593
"PZB01471.2",-2.77458596065819,2.40225237437391,0.249099334213366,0,-2.792543,2.398559,0.245332
"PZB01471.3",2.6530792118574,1.3330946982255,0.0475662808146168,0,2.707961,1.332564,0.04310367
"PZB01473.3",2.48037137328608,2.1321963188054,0.245722264879916,0,2.5032,2.126614,0.2401841
"PZB01475.1",1.47483801537496,1.27789317325978,0.249457916931078,0,1.477405,1.278509,0.2488644
"PZB01475.2",1.57269455155569,1.47076968583594,0.285875444395706,0,1.600697,1.474094,0.2784842
"PZB01479.1",4.72380372516892,4.84490087096309,0.330417654748214,0,4.910362,4.873116,0.3145149
"PZB01482.1",-2.50195451003298,1.59855926926027,0.118706385634034,0,-2.547172,1.596086,0.1116668
"PZB01482.2",1.77040044396407,2.29514311890826,0.441153410801154,0,1.768337,2.298137,0.4422799
"PZB01482.3",1.11028115036323,2.1861259977008,0.611948825721211,0,1.105383,2.189312,0.614035
"PZB01487.1",-1.13395509129109,1.4296526596796,0.428366090517171,0,-1.132406,1.432278,0.4298423
"PZB01487.2",-0.682347398766787,2.08020752205963,0.743147879118848,0,-0.6871465,2.086362,0.7421416
"PZB01549.1",-1.88560185945774,3.39208302427942,0.578744348695753,0,-1.962507,3.398776,0.5641327
"PZB01569.10",1.27997713335281,1.29821662614925,0.325027303586431,0,1.278513,1.298869,0.3258225
"PZB01569.11",0.0449631463344204,1.94800706336939,0.981601972109315,0,0.04005604,1.952599,0.9836481
"PZB01569.7",2.05280176710126,1.84669898706918,0.267281989141405,0,2.054144,1.847032,0.2670562
"PZB01569.8",0.59613435454051,1.3206973805448,0.652073849964508,0,0.5937435,1.323866,0.6541526
"PZB01569.9",-0.822137369908421,1.59987311110088,0.607752421968841,0,-0.8243459,1.60403,0.6077209
"PZB01612.1",-1.24463110937381,1.28385240094345,0.333175526851465,0,-1.272411,1.285468,0.3231246
"PZB01612.2",0.55076891848316,1.52721292522325,0.718648972257218,0,0.5442195,1.530397,0.7224087
"PZB01612.3",2.67405270864219,1.47019316925073,0.0700267054396423,0,2.684476,1.465558,0.06808025
"PZB01617.2",-0.878840916757787,1.36917281728911,0.521489493174823,0,-0.8789857,1.370626,0.5218623
"PZB01619.2",0.455845650205508,1.36640599601334,0.738929613378381,0,0.4542346,1.370597,0.7405855
"PZB01632.1",0.221717100310825,1.93055643512815,0.908651131453131,0,0.2451184,1.937332,0.8994102
"PZB01632.2",-2.00737438187651,1.39743482638881,0.15200918911627,0,-2.015355,1.395319,0.1497778
"PZB01632.3",-3.09558200991196,3.86104258855883,0.42339367846013,0,-3.127913,3.869449,0.4195838
"PZB01638.1",0.158353036304784,1.33425752856548,0.905613853662606,0,0.161413,1.339145,0.9041482
"PZB01638.3",0.352644142679322,1.32841956928147,0.790853642846614,0,0.352274,1.333194,0.7917989
"PZB01642.1",-0.132142083329043,2.27625879860461,0.953749274213319,0,-0.1324602,2.281423,0.9537429
"PZB01642.2",1.08624202740202,2.37109269929212,0.64723023651767,0,1.083491,2.375244,0.6486364
"PZB01647.1",1.27759316967605,1.53799103549366,0.406872236102463,0,1.277281,1.541592,0.4080819
"PZB01647.2",0.375938750610582,3.71539172956481,0.919478281120345,0,0.3727428,3.726365,0.9203948
"PZB01652.1",0.0848961749341169,1.3809167206666,0.951023252387921,0,0.08573901,1.38569,0.9507078
"PZB01658.2",-0.032836868243223,1.3833853573443,0.981079986815243,0,-0.02589706,1.387309,0.9851203
"PZB01662.1",-0.571623877653076,1.46366498975403,0.696438646548208,0,-0.570415,1.467078,0.6977185
"PZB01662.2",1.8070736685213,2.15210422218997,0.401821223113012,0,1.809183,2.155275,0.4019649
"PZB01683.2",-2.71037470979838,1.82033084812967,0.137651598540874,0,-2.710777,1.817605,0.1370068
"PZB01683.3",1.40964627723821,1.52520529882728,0.35617782165347,0,1.413937,1.527082,0.3553089
"PZB01689.1",-0.255493824602751,1.36944955626853,0.852138355428594,0,-0.2473866,1.373552,0.8572015
"PZB01689.2",-1.5139813893208,1.59975005473372,0.344785484349663,0,-1.516901,1.599209,0.3436943
"PZB01725.1",-1.65161493368507,1.30709684026271,0.207456623874952,0,-1.659631,1.308894,0.205887
"PZB01725.2",-0.182293032323196,1.45889261585428,0.90065237134862,0,-0.1799483,1.46347,0.9022289
"PZB01728.5",-3.63762293642423,4.12931689354076,0.379129881780439,0,-3.637696,4.130991,0.3793133
"PZB01728.6",1.00792868110711,1.61252186546422,0.53244953313812,0,1.011012,1.61685,0.5322963
"PZB01728.7",1.29892118837058,1.54746522719966,0.401984292673925,0,1.300645,1.54967,0.4020303
"PZB01856.1",-1.65903880750962,1.33037050802744,0.213443992483623,0,-1.667308,1.327236,0.2101041
"PZB01856.2",1.85284419130092,1.90263748606956,0.331000217554295,0,1.852648,1.904811,0.3316024
"PZB01856.4",-0.124447877192542,2.52528278118225,0.960731448316614,0,-0.1243183,2.533833,0.9609046
"PZB01867.2",1.63153925995833,1.37679461662132,0.237033425166522,0,1.633876,1.375154,0.2358071
"PZB01867.5",-0.410779756848618,1.51654867454424,0.786698899979599,0,-0.4100744,1.520841,0.7876428
"PZB01869.1",-2.50588251419323,1.55635861376107,0.10852891690159,0,-2.506025,1.551653,0.1074468
"PZB01869.2",4.81964180546266,2.75464145646991,0.0812992772928345,0,4.857822,2.741769,0.0775418
"PZB01869.4",1.71224006118013,1.51541154213818,0.259513018397155,0,1.711325,1.514914,0.2596108
"PZB01872.1",-0.623265406926312,1.30484616153271,0.6332770744669,0,-0.6312205,1.308192,0.6298263
"PZB01872.2",3.77216507473309,3.61943093502831,0.298238390491484,0,3.797211,3.624189,0.2956814
"PZB01877.1",0.271345118379702,1.55827609439299,0.861890620508564,0,0.2706921,1.562212,0.8625633
"PZB01881.10",8.98031740312474,2.9325932292083,0.00241528653055422,0,8.98745,2.883662,0.002023471
"PZB01881.11",5.9278888739949,2.63960624077941,0.0255173454746398,0,5.938173,2.617636,0.02407539
"PZB01881.12",1.75968115872737,3.52426458831681,0.617965552629981,0,1.78058,3.538317,0.6152083
"PZB01883.1",1.18197939847338,1.81747315477384,0.516016156096643,0,1.189739,1.820823,0.5140417
"PZB01883.2",0.165902951046457,1.37336946150927,0.903938031828126,0,0.1644024,1.377237,0.9050687
"PZB01883.3",-0.774849072874732,1.77821780845514,0.66336501740585,0,-0.7765565,1.781858,0.6633156
"PZB01883.4",-0.597417816167297,1.85774820261242,0.748014794457881,0,-0.5958671,1.862633,0.7492835
"PZB01892.1",-8.92600505519563,2.83912894119737,0.00185021743100307,0,-8.932625,2.794624,0.001554716
"PZB01899.2",0.748445609331884,1.27896209750979,0.558896444202228,0,0.7547959,1.282687,0.5567157
"PZB01899.3",-1.36718114655055,1.33578418594013,0.306972138697937,0,-1.377003,1.338601,0.3045332
"PZB01913.1",0.63445707859901,1.32541816403796,0.632544874629661,0,0.6438652,1.329891,0.628667
"PZB01913.2",3.86380155394105,2.37614478090795,0.105082165851018,0,3.862513,2.36926,0.1041953
"PZB01915.1",-0.858485602301689,1.52497616513863,0.57392915086327,0,-0.8706891,1.528635,0.5694253
"PZB01919.1",-2.24538228350797,1.3803711600666,0.104960673204268,0,-2.25122,1.374268,0.1025437
"PZB01919.2",0.0486975626322601,1.524240383195,0.97453618779885,0,0.05801384,1.528617,0.9697537
"PZB01933.1",0.890405847403341,1.43059680365459,0.534195386041186,0,0.8922917,1.433555,0.5341748
"PZB01933.2",-2.73401239054266,2.07200077741082,0.188102306689539,0,-2.734512,2.069181,0.1874228
"PZB01937.1",-2.30390438165501,1.38801503432878,0.0980875322282378,0,-2.311432,1.381998,0.09556135
"PZB01937.2",1.0824384081819,2.06208480900144,0.600060281438541,0,1.077658,2.0653,0.6022363
"PZB01937.3",-1.21510588597489,1.86298302683676,0.514795272524012,0,-1.211524,1.865668,0.5166379
"PZB01940.1",1.46786987084944,1.48042405644396,0.322306583634594,0,1.467254,1.480598,0.3225661
"PZB01947.1",1.11485475672823,1.60243015211162,0.48718915359271,0,1.11275,1.605018,0.4887121
"PZB01957.1",2.67101066547676,3.05878256313111,0.383304146570477,0,2.800018,3.063913,0.3615887
"PZB01957.2",2.57386464038191,2.1218363073309,0.226160647048881,0,2.586941,2.12406,0.2243011
"PZB01957.3",-0.612471095925543,2.01466630201833,0.761353887090894,0,-0.6423558,2.019165,0.7506291
"PZB01960.1",-2.38139372819798,2.32073494408561,0.305731694000265,0,-2.379034,2.321245,0.3063162
"PZB01963.1",0.732063115059529,1.51707799198985,0.629801911276465,0,0.7454707,1.523146,0.6249302
"PZB01963.2",-0.567532528766009,2.04128942512905,0.781201705308185,0,-0.572868,2.047913,0.7798937
"PZB01963.3",-0.908768397726157,1.54041927671051,0.555711207808482,0,-0.9264355,1.546814,0.5497136
"PZB01963.6",-0.380117811352041,1.7353766442828,0.826781552697308,0,-0.3903349,1.740889,0.8227565
"PZB01964.1",-0.211912345852314,1.41076149183782,0.880708410032196,0,-0.2027256,1.414648,0.8861549
"PZB01964.3",2.67074471674555,1.73376567645848,0.124609615818983,0,2.702413,1.734226,0.1203207
"PZB01964.4",-1.32695567896788,2.38289300885508,0.578072517125112,0,-1.377817,2.389937,0.5647454
"PZB01964.5",-1.91908215959993,1.80722249411267,0.28921799546822,0,-1.92353,1.808494,0.2884422
"PZB01969.1",3.48559570527366,5.85748551743589,0.552289874954202,0,3.540759,5.869043,0.5468121
"PZB01969.2",2.5432791430315,2.33865899446491,0.277773948577177,0,2.552184,2.33902,0.2761725
"PZB01969.3",-0.675097488403244,2.10853357044111,0.749080500196685,0,-0.6974613,2.115352,0.741868
"PZB01969.4",-4.02318202779783,5.63724299920072,0.476033138058645,0,-4.032528,5.642207,0.4753982
"PZB01977.1",2.01619736710073,1.48454363075654,0.175540933668278,0,2.017945,1.48164,0.174327
"PZB01977.10",2.56118538544625,2.98801824690312,0.392110032859092,0,2.557505,2.989665,0.3930503
"PZB01977.11",0.209109385255223,1.34151621479821,0.876246008046858,0,0.2102981,1.347068,0.876057
"PZB01977.2",0.106601768824116,1.32190020737394,0.935784877206101,0,0.1047014,1.32711,0.9371743
"PZB01977.3",-1.71093090229303,1.31615510711557,0.194711884689027,0,-1.726798,1.312494,0.1893874
"PZB01977.4",-0.5513761648237,1.43129180175207,0.700366090999092,0,-0.5799967,1.437445,0.6869015
"PZB01977.5",-1.71287746491343,4.33323894536064,0.692937903221387,0,-1.732923,4.336535,0.6897551
"PZB01977.6",-0.793465236482991,1.99299269207008,0.690846220520378,0,-0.7856761,1.997705,0.6944116
"PZB01977.7",-1.3302282149085,1.65248366612336,0.421525017977439,0,-1.330848,1.653418,0.4215713
"PZB01977.9",0.243398762053975,1.3779757462034,0.859925579153338,0,0.23969,1.382289,0.8624645
"PZB01979.2",1.09569006352483,1.31811169055618,0.406552042730384,0,1.109292,1.321042,0.4018033
"PZB01979.3",-0.839592911848523,1.50830905681731,0.578224250102218,0,-0.8364196,1.510721,0.5802659
"PZB01983.1",-4.27347060104316,2.12606501983057,0.0454072351826692,0,-4.310331,2.119047,0.04290573
"PZB01983.2",-6.68506595723027,2.57679420733738,0.00998743054607337,0,-6.730159,2.556509,0.00895531
"PZB01987.1",1.1539819111308,1.96143273678231,0.556791276625957,0,1.153326,1.965216,0.5577745
"PZB01993.2",2.14404190103947,1.38232586539355,0.122046480962202,0,2.143941,1.378818,0.1211213
"PZB01993.3",-1.14804726951401,1.71063171816899,0.50270642804894,0,-1.145091,1.71257,0.5042886
"PZB01997.1",1.88503116295846,1.55519233042581,0.226522549843093,0,1.911686,1.557236,0.2206452
"PZB02002.1",1.86431621662499,1.79237562344952,0.29919319455102,0,1.866524,1.794366,0.2991576
"PZB02005.1",-2.45434115999373,1.283244350911,0.0568409570971901,0,-2.460058,1.275794,0.05485637
"PZB02005.2",-0.077896065116689,3.13682171651723,0.980206404290585,0,-0.06552909,3.146998,0.9834022
"PZB02013.1",-2.26073111273101,1.75401065589293,0.198522594405926,0,-2.260222,1.752225,0.1981677
"PZB02013.2",2.44421274062949,1.72125673830732,0.156739707789761,0,2.445187,1.720503,0.1563944
"PZB02013.3",2.47363626304,1.71372150638467,0.150041819379848,0,2.477317,1.713679,0.1494285
"PZB02017.1",1.7684466769078,1.64318529771905,0.282770732717951,0,1.767187,1.644326,0.2834463
"PZB02017.2",-1.76199489636886,1.98389142218985,0.375238586513531,0,-1.765461,1.986038,0.3748171
"PZB02017.3",-2.36976085617344,1.99471662756458,0.235854762918677,0,-2.368363,1.993767,0.2359079
"PZB02017.4",-5.51563050580988,5.32162282898527,0.300903059464828,0,-5.512959,5.324748,0.3014201
"PZB02020.3",2.42119553812865,5.18121011029362,0.640654447085093,0,2.411485,5.189531,0.6425277
"PZB02023.1",0.21058985501172,1.34590475113982,0.875780048530502,0,0.1972663,1.349942,0.8839266
"PZB02029.1",0.739774120748429,1.23025232067115,0.548124676701732,0,0.7399996,1.232829,0.548839
"PZB02033.1",-2.82297771096695,1.33071450157535,0.0347859255993396,0,-2.83871,1.318561,0.03220074
"PZB02033.2",-2.47605553786979,1.63148750412847,0.13025115798093,0,-2.490843,1.624423,0.1263384
"PZB02035.1",-1.16673813860217,1.43423880081892,0.41664382755801,0,-1.167153,1.437156,0.4174239
"PZB02035.2",-0.687977022184632,1.66547449636548,0.679869839269272,0,-0.6828892,1.668619,0.6826729
"PZB02035.3",0.494060893847198,1.51078422716875,0.743900323773827,0,0.491466,1.515871,0.7460238
"PZB02035.4",-0.380713694922635,1.58260503091075,0.810074956399332,0,-0.3880407,1.588072,0.8071449
"PZB02040.1",1.41131075524064,6.47261948584651,0.827557739840497,0,1.460661,6.484468,0.8219485
"PZB02044.1",0.553009204027637,1.76214602305207,0.753891137458697,0,0.5494525,1.766872,0.7560563
"PZB02044.2",-0.627999468012668,1.29664202163597,0.628540325418889,0,-0.6373025,1.300654,0.6245359
"PZB02044.3",-1.68772398898489,1.57309642763162,0.284274567601462,0,-1.687074,1.572882,0.2843942
"PZB02053.1",0.766709864012623,2.13973100712879,0.720379251780739,0,0.7584343,2.143946,0.7237936
"PZB02053.2",0.476281652735887,2.15232607446373,0.825033836918443,0,0.486752,2.156529,0.8215945
"PZB02053.3",4.18615219322749,4.71320633211011,0.375225614619837,0,4.18134,4.716748,0.3761321
"PZB02058.2",0.631894439146355,1.28722970548454,0.623893742073609,0,0.6283267,1.289886,0.6265641
"PZB02058.3",-0.25872163180898,1.29810619981353,0.842170438245328,0,-0.2760812,1.302302,0.8322687
"PZB02059.1",0.338956722161031,1.28856484993222,0.792709889872404,0,0.3307281,1.291519,0.7980836
"PZB02059.3",-1.4386440217917,1.90216841008412,0.450108387255832,0,-1.435967,1.904719,0.4515569
"PZB02070.1",1.56270029795426,1.22919242319383,0.20469199676275,0,1.620919,1.225036,0.1868851
"PZB02076.1",2.04270249976129,1.72608822083441,0.237664979086888,0,2.055337,1.728192,0.2353517
"PZB02076.3",-1.00447249961486,3.39311934768338,0.767429748085248,0,-1.050856,3.401711,0.7576173
"PZB02080.1",-3.47012277349179,1.72242241710184,0.04491543303056,0,-3.470162,1.712347,0.04367665
"PZB02080.2",-1.42212467795636,4.26575376126937,0.739101068246439,0,-1.416545,4.273649,0.7405502
"PZB02095.2",-0.717011238526157,3.71565205103569,0.847125028427804,0,-0.7283742,3.721714,0.8449827
"PZB02095.3",-1.16590314843259,2.89812132598215,0.687779717923596,0,-1.161554,2.901665,0.6892429
"PZB02099.2",0.236040650322291,3.46332281461034,0.945712442962789,0,0.2590448,3.473293,0.9406018
"PZB02107.1",0.359952975351992,1.76865620001123,0.838881416697915,0,0.3612704,1.775294,0.8388961
"PZB02114.1",0.83716869402586,1.66500141154142,0.615506262548736,0,0.8395167,1.671256,0.615841
"PZB02114.2",1.56567031088595,3.48101137701139,0.653228622185578,0,1.554093,3.487909,0.6562627
"PZB02114.3",-0.2042853272774,1.72804850842535,0.905982054433368,0,-0.2002845,1.734509,0.9081568
"PZB02119.1",0.881960220388446,4.1048806599853,0.830039040275313,0,1.007183,4.125638,0.8073146
"PZB02122.1",-2.27034046489177,1.45688493595076,0.120303930254786,0,-2.273609,1.454361,0.1191353
"PZB02139.1",0.944662310051274,1.32593578297487,0.476792694098439,0,0.9470767,1.328572,0.4765432
"PZB02144.4",-0.195406631616139,1.69275278064987,0.908183152383493,0,-0.1731358,1.698824,0.9188986
"PZB02144.5",-1.31525284962239,1.89825241267196,0.488974444386778,0,-1.317552,1.899666,0.4885391
"PZB02145.1",0.272704789070723,1.3883108198727,0.844419851128381,0,0.272559,1.392077,0.8449173
"PZB02145.2",0.27830524374421,1.25996951982942,0.825348412360695,0,0.2739725,1.263237,0.8284623
"PZB02145.4",3.19145497550668,5.91302957003253,0.589819792138238,0,3.178629,5.921976,0.5918749
"PZB02151.1",-1.33280116231329,1.35941931461861,0.327743972022677,0,-1.334112,1.361212,0.3279056
"PZB02151.2",-2.11744363410437,2.17330057493205,0.330767671112067,0,-2.13096,2.173502,0.3277405
"PZB02155.1",-3.40648227465157,1.34812058836206,0.0120726498147459,0,-3.421714,1.338715,0.01112921
"PZB02155.2",3.32043435636236,2.32389476121754,0.154194095143395,0,3.331157,2.322628,0.1526501
"PZB02159.1",1.36040959060869,1.49900497179402,0.364917853561129,0,1.362816,1.499005,0.3640716
"PZB02159.2",1.74979057677335,1.41572021734925,0.217527499832657,0,1.749,1.414852,0.2174534
"PZB02161.1",-0.188634307051448,1.80308305281388,0.916755750292717,0,-0.190548,1.80815,0.9161491
"PZB02167.1",-0.292987361049487,2.62535723921318,0.911223036345712,0,-0.2825863,2.630784,0.9145382
"PZB02167.2",-2.54301410561037,2.89819627305371,0.381012506373777,0,-2.627609,2.907539,0.3669363
"PZB02171.1",0.0282585255703982,1.38426561735288,0.98372790013394,0,0.03403367,1.388813,0.9804672
"PZB02179.1",-1.82579090880938,1.42547690304132,0.201337108862117,0,-1.825072,1.424415,0.2011792
"PZB02179.2",-1.98280011826128,1.46066164323796,0.17574983645792,0,-1.98217,1.459175,0.1754483
"PZB02179.5",1.92952176893933,1.39312996516618,0.167171010620084,0,1.931182,1.392705,0.1666784
"PZB02189.1",-0.33493009056115,1.45581161533759,0.818213569820437,0,-0.341565,1.461875,0.8154323
"PZB02189.5",0.523838857128626,1.45360415285582,0.718846286673917,0,0.527174,1.459214,0.718174
"PZB02189.6",1.4601890915444,1.449993919341,0.314808265872801,0,1.462829,1.452407,0.3147389
"PZB02194.1",-0.71458700929105,1.38856273267957,0.607230996837398,0,-0.7119891,1.391426,0.609275
"PZB02209.1",-0.841705016583834,1.55687173438934,0.589195888379921,0,-0.8443369,1.558702,0.5884706
"PZB02209.2",2.76928383881615,1.93676467964278,0.153899185250589,0,2.770542,1.932817,0.1528774
"PZB02209.3",-2.60937872107829,4.26055636212803,0.540747852090706,0,-2.608871,4.269901,0.5417121
"PZB02215.10",-5.2943140481856,4.02457429771873,0.189442735896312,0,-5.291811,4.0206,0.1892155
"PZB02215.3",-7.56013527130947,3.10736800324229,0.0156155557403139,0,-7.579717,3.083875,0.01459639
"PZB02215.4",0.863690910153179,1.39355087388542,0.535919604529865,0,0.8662726,1.396675,0.5356158
"PZB02215.5",-0.763472314456115,1.32964087636727,0.566307343028956,0,-0.760861,1.332452,0.568452
"PZB02215.7",-0.17704112664848,2.2480271517215,0.937285777491475,0,-0.1664317,2.253408,0.9411775
"PZB02215.9",6.35159641224795,3.23595182484145,0.0506784839757171,0,6.389679,3.2266,0.04866851
"PZB02227.1",0.29598428657548,1.51535430812748,0.845284474032209,0,0.2932133,1.519185,0.8470965
"PZB02227.2",-0.631944741165956,1.3992474282196,0.651891477261952,0,-0.6275825,1.402247,0.6548281
"PZB02227.3",-0.755400975719291,2.08244256840344,0.717073120711656,0,-0.7530311,2.087562,0.7185846
"PZB02227.4",0.180423955124813,1.82108113286318,0.921151016842977,0,0.1891382,1.826418,0.9175967
"PZB02235.2",4.82837152721234,5.46072943422872,0.377363990839026,0,4.822311,5.467703,0.37857
"PZB02235.3",-1.03052129053559,2.37455508439718,0.664640852305178,0,-1.02899,2.377725,0.6655277
"PZB02235.5",-1.07376778231572,1.87155847368867,0.566621676401814,0,-1.069577,1.874611,0.5687658
"PZB02283.1",1.97059220746136,1.53940324951496,0.201592182341095,0,1.969682,1.538414,0.2015111
"PZB02366.1",0.890698680197777,2.77038446198407,0.748071141584359,0,0.8807148,2.775643,0.7512567
"PZB02366.2",4.54889363649423,1.98669427115472,0.0228003035481878,0,4.57084,1.968927,0.02099418
"PZB02366.3",-5.68506532494228,5.30735993108086,0.28503725131863,0,-5.682488,5.312027,0.2856777
"PZB02420.1",5.26693867623777,3.02084163891,0.082362074706155,0,5.389438,3.017514,0.07519652
"PZB02422.1",0.956739191847923,1.98928010807816,0.630937666142486,0,0.9525165,1.992631,0.6330174
"PZB02423.1",-2.78778155981827,2.23324975040217,0.212984219112981,0,-2.786553,2.232096,0.2129497
"PZB02424.1",-0.987531976662098,1.2760099291365,0.439644232929222,0,-0.9885266,1.276796,0.4394657
"PZB02424.2",-2.66208392746635,1.60820190974781,0.0990050852264985,0,-2.679002,1.605986,0.09643114
"PZB02425.2",0.800021177575283,1.53625034254699,0.602952979540022,0,0.8095519,1.540111,0.5995598
"PZB02425.3",-3.15283287492408,1.44361451430402,0.0298112758303689,0,-3.245701,1.438195,0.02480929
"PZB02440.1",3.22416989606715,1.90807705813323,0.0922135281210738,0,3.269167,1.895478,0.08570587
"PZB02448.1",-0.37717065450687,1.55956895008471,0.809082808275619,0,-0.3723659,1.565074,0.8121193
"PZB02448.2",1.07438036413063,2.04293665571399,0.599383068931751,0,1.091179,2.048927,0.5947689
"PZB02476.1",-0.815425776038014,2.00879625262112,0.685112641754171,0,-0.8267572,2.012861,0.6815862
"PZB02480.1",0.625765650469006,1.41435089013909,0.658519762271359,0,0.6233744,1.418682,0.6607152
"PZB02480.2",0.754111622253998,1.61156484131443,0.640201267682789,0,0.7627997,1.617346,0.6375615
"PZB02484.1",0.407660248687893,1.33772809568482,0.760794957504336,0,0.4094076,1.341855,0.7605172
"PZB02484.2",-7.2754404019245,4.65203485733482,0.118989027538697,0,-7.275018,4.642031,0.1182207
"PZB02491.1",2.9021530688134,1.41863875477326,0.0417375998720719,0,2.95235,1.403494,0.03632743
"PZB02502.1",-1.29510773383576,1.26189887664423,0.30564757427105,0,-1.30315,1.261229,0.3024036
"PZB02502.2",2.96743393256097,2.64727685490139,0.263295616187716,0,2.972041,2.649181,0.2628992
"PZB02502.5",0.814375417549792,2.18508210114597,0.709661461167912,0,0.80919,2.188212,0.7118208
"PZB02504.1",-1.39619919281147,1.31889476906548,0.290708398478832,0,-1.395038,1.319136,0.2911973
"PZB02504.3",-0.470702576286995,1.30308770486298,0.718212646312317,0,-0.4669815,1.306163,0.7209767
"PZB02511.1",2.32415522606798,1.33214368945384,0.0821630169207223,0,2.32497,1.32821,0.08115932
"PZB02513.1",-0.144037111248087,1.53619960054033,0.925366761610515,0,-0.1705532,1.541169,0.9119632
"PZB02513.3",0.226490861424845,1.65756092910422,0.891414873020653,0,0.2227939,1.661033,0.8933985
"PZB02513.4",-3.18413341110823,2.6331629527345,0.22761194412626,0,-3.188261,2.630247,0.2264981
"PZB02514.1",2.55886937427443,1.38433431665553,0.0656149878623574,0,2.64827,1.383993,0.05672613
"PZB02514.2",1.54262924093233,1.35318685797846,0.255283001629442,0,1.552854,1.355178,0.25285
"PZB02514.3",3.85676050779146,1.62119405087243,0.0180466655428551,0,3.857163,1.606481,0.01701706
"PZB02515.1",0.941962336605386,1.32918530425959,0.479127768381674,0,0.9644061,1.333447,0.4701477
"PZB02515.2",3.02319482623364,1.77492619352703,0.0896497320662133,0,3.023351,1.768732,0.08852157
"PZB02515.3",-1.89132075641607,1.49204590095524,0.206016203935504,0,-1.890272,1.490908,0.2059222
"PZB02516.1",-1.62344208395746,1.43827656041207,0.259994292825364,0,-1.627007,1.440032,0.2595316
"PZB02516.2",-1.94478648605769,1.73561628638061,0.263474933836517,0,-1.943422,1.735279,0.2637166
"PZB02516.3",2.70715985710313,3.26757182861867,0.408112532627549,0,2.704333,3.268926,0.4087955
"PZB02517.1",-0.418112118557517,1.45133664388593,0.773497463646298,0,-0.4340346,1.455409,0.76576
"PZB02518.1",-2.02928749473308,1.33843143871691,0.130629571911854,0,-2.047833,1.338803,0.1272694
"PZB02521.1",-0.415279199110913,1.43205220340663,0.772044086380139,0,-0.4227776,1.436412,0.7687295
"PZB02523.1",2.10698551224964,1.90998833560328,0.27093407276219,0,2.126757,1.913296,0.2672988
"PZB02529.1",2.27599796544236,1.30847592093121,0.0830827232182844,0,2.298608,1.308042,0.07998527
"PZB02529.2",-3.23029836434287,4.62468432077635,0.485462857895232,0,-3.229058,4.629163,0.4860521
"PZB02534.1",-1.48762098958395,1.37158268278935,0.279051467989768,0,-1.487871,1.372494,0.2792898
"PZB02534.2",-1.02539244086588,1.7923823645514,0.567734433444579,0,-1.020956,1.796025,0.5701929
"PZB02534.3",0.00658899892378336,1.84064332945439,0.997146402783579,0,0.01858355,1.84537,0.9919725
"PZB02534.4",-1.30772357510208,1.3697644948591,0.340567465117306,0,-1.307079,1.37121,0.3413135
"PZB02542.1",0.374502419443127,2.79512977148402,0.89351365460677,0,0.3729682,2.800518,0.8941501
"PZB02542.2",2.00857507775266,2.34344321107888,0.392136307115362,0,2.034154,2.345617,0.3865831
"PZB02542.3",-5.6009263898301,4.54246309674934,0.218626868104999,0,-5.627361,4.535855,0.2158002
"PZB02554.1",0.692529403742726,1.53945339407899,0.653171333940973,0,0.7075451,1.548252,0.6480359
"PZB02554.2",-0.115367097930431,1.46031655902504,0.937089149700471,0,-0.1122251,1.465186,0.9390021
"PZB02554.3",-2.99383615127722,3.93724453167956,0.447676100574934,0,-2.991643,3.94025,0.4483545
"PZD00003.3",-2.12342814695322,1.57013404945358,0.177366764140055,0,-2.137435,1.570986,0.1747681
"PZD00004.3",-2.34087972300306,2.91155928136176,0.422096718391619,0,-2.348068,2.912599,0.4208405
"PZD00006.1",-3.08932424323086,1.60205290748585,0.0548442873697848,0,-3.108404,1.599054,0.05293097
"PZD00007.1",0.371328584826465,1.36687039782564,0.786085460849519,0,0.389502,1.372714,0.7768193
"PZD00008.3",3.74908729079856,1.65767731581106,0.0245028811040671,0,3.752494,1.647209,0.02349124
"PZD00010.3",3.15451127349818,1.90572487023303,0.0990122689879911,0,3.163373,1.899868,0.09704603
"PZD00011.1",0.521651544205092,1.36288249831241,0.702197388582094,0,0.5253842,1.366795,0.7009866
"PZD00011.4",0.286714481844562,2.11079385294469,0.892053408516505,0,0.2714622,2.115127,0.8979715
"PZD00011.5",-1.19896586024585,1.38356615147375,0.38693232116997,0,-1.218421,1.387904,0.3807751
"PZD00014.4",-4.22036620945949,1.56745406022324,0.0075287370589616,0,-4.221549,1.550249,0.006881569
"PZD00015.5",1.27591901266256,1.60516192838076,0.427368427978661,0,1.278533,1.608152,0.4272829
"PZD00016.4",1.64798955844451,1.72908447521906,0.34137969100276,0,1.665908,1.731796,0.3369209
"PZD00017.2",1.43038631573981,1.68183502252974,0.395794497266367,0,1.429657,1.682748,0.3962912
"PZD00022.1",-0.803873244456491,1.5319083729206,0.600179330130639,0,-0.8148578,1.537545,0.5965596
"PZD00022.3",0.495659729353373,1.34139080912373,0.712031692351648,0,0.496854,1.346207,0.7123554
"PZD00022.5",-0.479418642713186,1.3641640838315,0.725530122418034,0,-0.4881132,1.368864,0.7216788
"PZD00025.1",1.37888966765728,1.65746461731663,0.406174566397273,0,1.382311,1.66101,0.4060143
"PZD00025.2",1.44680268193966,1.32378900728573,0.275386505206001,0,1.446289,1.323525,0.2754613
"PZD00027.1",-2.46163687023924,1.39318777456947,0.0783566066191395,0,-2.461497,1.38837,0.07734952
"PZD00027.2",-0.173555004737963,1.33188408676559,0.896418452752647,0,-0.1804161,1.335941,0.8926732
"PZD00027.3",6.40385553092182,3.04589529065333,0.0364259148882949,0,6.530018,3.015976,0.03123994
"PZD00029.4",-0.91575000757884,5.272924688548,0.862252875533168,0,-0.9467708,5.288667,0.8580552
"PZD00030.2",-0.807153320279713,1.53651408721734,0.599789317480502,0,-0.8245776,1.540891,0.5929937
"PZD00030.8",1.00168986062545,2.35735397471836,0.671227556678476,0,1.010126,2.362066,0.6692455
"PZD00030.9",1.52554928114802,2.28801724578906,0.505489043514267,0,1.527139,2.291086,0.5056162
"PZD00032.1",3.04458820095833,1.39076312779223,0.029429739133208,0,3.162113,1.373642,0.02208573
"PZD00032.2",2.64520871638508,2.25936051498406,0.242705386417005,0,2.64532,2.257823,0.2423658
"PZD00032.3",1.73005935785874,3.60166354666383,0.631361759063831,0,1.736127,3.60387,0.6303754
"PZD00033.2",-0.727062433159513,2.15152703214879,0.73567578630892,0,-0.7236007,2.156218,0.7374384
"PZD00034.3",-0.17339590461869,1.37629383626043,0.899834165456439,0,-0.1765981,1.380145,0.8982775
"PZD00034.4",-3.16675525633259,3.82357397293833,0.408267500558037,0,-3.22864,3.828488,0.3997851
"PZD00036.2",0.10686245830528,1.44872389147662,0.941252657924603,0,0.09793904,1.452732,0.9462988
"PZD00038.1",2.49082886139926,1.61721662037929,0.124666885593088,0,2.522485,1.616774,0.1198677
"PZD00038.3",-0.599630551985497,1.35429503876696,0.658287134587096,0,-0.5963893,1.35719,0.6606966
"PZD00039.2",-1.42617972474088,1.47838797482744,0.335552900271172,0,-1.424589,1.479462,0.3364416
"PZD00039.3",0.55342716125103,1.61065106497065,0.731407154653982,0,0.5539763,1.614517,0.7317698
"PZD00039.4",-0.91293482461158,1.71164922327883,0.59421288987987,0,-0.9094763,1.714559,0.5962343
"PZD00040.2",2.89060181903686,3.3203085946163,0.384744356247373,0,2.947691,3.333121,0.3772754
"PZD00040.3",5.8148571110062,3.60873460859807,0.108259420547146,0,5.8657,3.598315,0.1042242
"PZD00041.1",-0.350788380502106,3.27865895138738,0.914874080893957,0,-0.3654835,3.290333,0.9116359
"PZD00041.2",3.48210025973219,3.89736199420511,0.372399993074219,0,3.477329,3.903063,0.373752
"PZD00042.2",-0.843324277657823,2.52737502418597,0.738879310413384,0,-0.8376326,2.532242,0.7410582
"PZD00047.1",1.14840751466109,2.00706470233034,0.567667414819857,0,1.169949,2.013327,0.561649
"PZD00050.2",0.854766545641089,2.51872203403659,0.734594611995266,0,0.8722421,2.519859,0.7294977
"PZD00050.3",1.30402532059455,1.83504380894019,0.477921976816386,0,1.306698,1.837895,0.4777044
"PZD00053.4",-0.200252917677597,1.33332166927285,0.880724424209141,0,-0.210724,1.337915,0.8749654
"PZD00053.5",1.5151902029717,1.75881537296565,0.389725145565277,0,1.580827,1.763043,0.3706945
"PZD00054.1",0.435903077319707,1.30691032544582,0.738983990652148,0,0.4365948,1.310638,0.7393013
"PZD00055.1",0.670462486818879,1.26594043432042,0.596806952724879,0,0.6699175,1.269263,0.5980649
"PZD00055.2",0.366610246263322,2.52895789224747,0.884845123767635,0,0.3549488,2.535606,0.8887741
"PZD00056.1",1.94177556171316,1.75529833856144,0.26959436148463,0,1.967232,1.759174,0.2644311
"PZD00056.2",-0.681780416440311,1.57828619826354,0.66609921025471,0,-0.6778402,1.581827,0.6686113
"PZD00056.3",1.19423654485813,1.62100936743595,0.461920513822434,0,1.198283,1.624229,0.4612946
"PZD00056.4",0.0210375924874663,1.37581051714568,0.987811107807398,0,0.03017688,1.379517,0.9825636
"PZD00056.5",-2.37132043262678,3.022990507331,0.433466257817397,0,-2.375851,3.029682,0.4336051
"PZD00057.1",1.33436124146809,1.42965475356833,0.351463563120081,0,1.333654,1.431313,0.3522759
"PZD00057.2",0.173048216811658,1.23893994788252,0.88901985158266,0,0.178406,1.242284,0.885913
"PZD00057.3",-1.07484602177016,1.45072895740112,0.459388150009265,0,-1.080026,1.451283,0.457401
"PZD00057.4",1.43592178825747,1.5994842327504,0.370112059071175,0,1.436594,1.601267,0.3704208
"PZD00069.3",0.898550279980241,2.03119677196848,0.658566995235535,0,0.9266115,2.035221,0.6492627
"PZD00069.4",-3.31436322561961,1.60829577841325,0.0402666222308128,0,-3.339353,1.595546,0.0372759
"PZD00069.5",3.10661230755297,2.46610639484848,0.208841044287636,0,3.110321,2.463012,0.2077303
"PZD00072.2",1.44051284768594,1.28441886283886,0.263044724660226,0,1.450271,1.285377,0.2601867
"PZD00081.2",-4.80094757887524,4.79962147109442,0.318059358282513,0,-4.845417,4.800668,0.313711
"PZD00083.2",3.64812887459418,2.32182011615877,0.117281705158131,0,3.64812,2.317239,0.116563
"PZD00083.3",-2.13727139814612,2.13331370169421,0.317297471542301,0,-2.138481,2.133067,0.3169682
"PZD00083.4",3.58084424129681,2.25020227938165,0.112685370895213,0,3.582907,2.24619,0.1118417
"PZD00096.1",1.26682878464935,1.63040666803272,0.437828038780864,0,1.274108,1.633992,0.43621
"PZD00097.1",0.58625430336932,1.29296354446046,0.650605900700289,0,0.5904648,1.296382,0.6491309
"PZD00097.2",1.69910269979108,3.4637529507706,0.624145792928536,0,1.696839,3.468683,0.6250998
"PZD00098.1",-2.12091165538665,1.4635817656675,0.148446420434293,0,-2.120423,1.461431,0.1479453
"PZD00098.2",0.312784349532614,2.05532968871166,0.879155323145007,0,0.3091284,2.060716,0.880867
"Ra1.1",-4.75902064381024,4.31507265200038,0.271045664283422,0,-4.787743,4.311631,0.2677895
"sh1.1",-3.51404411119859,2.14241925589426,0.10210639892562,0,-3.514351,2.135745,0.101015
"sh1.11",-0.185915256857917,1.29790489924642,0.886203880831518,0,-0.2024974,1.302438,0.8765608
"sh1.12",-0.159206514310558,1.38960474741365,0.908870155303235,0,-0.1541282,1.393436,0.9120064
"sh1.2",2.18977929101234,1.36157841129901,0.108928694525599,0,2.244652,1.363406,0.1008369
"sh1.3",-0.708401383648189,1.38899922583317,0.610456088678738,0,-0.7139892,1.393005,0.6086768
"sh1.4",0.112192295362682,1.34968485662137,0.933812994336982,0,0.1217018,1.354019,0.9284467
"sh2.1",0.983599028144386,1.3714068444746,0.473849948350822,0,1.008735,1.37577,0.464054
"sh2.2",-1.37739777655759,1.43210708316685,0.336999068856652,0,-1.393171,1.435915,0.3327864
"sh2.21",-0.879310881268161,2.14299641143679,0.681893045025882,0,-0.8830548,2.148019,0.6813192
"sh2.3",0.917962989963096,1.34339009807835,0.494983150675548,0,0.9158888,1.34552,0.4966392
"sh2.4",-0.133788292676054,1.46024886313038,0.927066748325983,0,-0.131298,1.464807,0.9286427
"su1.1",0.295901312498497,1.79046348270671,0.868857110688682,0,0.2977436,1.794846,0.8683673
"su1.3",0.695043106985656,2.89894336695795,0.8106975990348,0,0.7057493,2.903572,0.8081389
"su1.4",-0.865927132988665,1.90588087154519,0.64994036169753,0,-0.8740956,1.911976,0.6479121
"tb1.11",3.78818164897965,3.64971665634753,0.300213745301788,0,3.784308,3.648856,0.3005935
"tb1.12",1.4586580058386,2.30054656039962,0.526578162109131,0,1.457044,2.305381,0.5279017
"tb1.13",-0.847565649791362,1.82484646415179,0.642688040210842,0,-0.8473281,1.828528,0.6434502
"tb1.14",-1.96467651988163,1.98269220994953,0.322602059741823,0,-1.963908,1.983638,0.3230216
"tb1.15",-0.390883718293144,1.2450541604824,0.753798535105381,0,-0.3999642,1.248438,0.7489307
"tb1.17",-0.164172567110584,5.93150948931316,0.977939085160654,0,-0.1553582,5.936447,0.9791406
"tb1.18",-0.146282902734235,2.04795157931908,0.943108527691034,0,-0.1492436,2.053953,0.9421284
"tb1.19",-0.997326930081894,2.03424217435771,0.624335545440738,0,-1.002711,2.040988,0.6236167
"tb1.20",-0.334941421320547,2.12145018582145,0.874665097945739,0,-0.3361527,2.128075,0.8746039
"tb1.5",-4.82469771038861,3.15824091862981,0.127752131491612,0,-4.916596,3.151061,0.1198436
"tb1.8",0.615149634894972,3.90197470117235,0.874848045708462,0,0.729993,3.906649,0.8519094
"te1.1",1.83167922980608,1.36042261297395,0.179284819191796,0,1.834123,1.357648,0.1778239
"te1.3",-1.50524337489398,4.06669424197506,0.711564644652845,0,-1.495105,4.076719,0.7140943
"te1.4",0.49320061002985,1.35696880970977,0.716543350485397,0,0.5135551,1.363012,0.7066291
"ts2.3",-4.26273737350233,3.4044099496476,0.211593077962307,0,-4.272123,3.399931,0.2099932
"ts2.4",-0.911481917816795,1.44598324530212,0.52898808943424,0,-0.9392323,1.45073,0.517902
"umc128.2",-0.408371066584886,1.27505618991062,0.749002522887774,0,-0.404529,1.278082,0.7518544
"wx1.1",3.24234755036132,1.85660722615025,0.0818650370674089,0,3.285579,1.853928,0.07746827
"zagl1.2",-1.55060717344133,3.404227653841,0.649114227242156,0,-1.54494,3.408824,0.6507505
"zagl1.6",5.16030799956362,5.10385802088807,0.312879587219935,0,5.279017,5.084874,0.3001014
"zap1.2",-1.05606105282742,1.34990014379513,0.434698970217939,0,-1.065186,1.354737,0.4323899
"zap1.3",-0.611749527721829,1.48331559533427,0.680353851449414,0,-0.606041,1.487786,0.6840734
"zap1.5",-1.87399417364497,1.70646227768085,0.273092161872707,0,-1.918334,1.715104,0.2643356
"zap1.7",-0.052496230983673,1.4830861061653,0.971789255136737,0,-0.04937817,1.488822,0.9735664
"zb21.1",-3.08382877423059,1.59944787357088,0.0548811603565351,0,-3.084626,1.590942,0.05354418
"zb27.1",-3.3290778907896,3.11779880797252,0.286566167152486,0,-3.349116,3.122361,0.2843841
"zfl2.3",1.28712181839604,1.28620251237412,0.317847665644967,0,1.308619,1.284567,0.3092327
"zfl2.9",-1.33441709945258,1.96381781342493,0.497393799301328,0,-1.331411,1.966396,0.4989254
