"snp","p_R","p_plink"
"abph1.1",0.82780193244807,0.82782
"abph1.10",0.534697045842084,0.534838
"abph1.15",0.0352676023760025,0.0357935
"abph1.19",0.00958979510207772,0.0140266
"abph1.20",0.0642781161608217,0.0657733
"abph1.3",0.843883556711859,0.8439
"abph1.5",0.038340433406152,0.0438169
"abph1.9",0.56684373359513,0.566983
"ae1.1",0.390215081174165,0.390865
"ae1.7",0.762433524223775,0.762447
"ae1.8",0.83136426559329,0.831387
"an1.4",0.524212545243108,0.525209
"an1.5",0.00137203881713407,0.00150469
"ba1.5",0.090717063794265,0.142069
"ba1.6",0.314707131882628,0.496685
"ba1.7",0.209161008584238,0.220459
"ba1.8",0.197448487691537,0.225365
"ba1.9",0.650195591898447,0.658014
"bt2.2",0.162990999165376,0.16376
"bt2.4",0.111500747354607,0.119466
"bt2.7",0.813367525570583,0.813379
"d8.1",0.870919191073643,0.870923
"d8.2",0.417880157619092,0.418507
"d8.3",0.947434477269653,0.947435
"Fea2.1",0.767072063198696,0.767088
"Fea2.2",0.00365013627863299,0.00411946
"Fea2.3",0.422486954423161,0.423134
"Fea2.4",0.174230476078142,0.175124
"Fea2.5",0.0419276968536078,0.0445883
"Fea2.6",0.00246008832505598,0.00778973
"id1.2",0.255170472428429,0.256221
"id1.3",0.201906435038268,0.203134
"id1.6",0.197101338577004,0.19836
"id1.9",0.477370233163006,0.480929
"lac1.3",0.944446266903219,0.944446
"lg2.1",0.804507716969894,0.804524
"lg2.11",0.995941047307582,0.995941
"lg2.12",0.0386528976929671,0.0418122
"lg2.2",0.694595001196902,0.694662
"PHM10225.15",0.791518885987769,0.791544
"PHM10321.11",0.323293710739699,0.323595
"PHM10404.8",0.040740835928934,0.0412595
"PHM10525.11",0.270240609538118,0.270711
"PHM10525.9",0.221973852251059,0.222551
"PHM11114.7",0.0771368266464199,0.0777192
"PHM1218.6",0.0132148025239694,0.0140454
"PHM12749.13",0.036454561447746,0.0371426
"PHM1275.22",0.419582282354931,0.419882
"PHM12830.14",0.892390877307068,0.892393
"PHM12859.7",0.0205980398837586,0.0210363
"PHM1307.11",0.606471959493195,0.606561
"PHM13122.43",0.103188588055314,0.104458
"PHM13619.5",0.0391498435145295,0.0397555
"PHM13623.14",0.610121505683717,0.610375
"PHM13673.53",0.493472428314804,0.493636
"PHM13681.12",0.000519723425953804,0.00061123
"PHM13687.14",0.274566539171893,0.27507
"PHM14046.9",0.0166141875640346,0.017512
"PHM14055.6",0.0217386847582303,0.0222977
"PHM14152.18",0.371740438795488,0.372014
"PHM14475.7",0.130472283109628,0.131012
"PHM1506.23",0.126633723608913,0.127411
"PHM1511.14",0.535937344624813,0.53607
"PHM15278.6",0.191956644313303,0.192524
"PHM15427.11",0.202527056980521,0.202979
"PHM15449.10",0.00511386402573199,0.0053524
"PHM15474.5",0.0175334564891924,0.0180578
"PHM15501.9",0.502851406175407,0.503096
"PHM15868.56",0.737216963887032,0.73724
"PHM15871.11",0.484883522072111,0.485487
"PHM15899.9",0.556339345397906,0.556885
"PHM15961.13",0.774144035250215,0.774161
"PHM16125.47",0.399509016739492,0.400047
"PHM16605.19",0.821734020604845,0.821759
"PHM1675.29",0.394496659183136,0.395411
"PHM17210.5",0.000510563140165587,0.000593463
"PHM18195.6",0.637237529639454,0.637492
"PHM18513.156",0.990939226716419,0.990939
"PHM1870.20",0.0168249888221162,0.0172716
"PHM18705.23",0.000775751330716496,0.00086154
"PHM1959.26",0.671246810963613,0.671282
"PHM1968.22",0.902735309180021,0.902737
"PHM2100.21",0.907141728687028,0.907145
"PHM2244.142",0.891307376161448,0.891312
"PHM2324.23",0.210760172253472,0.213096
"PHM2343.25",0.740960108427047,0.740981
"PHM2350.17",0.539169037130233,0.539265
"PHM2423.33",0.85876238850195,0.858765
"PHM2438.28",0.0849308213514211,0.0855359
"PHM2478.22",0.774359594278967,0.774414
"PHM2672.19",0.499327044218249,0.499464
"PHM2749.10",0.911361291840195,0.911362
"PHM2769.43",0.221189476319921,0.221748
"PHM2828.83",0.0376102483596396,0.0381361
"PHM2885.31",0.00637702649865982,0.00836304
"PHM3055.9",0.767352758360598,0.767374
"PHM3330.25",0.615958833982601,0.616049
"PHM3342.31",0.0740380184538508,0.0750573
"PHM3457.6",0.159332309023373,0.15991
"PHM3465.6",0.283400974757248,0.285551
"PHM3626.3",0.802409096647193,0.802417
"PHM3637.14",0.0724025653081146,0.0732844
"PHM3668.12",0.200882447893834,0.201345
"PHM3726.129",0.300016941328164,0.300355
"PHM3765.7",0.0151820912516332,0.0160752
"PHM3922.32",0.105985023737813,0.106756
"PHM3925.79",0.175814310281103,0.180117
"PHM4080.15",0.0158422870571186,0.0164033
"PHM4134.8",0.482070312979616,0.482307
"PHM4165.14",0.180869229479133,0.181358
"PHM4203.11",0.327328447732008,0.327697
"PHM4468.13",0.292634173647885,0.293041
"PHM448.23",0.0949959208411897,0.0956111
"PHM4531.46",0.0176543207291105,0.019104
"PHM4748.16",0.965663119371052,0.965663
"PHM4757.14",0.00317668707522856,0.00345861
"PHM4786.9",0.239509351550578,0.239999
"PHM4913.18",0.00358776376825763,0.00382925
"PHM5098.25",0.904762308562207,0.904769
"PHM5181.10",0.0177623264015857,0.0182935
"PHM5232.9",0.136952532536766,0.137515
"PHM532.23",0.220264471682254,0.221103
"PHM5324.11",0.335393620443079,0.336195
"PHM537.22",0.00135885593867029,0.00168187
"PHM5435.25",0.671268920787785,0.671311
"PHM5468.25",0.00763273313601979,0.00834108
"PHM5480.17",0.699865993198096,0.699922
"PHM5502.31",0.516565616714976,0.516691
"PHM5599.20",0.324192873873696,0.324554
"PHM5665.26",0.913550726394441,0.913552
"PHM5798.39",0.15841300449366,0.158977
"PHM5817.15",0.0984879241970145,0.0992123
"PHM6043.19",0.937925785200574,0.937928
"PHM7616.35",0.00037729068720117,0.000486124
"PHM7898.10",0.0588378472320957,0.0594063
"PHM7922.8",0.394560990302833,0.395115
"PHM7953.11",0.247650896889746,0.248041
"PHM816.29",0.806610444279154,0.806617
"PHM890.20",0.187886321326404,0.191706
"PHM8909.12",0.510592890099254,0.510752
"PHM904.21",0.0218854538415966,0.0225816
"PHM9241.13",0.08943157505672,0.0900149
"PHM9374.5",0.0119442146852832,0.0125044
"PHM9418.11",0.000886991096785302,0.00102382
"PHM9695.8",0.125148218043815,0.125721
"PHM9807.9",0.352297627095988,0.353344
"PHM9914.11",0.648584625483257,0.648638
"PZA00001.8",0.216517020210166,0.217197
"PZA00003.11",0.856690282964533,0.856698
"PZA00003.5",0.905904485697291,0.905907
"PZA00004.2",0.0020209915882418,0.00241243
"PZA00005.2",0.579576008502787,0.579655
"PZA00005.5",0.583985045310707,0.584059
"PZA00006.13",0.482472727288558,0.482879
"PZA00006.9",0.795071941933567,0.795125
"PZA00007.1",0.366592481920478,0.366831
"PZA00007.2",0.738040779445805,0.738097
"PZA00008.1",0.909586218410147,0.90959
"PZA00010.5",0.021804438119755,0.0224732
"PZA00013.8",0.764457884984453,0.764476
"PZA00013.9",0.760991375792117,0.761012
"PZA00015.5",0.508737672242666,0.50927
"PZA00017.1",0.00137764361050373,0.0015212
"PZA00017.4",0.00811233266163884,0.00912551
"PZA00018.5",0.0999953538628296,0.103627
"PZA00022.2",0.907668308568156,0.907669
"PZA00029.11",0.749510640841331,0.749832
"PZA00029.12",0.0330396256989032,0.0364638
"PZA00031.5",0.228060217530887,0.230717
"PZA00040.19",0.686591406806427,0.686656
"PZA00041.3",0.570132143995643,0.570247
"PZA00042.2",0.00939812949168588,0.0101196
"PZA00042.5",0.0783610067221757,0.0797391
"PZA00043.1",0.481832444227731,0.481982
"PZA00043.7",0.525081322939525,0.525518
"PZA00045.1",0.174337409336569,0.175349
"PZA00045.2",0.0224148440134494,0.0232177
"PZA00047.2",0.340158913386428,0.341035
"PZA00048.1",0.398733125237167,0.398945
"PZA00048.2",0.122919495869944,0.123504
"PZA00049.12",0.180283056262898,0.181756
"PZA00051.17",0.126044502633644,0.13632
"PZA00051.2",0.326130923942584,0.326578
"PZA00057.2",0.00402745852572661,0.0042514
"PZA00058.1",0.0017997518920059,0.00191886
"PZA00058.5",0.389244147398945,0.390493
"PZA00060.2",0.863221250489162,0.863224
"PZA00061.1",0.715500164640667,0.715528
"PZA00062.4",0.532656010997588,0.533434
"PZA00063.3",0.219283264404726,0.226038
"PZA00067.10",0.194154555361593,0.196145
"PZA00067.8",0.0611460014779226,0.0621054
"PZA00067.9",0.327199218327228,0.328682
"PZA00068.1",0.807472634204572,0.807486
"PZA00069.2",0.855616519144504,0.85562
"PZA00069.4",0.139438348125294,0.142025
"PZA00070.5",0.118398695388701,0.119126
"PZA00078.2",0.00121067146924928,0.00134237
"PZA00078.4",0.042241417380614,0.04282
"PZA00079.1",0.275465569851657,0.276969
"PZA00081.17",0.993331562175451,0.993332
"PZA00081.18",0.532484410547601,0.532819
"PZA00084.2",0.301997720129245,0.302523
"PZA00084.3",0.334402852561675,0.334884
"PZA00088.3",0.602341822434616,0.602412
"PZA00089.3",0.0260057519453366,0.026491
"PZA00090.1",0.719782822929327,0.719916
"PZA00092.1",0.293261134533338,0.294164
"PZA00092.5",0.291829255047176,0.296796
"PZA00094.2",0.910946733941744,0.910948
"PZA00096.6",0.839898814188452,0.839903
"PZA00097.13",0.891384669377761,0.891392
"PZA00098.14",0.0396355715395782,0.0476515
"PZA00099.6",0.895456657218917,0.895461
"PZA00100.2",0.0869456217436617,0.0875408
"PZA00100.9",0.226593759229827,0.227716
"PZA00102.6",0.000451311966155906,0.00097762
"PZA00102.8",0.000359774020565506,0.00104775
"PZA00104.1",0.400035044537112,0.401251
"PZA00106.10",0.690331163792494,0.690409
"PZA00106.9",0.225711799888601,0.227671
"PZA00107.18",0.0198696181679543,0.0266315
"PZA00107.4",0.00616324179483165,0.0064209
"PZA00108.12",0.805704083160453,0.805757
"PZA00108.4",0.613619706112803,0.613682
"PZA00109.3",0.425852938582485,0.426083
"PZA00111.2",0.902653301030165,0.902656
"PZA00111.4",0.611167185433828,0.611234
"PZA00112.3",0.461895144288961,0.462238
"PZA00112.4",0.0588815065623881,0.0595275
"PZA00112.5",0.00152057895137844,0.00258385
"PZA00113.1",0.791390702140165,0.791417
"PZA00114.3",0.784212499297428,0.784226
"PZA00116.2",0.0613430467714198,0.0643521
"PZA00116.3",0.0262469253167098,0.0288074
"PZA00118.1",0.581720845031571,0.581793
"PZA00118.4",0.716337611615104,0.71636
"PZA00118.5",0.0463743569676892,0.0488767
"PZA00119.1",0.32853490256045,0.328837
"PZA00119.4",0.643007556531787,0.643192
"PZA00120.4",0.11773452772457,0.121543
"PZA00121.1",0.105635812504219,0.106278
"PZA00121.10",0.236761705051782,0.23823
"PZA00123.1",0.189565697231939,0.198294
"PZA00124.2",0.120212519659861,0.120861
"PZA00124.3",0.739118302072726,0.73914
"PZA00125.2",0.39821061296027,0.398494
"PZA00125.8",0.014367811551553,0.0181873
"PZA00130.7",0.0199579885813712,0.0212686
"PZA00130.9",0.170870993609053,0.171505
"PZA00131.14",0.00354824571868952,0.00445806
"PZA00131.15",0.0550945150259985,0.0624421
"PZA00132.17",0.719275825991838,0.71935
"PZA00132.3",0.00267282391909202,0.00294908
"PZA00133.1",0.38536558208513,0.387295
"PZA00133.3",0.370716245371085,0.371718
"PZA00134.12",0.235898596730918,0.239213
"PZA00136.1",0.322755764372153,0.323075
"PZA00136.2",0.318502926410057,0.319538
"PZA00137.2",0.212370998633517,0.212944
"PZA00139.14",0.870016839066429,0.870044
"PZA00139.4",0.78693072399304,0.786943
"PZA00140.6",0.0946395417390436,0.101714
"PZA00140.7",0.0946395417390459,0.101714
"PZA00143.5",0.558995481796366,0.559498
"PZA00151.2",0.992212223371402,0.992212
"PZA00155.1",0.836142442704871,0.836168
"PZA00158.2",0.305418137806844,0.305742
"PZA00163.4",0.815376718624761,0.815384
"PZA00164.1",0.635801355030914,0.63587
"PZA00166.1",5.62130480308691e-06,9.05868e-06
"PZA00166.3",0.0409877324377959,0.045441
"PZA00167.7",0.735134170297318,0.735158
"PZA00168.14",0.241817450755978,0.24437
"PZA00170.1",0.613355868099243,0.61356
"PZA00172.11",0.172688918080194,0.177823
"PZA00172.12",0.209754161741323,0.210571
"PZA00174.1",0.912168245639697,0.912171
"PZA00174.2",0.556121771955743,0.556436
"PZA00175.2",0.0696279844385599,0.0702453
"PZA00176.8",0.0108805919250188,0.0114447
"PZA00177.4",0.614267760756578,0.614444
"PZA00178.3",0.346850544258663,0.347235
"PZA00178.4",0.0539498305271293,0.0554365
"PZA00179.9",0.0677083582694436,0.0716197
"PZA00181.2",0.121928814438772,0.122892
"PZA00181.5",0.88229484098395,0.882301
"PZA00182.3",0.671824353842065,0.671871
"PZA00182.4",0.761951346551753,0.761968
"PZA00184.1",0.369160613186724,0.370062
"PZA00184.4",0.261283864782129,0.266286
"PZA00186.2",0.246683255741811,0.247221
"PZA00187.2",0.610588335236893,0.610653
"PZA00187.8",0.140213735980624,0.160278
"PZA00188.1",0.0747492749026848,0.0768374
"PZA00189.21",0.14008122344495,0.141824
"PZA00191.4",0.951555653510326,0.951556
"PZA00191.5",0.578310043466955,0.578386
"PZA00192.6",0.00848775305620105,0.00963316
"PZA00192.7",0.00329127295974624,0.00387418
"PZA00193.1",0.0880540585640343,0.0886288
"PZA00193.2",0.453357870708481,0.453537
"PZA00196.2",0.917612880643928,0.917619
"PZA00198.39",0.0223281898111257,0.0242257
"PZA00200.8",0.664037795141799,0.664079
"PZA00200.9",0.71416535888096,0.714416
"PZA00201.2",0.528597951798668,0.531089
"PZA00205.7",0.142379260605882,0.143979
"PZA00209.4",0.474712919596069,0.475036
"PZA00209.8",0.0199376134975573,0.0204103
"PZA00210.1",0.302541346065501,0.302861
"PZA00210.6",0.491057497409137,0.496094
"PZA00210.9",0.31107589696166,0.31234
"PZA00211.7",0.0179074201541125,0.0261173
"PZA00213.19",0.197774591788713,0.200581
"PZA00213.7",0.857996541122136,0.857999
"PZA00214.1",0.671160546310896,0.671197
"PZA00215.3",0.00356837196917821,0.00384379
"PZA00216.2",0.233069844833194,0.233551
"PZA00216.8",0.578498225135198,0.578816
"PZA00218.1",0.289163399692005,0.289623
"PZA00218.6",0.911284069183359,0.911288
"PZA00219.6",0.0615952874416688,0.0623034
"PZA00219.7",0.713505607604993,0.713528
"PZA00220.11",0.734423205727359,0.734624
"PZA00220.2",0.512820014875237,0.512971
"PZA00222.5",0.00095530075845854,0.00104695
"PZA00222.7",0.0773217934245199,0.0778985
"PZA00223.2",0.66603984539282,0.666077
"PZA00223.4",0.752887476643029,0.752903
"PZA00224.3",0.0964474364052054,0.0982348
"PZA00224.4",0.494282208492014,0.49442
"PZA00225.7",0.811816523810118,0.811825
"PZA00225.8",0.788323981983848,0.788336
"PZA00226.6",0.909050279587324,0.90906
"PZA00226.7",0.905942817302836,0.905945
"PZA00227.7",0.939391190912441,0.939391
"PZA00229.7",0.710951361316269,0.711063
"PZA00230.5",0.000400712687907942,0.000676897
"PZA00233.8",0.622947775074922,0.62309
"PZA00234.19",0.348885093405393,0.349511
"PZA00234.21",0.0866272538959764,0.0890118
"PZA00235.6",0.394184415777138,0.394794
"PZA00235.8",0.0926846189388365,0.0958951
"PZA00236.7",0.0720583160778745,0.0755038
"PZA00237.2",0.136985243364733,0.138452
"PZA00237.6",0.0343559461208851,0.035977
"PZA00240.4",0.0185186845262774,0.0190018
"PZA00240.6",0.00503073515473019,0.00525663
"PZA00241.6",0.0174735746608394,0.0198119
"PZA00243.1",0.747470402613352,0.747488
"PZA00243.24",0.382510734809755,0.382864
"PZA00243.25",0.486467987004051,0.48718
"PZA00245.14",0.223432884613182,0.236105
"PZA00245.16",0.404544103482139,0.404923
"PZA00247.5",0.906640815619688,0.906644
"PZA00249.2",0.277413521545639,0.277996
"PZA00250.1",0.0366392218840278,0.0374364
"PZA00251.1",0.407357874298837,0.407859
"PZA00251.4",0.000280873515121225,0.0004558
"PZA00254.3",0.266142094318875,0.26694
"PZA00255.14",0.463751631201772,0.464098
"PZA00255.15",0.0520331689691332,0.061174
"PZA00256.16",0.25815797278468,0.261734
"PZA00256.21",0.360054288169989,0.363546
"PZA00257.11",0.215064887304006,0.215658
"PZA00257.22",0.268022001082556,0.274333
"PZA00258.3",0.00064318491449076,0.00077916
"PZA00259.1",0.917575327193148,0.917576
"PZA00261.5",0.809088496027601,0.809098
"PZA00261.6",0.532459658508106,0.532606
"PZA00263.13",0.143192230611657,0.144358
"PZA00265.4",0.0215363645479199,0.0228423
"PZA00265.6",0.0061533472892428,0.00644628
"PZA00266.5",0.562034728130743,0.562289
"PZA00271.1",0.594061932928115,0.594569
"PZA00272.3",0.777310576341185,0.777488
"PZA00274.14",0.0628677540314188,0.0638266
"PZA00274.7",0.0187360477448849,0.0198239
"PZA00276.18",0.00112006522060261,0.00155116
"PZA00277.13",0.271964107341848,0.272985
"PZA00277.9",0.136105576394068,0.138025
"PZA00280.14",0.801585313667735,0.801818
"PZA00281.1",0.0896714472086378,0.0902922
"PZA00281.13",0.253800377982711,0.256722
"PZA00282.14",0.107054340055444,0.108549
"PZA00287.1",0.225196764143078,0.226763
"PZA00289.11",0.516341500969058,0.516637
"PZA00291.7",0.656711942409593,0.656854
"PZA00294.20",0.450135956203141,0.450843
"PZA00294.22",0.340525450808905,0.340855
"PZA00294.4",0.973189959167073,0.97319
"PZA00295.7",0.0518465690810759,0.0615979
"PZA00297.2",0.175815130734009,0.176464
"PZA00297.3",0.117354195993433,0.118042
"PZA00300.11",0.50391592010022,0.504041
"PZA00303.19",0.813791256134144,0.813803
"PZA00303.6",0.0164569319247644,0.0171254
"PZA00307.12",0.227295848700995,0.235684
"PZA00307.14",0.93459463856431,0.934595
"PZA00308.24",0.945166014716059,0.945167
"PZA00309.1",0.130137827581198,0.131405
"PZA00310.5",0.224593427277848,0.226199
"PZA00315.1",0.381691157067063,0.38243
"PZA00315.6",0.165277506204073,0.166909
"PZA00316.2",0.831461663150179,0.831468
"PZA00316.9",0.810889653753063,0.8109
"PZA00318.2",0.735216040954351,0.735278
"PZA00318.5",0.395806059726513,0.397262
"PZA00323.3",0.16323831955149,0.16458
"PZA00323.4",0.203885456805114,0.20475
"PZA00326.16",0.592641088217096,0.59295
"PZA00328.1",0.101500786430359,0.103885
"PZA00329.3",0.270725117668712,0.271137
"PZA00332.3",0.00938847777500461,0.00984218
"PZA00332.5",0.00773082522339147,0.00819284
"PZA00334.2",0.0472539525001601,0.0489669
"PZA00336.10",0.44921364836446,0.449396
"PZA00337.3",0.354876857031306,0.35519
"PZA00337.4",0.181611872585018,0.182095
"PZA00339.3",0.479807513169122,0.480007
"PZA00340.1",0.70098815394765,0.701041
"PZA00342.7",0.521045903878883,0.521245
"PZA00342.9",0.864393292987511,0.864398
"PZA00343.11",0.620184808463451,0.620367
"PZA00343.31",0.199586259426639,0.200178
"PZA00344.10",0.621067195529888,0.621228
"PZA00345.15",0.749711218946888,0.750065
"PZA00348.10",0.430326814619978,0.432089
"PZA00348.11",0.0137135122396659,0.0140856
"PZA00349.3",0.875919155819884,0.875951
"PZA00350.2",0.474383131138518,0.477099
"PZA00355.2",0.00320008029439741,0.00338505
"PZA00356.8",0.113442991242484,0.123201
"PZA00357.19",0.86622797193724,0.866233
"PZA00358.12",0.448480949432652,0.448757
"PZA00362.1",0.913060417719449,0.913062
"PZA00362.2",0.915509325857227,0.91551
"PZA00364.2",0.726835058302737,0.726895
"PZA00364.5",0.143535752776908,0.145686
"PZA00365.2",0.717605375954674,0.71763
"PZA00365.3",0.0968716262165851,0.0974665
"PZA00367.2",0.620809888206438,0.621063
"PZA00367.6",0.00630163143623492,0.0112063
"PZA00368.1",0.132904994435631,0.133654
"PZA00368.17",0.372434610463326,0.37282
"PZA00369.1",0.043204631740064,0.0461458
"PZA00369.11",0.00509623197843017,0.035493
"PZA00370.1",0.517614753085411,0.51782
"PZA00370.5",0.80141199918144,0.801428
"PZA00371.5",0.0444876322880766,0.0450709
"PZA00378.9",0.0290884142439136,0.0314116
"PZA00379.2",0.484705595034369,0.484939
"PZA00380.5",0.72622042304248,0.726277
"PZA00380.7",0.357668216525261,0.358108
"PZA00381.3",0.190795143808197,0.191924
"PZA00382.17",0.791647266848485,0.791674
"PZA00382.22",0.716845277704204,0.716912
"PZA00385.1",0.0141059374181537,0.0146832
"PZA00385.3",0.0527492984688845,0.0546247
"PZA00386.2",0.65213340759982,0.652218
"PZA00386.3",0.0191542516122538,0.0227448
"PZA00386.4",0.799215416600361,0.799256
"PZA00387.1",0.146235424707264,0.146841
"PZA00390.6",0.000384112452563091,0.0083189
"PZA00390.7",0.977087497614142,0.977088
"PZA00391.2",0.0692336031930208,0.0713434
"PZA00393.1",0.00361706323099757,0.00408968
"PZA00394.11",0.2097871987181,0.212011
"PZA00394.15",0.0873889555743387,0.0889517
"PZA00395.1",0.442547085254019,0.442831
"PZA00395.2",0.537412532138544,0.537566
"PZA00396.10",0.627287887102697,0.627353
"PZA00396.9",0.709985912107018,0.710012
"PZA00399.10",0.00401748877494528,0.00421597
"PZA00400.3",0.766646644900914,0.766663
"PZA00401.11",0.0881649373211776,0.0895134
"PZA00401.6",0.0536395279930147,0.0682882
"PZA00403.5",0.964835221943769,0.964835
"PZA00405.2",0.532215549512134,0.532325
"PZA00405.6",0.159484461445927,0.160269
"PZA00405.7",0.253466632219144,0.254523
"PZA00407.8",0.785355586869043,0.785788
"PZA00408.7",0.90149290772712,0.901497
"PZA00409.15",0.910066573103253,0.910069
"PZA00409.17",0.827823347396683,0.827831
"PZA00409.3",0.644504815133631,0.644592
"PZA00411.1",0.349418085759064,0.355817
"PZA00413.17",0.256235523867239,0.259744
"PZA00413.18",0.219664228302192,0.220226
"PZA00413.2",0.80215535025915,0.802163
"PZA00414.27",0.0042840115186066,0.00473242
"PZA00416.2",0.0578406531202843,0.0584491
"PZA00416.4",0.368200383987021,0.368577
"PZA00417.2",0.967046042745257,0.967046
"PZA00417.3",0.975778773434623,0.975779
"PZA00418.2",0.722515639185678,0.722537
"PZA00419.1",0.218978947578571,0.220148
"PZA00420.1",0.86113905163716,0.861145
"PZA00422.2",0.708989900132725,0.709079
"PZA00422.5",0.236104609881187,0.23841
"PZA00423.16",0.0669598777581962,0.0703663
"PZA00423.17",0.396247158172125,0.398693
"PZA00424.1",0.25748739364871,0.258103
"PZA00425.11",0.587744599219135,0.587811
"PZA00425.4",0.998935585241521,0.998936
"PZA00425.9",0.832794842628009,0.832978
"PZA00428.2",0.0195614204304152,0.0201435
"PZA00429.1",0.00763311836404946,0.00802247
"PZA00429.2",5.36843110250701e-06,8.78094e-06
"PZA00432.4",0.718878101210914,0.7189
"PZA00433.3",0.00562812294506464,0.00618496
"PZA00433.5",0.000950410025958887,0.00105292
"PZA00435.4",0.000146178099328195,0.000184025
"PZA00435.5",0.0911556890328989,0.0917962
"PZA00436.7",0.747673013608877,0.747695
"PZA00439.6",0.70533044655497,0.705444
"PZA00440.1",0.582811812420969,0.582892
"PZA00440.15",0.812624562302815,0.812638
"PZA00442.3",0.625481061352683,0.625548
"PZA00442.4",0.452688816342124,0.45291
"PZA00443.4",0.634317510712231,0.635257
"PZA00444.1",0.709730282584773,0.709853
"PZA00444.5",0.63833561193167,0.639398
"PZA00447.6",0.00241906195986936,0.00256888
"PZA00447.8",0.00250136661241919,0.00266005
"PZA00448.5",0.0427484557589679,0.0448512
"PZA00448.6",0.275478079294185,0.276107
"PZA00449.2",0.84896558320125,0.84898
"PZA00452.1",0.717349260366888,0.717372
"PZA00453.2",0.219545358074174,0.220063
"PZA00453.7",0.202122344961735,0.205636
"PZA00455.4",0.325640666988283,0.32695
"PZA00458.1",0.0460551123082748,0.046636
"PZA00458.6",0.449649734408668,0.450292
"PZA00459.5",0.021427599420135,0.0219529
"PZA00460.3",0.243388677887149,0.243896
"PZA00460.8",0.00517275516087607,0.00540779
"PZA00462.2",0.965135072389773,0.965135
"PZA00463.3",0.655578349982127,0.655675
"PZA00464.6",0.0493846159295962,0.0709472
"PZA00466.1",0.960345423755796,0.960346
"PZA00468.7",0.769354441294453,0.769809
"PZA00470.1",0.233800209979714,0.234619
"PZA00471.1",0.217485722165592,0.220657
"PZA00471.2",0.175711322770582,0.178051
"PZA00472.2",0.0253314877389887,0.028037
"PZA00473.5",0.947588943811022,0.947589
"PZA00473.9",0.152986862757624,0.160755
"PZA00474.14",0.860187076070594,0.860193
"PZA00477.5",0.00212478222271696,0.00240481
"PZA00478.7",0.987388336113033,0.987388
"PZA00479.9",0.901493135542044,0.901499
"PZA00481.7",0.647821189243344,0.647922
"PZA00482.10",0.0297328450944811,0.0302846
"PZA00484.5",0.110602934780762,0.112234
"PZA00484.6",0.158094242894325,0.168174
"PZA00485.2",0.215196552630577,0.215865
"PZA00487.16",0.000123189236519757,0.000197915
"PZA00487.24",0.42688605052168,0.42743
"PZA00492.25",0.444024407177521,0.444856
"PZA00492.26",0.152233284311661,0.154694
"PZA00495.3",0.233697471111096,0.23416
"PZA00495.4",0.413796559095384,0.414003
"PZA00495.5",0.621309701014869,0.621364
"PZA00496.1",0.00751271147212031,0.00993818
"PZA00496.2",0.129449519895253,0.131554
"PZA00497.1",0.000671826125558005,0.000800461
"PZA00497.4",0.183506510827112,0.184516
"PZA00498.3",0.014955990097574,0.0153588
"PZA00498.5",0.00292938071879661,0.00313815
"PZA00499.10",0.887494702641674,0.887513
"PZA00499.3",0.663498152760401,0.663538
"PZA00500.5",0.090687870628695,0.0918435
"PZA00501.12",0.253972235684078,0.259145
"PZA00502.1",0.124302572524361,0.124891
"PZA00503.5",0.130687452968947,0.133105
"PZA00504.1",0.0027861247862769,0.00423731
"PZA00505.4",0.591500302879804,0.59167
"PZA00505.5",0.13275440467391,0.133456
"PZA00505.6",0.419449566072542,0.420613
"PZA00506.2",0.0597551233861449,0.068455
"PZA00507.11",5.55832306424148e-06,7.5955e-06
"PZA00508.2",0.544756021387851,0.544851
"PZA00510.2",0.549499608745881,0.54982
"PZA00510.3",0.649545344736665,0.649682
"PZA00513.1",0.711671662340066,0.711756
"PZA00514.6",0.011162817818185,0.0837939
"PZA00515.10",0.190946650989823,0.191814
"PZA00516.2",0.450033544027,0.450212
"PZA00516.3",0.272178597180537,0.27259
"PZA00517.4",0.839263635326606,0.839284
"PZA00517.6",0.00369841451990129,0.0108272
"PZA00520.4",0.355452887962246,0.357534
"PZA00521.3",0.294816099330972,0.295247
"PZA00522.12",0.00373034681926336,0.00393595
"PZA00522.2",0.00586182452987147,0.00612478
"PZA00522.7",0.00176891472450029,0.00189752
"PZA00523.2",0.18193153368882,0.195803
"PZA00524.2",8.78917790553658e-05,0.000104476
"PZA00525.16",0.878278805735423,0.878288
"PZA00525.17",0.412334926997197,0.412732
"PZA00525.2",0.987587213272828,0.987587
"PZA00527.10",0.513634299655862,0.513787
"PZA00527.5",0.526422227969076,0.526534
"PZA00527.6",0.0711249706905871,0.0725075
"PZA00528.1",0.853984915048828,0.853992
"PZA00531.1",0.424712190134105,0.4255
"PZA00531.2",0.820786584115332,0.820811
"PZA00533.3",0.266369353516215,0.271054
"PZA00533.4",0.313290601488091,0.321595
"PZA00534.2",0.478805548325365,0.478994
"PZA00536.2",0.542022033947693,0.542136
"PZA00537.4",0.019742734563179,0.028048
"PZA00538.15",0.37532150013816,0.375598
"PZA00538.18",0.356703534959873,0.357224
"PZA00538.7",0.034831153764124,0.0353998
"PZA00540.3",0.236440320906131,0.236875
"PZA00543.2",0.0404949466826819,0.0458514
"PZA00543.4",0.0494793993297199,0.0535069
"PZA00545.21",0.63265782168292,0.63302
"PZA00545.4",0.814929956459819,0.814942
"PZA00547.6",0.0137069858831274,0.0140901
"PZA00547.8",0.393512396696469,0.39437
"PZA00548.13",0.143107958552058,0.144081
"PZA00548.3",0.171863979998795,0.173556
"PZA00549.3",0.504099983928846,0.505982
"PZA00551.4",0.841512024746573,0.841517
"PZA00552.3",0.464217473122007,0.468537
"PZA00552.4",0.0128653317548108,0.0181401
"PZA00562.3",0.731218226299053,0.731274
"PZA00562.4",0.751286158940004,0.75132
"PZA00567.10",0.857409669077809,0.857417
"PZA00568.19",0.880246081824442,0.880271
"PZA00569.11",0.986498106202157,0.986498
"PZA00569.17",0.873381137343676,0.873415
"PZA00570.11",0.158227442709848,0.158821
"PZA00570.19",0.0317381256192574,0.0359798
"PZA00571.1",0.051070096609718,0.0519373
"PZA00571.2",0.0795259047430081,0.0802257
"PZA00572.1",0.197450119019784,0.198825
"PZA00572.2",0.00611063750563173,0.00667567
"PZA00573.11",0.411362168613539,0.415851
"PZA00573.3",0.734341661293519,0.734439
"PZA00578.1",0.145395545387918,0.149987
"PZA00578.2",0.672427245605939,0.672632
"PZA00579.2",0.20525198820824,0.206173
"PZA00579.6",0.36357504058864,0.366875
"PZA00582.1",0.0159569845161986,0.0172318
"PZA00582.4",0.782647608200495,0.782689
"PZA00583.17",0.0388884633586895,0.0432878
"PZA00583.4",0.0759680656426321,0.076548
"PZA00586.1",0.550631973175846,0.550969
"PZA00587.3",0.131729276078932,0.13635
"PZA00588.1",0.961891140909658,0.961891
"PZA00588.2",0.935106186116911,0.935107
"PZA00590.1",0.453654629232586,0.454048
"PZA00593.2",0.698588241280647,0.701315
"PZA00595.3",0.870556847007044,0.870588
"PZA00595.4",0.0864397628217357,0.095462
"PZA00599.25",0.106810550062042,0.1112
"PZA00603.1",0.052979483634995,0.0536127
"PZA00606.3",0.441154952186144,0.441363
"PZA00608.1",0.160727070516796,0.1614
"PZA00610.15",0.981742036126187,0.981742
"PZA00610.9",0.443741150481764,0.444618
"PZA00611.1",0.643872981521195,0.643925
"PZA00613.20",0.138952720700314,0.144308
"PZA00613.21",0.280437465493329,0.284985
"PZA00613.22",0.306206857742116,0.306684
"PZA00614.1",0.000118231852188518,0.000531018
"PZA00614.12",0.000248734231060328,0.0010536
"PZA00615.3",0.982633356981878,0.982633
"PZA00615.6",0.316124895164146,0.319283
"PZA00616.7",0.190470497034434,0.191159
"PZA00617.16",0.00949470009715879,0.0108079
"PZA00617.5",0.12271276298085,0.124155
"PZA00618.21",0.268024255455915,0.272944
"PZA00619.3",0.372286631951361,0.373389
"PZA00620.2",0.114040145838818,0.114712
"PZA00620.3",0.425156726047168,0.425344
"PZA00621.2",0.947248220013575,0.947249
"PZA00623.1",0.669627033033642,0.669663
"PZA00623.2",0.425364742920383,0.425591
"PZA00623.3",0.0129119620023981,0.0155194
"PZA00626.3",0.862379461979226,0.862385
"PZA00626.4",0.75363654979694,0.753669
"PZA00627.1",0.0370307311874961,0.0375976
"PZA00628.7",0.910364778508775,0.910366
"PZA00629.21",0.145449907249766,0.147826
"PZA00632.1",0.173935716194665,0.17574
"PZA00633.4",0.1197710574057,0.120457
"PZA00633.8",0.990034779087413,0.990035
"PZA00635.1",0.113906262598086,0.114587
"PZA00635.4",0.330789598942232,0.331115
"PZA00635.7",0.424982877320542,0.42519
"PZA00636.7",0.976865359246387,0.976865
"PZA00637.4",0.478174824894885,0.478356
"PZA00641.7",0.0565900446531384,0.0922179
"PZA00641.8",0.0775802058084044,0.0962068
"PZA00643.13",0.00252042885335914,0.00266747
"PZA00644.11",0.302931099250369,0.305817
"PZA00645.1",0.0409871508365005,0.0438826
"PZA00647.9",0.783233409979352,0.783247
"PZA00650.8",0.452693141946416,0.455913
"PZA00652.14",0.37354885218344,0.375092
"PZA00652.17",0.929599332303907,0.9296
"PZA00653.5",0.105213985085954,0.105812
"PZA00654.10",0.772537991316586,0.772743
"PZA00654.12",3.79586515888162e-05,0.000274872
"PZA00655.1",0.090307882271916,0.0929586
"PZA00658.19",0.108154000459113,0.109657
"PZA00658.21",0.410265209612105,0.410839
"PZA00660.20",0.135797018005245,0.143642
"PZA00662.3",0.550333318316305,0.551681
"PZA00663.5",0.858943516452003,0.858949
"PZA00664.3",0.0242270121887305,0.0247118
"PZA00665.6",0.0249886481569903,0.0283694
"PZA00667.1",0.78755584847701,0.787568
"PZA00667.2",0.645480321505739,0.645538
"PZA00670.2",0.121316943224758,0.12249
"PZA00672.6",0.011696446233689,0.0132806
"PZA00674.3",0.351963169226811,0.352501
"PZA00674.4",0.715439751901007,0.715466
"PZA00675.1",0.973782667645069,0.973783
"PZA00676.2",0.00904140563878353,0.0109693
"PZA00678.1",0.863308931296502,0.863312
"PZA00678.2",0.772434267859833,0.772465
"PZA00680.1",0.545970547874741,0.546796
"PZA00680.3",0.148406443580911,0.149176
"PZA00682.16",0.0771312776841003,0.0805179
"PZA00682.2",0.0124021728314695,0.0132179
"PZA00683.1",0.675391445052045,0.67544
"PZA00683.2",0.218611583531017,0.2201
"PZA00684.12",0.458991494995789,0.459357
"PZA00686.4",0.0530738075360189,0.0616797
"PZA00686.7",0.150971323214335,0.158302
"PZA00693.3",0.0215535875186369,0.0225815
"PZA00694.6",0.41033097865419,0.41067
"PZA00695.1",0.717501005210494,0.717532
"PZA00695.2",0.56964310014801,0.569726
"PZA00698.4",0.200305455528475,0.20411
"PZA00699.1",0.349184396646165,0.349965
"PZA00699.5",0.771730853836969,0.77192
"PZA00700.1",0.443102661031539,0.443296
"PZA00700.3",0.268548545723237,0.269465
"PZA00701.6",0.747354453955736,0.747684
"PZA00702.5",0.800165260658341,0.800187
"PZA00703.1",0.162698899619797,0.163263
"PZA00704.1",0.469257819428929,0.469515
"PZA00706.11",0.792408194006113,0.792418
"PZA00706.16",0.169301985789613,0.171046
"PZA00707.7",0.449125205455035,0.453814
"PZA00707.9",0.0270393580741883,0.0280721
"PZA00709.19",0.503003054051154,0.503145
"PZA00710.1",0.437141950659225,0.437471
"PZA00710.11",0.209180244210074,0.210151
"PZA00712.15",0.249191262278649,0.249603
"PZA00712.4",0.60641421714629,0.606533
"PZA00714.1",0.00647121805469493,0.00695893
"PZA00714.6",0.0451255688920655,0.0475871
"PZA00715.1",0.0364457729974584,0.037918
"PZA00715.3",0.0767370153214376,0.0788517
"PZA00717.15",0.553903774540835,0.554023
"PZA00719.2",0.199361532889029,0.202756
"PZA00721.4",0.700126382368734,0.700254
"PZA00721.5",0.571773156039139,0.572155
"PZA00725.1",0.259588417515721,0.259991
"PZA00725.4",0.570502459808065,0.570587
"PZA00726.10",0.0147005881838321,0.0152114
"PZA00726.6",0.0164295994149083,0.0169391
"PZA00726.7",0.00413913428017984,0.00442907
"PZA00727.1",0.718172388163933,0.718241
"PZA00727.11",0.619821951884536,0.62006
"PZA00729.18",0.166062296159955,0.172256
"PZA00729.9",0.990034779087432,0.990035
"PZA00730.2",0.199040829934045,0.201736
"PZA00731.6",0.00453817886885173,0.00504116
"PZA00731.7",0.0410856614436023,0.0415992
"PZA00732.2",0.683447220393278,0.683565
"PZA00732.5",0.801374093093967,0.801445
"PZA00739.1",0.798852644488192,0.79887
"PZA00740.3",0.795066183392991,0.795094
"PZA00749.1",0.482209069756732,0.482578
"PZA00750.1",0.106472572257796,0.107621
"PZA00752.1",0.297023717615057,0.299734
"PZA00758.1",0.0052436422584213,0.00600513
"PZA00760.1",0.036503803415967,0.0379474
"PZA00766.1",0.577959504097092,0.578034
"PZA00783.1",0.228603995413002,0.230398
"PZA00793.2",0.859205669354603,0.859209
"PZA00795.1",0.000571155645970548,0.000845304
"PZA00803.3",0.761580316380694,0.761598
"PZA00805.1",0.490961382615922,0.491728
"PZA00814.1",0.257158272926753,0.257926
"PZA00821.1",0.450933537870979,0.451726
"PZA00824.2",0.311429248773282,0.311884
"PZA00827.1",0.0254642902364228,0.0261088
"PZA00828.2",0.0305440713540106,0.0357609
"PZA00832.1",0.0313267002295925,0.0326944
"PZA00838.2",0.858684897103832,0.858688
"PZA00840.1",0.632914070634141,0.63302
"PZA00856.2",0.685177385805245,0.685222
"PZA00860.1",0.151721240681673,0.152508
"PZA00865.1",0.215974784947682,0.217028
"PZA00878.2",0.0997592175396755,0.100331
"PZA00892.5",0.320286630708866,0.320679
"PZA00894.7",0.252732523284766,0.253352
"PZA00904.1",0.0382752181656816,0.0388739
"PZA00910.1",0.905297857770462,0.905299
"PZA00912.2",0.179694663165741,0.180774
"PZA00920.1",0.999643900926928,0.999644
"PZA00925.2",0.213013798230411,0.213597
"PZA00934.2",0.250653041143686,0.251063
"PZA00939.1",0.108687313131042,0.109312
"PZA00941.2",0.0457851344627967,0.0463257
"PZA00942.2",0.00667975453635598,0.00720818
"PZA00944.1",0.272098613606417,0.272746
"PZA00944.2",0.361317851797644,0.362894
"PZA00947.1",0.196902898160175,0.198229
"PZA00948.1",0.161786598438463,0.162819
"PZA00980.1",0.820284888465343,0.820295
"PZA00985.1",0.118034856159261,0.118846
"PZA00991.2",0.852447187705655,0.852458
"PZA01019.1",0.16725357834453,0.167751
"PZA01028.2",0.513252227794498,0.513542
"PZA01029.1",0.966349293459433,0.966349
"PZA01030.1",0.0895388450342792,0.0960201
"PZA01035.1",0.71720872438251,0.717309
"PZA01038.1",0.583963203389876,0.58406
"PZA01049.1",0.394433536206001,0.394645
"PZA01050.1",0.111651091423818,0.112232
"PZA01055.1",0.117109208301164,0.118639
"PZA01060.1",0.054418527738973,0.0551001
"PZA01068.1",0.466586147238069,0.466793
"PZA01072.1",0.684114568643116,0.684186
"PZA01073.1",0.517949184350351,0.518147
"PZA01079.1",0.649337074743103,0.64959
"PZA01096.1",0.971936308525817,0.971936
"PZA01106.3",0.686399059482687,0.686539
"PZA01113.1",0.804955284884126,0.804964
"PZA01114.2",0.916159012737037,0.91616
"PZA01122.1",0.164253799011039,0.166314
"PZA01135.1",0.892792436814308,0.892797
"PZA01142.4",0.663484138443952,0.663633
"PZA01144.1",0.344326442386915,0.344938
"PZA01154.1",0.85398491504883,0.853992
"PZA01186.1",0.476892832541853,0.477048
"PZA01187.1",0.1353271482877,0.136509
"PZA01195.3",0.599276842826351,0.599639
"PZA01196.2",0.0154746952950863,0.0160248
"PZA01209.1",0.664832975638972,0.664881
"PZA01210.1",0.962188751251193,0.962189
"PZA01210.2",0.467830295929062,0.476988
"PZA01216.1",0.0603346416203011,0.0608932
"PZA01228.2",0.941981706192449,0.941983
"PZA01233.1",0.873889176723378,0.873892
"PZA01238.2",0.658406018432086,0.658456
"PZA01241.2",0.764955568327446,0.764971
"PZA01254.2",0.000990454583334494,0.00112873
"PZA01257.1",0.232468067228165,0.233088
"PZA01259.1",0.593597883106463,0.593693
"PZA01265.1",0.745972785170579,0.746011
"PZA01267.3",0.0129533700312979,0.0133832
"PZA01271.1",0.805904195455884,0.805911
"PZA01278.2",0.235120135368686,0.236381
"PZA01280.2",0.0986355568187556,0.0992775
"PZA01289.1",0.0606909766516093,0.0614166
"PZA01290.1",0.154373476430923,0.154926
"PZA01292.1",0.0650885805101193,0.0659054
"PZA01297.1",0.893467240408102,0.893472
"PZA01303.1",0.00628393412180961,0.00702723
"PZA01313.2",0.00914532776112698,0.00945071
"PZA01316.1",0.575120989436454,0.575335
"PZA01321.1",0.0855285172026452,0.0866638
"PZA01327.1",0.0857687268489076,0.0864075
"PZA01332.2",0.0501871572141225,0.0507997
"PZA01336.1",0.195208995449591,0.196251
"PZA01342.2",0.571153901760831,0.571411
"PZA01349.2",0.963081561898219,0.963082
"PZA01352.5",0.676017809521383,0.676052
"PZA01360.3",0.450225863879182,0.450851
"PZA01369.1",0.00883901723648899,0.00956847
"PZA01374.1",0.0919941641578673,0.0960857
"PZA01391.1",0.0243931908997742,0.0276421
"PZA01396.1",0.00373528018561888,0.00396091
"PZA01422.3",0.252749960363239,0.253588
"PZA01426.1",0.733790007258465,0.733835
"PZA01445.1",0.185706950942453,0.187933
"PZA01447.1",0.00509578429372085,0.00532107
"PZA01455.1",0.666698462563526,0.666763
"PZA01456.2",0.0659093226830172,0.0664865
"PZA01457.1",0.448152583219343,0.449588
"PZA01468.1",0.188704368934326,0.189269
"PZA01470.1",0.767352758360597,0.767374
"PZA01473.1",0.533641850847606,0.534294
"PZA01477.3",0.71815465606458,0.718177
"PZA01497.1",0.00270065809411628,0.00289745
"PZA01509.1",0.505121739093617,0.505247
"PZA01523.1",0.979456695073402,0.979457
"PZA01533.2",0.235873974046479,0.236401
"PZA01537.2",0.278450782230628,0.27881
"PZA01542.1",0.0358243229355647,0.0364321
"PZA01563.1",0.644164288237123,0.644342
"PZA01566.1",0.760663407358861,0.76069
"PZA01570.1",0.64597412174916,0.64603
"PZA01575.1",0.982887954150531,0.982888
"PZA01588.1",0.248335977456186,0.248724
"PZA01591.1",0.0619805543825908,0.0632916
"PZA01597.1",0.0827468248459372,0.0833696
"PZA01601.1",0.82227048908106,0.82228
"PZA01607.1",0.306377750264465,0.306826
"PZA01608.1",0.104943542924933,0.106566
"PZA01618.2",0.068018979398601,0.068593
"PZA01638.1",0.981025655062035,0.981026
"PZA01652.1",0.743772017703221,0.743807
"PZA01672.1",0.0116195775686565,0.012013
"PZA01677.1",0.341368811929223,0.342219
"PZA01680.3",0.785906901079595,0.786022
"PZA01688.3",0.0448730018892451,0.046119
"PZA01691.1",0.206100488961946,0.206616
"PZA01693.1",0.273045114924106,0.27367
"PZA01713.4",0.0329734198769439,0.0341394
"PZA01714.1",0.908495177980011,0.908496
"PZA01715.1",1.35810742396478e-05,2.12145e-05
"PZA01715.2",0.76297475423422,0.762988
"PZA01729.1",0.133633076039049,0.136278
"PZA01736.1",0.465737834995992,0.466402
"PZA01741.1",0.597897220269338,0.598039
"PZA01751.2",0.19239062056586,0.193255
"PZA01753.1",0.976580227206453,0.97658
"PZA01755.1",0.741399531943229,0.74142
"PZA01759.1",0.473670514232937,0.474079
"PZA01765.1",0.804996044362229,0.805008
"PZA01779.1",0.199786449481028,0.200756
"PZA01790.1",0.0498233534588569,0.0520185
"PZA01791.2",0.958517594972238,0.958518
"PZA01796.1",0.152995332531806,0.153551
"PZA01799.1",0.374353955970311,0.37464
"PZA01802.3",0.013659005546594,0.0141257
"PZA01807.1",0.794416952878373,0.794437
"PZA01819.1",0.0486279375215196,0.0505105
"PZA01861.1",0.716402121602546,0.716433
"PZA01877.2",0.0255338195684985,0.0276846
"PZA01879.1",0.25960118311115,0.261745
"PZA01883.2",0.824463743921441,0.824486
"PZA01884.1",0.809860474254638,0.809867
"PZA01885.2",0.0375578026708648,0.0393511
"PZA01887.1",0.964149596969102,0.96415
"PZA01895.1",0.557701565871687,0.558225
"PZA01902.1",0.626667389871811,0.627208
"PZA01905.12",0.793982530210427,0.793992
"PZA01909.1",0.204931567699366,0.205804
"PZA01919.2",0.462963560148131,0.463114
"PZA01921.19",0.0465595798339344,0.0477459
"PZA01925.1",0.116773748438736,0.118309
"PZA01926.1",0.0203537622173616,0.0210176
"PZA01933.3",0.98504631852192,0.985046
"PZA01935.10",0.961829623044044,0.96183
"PZA01936.4",0.740499764505786,0.740551
"PZA01946.7",0.000179083324176999,0.000219351
"PZA01954.1",0.201344562132488,0.202868
"PZA01962.12",0.00685088043231888,0.00720906
"PZA01964.29",0.453759967627897,0.453987
"PZA01978.23",0.321753773904024,0.322072
"PZA01991.3",0.750386694298115,0.750405
"PZA01995.2",0.170153830031588,0.171188
"PZA01999.3",0.626017871036501,0.626328
"PZA02011.1",0.104359655933104,0.104959
"PZA02014.3",0.316504951937712,0.316938
"PZA02017.1",0.505537851919533,0.507262
"PZA02019.1",0.28408959896216,0.284772
"PZA02032.1",0.325146412609189,0.32626
"PZA02035.5",0.986901197202782,0.986901
"PZA02040.2",0.0306812175473045,0.0316926
"PZA02044.1",0.442433244373389,0.442901
"PZA02049.1",0.00142178694942312,0.00158992
"PZA02060.1",0.542020065240063,0.542114
"PZA02068.1",0.188418544200391,0.189157
"PZA02070.1",0.904762308562199,0.904769
"PZA02081.1",0.957706394728137,0.957707
"PZA02090.1",0.0588466167204703,0.0594109
"PZA02095.10",0.981449674320376,0.98145
"PZA02111.1",0.313601612490286,0.314892
"PZA02113.1",0.0437214467038666,0.0442761
"PZA02114.1",0.0689268884031302,0.0744712
"PZA02117.1",0.993165488726054,0.993165
"PZA02122.9",0.163472828658725,0.165021
"PZA02128.3",0.0162432496187952,0.017989
"PZA02129.1",0.0616740766626736,0.0622332
"PZA02133.10",0.664624643247961,0.664683
"PZA02134.3",0.380387810092562,0.381126
"PZA02138.1",0.36010220126994,0.360381
"PZA02141.1",0.00638577685418102,0.00760989
"PZA02147.1",0.509329330771095,0.509666
"PZA02155.1",0.96373368648251,0.963734
"PZA02168.1",0.00118515935836106,0.00140145
"PZA02174.2",0.271150583700139,0.271575
"PZA02175.1",0.103368409767603,0.104351
"PZA02182.1",0.85592846977983,0.855935
"PZA02187.1",0.155469065400094,0.156011
"PZA02187.2",0.702927205678507,0.703304
"PZA02191.1",0.00665206474083208,0.00759927
"PZA02194.1",0.850478492954083,0.850491
"PZA02203.1",0.204354427847473,0.205496
"PZA02204.1",0.743285302060382,0.743304
"PZA02207.1",0.860822142288919,0.860825
"PZA02209.2",0.629794444987565,0.629849
"PZA02212.1",0.291870824294897,0.292237
"PZA02219.2",0.534713414581865,0.534992
"PZA02221.20",0.748221457610971,0.748239
"PZA02223.2",0.62121280130355,0.621296
"PZA02235.14",0.682632669101586,0.682679
"PZA02239.12",0.118185614853187,0.119416
"PZA02247.1",0.764150983613007,0.764164
"PZA02252.2",0.0269884821674727,0.0299224
"PZA02262.3",0.197843212546517,0.198675
"PZA02269.3",0.401336616275284,0.401699
"PZA02269.4",0.858534432136448,0.858541
"PZA02271.1",0.875683759241718,0.875712
"PZA02272.3",0.814559486627243,0.814568
"PZA02274.1",0.623277879843954,0.623608
"PZA02278.1",0.796055095534761,0.796082
"PZA02281.3",0.461817074738677,0.462232
"PZA02284.1",0.578705468054832,0.57878
"PZA02289.2",0.633693427592001,0.633825
"PZA02320.1",0.671721285424705,0.671766
"PZA02352.1",0.170206898908373,0.171109
"PZA02358.1",0.0188086203262084,0.019316
"PZA02359.10",0.717538991774964,0.717561
"PZA02373.1",0.491025423574757,0.491168
"PZA02376.1",0.528393769321225,0.52895
"PZA02378.7",0.184546662547064,0.185166
"PZA02381.1",0.285682875457914,0.288055
"PZA02383.1",0.101056277693876,0.101859
"PZA02386.2",0.631976489723272,0.632326
"PZA02388.1",0.0277582457260729,0.0282649
"PZA02390.1",0.434862446317422,0.435212
"PZA02393.2",0.856857955091606,0.856861
"PZA02398.2",0.298467944055727,0.298927
"PZA02402.1",0.0114550882704483,0.0128719
"PZA02408.2",0.0742227392086119,0.0749936
"PZA02411.3",0.0269860062313669,0.0293257
"PZA02418.2",0.858035437526955,0.85804
"PZA02421.1",0.141300742622347,0.141874
"PZA02427.1",0.788229311021238,0.78824
"PZA02436.1",0.0924715809550474,0.0936234
"PZA02449.13",0.960075962620552,0.960076
"PZA02450.1",0.410693559769192,0.411045
"PZA02453.1",0.0144168148503679,0.0151953
"PZA02456.1",0.268405735006592,0.273237
"PZA02457.1",0.418866148929513,0.419116
"PZA02462.1",0.0449335304478928,0.045478
"PZA02467.10",0.209100311132264,0.209786
"PZA02472.2",0.134715308974495,0.139886
"PZA02479.1",0.562254772947256,0.562355
"PZA02480.1",0.804020014600635,0.804038
"PZA02487.1",0.0429183793214082,0.043758
"PZA02490.1",0.0105839610342121,0.0109462
"PZA02514.1",0.577642974550372,0.578321
"PZA02516.1",0.2757956116691,0.276932
"PZA02520.1",0.219816775563097,0.220779
"PZA02522.1",0.848066920540821,0.848082
"PZA02545.1",0.419020757759445,0.421057
"PZA02549.3",0.212108456978898,0.214196
"PZA02550.1",0.017999891855702,0.0219593
"PZA02554.1",0.964415130414982,0.964415
"PZA02566.1",0.713486879829283,0.713516
"PZA02577.1",0.185243022021653,0.185923
"PZA02606.1",0.605352556461066,0.605428
"PZA02612.1",0.0166531471250439,0.0176219
"PZA02613.1",0.0388404148545605,0.0437294
"PZA02619.1",0.375985990330796,0.376963
"PZA02626.1",0.909152543073544,0.909155
"PZA02633.4",0.340547910245003,0.340886
"PZA02641.2",0.344557273630618,0.345158
"PZA02643.1",0.545451138059853,0.545633
"PZA02645.2",0.0677353875080045,0.0683975
"PZA02648.2",0.0367617212817383,0.0380376
"PZA02653.12",0.0896784668241754,0.0905522
"PZA02663.1",0.344945849298352,0.345262
"PZA02665.2",0.301209615197892,0.301574
"PZA02667.1",0.0597285602023743,0.0727191
"PZA02668.2",0.0944980817345855,0.0968858
"PZA02673.1",0.00158110872246236,0.00172171
"PZA02678.1",0.0861535551839604,0.0881336
"PZA02680.1",0.00575816256095683,0.00916046
"PZA02681.8",0.72441537981906,0.724444
"PZA02686.1",0.0233734520972754,0.0273619
"PZA02698.3",0.684653449800647,0.684746
"PZA02699.1",0.490947028806422,0.491127
"PZA02702.1",0.102905331738074,0.106505
"PZA02705.1",0.833678729323804,0.833704
"PZA02727.1",0.853283201034592,0.853286
"PZA02731.1",0.112172640094031,0.112938
"PZA02737.1",0.228617440222776,0.229291
"PZA02741.1",0.767497475706033,0.767519
"PZA02742.1",0.00729867629914692,0.00763992
"PZA02746.2",0.666216314115863,0.666253
"PZA02753.1",0.504739441658964,0.504867
"PZA02763.1",0.00228065767359974,0.00244827
"PZA02769.1",0.0870721173844544,0.087662
"PZA02774.1",0.849906650739707,0.849917
"PZA02779.1",0.655953989973723,0.655999
"PZA02788.12",0.409527135204834,0.410017
"PZA02789.31",0.823359836715289,0.823395
"PZA02789.36",0.642136111545058,0.642241
"PZA02791.3",0.23363696174688,0.234384
"PZA02791.6",0.161018743342645,0.162036
"PZA02792.16",0.126228543593209,0.126785
"PZA02792.18",0.194100640018774,0.197481
"PZA02792.25",0.0859267484324416,0.0865096
"PZA02792.26",0.090912484369821,0.0915194
"PZA02792.9",0.302029332656469,0.302347
"PZA02793.33",0.116284522788187,0.118492
"PZA02806.4",0.542770058242094,0.542918
"PZA02807.5",0.72785187068777,0.728264
"PZA02808.12",0.00844527000971158,0.0160563
"PZA02808.14",0.0155716308071069,0.021276
"PZA02808.16",0.335736171516428,0.336196
"PZA02811.4",5.27495982562192e-05,0.000156729
"PZA02811.5",5.70496211663432e-06,7.8855e-06
"PZA02812.34",0.133240438914048,0.13431
"PZA02812.43",0.155775855922948,0.156856
"PZA02814.2",0.0261128170302924,0.0265968
"PZA02815.25",0.17601397426654,0.177202
"PZA02817.15",0.000776757423179887,0.000853083
"PZA02817.3",0.00135776456035185,0.00146306
"PZA02818.10",0.500892976991428,0.501015
"PZA02818.6",0.191278348928013,0.191812
"PZA02819.22",0.0366760193547062,0.0371993
"PZA02819.35",0.0403300174886899,0.0411649
"PZA02820.16",0.751296747990472,0.751326
"PZA02820.17",0.701518047439277,0.701569
"PZA02820.6",0.0219166206050878,0.0244381
"PZA02820.7",0.00166764495416875,0.00221887
"PZA02821.5",0.716052798005094,0.716084
"PZA02824.1",0.955999778388364,0.956
"PZA02824.3",0.774648119275374,0.774735
"PZA02825.4",0.0557618986874083,0.0565832
"PZA02830.8",0.132282621100483,0.133478
"PZA02831.2",0.0777703440398825,0.0794811
"PZA02831.5",0.301337346290133,0.305018
"PZA02831.6",0.0746119720694448,0.0778714
"PZA02833.6",0.0886422804098228,0.0892746
"PZA02834.38",0.121851835472978,0.122457
"PZA02836.17",0.0351797530289019,0.0357622
"PZA02837.5",0.347030930292229,0.347333
"PZA02837.6",0.857749910985507,0.857753
"PZA02841.3",0.470971282642428,0.472561
"PZA02841.5",0.0695054423194113,0.0715271
"PZA02844.1",0.0963089908425435,0.153925
"PZA02847.21",0.125440111455087,0.126805
"PZA02850.18",0.5915003028798,0.59167
"PZA02850.4",0.91272658776041,0.912729
"PZA02853.10",0.244195837023467,0.248007
"PZA02853.7",0.710832149285215,0.710872
"PZA02854.13",0.00226573372392604,0.00244496
"PZA02854.7",0.0530768566672612,0.0547374
"PZA02855.14",0.0674444511463775,0.0694044
"PZA02855.17",0.407853175806453,0.40819
"PZA02855.22",0.970047177839731,0.970047
"PZA02861.12",0.330332442087384,0.330911
"PZA02861.13",0.15770171847612,0.158499
"PZA02865.11",0.857148690123175,0.857155
"PZA02869.2",0.420817700802784,0.421326
"PZA02869.4",0.027769443187193,0.0292417
"PZA02869.8",0.170275283050246,0.172052
"PZA02878.13",0.183096276080665,0.184303
"PZA02881.9",0.471613975101626,0.47181
"PZA02887.9",0.4760219603281,0.476206
"PZA02888.3",0.11360881394247,0.117074
"PZA02890.3",0.137761770380715,0.138747
"PZA02890.4",0.131154805425641,0.131906
"PZA02890.5",0.899145685953956,0.899163
"PZA02894.1",0.367288232600113,0.36768
"PZA02897.12",0.00474458790671885,0.00522038
"PZA02906.7",0.620191418268617,0.620285
"PZA02916.4",4.79230813681752e-05,5.86205e-05
"PZA02916.5",1.77023058819208e-05,2.31801e-05
"PZA02921.4",0.000249084721502521,0.000289048
"PZA02921.9",0.0159525206471313,0.0175382
"PZA02923.7",0.00494756675737739,0.025829
"PZA02927.1",0.985318331210568,0.985318
"PZA02938.3",0.840339641159558,0.840353
"PZA02938.5",0.852616329467202,0.852626
"PZA02939.5",0.438730043533827,0.439569
"PZA02939.6",0.577955803299339,0.580409
"PZA02941.3",0.938816027402618,0.938818
"PZA02941.6",0.0656988343194199,0.067452
"PZA02944.10",0.00868729395641068,0.00901732
"PZA02944.12",0.122877860761011,0.124857
"PZA02945.10",0.000303335143611519,0.000348304
"PZA02945.37",0.172677086887296,0.173191
"PZA02946.8",0.0970887948330871,0.0978498
"PZA02948.24",0.38312054205364,0.383481
"PZA02949.22",0.547622806474391,0.548228
"PZA02952.10",0.00223187411180074,0.00590776
"PZA02952.7",0.213793874263421,0.215715
"PZA02955.3",0.889890112738795,0.889892
"PZA02957.4",0.35929975841118,0.360508
"PZA02958.17",0.0933362276348343,0.0940696
"PZA02959.11",0.383541577039031,0.383778
"PZA02959.14",0.0562785655190993,0.0570449
"PZA02959.7",0.01451665588216,0.0150559
"PZA02961.1",0.375272341007442,0.376518
"PZA02961.6",0.532580461189077,0.532684
"PZA02962.13",0.540756003854328,0.541336
"PZA02962.14",0.624850455529684,0.625285
"PZA02963.4",0.0935266266729309,0.11561
"PZA02963.5",0.140350519150307,0.145216
"PZA02964.7",0.424610005944742,0.424798
"PZA02965.13",0.014519768039327,0.0170288
"PZA02966.10",0.0296882372386454,0.0376116
"PZA02966.11",0.0457715300196718,0.0468674
"PZA02968.4",0.170542441234417,0.175142
"PZA02969.1",0.417591278163044,0.417896
"PZA02969.8",0.426498634734489,0.426696
"PZA02970.6",0.515759959866965,0.517207
"PZA02970.9",0.325789724545919,0.327815
"PZA02981.2",0.501437488568477,0.501591
"PZA02982.5",5.99189325628899e-06,7.06155e-05
"PZA02982.6",0.0280597394045878,0.0288696
"PZA02982.7",0.579570060074356,0.580109
"PZA02983.38",0.773651060578053,0.77371
"PZA02985.5",0.24843909080439,0.248836
"PZA02988.2",0.171700443772298,0.177511
"PZA02989.5",0.513758747179555,0.514476
"PZA02992.1",0.433530751928737,0.433772
"PZA02992.15",0.0150111058575376,0.0175913
"PZA02993.14",0.366425146971422,0.367627
"PZA02993.5",0.181160797584694,0.183709
"PZA02993.6",0.633693427591997,0.633825
"PZA02996.9",0.0632652672001664,0.0822561
"PZA02997.16",0.908919276330961,0.908921
"PZA03001.15",0.123328084651164,0.124272
"PZA03001.18",0.252257379372899,0.255135
"PZA03001.9",0.140064679579176,0.140972
"PZA03003.10",0.311701096767699,0.313744
"PZA03003.11",0.429986552624952,0.430332
"PZA03004.10",0.586945617461942,0.587198
"PZA03004.2",0.00199032691501384,0.00545136
"PZA03005.19",0.735652051322254,0.735753
"PZA03005.9",0.300517983650916,0.30084
"PZA03008.21",0.439474087905551,0.442529
"PZA03009.5",0.0109338654374894,0.0119961
"PZA03009.6",0.906437280126535,0.906443
"PZA03009.7",0.517464854068618,0.517604
"PZA03011.6",0.239957582268046,0.243802
"PZA03012.10",0.848607530606553,0.848656
"PZA03012.12",0.850135778356562,0.850139
"PZA03012.7",0.809391577274299,0.809398
"PZA03013.7",0.637981457429476,0.638202
"PZA03013.8",0.979863447147996,0.979863
"PZA03014.21",0.0772901511825091,0.0919185
"PZA03014.9",0.984007025748059,0.984007
"PZA03017.10",0.380067288574206,0.380321
"PZA03018.16",0.710830585264115,0.710875
"PZA03018.9",0.708974659154505,0.709225
"PZA03019.8",0.0684716172774929,0.0761232
"PZA03020.8",0.568497285487831,0.568639
"PZA03024.16",0.576210346632879,0.57629
"PZA03024.7",0.462823976359622,0.465013
"PZA03027.12",0.0282778152319707,0.0288226
"PZA03027.23",0.228617440222773,0.231321
"PZA03027.25",0.00199564095917765,0.00250166
"PZA03028.5",0.56597803562126,0.566756
"PZA03032.16",0.277630832191238,0.277974
"PZA03032.17",0.00261422670109825,0.00308221
"PZA03032.19",0.00434136460716088,0.00518932
"PZA03035.5",0.177726801999571,0.182026
"PZA03037.2",0.402188450754424,0.402389
"PZA03037.3",0.404166696244319,0.405568
"PZA03037.8",0.749557912293661,0.749667
"PZA03041.8",0.373456195881487,0.373737
"PZA03042.1",0.398554084083563,0.399049
"PZA03042.5",0.00780624007069302,0.013321
"PZA03043.14",0.188819337993259,0.189343
"PZA03043.8",0.235496702201843,0.235953
"PZA03046.2",0.061412976420486,0.0768074
"PZA03046.3",0.00274425685352614,0.013777
"PZA03046.4",0.387690864454593,0.387917
"PZA03047.12",0.0770024803151137,0.0776792
"PZA03047.20",0.217222308993749,0.220969
"PZA03049.14",0.0375707629594191,0.038429
"PZA03049.15",0.0509032082023148,0.0516227
"PZA03049.23",0.0270603003337556,0.0277016
"PZA03049.24",0.270844936605628,0.273681
"PZA03050.11",0.0752987066841724,0.0758821
"PZA03052.15",0.174354739226036,0.178692
"PZA03054.10",0.00579718045517413,0.00675277
"PZA03054.3",0.0659871884148539,0.0669019
"PZA03054.5",0.779003474597544,0.779055
"PZA03057.3",0.674166901509439,0.674337
"PZA03058.12",0.0373211756222933,0.0380864
"PZA03058.16",0.0412611786024769,0.0418443
"PZA03058.17",0.754902163275274,0.755
"PZA03058.21",0.779110863366644,0.779192
"PZA03058.22",0.0105421463170174,0.0115825
"PZA03061.5",0.746530901041336,0.746596
"PZA03062.15",0.442956343970687,0.446562
"PZA03062.7",0.607510756184047,0.607634
"PZA03063.17",0.239939176587793,0.247559
"PZA03063.18",0.546165792174527,0.546916
"PZA03064.6",0.290971892798073,0.291448
"PZA03067.17",0.432186421001871,0.43271
"PZA03067.20",0.916214212740777,0.916215
"PZA03068.11",0.209161008584264,0.220459
"PZA03068.13",0.0788810292448335,0.141203
"PZA03069.4",0.0208030890058761,0.0213435
"PZA03069.6",0.995307481709503,0.995307
"PZA03069.8",0.23207978051058,0.232687
"PZA03070.5",0.0837667391752649,0.0850105
"PZA03070.6",0.486469233654102,0.486659
"PZA03070.7",0.224326310893227,0.224965
"PZA03070.9",0.373285019657168,0.373628
"PZA03071.15",0.132848159209453,0.134279
"PZA03073.23",0.792025120820985,0.79205
"PZA03073.24",0.703707586369669,0.70374
"PZA03073.25",0.993296766972495,0.993297
"PZA03073.28",0.901874377513302,0.901877
"PZA03074.24",0.139291027920368,0.141696
"PZA03074.27",0.228637472478935,0.23005
"PZA03076.10",0.0275750539031658,0.0283112
"PZA03078.29",0.0152608026775876,0.0156986
"PZA03078.33",0.710815776511004,0.711073
"PZA03081.1",0.0230288064476496,0.0235399
"PZA03081.9",0.0339446333993262,0.0349287
"PZA03083.7",0.671572166096508,0.672395
"PZA03085.30",0.651797579588374,0.651901
"PZA03086.6",0.071812808747961,0.0816479
"PZA03089.12",0.859150329077094,0.859154
"PZA03090.31",0.427457556567074,0.428311
"PZA03092.7",0.767598185011532,0.767612
"PZA03093.10",0.299627397604109,0.29995
"PZA03094.17",0.0258361889504781,0.0321622
"PZA03094.6",0.0685511766174543,0.0693025
"PZA03094.9",0.107911026786661,0.108531
"PZA03097.4",0.0194593985234765,0.0210898
"PZA03097.7",0.119047357983003,0.120831
"PZA03100.4",1.5048045631e-05,2.58255e-05
"PZA03102.2",0.766088671558838,0.766198
"PZA03102.9",0.527822760345494,0.527982
"PZA03106.1",0.0247894565641443,0.0252454
"PZA03107.1",0.0690491876673835,0.0705063
"PZA03109.1",0.746405270228455,0.746448
"PZA03109.2",0.00161101427013023,0.00453538
"PZA03109.3",0.417859641814192,0.42423
"PZA03111.2",0.669332503153322,0.669442
"PZA03112.1",0.608925902849098,0.609301
"PZA03113.3",0.0149129469882488,0.0152925
"PZA03113.4",0.48930284114317,0.489454
"PZA03113.5",0.112080409657137,0.113691
"PZA03114.2",0.174724025518637,0.17532
"PZA03115.1",0.853748795383402,0.853752
"PZA03115.2",0.655442110446996,0.655488
"PZA03116.1",0.0838743132689286,0.0845633
"PZA03116.2",0.0310634504241158,0.0325441
"PZA03117.2",0.0103114702184705,0.0106322
"PZA03117.3",0.467889828383462,0.468034
"PZA03119.1",0.62730120331933,0.627357
"PZA03119.3",0.708989817996805,0.709076
"PZA03120.1",0.7192040501868,0.719239
"PZA03120.3",0.0464706207276239,0.0486982
"PZA03121.2",0.475723426273721,0.476219
"PZA03122.1",0.523498341162844,0.523995
"PZA03124.1",0.439343409064978,0.441178
"PZA03126.1",0.328065938989803,0.328703
"PZA03128.1",0.0603986499051339,0.0613871
"PZA03128.3",0.0795365000277912,0.0816947
"PZA03132.3",0.155234555921437,0.157383
"PZA03135.1",0.224555891825025,0.225057
"PZA03135.3",0.824162844646376,0.824266
"PZA03136.4",0.264321357494032,0.267699
"PZA03137.3",0.293859973987898,0.295391
"PZA03143.1",0.506672477499738,0.506823
"PZA03143.2",0.625417144257022,0.625487
"PZA03143.4",0.00837377982651814,0.0127137
"PZA03144.1",0.616215983114416,0.616274
"PZA03145.1",0.76603160039374,0.766044
"PZA03146.1",0.177836825032391,0.178913
"PZA03146.2",0.979191850566223,0.979192
"PZA03146.3",0.0308444982521143,0.034179
"PZA03146.4",0.694242686990392,0.694274
"PZA03149.1",0.859733225829144,0.859736
"PZA03149.2",0.963603857768026,0.963604
"PZA03149.4",0.312643880846094,0.313006
"PZA03150.3",0.807142215588009,0.807159
"PZA03150.4",0.0120545926868483,0.0127193
"PZA03151.1",0.807404441271301,0.807412
"PZA03151.2",0.161601813455183,0.164531
"PZA03152.1",0.844289580876904,0.844301
"PZA03152.2",0.0239068899667179,0.0405537
"PZA03152.3",0.352192607547999,0.353207
"PZA03153.1",0.0744498651427842,0.0752786
"PZA03153.2",0.247847580576546,0.248738
"PZA03153.3",0.673273863166887,0.673317
"PZA03153.4",0.915504958204189,0.915506
"PZA03154.1",0.0276711982071823,0.0290725
"PZA03154.2",0.0453191910768222,0.0459336
"PZA03154.4",0.491602942468378,0.491771
"PZA03155.1",0.0988734889622824,0.0997017
"PZA03155.3",0.141416308489588,0.142827
"PZA03156.3",0.223664082669784,0.236167
"PZA03157.2",0.428625910977694,0.429423
"PZA03158.1",0.359121386634424,0.359376
"PZA03158.3",0.52313207608558,0.523458
"PZA03161.1",0.695901706480527,0.696024
"PZA03162.1",0.00718226536850504,0.00990952
"PZA03162.2",0.0783043830412822,0.0826338
"PZA03163.2",0.991149930254272,0.99115
"PZA03163.4",0.0189076966316761,0.0199183
"PZA03164.1",0.227556728806934,0.228261
"PZA03164.2",0.184227061821257,0.185506
"PZA03164.3",0.153919862028613,0.161218
"PZA03165.1",0.63307360190539,0.633121
"PZA03167.2",0.388342772965525,0.38857
"PZA03167.3",0.965822925366557,0.965823
"PZA03167.5",0.492123779701231,0.492265
"PZA03168.1",0.985203825759103,0.985204
"PZA03168.2",0.518242071004077,0.518426
"PZA03168.5",0.586260327492299,0.586844
"PZA03169.1",0.568624699188373,0.568901
"PZA03169.2",0.484165750140275,0.484401
"PZA03169.3",0.487313479938734,0.48836
"PZA03170.1",0.22717609457534,0.228599
"PZA03170.2",0.104814204466318,0.106707
"PZA03172.2",0.987455918807349,0.987456
"PZA03172.3",0.752788376901595,0.753031
"PZA03174.3",0.0619333634108986,0.0640583
"PZA03176.2",0.187855007910799,0.188532
"PZA03176.3",0.115163427507267,0.117178
"PZA03176.4",0.0511067657921263,0.0516919
"PZA03178.1",0.904815540285493,0.904816
"PZA03178.3",0.510722190529475,0.511367
"PZA03179.1",0.898404249201738,0.898405
"PZA03179.4",0.16261513808032,0.165643
"PZA03180.1",0.482078947477397,0.482325
"PZA03180.2",0.992596153715895,0.992596
"PZA03180.5",0.013866022607862,0.0272871
"PZA03182.2",0.10729925140068,0.125958
"PZA03182.3",0.983573010006743,0.983573
"PZA03182.5",0.0497602228855623,0.0503762
"PZA03183.2",0.0840333742775459,0.0862137
"PZA03183.3",0.72622407470326,0.726254
"PZA03183.4",0.000265258003657642,0.000360363
"PZA03183.5",0.0202478453789756,0.0228786
"PZA03184.1",0.723918316135976,0.723951
"PZA03184.2",0.237861932881603,0.240852
"PZA03184.3",0.387850458167752,0.388084
"PZA03185.1",0.62566281188482,0.625715
"PZA03186.1",0.00174470331012535,0.00319543
"PZA03186.2",0.0112481319347604,0.0170616
"PZA03188.1",0.000970699703124501,0.00107259
"PZA03188.2",0.556916024567546,0.557026
"PZA03188.3",0.055689702466218,0.0568179
"PZA03188.4",0.000278106862239563,0.000360965
"PZA03189.1",0.222620349524313,0.223104
"PZA03189.2",0.754324690609252,0.754349
"PZA03189.3",0.833992169305058,0.834011
"PZA03189.4",0.278971447240686,0.279324
"PZA03191.1",0.0138839599755115,0.0143235
"PZA03191.2",0.0879139645975179,0.089091
"PZA03191.3",0.658192966463644,0.658235
"PZA03193.1",0.630771164847195,0.63082
"PZA03193.2",0.167108581738648,0.172872
"PZA03193.3",0.316335153182391,0.318472
"PZA03194.1",1.30582206864267e-05,1.69257e-05
"PZA03194.2",0.589507239972174,0.58961
"PZA03195.2",0.464079936606046,0.464419
"PZA03196.1",0.288800163105862,0.289172
"PZA03196.3",0.668889269483703,0.669243
"PZA03198.3",0.786178044659198,0.786199
"PZA03199.3",0.845418307991472,0.845422
"PZA03200.1",0.0433718360330216,0.0439544
"PZA03200.2",0.0893310866074052,0.0899803
"PZA03200.3",0.830163204503891,0.830193
"PZA03201.2",0.811175764823591,0.811184
"PZA03202.1",0.273133039740972,0.27349
"PZA03202.2",0.723526542118804,0.723561
"PZA03203.1",0.102321590298109,0.102915
"PZA03203.2",0.0883001144535588,0.0891576
"PZA03204.1",0.469198694309724,0.46934
"PZA03204.2",0.872770406511174,0.872774
"PZA03205.1",0.437034039774771,0.437301
"PZA03205.3",0.355937408849681,0.356211
"PZA03210.1",0.00222057025695946,0.00260124
"PZA03211.3",0.0966493477910704,0.0976379
"PZA03211.5",0.524419627605561,0.524735
"PZA03212.3",0.121456893491152,0.127121
"PZA03213.1",0.0210225692689972,0.0219374
"PZA03213.2",0.349504923969295,0.350043
"PZA03214.1",0.193176283454732,0.193818
"PZA03214.2",0.916984428856932,0.916986
"PZA03214.3",0.0523854942994823,0.054907
"PZA03216.2",0.508590976902143,0.508727
"PZA03217.1",0.199067146314141,0.199546
"PZA03217.2",0.15771073983237,0.158255
"PZA03218.1",0.360582892504272,0.360868
"PZA03218.2",0.122206673334505,0.125374
"PZA03219.2",0.0286472155011472,0.0302916
"PZA03219.3",0.165411309290638,0.166612
"PZA03222.1",0.523072850850771,0.523199
"PZA03222.4",0.0370699552175072,0.0619786
"PZA03224.3",0.511536287817507,0.511758
"PZA03224.4",0.265145772244969,0.267174
"PZA03225.2",0.717651077362854,0.717689
"PZA03226.2",0.26769777797956,0.268152
"PZA03226.3",0.155924164207015,0.156673
"PZA03227.1",0.00882247110345296,0.00912799
"PZA03227.2",0.43551141818155,0.436892
"PZA03228.2",0.0110247609361049,0.0128969
"PZA03228.3",0.459102597164878,0.459336
"PZA03228.4",0.365243573496315,0.366011
"PZA03229.1",0.0201656584512421,0.0206135
"PZA03229.2",0.311142424434207,0.313059
"PZA03229.4",0.90044952620139,0.900453
"PZA03231.1",0.969851781953869,0.969852
"PZA03233.1",0.295803872483864,0.296693
"PZA03235.1",0.0524865977807106,0.0533338
"PZA03235.2",0.00963043807270007,0.0103551
"PZA03235.3",0.036888188340314,0.0479197
"PZA03240.1",0.000967334906070921,0.00105004
"PZA03240.2",2.04436852971856e-05,2.5585e-05
"PZA03240.4",0.34242282314976,0.344952
"PZA03240.5",0.0957927624538353,0.108076
"PZA03241.3",0.904842394764569,0.904846
"PZA03241.5",0.408626393567164,0.43808
"PZA03242.1",0.323117824687721,0.323562
"PZA03243.2",0.532699335079754,0.532875
"PZA03243.3",0.0517567899764572,0.0523626
"PZA03243.4",0.0147278568251552,0.0155504
"PZA03243.6",0.0253627759877365,0.0581635
"PZA03243.7",0.0485124683601613,0.0559047
"PZA03244.1",0.46811653436855,0.468329
"PZA03244.3",0.176752225927942,0.339862
"PZA03244.4",0.69713503488028,0.697329
"PZA03244.5",0.0996103971552993,0.235074
"PZA03244.6",0.228409503284486,0.228977
"PZA03247.1",0.530849880738682,0.531033
"PZA03247.3",0.519948468893993,0.530162
"PZA03253.1",0.591698456171141,0.591871
"PZA03253.2",0.277394127318126,0.278315
"PZA03254.1",0.344441814150024,0.345903
"PZA03254.2",0.51162279092571,0.512097
"PZA03254.3",0.502227696461825,0.502815
"PZA03255.1",0.454098945973642,0.454278
"PZA03255.3",0.642497030260108,0.642602
"PZA03255.4",0.643938656791306,0.644052
"PZA03258.2",0.0432046317400811,0.135334
"PZA03261.1",0.01124813193476,0.0170616
"PZA03262.1",0.430937266846875,0.431667
"PZA03262.2",0.647024359554295,0.647236
"PZA03263.1",0.108182149760938,0.109339
"PZA03263.2",0.117092898293248,0.118939
"PZA03264.1",0.900600774661187,0.900609
"PZA03265.2",0.286804341095378,0.288522
"PZA03265.3",0.00551889431166161,0.00620126
"PZA03265.4",0.535768776615627,0.536332
"PZA03267.2",0.211521644008576,0.212681
"PZA03267.3",0.155475645905693,0.156218
"PZA03267.4",0.0180079284600177,0.0184747
"PZA03269.1",0.0558187721415269,0.0586933
"PZA03270.1",0.282970991899827,0.28343
"PZA03270.2",0.786809136394114,0.786839
"PZA03270.3",0.00885844658904047,0.009222
"PZA03270.4",0.452571616322612,0.453611
"PZA03270.5",0.484420783475381,0.485164
"PZA03271.1",0.425364742920385,0.425591
"PZA03271.2",0.232844691100557,0.234227
"PZA03275.1",0.0394010541687126,0.0399493
"PZA03275.3",0.719553118037843,0.719739
"PZA03275.4",0.590930945223256,0.590998
"PZA03276.1",0.648866135340917,0.64892
"PZA03276.2",0.0503254702861405,0.0529636
"PZA03276.3",0.862733710840747,0.862739
"PZA03276.4",0.0873861269780501,0.093385
"PZA03278.1",0.42408690190073,0.424273
"PZA03278.2",0.0263336128951502,0.0272693
"PZA03283.1",0.115607527949382,0.116657
"PZA03283.2",0.271696066324769,0.272586
"PZA03284.3",0.0626656753638569,0.0642853
"PZA03284.4",0.486082072488633,0.487973
"PZA03286.1",0.173530377186576,0.176964
"PZA03288.1",0.916671236843413,0.916673
"PZA03288.2",0.579265395521846,0.579454
"PZA03290.1",0.0945544469285968,0.0970476
"PZA03290.2",0.696970008817485,0.697192
"PZA03290.3",0.853380742491085,0.853406
"PZA03293.1",0.905708434608953,0.905709
"PZA03295.2",0.130730030109656,0.141161
"PZA03296.1",0.542854186542015,0.54305
"PZA03296.2",0.656719222943579,0.656883
"PZA03296.3",0.666830864642275,0.667441
"PZA03296.5",0.162492199632878,0.168488
"PZA03296.7",0.487187077689422,0.487328
"PZA03296.8",0.00334774132139473,0.0056063
"PZA03297.1",0.873376022567296,0.87338
"PZA03298.1",0.213458047537901,0.214058
"PZA03298.3",0.169176399397655,0.173143
"PZA03301.2",0.15970812907948,0.160766
"PZA03301.3",0.646626942365334,0.646819
"PZA03301.5",0.0586339368863199,0.0627609
"PZA03302.1",0.899372808796933,0.899374
"PZA03302.2",0.698321242518138,0.698742
"PZA03302.3",0.693260979133619,0.693293
"PZA03303.3",0.988986507867082,0.988987
"PZA03303.6",0.0735850574181312,0.0770994
"PZA03304.1",0.00751640944918228,0.00778901
"PZA03304.2",0.00882889802809338,0.011189
"PZA03304.3",0.0747160720720351,0.0766879
"PZA03305.1",0.163903393987558,0.164741
"PZA03305.2",0.000461779557934569,0.000535817
"PZA03305.3",0.26785851411297,0.268524
"PZA03305.4",0.0963089908425435,0.153925
"PZA03305.5",0.213481614726268,0.214158
"PZA03305.7",0.121843464595601,0.122666
"PZA03307.1",0.984542020376269,0.984542
"PZA03308.2",0.00398668403112451,0.0181388
"PZA03308.3",0.793607883985391,0.793664
"PZA03309.1",0.248526458312234,0.251783
"PZA03310.2",0.798431054823611,0.798811
"PZA03311.2",0.905625679835556,0.905628
"PZA03311.3",0.106913663531108,0.109434
"PZA03311.4",0.218003599854256,0.220536
"PZA03311.5",0.396349912372347,0.402213
"PZA03311.6",0.515126988965126,0.516015
"PZA03311.7",0.340860736845702,0.341924
"PZA03312.1",0.465146807754413,0.465294
"PZA03312.2",0.104726688923011,0.106396
"PZA03312.3",0.22487336566387,0.225358
"PZA03316.1",0.442236009046875,0.442868
"PZA03316.3",0.024480555561435,0.0257264
"PZA03316.4",0.838995128588799,0.839065
"PZA03318.1",0.733312467793306,0.733371
"PZA03319.1",0.828638119019022,0.828645
"PZA03320.1",0.10092332260281,0.101651
"PZA03320.2",0.359030812785063,0.359401
"PZA03320.3",0.266039577645356,0.266593
"PZA03320.4",0.666080871812969,0.666369
"PZA03320.6",0.0752479574675175,0.0764032
"PZA03321.1",0.00377928325278448,0.00402845
"PZA03321.4",0.225968151422785,0.230209
"PZA03322.1",0.512820014875231,0.512971
"PZA03322.3",0.00654164819735755,0.00763933
"PZA03322.4",0.0052416801341772,0.00728397
"PZA03322.5",0.341439972120803,0.341871
"PZA03324.1",0.466535399441592,0.466863
"PZA03328.2",0.588859881485039,0.589281
"PZA03328.3",0.140493363148604,0.143357
"PZA03328.4",0.00993581133813138,0.011662
"PZA03328.6",0.0101210842804338,0.0116088
"PZA03328.7",0.936373791332716,0.936376
"PZA03329.1",0.619894158732328,0.620085
"PZA03331.3",0.823913791226347,0.823953
"PZA03331.7",0.0583949525515874,0.0646685
"PZA03332.1",0.789097798862666,0.789219
"PZA03335.1",0.112000754235851,0.114306
"PZA03335.2",0.0284576388032659,0.029756
"PZA03336.3",0.165998449773931,0.167516
"PZA03337.1",0.587760398938275,0.58811
"PZA03339.3",0.74439380243601,0.744525
"PZA03340.1",0.0391794806347418,0.0397916
"PZA03340.2",0.421553463605047,0.421848
"PZA03340.3",0.126150249081701,0.131811
"PZA03341.2",0.987807217860759,0.987807
"PZA03341.3",0.91252117324883,0.912522
"PZA03344.1",0.362077807639475,0.36237
"PZA03344.2",0.943834947828611,0.943835
"PZA03344.3",0.804295769321674,0.804313
"PZA03344.4",0.661017093103967,0.661094
"PZA03345.1",0.916589989286219,0.916591
"PZA03345.2",0.317417361019382,0.323117
"PZA03345.3",0.010635341930226,0.0137854
"PZA03345.5",0.0271442999746005,0.0310877
"PZA03346.5",0.566034457797582,0.566365
"PZA03346.6",0.0592242012826673,0.0676619
"PZA03348.1",0.9490250510771,0.949026
"PZA03348.3",0.109481712758364,0.114404
"PZA03349.1",0.550555363119009,0.551294
"PZA03349.4",0.336613487192292,0.352925
"PZA03350.1",0.787816584428024,0.788368
"PZA03351.1",0.257427230908117,0.258696
"PZA03353.1",0.53759955332536,0.539607
"PZA03356.1",0.48716804842734,0.487825
"PZA03358.1",0.301754126775837,0.306434
"PZA03358.2",0.427926869046449,0.431931
"PZA03358.3",0.207912477470743,0.212907
"PZA03358.4",0.307114097535855,0.311421
"PZA03359.1",0.417291949601575,0.420446
"PZA03359.2",0.0885885459009678,0.104137
"PZA03359.3",0.174261590442775,0.185158
"PZA03360.1",0.21169252754255,0.21333
"PZA03363.1",0.399139090529829,0.399342
"PZA03366.1",0.370700480804082,0.378246
"PZA03366.2",0.0882776002208323,0.156564
"PZA03367.1",0.93731257545649,0.937314
"PZA03367.2",0.0781995299638737,0.0889187
"PZA03368.1",0.720064065958597,0.720139
"PZA03368.3",0.238753255051424,0.239295
"PZA03368.4",0.00542814043659237,0.0241213
"PZA03371.1",0.117340503937761,0.132268
"PZA03371.2",0.366888051152228,0.369601
"PZA03372.3",0.605066884148119,0.605183
"PZA03376.1",0.127258069171054,0.12977
"PZA03376.2",0.00125785396125741,0.00332447
"PZA03379.1",0.767447324289168,0.768051
"PZA03379.2",0.683552399487853,0.684703
"PZA03381.1",0.673923145704194,0.674029
"PZA03381.2",0.902164776439946,0.902168
"PZA03384.1",0.108077831560334,0.118633
"PZA03384.2",0.408626393567087,0.43808
"PZA03385.1",0.0810405154011765,0.0818783
"PZA03385.2",0.265280929623851,0.266
"PZA03386.1",0.119104480241395,0.121202
"PZA03387.1",0.446447934641923,0.446713
"PZA03388.1",0.00217199825951867,0.00232715
"PZA03388.2",0.335008230544219,0.33537
"PZA03390.1",0.348584272311911,0.352813
"PZA03391.1",0.864276848269033,0.86428
"PZA03391.3",0.606719198943722,0.609865
"PZA03392.1",0.0173362264890688,0.0184436
"PZA03392.2",0.124464419487004,0.129437
"PZA03394.1",0.649463526125892,0.64967
"PZA03395.3",0.655043582566505,0.655203
"PZA03395.4",0.0418165028761907,0.0490596
"PZA03395.5",0.0110275974773003,0.0153152
"PZA03397.1",0.126668180623854,0.191198
"PZA03398.1",0.233083415899641,0.235737
"PZA03398.2",0.308509379358901,0.330505
"PZA03399.1",0.282626633736585,0.284039
"PZA03399.2",0.0446830703026021,0.0485673
"PZA03400.1",0.0552907217611152,0.169854
"PZA03402.1",0.50072909242786,0.50382
"PZA03404.1",0.628930583929683,0.628984
"PZA03405.1",0.581491862487542,0.585079
"PZA03406.1",0.987870752355476,0.987871
"PZA03407.2",6.01581156553172e-05,7.36151e-05
"PZA03407.3",0.0435858756931062,0.0451012
"PZA03407.4",0.00154716815219856,0.00990663
"PZA03407.5",0.248104815147478,0.255439
"PZA03408.1",0.462970626380468,0.465994
"PZA03409.1",0.329420613391086,0.329712
"PZA03409.2",0.638732597772656,0.6388
"PZA03409.3",0.144615441211629,0.149048
"PZA03409.4",0.0996103971553716,0.235074
"PZA03410.1",0.982653983051298,0.982654
"PZA03411.3",0.630665859729668,0.631741
"PZA03416.6",0.121507690387889,0.129661
"PZA03416.7",0.00951619357224856,0.0120116
"PZA03416.8",0.0102886638345733,0.0206321
"PZA03416.9",0.086587683560933,0.0975786
"PZA03418.1",0.317887630447246,0.320712
"PZA03418.2",0.431600877049549,0.43333
"PZA03420.1",0.304330087980653,0.305989
"PZA03426.1",0.708626841670607,0.708723
"PZA03427.1",0.0213699316628702,0.0223338
"PZA03427.2",0.0387237243829212,0.0399791
"PZA03429.1",0.0187182760432665,0.0244071
"PZA03431.1",0.150703700891929,0.188622
"PZA03438.1",0.0512374906616553,0.0651059
"PZA03442.1",0.0940524579062058,0.0971179
"PZA03443.1",0.32655900216687,0.327227
"PZA03445.1",0.0860517809072927,0.0877515
"PZA03446.1",0.883534337547401,0.883541
"PZA03449.3",0.0751669786408494,0.0762859
"PZA03449.4",0.628706408696754,0.629261
"PZA03451.5",0.0170769398803704,0.0175174
"PZA03451.6",0.287561472690256,0.287927
"PZA03451.7",0.1820626339465,0.182548
"PZA03457.1",0.908443329744545,0.908445
"PZA03461.1",0.628438757585058,0.62859
"PZA03465.1",0.551308805633515,0.551896
"PZA03469.1",0.00884656061471632,0.00919688
"PZA03470.1",0.526635031974207,0.52712
"PZA03518.1",0.00293452763841866,0.0141319
"PZA03519.1",0.752846803970936,0.752881
"PZA03519.2",0.973938406570771,0.973938
"PZA03520.1",0.372984773252669,0.373371
"PZA03520.2",0.181160797584694,0.183709
"PZA03520.3",0.0105499435570912,0.0513216
"PZA03520.4",0.113476499255879,0.121502
"PZA03521.1",0.738132751578722,0.73819
"PZA03522.1",0.253209564366659,0.253661
"PZA03522.2",0.222014557169499,0.224659
"PZA03523.1",0.501220905124844,0.501495
"PZA03523.2",0.0664544485680832,0.0673943
"PZA03525.1",0.645453280443103,0.645965
"PZA03527.1",0.39100061292675,0.391275
"PZA03527.2",0.394452949251694,0.395098
"PZA03527.3",0.00393372398002204,0.00562551
"PZA03528.1",0.293937071157387,0.294599
"PZA03528.2",0.716388249450178,0.716693
"PZA03528.3",0.649056584778082,0.64998
"PZA03529.1",0.898167223613609,0.898168
"PZA03529.3",0.408626393567087,0.43808
"PZA03529.4",0.94198170619245,0.941983
"PZA03529.6",0.0339670931429467,0.0577104
"PZA03531.1",0.0280404134812719,0.0401789
"PZA03533.1",0.0745099975609464,0.0861149
"PZA03534.1",0.046758222214428,0.0569361
"PZA03534.3",0.0929333889524851,0.130828
"PZA03535.2",0.0617671371172705,0.0625953
"PZA03535.3",0.700126382368739,0.700254
"PZA03536.1",0.0917143758051631,0.0924123
"PZA03536.2",0.137719475861479,0.140924
"PZA03537.1",5.92178720255978e-05,0.0019292
"PZA03538.1",0.86046607250133,0.86047
"PZA03539.1",0.649402540012391,0.649554
"PZA03540.1",0.0151748738930929,0.0285999
"PZA03541.2",0.545661509384819,0.545792
"PZA03541.3",0.0149465593603445,0.0156525
"PZA03541.4",0.548797533785791,0.549461
"PZA03544.2",0.536271724023318,0.536373
"PZA03544.3",0.27640295947934,0.276957
"PZA03544.4",0.612648776148475,0.612835
"PZA03544.5",0.668489018809946,0.669621
"PZA03545.1",0.155612572963691,0.193115
"PZA03546.1",0.0529669458901364,0.0542166
"PZA03550.1",0.177046205388733,0.185296
"PZA03550.2",0.833723377838799,0.833806
"PZA03551.1",0.251936000111489,0.252314
"PZA03551.2",0.482505869616985,0.482797
"PZA03552.1",0.159197726674849,0.162065
"PZA03552.2",0.210032077764228,0.229063
"PZA03553.1",0.00732697664233279,0.0171159
"PZA03555.1",0.000338514209285273,0.000480565
"PZA03556.2",0.0466757034364945,0.0472071
"PZA03556.3",0.664319842228531,0.664358
"PZA03557.1",0.333284123184596,0.334256
"PZA03558.3",0.0227493302020619,0.0237849
"PZA03559.1",0.000310420914136943,0.000351118
"PZA03559.2",0.349039913034001,0.35422
"PZA03561.1",0.578380342432454,0.578458
"PZA03561.2",0.0207526520953826,0.0218658
"PZA03561.4",0.0175524193696391,0.0293874
"PZA03562.1",0.632220865455529,0.632537
"PZA03562.3",0.0866972698101263,0.105261
"PZA03563.1",0.0913215836756348,0.0919882
"PZA03564.1",0.467435103086161,0.467599
"PZA03564.2",0.209383927962222,0.222713
"PZA03565.2",0.452866014006547,0.454856
"PZA03567.1",0.112325941440063,0.114654
"PZA03568.1",0.980300462234111,0.980301
"PZA03568.2",0.311674878945693,0.3126
"PZA03568.3",0.123464853920007,0.129328
"PZA03569.2",0.47317514058614,0.474955
"PZA03570.1",0.0922421862670932,0.0932883
"PZA03570.2",0.156901696320006,0.163029
"PZA03571.2",0.0685974507746101,0.0709212
"PZA03572.2",0.546090178984108,0.546307
"PZA03573.1",0.735257153886079,0.73532
"PZA03573.2",0.977262920650543,0.977263
"PZA03573.3",0.328517826116172,0.330173
"PZA03573.4",0.092755059590213,0.22086
"PZA03574.1",0.00971080627139035,0.0100778
"PZA03574.2",0.0497041750496812,0.0556361
"PZA03574.3",0.882799125740983,0.882807
"PZA03574.5",0.00709452059857428,0.00740136
"PZA03575.2",0.00744655167188249,0.00864009
"PZA03575.3",0.333220017086311,0.333746
"PZA03575.4",0.221669725778877,0.231427
"PZA03576.1",0.0184511851979804,0.0191047
"PZA03576.3",0.0368375560503081,0.0504122
"PZA03576.4",0.453315371896538,0.454851
"PZA03577.1",0.370203553472436,0.37106
"PZA03577.2",0.198061985253389,0.201021
"PZA03579.1",0.643146184495495,0.643254
"PZA03579.2",0.494355714981214,0.494492
"PZA03580.2",0.167455468922917,0.16806
"PZA03580.4",0.740974469642548,0.741053
"PZA03580.5",0.0327387654683742,0.130458
"PZA03581.1",0.0229457759990394,0.0234362
"PZA03581.2",0.806512683352231,0.806547
"PZA03583.1",0.431944252220625,0.43213
"PZA03583.2",0.170121609335564,0.171995
"PZA03584.1",0.00619518019042828,0.00680066
"PZA03584.2",0.320601965189293,0.330058
"PZA03585.1",0.140473579883571,0.143501
"PZA03586.1",0.487954826943567,0.488679
"PZA03587.2",0.426024694341512,0.426404
"PZA03588.2",0.068199763855724,0.0704895
"PZA03590.1",0.643475287407177,0.645421
"PZA03591.1",0.852342541664013,0.852354
"PZA03591.2",0.606286341022037,0.606356
"PZA03591.3",0.199551030557459,0.201899
"PZA03592.1",0.104751278285716,0.107407
"PZA03592.3",0.0015074872742568,0.00161953
"PZA03593.1",0.226272794535196,0.227185
"PZA03593.2",0.0448350118369736,0.0779316
"PZA03594.1",0.25038558732515,0.250772
"PZA03595.1",0.0946609642371485,0.0952995
"PZA03595.2",0.000788673864743127,0.00089743
"PZA03595.3",0.0552907217611484,0.169856
"PZA03596.1",0.0813897103428019,0.0819494
"PZA03596.2",0.0829622645894315,0.083611
"PZA03596.3",0.00407518359327858,0.0123289
"PZA03597.1",0.00858681797089541,0.00904462
"PZA03598.1",0.00339074827533966,0.00365125
"PZA03598.2",0.0613430467714193,0.0623148
"PZA03599.1",0.0673502539421696,0.0720386
"PZA03599.2",0.722962659181364,0.723085
"PZA03599.3",0.294873251359325,0.298529
"PZA03600.1",0.168344714176951,0.169845
"PZA03601.1",0.0221115236987593,0.022541
"PZA03601.3",0.277592940994024,0.281768
"PZA03602.1",0.332053608793732,0.332371
"PZA03602.2",0.0240347721667242,0.027216
"PZA03604.1",0.697163162160048,0.697196
"PZA03604.2",0.654622352668745,0.654669
"PZA03604.3",0.987168662285945,0.987169
"PZA03605.1",0.609794691611301,0.609863
"PZA03605.2",0.584114418085102,0.584865
"PZA03606.1",0.379260420239379,0.379802
"PZA03607.1",0.41581272853001,0.416038
"PZA03607.2",0.297059912824472,0.29745
"PZA03607.3",0.37746676493161,0.377955
"PZA03607.4",0.1787072318727,0.180394
"PZA03607.5",0.255199912124019,0.261807
"PZA03608.1",0.750465843021997,0.7505
"PZA03608.2",0.289938067141159,0.290379
"PZA03610.1",0.974046251797767,0.974046
"PZA03611.1",0.853216953759026,0.853225
"PZA03612.2",0.741872796937603,0.741918
"PZA03612.3",0.851459033571762,0.851468
"PZA03612.4",0.10473331655124,0.123793
"PZA03613.1",0.224541230227527,0.225494
"PZA03613.2",0.335307224745114,0.335818
"PZA03614.1",0.665712125991734,0.66575
"PZA03614.2",0.422259503775167,0.422453
"PZA03618.1",0.188819337993259,0.189343
"PZA03618.2",0.454675496369823,0.45542
"PZA03618.3",0.59570820817506,0.595968
"PZA03618.4",0.338049108811021,0.338323
"PZA03623.1",0.0270567569944291,0.0283883
"PZA03623.2",0.571383385511064,0.571871
"PZA03624.1",0.0354603055662683,0.0361058
"PZA03624.2",0.130523078435376,0.131063
"PZA03624.3",0.176752225927942,0.339862
"PZA03625.1",0.0161016486520728,0.0170589
"PZA03626.1",0.013360501487946,0.0138556
"PZA03626.2",0.209348544173188,0.212637
"PZA03627.1",0.500848928874167,0.501099
"PZA03627.3",0.0346830413097882,0.0366513
"PZA03629.1",0.583421810194538,0.583534
"PZA03629.2",0.58786982306889,0.587936
"PZA03630.1",0.281912148573861,0.282484
"PZA03630.2",0.0293694031930197,0.0348273
"PZA03631.1",0.290793408319412,0.294703
"PZA03631.2",0.21829783689334,0.25076
"PZA03632.1",0.588036320057492,0.588108
"PZA03632.2",0.00168670126353411,0.00238003
"PZA03632.3",0.0301576772589264,0.0336001
"PZA03633.1",0.0927550595902646,0.22086
"PZA03634.1",0.34306465419515,0.343645
"PZA03634.2",0.725637285533488,0.726016
"PZA03635.1",0.0576059102693977,0.0590972
"PZA03637.1",0.0460314639372751,0.0477629
"PZA03637.2",0.000441458102938669,0.000501401
"PZA03637.3",0.0577438253514506,0.0594959
"PZA03638.1",0.0631716428920577,0.0650236
"PZA03638.2",0.000230139812225728,0.000267383
"PZA03638.3",0.250320714239991,0.253205
"PZA03639.1",0.152151468247888,0.153933
"PZA03640.1",0.0777822674547354,0.091277
"PZA03641.1",0.166462136339083,0.176239
"PZA03642.1",0.0868322326700308,0.0905416
"PZA03643.1",0.432424312191953,0.433422
"PZA03643.2",0.0384461973154668,0.0434003
"PZA03644.1",0.00893706741655652,0.00923381
"PZA03644.2",0.294987988528978,0.296166
"PZA03644.3",0.374966963488423,0.375556
"PZA03644.4",0.0554645448142779,0.122711
"PZA03645.1",0.0186313047861141,0.0190556
"PZA03645.2",0.000117192961221828,0.000139579
"PZA03646.1",0.472756178419189,0.472902
"PZA03646.2",0.343848520757258,0.345617
"PZA03647.1",0.114629963472719,0.115259
"PZA03647.3",0.000260533621721383,0.000332994
"PZA03648.1",0.0219983777844202,0.0226887
"PZA03648.2",0.000162338758000471,0.000211313
"PZA03648.3",0.00773103472820388,0.0105935
"PZA03649.1",0.0455284495125892,0.0504624
"PZA03650.1",0.225932982405512,0.226582
"PZA03651.1",0.201643232402618,0.202341
"PZA03651.2",0.332814283698174,0.333099
"PZA03652.1",0.505710760326648,0.50583
"PZA03652.2",0.26949291485527,0.271359
"PZA03652.3",0.0284986337499822,0.049812
"PZA03653.1",0.143907462590305,0.144986
"PZA03654.1",0.17603823181151,0.177025
"PZA03654.2",0.117360540723919,0.156752
"PZA03658.1",0.623701731738649,0.623758
"PZA03659.1",0.083050685706705,0.0842317
"PZA03659.2",0.137578820435165,0.138442
"PZA03659.4",0.366888051152229,0.369601
"PZA03660.1",0.480277624029699,0.480673
"PZA03661.1",0.783311475087902,0.783325
"PZA03661.3",0.686389812957082,0.686434
"PZA03662.2",0.287409504082271,0.290663
"PZA03663.1",0.617041255215559,0.6171
"PZA03663.2",0.0109887967284548,0.0121525
"PZA03664.1",0.316042777714114,0.316369
"PZA03665.2",0.969586587804111,0.969587
"PZA03666.3",0.626306872783322,0.626391
"PZA03667.1",0.000558871687018459,0.000622936
"PZA03667.2",0.270476985509223,0.283352
"PZA03668.1",0.000757730218455426,0.000845197
"PZA03668.2",0.277635548839513,0.305684
"PZA03668.3",0.0552907217611152,0.169854
"PZA03668.4",0.534696712291049,0.538126
"PZA03669.1",0.112500281671337,0.118315
"PZA03670.1",0.760801956611513,0.760824
"PZA03671.1",0.471389155600641,0.471535
"PZA03672.1",0.679828393324602,0.679992
"PZA03673.1",0.90745808515742,0.90746
"PZA03673.2",0.718361822302729,0.718433
"PZA03675.1",0.0720583160778745,0.0755038
"PZA03675.2",0.19871969365925,0.223282
"PZA03676.1",0.925170477591064,0.925175
"PZA03676.2",0.00548128225814913,0.00769445
"PZA03676.3",0.218297836893343,0.25076
"PZA03676.4",0.532558887786408,0.536622
"PZA03677.1",0.0885346045646357,0.0894322
"PZA03677.2",0.0899069844929575,0.0905202
"PZA03677.3",0.014595466126954,0.020366
"PZA03677.4",0.228204394260327,0.236127
"PZA03678.1",0.0891599837508756,0.0937199
"PZA03680.1",0.980005912077462,0.980006
"PZA03683.1",0.54456484441245,0.544681
"PZA03685.1",0.0833377921490764,0.106701
"PZA03686.1",0.323491956140993,0.324886
"PZA03687.1",0.0624965387027659,0.0636791
"PZA03688.3",0.390135152676094,0.390355
"PZA03690.1",0.813867210776898,0.813874
"PZA03690.2",0.713964254983698,0.713992
"PZA03692.1",0.767814728155769,0.767827
"PZA03693.1",0.0530064186873453,0.0795117
"PZA03695.1",0.733961175613567,0.734013
"PZA03695.2",0.0191898102132939,0.0284133
"PZA03696.1",0.583591384818531,0.583775
"PZA03696.2",0.683552399487854,0.684703
"PZA03696.3",0.222496669291235,0.232126
"PZA03697.1",0.873652804115382,0.873656
"PZA03698.1",0.0349066275588615,0.0354237
"PZA03698.2",0.00798983399576849,0.00875013
"PZA03698.3",0.663454793886094,0.663584
"PZA03699.1",0.965850193885759,0.96585
"PZA03700.2",0.369534837217841,0.370617
"PZA03700.3",0.203058551471479,0.209581
"PZA03701.1",0.666922757959408,0.66696
"PZA03704.1",0.325432919556754,0.326183
"PZA03705.1",0.438183313341539,0.439118
"PZA03706.1",0.38858785829899,0.389769
"PZA03707.1",0.648282410088777,0.648336
"PZA03707.2",0.00517240964060268,0.0371153
"PZA03708.1",0.64597412174916,0.64603
"PZA03708.3",0.800634096923039,0.801087
"PZA03709.1",0.15510934669791,0.158503
"PZA03709.2",0.877020689564589,0.877049
"PZA03710.1",0.154748829024742,0.156224
"PZA03710.2",0.00286851558709832,0.00392851
"PZA03710.3",0.459507273396194,0.461412
"PZA03710.4",0.014197570578754,0.0163012
"PZA03710.5",0.171521771297795,0.177035
"PZA03710.6",0.201958789253332,0.203115
"PZA03711.1",0.23504107304574,0.237588
"PZA03711.2",0.00549102715078281,0.00679031
"PZA03711.3",0.000154261959696682,0.00199052
"PZA03713.1",0.348749898275978,0.349353
"PZA03714.1",0.0129792070200111,0.0133949
"PZA03714.2",0.0242077122231067,0.0246866
"PZA03714.3",0.00645402245443566,0.00670301
"PZA03714.4",0.622060835031628,0.623221
"PZA03716.1",0.0467582222144279,0.0569361
"PZA03716.2",0.0162021346535707,0.0400227
"PZA03717.1",0.011466070938214,0.0117965
"PZA03718.1",0.859783213357872,0.859789
"PZA03719.1",0.0916485012297269,0.092493
"PZA03719.2",0.586207396035151,0.58637
"PZA03720.1",0.289788318261645,0.29124
"PZA03720.2",0.0281497800486689,0.0297207
"PZA03721.1",0.534967195595184,0.535073
"PZA03722.1",0.950820331942249,0.950821
"PZA03723.1",0.185746347309587,0.186213
"PZA03723.2",0.0823171665449225,0.101285
"PZA03723.3",0.381094127752556,0.387515
"PZA03723.4",0.300306619979815,0.310185
"PZA03723.5",0.523910565522056,0.52592
"PZA03725.1",0.333817814221313,0.344296
"PZA03725.2",0.215659637498053,0.219547
"PZA03727.1",0.712609368596488,0.712648
"PZA03728.1",0.0259615612109998,0.0279931
"PZA03728.2",0.763550061419184,0.763571
"PZA03728.3",0.127474556285312,0.129813
"PZA03729.1",0.11413620429907,0.115008
"PZA03730.1",0.848980644426259,0.848988
"PZA03730.2",0.586942401764258,0.587512
"PZA03730.3",0.224502973544671,0.231654
"PZA03731.1",0.992769098699456,0.992769
"PZA03731.2",0.102317920937938,0.142637
"PZA03732.1",0.0154852130833051,0.0159262
"PZA03732.2",0.00669729942208554,0.00726213
"PZA03732.3",0.339841053402227,0.34183
"PZA03733.1",0.366761375732523,0.366998
"PZA03733.2",0.46151280135785,0.461665
"PZA03734.2",0.989645479508979,0.989646
"PZA03734.3",0.0180349521667299,0.0882574
"PZA03735.1",0.361937623037281,0.362184
"PZA03735.2",0.0552907217611484,0.169856
"PZA03736.1",0.766163839931156,0.766186
"PZA03738.2",0.000679011037980911,0.000849397
"PZA03739.1",0.205871960071469,0.208329
"PZA03741.1",0.965960199564892,0.96596
"PZA03742.1",0.491992787231186,0.492218
"PZA03742.2",0.527123810264479,0.527304
"PZA03743.1",0.665970998155838,0.666031
"PZA03744.1",0.914895970874841,0.914897
"PZA03745.1",0.158707839742906,0.159251
"PZA03746.1",0.0612422428810569,0.0619737
"PZA03746.4",0.500729092427861,0.50382
"PZA03746.5",0.382685490923435,0.389016
"PZA03747.1",0.126070865569996,0.127181
"PZA03747.2",0.317264550742079,0.317913
"PZA03747.4",0.761120529674284,0.761191
"PZA03747.7",0.00318046193507902,0.0119728
"PZA03748.1",0.728804251582453,0.728869
"PZA03748.2",0.978363428749164,0.978363
"PZA03748.3",0.148044100476686,0.148984
"PZA03748.4",0.0329705487366939,0.040853
"PZA03750.2",0.00224397701510936,0.00244355
"PZA03751.1",0.431340557671273,0.43222
"PZA03752.1",0.890735753217176,0.89074
"PZA03752.2",0.00877343501627671,0.00996183
"PZA03753.1",0.014040505492995,0.0154184
"PZA03753.2",0.0996103971553716,0.235074
"PZA03753.3",0.418650801566738,0.419773
"PZA03754.2",0.471186935171706,0.483239
"PZA03755.2",0.0427128811737771,0.0445563
"PZA03755.3",0.00769660947754955,0.00828286
"PZA03756.1",0.334521103154151,0.334803
"PZA03756.2",0.188912556052626,0.189561
"PZA03757.1",0.934057800787801,0.93406
"PZA03758.1",0.555790277088198,0.556112
"PZA03759.1",0.0839306661139102,0.0870985
"PZA03759.2",0.0812645850764876,0.082455
"PZA03760.1",0.0762066835646216,0.083611
"PZA03760.2",0.225196764143078,0.226763
"PZA03760.3",0.0562795125732782,0.163308
"PZA03761.1",0.832182534280352,0.832366
"PZA03761.2",0.126668180623854,0.191198
"PZA03761.3",0.141337654830363,0.143973
"PZA03762.1",0.0768076956511139,0.0773969
"PZA03762.2",0.606719198943707,0.609865
"PZB00007.3",0.39983337772944,0.400613
"PZB00008.1",0.0113194624939937,0.0120328
"PZB00011.1",0.674783091046334,0.674818
"PZB00011.6",0.466616038738046,0.467574
"PZB00014.1",0.0327482461368466,0.0335536
"PZB00017.1",0.598636957180897,0.599373
"PZB00018.3",0.728130705160082,0.728321
"PZB00018.4",0.697653884908276,0.697686
"PZB00023.1",0.633851502226947,0.633986
"PZB00033.1",0.00114311491192967,0.00139415
"PZB00035.1",0.0106814881404175,0.0112501
"PZB00037.1",0.0173328987463792,0.0179875
"PZB00037.2",0.0104380847288302,0.0166522
"PZB00037.3",0.0231957911134039,0.0239664
"PZB00045.2",0.848645441452158,0.848675
"PZB00045.3",0.833896108285585,0.833902
"PZB00054.3",0.200631098149709,0.203883
"PZB00062.9",0.114611832014611,0.126577
"PZB00063.2",0.492414666314584,0.493151
"PZB00063.3",0.144825558573261,0.145608
"PZB00063.4",0.064967873725951,0.0655889
"PZB00063.5",0.144649187536952,0.145356
"PZB00063.6",0.664867728883233,0.66512
"PZB00064.1",5.18406681687054e-06,1.77626e-05
"PZB00068.1",0.942129670671559,0.94213
"PZB00069.1",0.657893409745628,0.657938
"PZB00079.2",0.0194718457177877,0.0199389
"PZB00079.3",0.00855576064644803,0.00917415
"PZB00079.4",0.554983659565752,0.555434
"PZB00080.1",0.0284029818081589,0.0563398
"PZB00080.2",0.321926717857855,0.325911
"PZB00081.2",0.000203067726703845,0.000241798
"PZB00081.3",0.0310969118279795,0.0354439
"PZB00081.4",0.00088064310932064,0.00099819
"PZB00081.5",0.915032600648772,0.91504
"PZB00083.1",0.117721402991795,0.118763
"PZB00083.3",0.00839908455646525,0.00975206
"PZB00089.2",0.189124810996369,0.189714
"PZB00089.3",0.258606948101125,0.259633
"PZB00092.1",0.0182872986881934,0.0257134
"PZB00093.1",0.000455547126075911,0.000534989
"PZB00093.2",0.0293793335626611,0.0306536
"PZB00093.7",0.461188708412226,0.461663
"PZB00094.1",0.162297393559171,0.162803
"PZB00102.1",0.204004290976706,0.205369
"PZB00102.2",0.021189705604956,0.0230708
"PZB00104.1",0.501943448798497,0.502674
"PZB00104.2",0.000723410971196375,0.000829358
"PZB00104.3",0.0387456559868265,0.0398456
"PZB00108.2",0.299983482146249,0.300897
"PZB00108.4",0.673438412038103,0.673483
"PZB00109.1",0.00104754620231961,0.00113419
"PZB00109.2",0.0126697157101448,0.0130192
"PZB00112.1",0.595147967161961,0.595757
"PZB00112.2",0.317148639802889,0.322424
"PZB00116.1",0.583187361952762,0.583283
"PZB00116.2",0.632770963094609,0.63282
"PZB00118.2",0.0170261852527244,0.0176079
"PZB00119.1",0.0408897933809597,0.0414243
"PZB00119.3",0.458448765910759,0.458826
"PZB00123.1",0.637349726290463,0.637418
"PZB00126.1",0.29370254376589,0.294049
"PZB00136.2",0.169216018693374,0.173469
"PZB00139.1",0.112851422389089,0.114226
"PZB00140.1",0.200285130708736,0.20088
"PZB00145.1",0.78067895825924,0.780712
"PZB00147.1",0.0215326641785822,0.0219993
"PZB00148.3",0.00574508284518779,0.00646263
"PZB00149.1",0.263653364289248,0.26465
"PZB00149.2",0.0982730843981283,0.0997587
"PZB00153.1",0.671416955815649,0.671528
"PZB00160.1",0.201674120052154,0.208599
"PZB00165.2",0.889631267908293,0.889633
"PZB00165.4",0.191830646586508,0.195075
"PZB00169.2",0.43156789588375,0.434131
"PZB00174.1",0.00240017323199029,0.00262831
"PZB00174.3",0.000817264566624636,0.00181402
"PZB00175.2",0.0368926113528452,0.041384
"PZB00176.5",0.986901197202772,0.986901
"PZB00178.2",0.373985645468634,0.374402
"PZB00182.3",0.557078052738053,0.557193
"PZB00183.1",0.789097798862672,0.789109
"PZB00183.2",0.312933670248886,0.313802
"PZB00188.1",0.516920706045576,0.517148
"PZB00188.2",0.899350108814844,0.899359
"PZB00204.1",0.909660035661188,0.909661
"PZB00204.2",0.692042263320627,0.692075
"PZB00213.4",0.294873251359325,0.298529
"PZB00219.1",0.673813701721992,0.673868
"PZB00219.2",0.11769547820946,0.12551
"PZB00221.2",0.144460317541705,0.144994
"PZB00221.3",0.531646699512911,0.531811
"PZB00221.5",0.970499809099827,0.9705
"PZB00221.6",0.0497953175284074,0.154319
"PZB00221.7",0.0402631971840272,0.0415903
"PZB00223.1",0.475062235838084,0.475278
"PZB00223.2",0.150629348242623,0.153029
"PZB00223.3",0.0160456928859723,0.02568
"PZB00226.1",0.208833674398104,0.211205
"PZB00228.2",0.635950889924911,0.63602
"PZB00228.4",0.00151826913881958,0.00207068
"PZB00228.5",0.69999370011142,0.700332
"PZB00228.6",0.555905914321123,0.556015
"PZB00229.1",0.0677303152553129,0.0771465
"PZB00229.2",0.0136569453893052,0.0198636
"PZB00232.1",0.344671310979511,0.344993
"PZB00232.2",0.10520959540987,0.106057
"PZB00235.1",0.476263648380053,0.476511
"PZB00235.2",0.986163011399279,0.986163
"PZB00236.2",0.0811391269437912,0.0964983
"PZB00237.1",0.0179643175017305,0.0192149
"PZB00237.2",0.14205608681207,0.148143
"PZB00257.1",0.775823532016415,0.776002
"PZB00274.4",0.000549478532246878,0.000894969
"PZB00274.5",0.585249300944522,0.585364
"PZB00282.2",0.0745562401180122,0.0756353
"PZB00379.1",9.99752469912876e-07,1.47965e-06
"PZB00379.2",0.00162991961476876,0.00177691
"PZB00393.2",0.130560902137215,0.131103
"PZB00400.1",0.00740159369876878,0.00774069
"PZB00409.1",0.910148513405782,0.910152
"PZB00416.6",0.0241148182704914,0.0380879
"PZB00425.1",0.00158887920722227,0.00205952
"PZB00451.1",0.017138327565532,0.0178108
"PZB00451.2",0.0271324288909598,0.113378
"PZB00454.2",0.0696230419709939,0.0735873
"PZB00454.6",0.519948468894035,0.530162
"PZB00517.2",0.114868821603632,0.115493
"PZB00517.4",0.0193924755242104,0.0668114
"PZB00540.1",0.932252824935891,0.932253
"PZB00544.1",0.280714274940734,0.281123
"PZB00544.2",0.969889113613149,0.969889
"PZB00547.1",0.139858992968278,0.140993
"PZB00547.3",0.856323896604685,0.856347
"PZB00555.2",0.951940189954579,0.951941
"PZB00555.3",0.656526339993,0.657624
"PZB00562.1",0.475723426273721,0.476219
"PZB00563.1",0.30736748897942,0.307684
"PZB00563.4",0.0019143515299299,0.0088879
"PZB00565.2",0.359828662839401,0.360468
"PZB00565.5",0.11902134062312,0.124147
"PZB00579.1",0.0925116746978228,0.108076
"PZB00579.2",0.995307481709503,0.995307
"PZB00591.1",0.298341835207387,0.299201
"PZB00592.1",0.960663349733037,0.960663
"PZB00592.2",0.234005863985288,0.235104
"PZB00595.1",0.776529165247871,0.776576
"PZB00597.1",0.809218916651938,0.809254
"PZB00597.2",0.477130354534265,0.477913
"PZB00603.2",0.898170897329498,0.89818
"PZB00605.3",0.123777079898573,0.12485
"PZB00605.4",0.48186257590969,0.482812
"PZB00607.1",0.404504458810565,0.404878
"PZB00619.1",0.0885095081602984,0.0910612
"PZB00628.3",0.109285219902878,0.111873
"PZB00635.1",0.057030648253848,0.0622607
"PZB00643.1",7.29419758557643e-05,9.27362e-05
"PZB00645.1",0.963467819433973,0.963468
"PZB00648.3",0.00583402463908109,0.0676488
"PZB00648.4",0.0521405390102335,0.0633986
"PZB00648.5",0.0190962539974318,0.0198047
"PZB00659.3",0.720295454793078,0.720492
"PZB00665.1",0.0503194542355481,0.0513423
"PZB00665.2",0.57907589437307,0.579151
"PZB00677.3",0.0318909446170051,0.0379778
"PZB00677.4",0.00238888301197039,0.00387227
"PZB00686.1",0.0116186776435822,0.0127611
"PZB00686.2",0.0185144629797668,0.0211097
"PZB00700.1",0.0703559008967413,0.0793683
"PZB00711.1",1.11309219394388e-05,3.70105e-05
"PZB00711.2",0.00617619851208987,0.00907565
"PZB00711.3",0.00163997159967882,0.00413865
"PZB00718.1",0.000331075847074678,0.000379128
"PZB00718.2",0.489511495859142,0.489853
"PZB00718.3",0.253093316442462,0.254007
"PZB00718.5",0.0171965126467522,0.0252304
"PZB00718.6",0.273401532643844,0.274292
"PZB00724.1",0.00825456571727935,0.00857034
"PZB00728.1",0.00763249248571657,0.00790496
"PZB00728.2",0.695356170818662,0.695417
"PZB00736.2",0.23979260022838,0.240524
"PZB00736.4",0.0544650544648858,0.173057
"PZB00750.2",0.00742339095304535,0.00919483
"PZB00750.3",0.00105246070504056,0.0014025
"PZB00752.1",0.00124562190539456,0.00141451
"PZB00752.2",0.215769903781794,0.217565
"PZB00761.1",0.111164140991147,0.11185
"PZB00761.2",0.644935599599141,0.645242
"PZB00765.1",0.000394304548792625,0.000446316
"PZB00769.1",0.0790758083735664,0.0802965
"PZB00769.2",0.892426758421704,0.892439
"PZB00772.1",0.00432622764319142,0.00457546
"PZB00772.2",0.117734527724571,0.121543
"PZB00772.4",0.506831654313715,0.507393
"PZB00772.7",0.00541248253041937,0.0057178
"PZB00777.1",0.60013742815194,0.600297
"PZB00777.2",0.16682618414079,0.16867
"PZB00781.1",0.169976260265571,0.170553
"PZB00793.1",0.407853156343464,0.408073
"PZB00793.2",0.473742698763869,0.474033
"PZB00801.1",9.43233585545332e-05,0.000119074
"PZB00806.4",0.687607374875913,0.687735
"PZB00806.6",0.227391607198779,0.229492
"PZB00806.9",0.527818293482566,0.529135
"PZB00811.1",0.00285232602821962,0.00310024
"PZB00811.2",0.223566592904332,0.224271
"PZB00849.1",0.00733717856032724,0.00787303
"PZB00849.2",0.278734406767899,0.285169
"PZB00857.1",0.914217174487977,0.914218
"PZB00857.2",0.243614914649453,0.244473
"PZB00859.1",0.00904203491454857,0.00982077
"PZB00869.1",0.110477006591108,0.11117
"PZB00869.2",0.455086908347736,0.455352
"PZB00869.4",0.0720847410451266,0.0728013
"PZB00872.1",0.683286423403449,0.683374
"PZB00872.3",0.629254031451391,0.629527
"PZB00878.1",0.181375017197916,0.18601
"PZB00878.2",0.00098923455952837,0.00134498
"PZB00878.3",0.0352037032228939,0.0517698
"PZB00895.1",0.600796420901607,0.600935
"PZB00895.2",0.0647777510859559,0.0655071
"PZB00895.3",0.680954968330917,0.681183
"PZB00895.4",0.585720230172525,0.586937
"PZB00901.3",0.86362318379646,0.863626
"PZB00901.4",0.863590828900965,0.863594
"PZB00901.5",0.417255405828421,0.417541
"PZB00901.6",0.500412139381519,0.500713
"PZB00901.7",0.294290524431362,0.300714
"PZB00919.1",0.856650414382397,0.856658
"PZB00919.2",0.23248170981,0.244791
"PZB00942.1",0.0992350975791119,0.100087
"PZB00954.1",0.110731970735824,0.116385
"PZB00959.1",0.00899209543158802,0.00935356
"PZB00963.1",0.176752225927922,0.339862
"PZB00963.2",0.00803940599773365,0.0122348
"PZB00963.3",0.250949601926754,0.297715
"PZB00967.2",0.681039574542121,0.681131
"PZB00969.1",0.00151293620334758,0.0016451
"PZB00991.1",0.193197351783343,0.195298
"PZB01004.1",0.0226176291531505,0.0244313
"PZB01004.2",0.659375732142992,0.661068
"PZB01009.1",0.141465597788444,0.142071
"PZB01009.2",0.191186237932514,0.193415
"PZB01009.4",0.0139238937582744,0.0151348
"PZB01009.5",0.370700480804082,0.378246
"PZB01013.1",0.881928014586959,0.881936
"PZB01013.2",0.00464574618277903,0.00490441
"PZB01013.3",0.812738913594899,0.812747
"PZB01013.4",0.00145425528302217,0.00362635
"PZB01017.1",0.762117952930514,0.762132
"PZB01017.2",0.0866807848436834,0.089002
"PZB01017.3",0.0175362588270162,0.0180725
"PZB01017.4",0.126680909197435,0.12744
"PZB01017.5",0.149228142369836,0.15215
"PZB01021.4",0.338845391421212,0.343675
"PZB01021.5",0.847780461464748,0.847793
"PZB01022.3",0.756746980157396,0.756761
"PZB01022.4",0.911080744105399,0.911082
"PZB01042.1",0.785699425726389,0.785731
"PZB01042.2",0.741530739856517,0.74158
"PZB01042.3",0.153013120142632,0.157305
"PZB01042.5",0.273875684581969,0.275323
"PZB01042.6",0.32198768511476,0.326832
"PZB01042.7",0.0310129645128293,0.0336437
"PZB01042.8",0.917063279774304,0.917064
"PZB01047.1",0.0136165746020711,0.0140646
"PZB01052.1",0.0022291169528323,0.00237613
"PZB01052.2",0.434966195723614,0.435653
"PZB01052.3",0.00282346869385335,0.00299016
"PZB01052.4",0.00292648523365571,0.0030955
"PZB01057.1",0.103594712050129,0.104913
"PZB01057.2",0.442962492766471,0.443652
"PZB01057.3",0.102245777897813,0.105636
"PZB01057.4",0.0718869406715446,0.0748316
"PZB01062.1",0.860188561473125,0.860206
"PZB01062.2",0.0519312534343966,0.0533393
"PZB01062.3",0.0232899345695728,0.0237714
"PZB01067.1",0.117984127920473,0.129641
"PZB01067.2",0.232159936103812,0.234104
"PZB01077.1",0.000783576520797205,0.000859296
"PZB01077.2",0.139651629377562,0.143846
"PZB01077.3",0.7857422347107,0.785767
"PZB01077.7",0.214646194069506,0.217652
"PZB01080.1",0.0949063633880412,0.0963729
"PZB01080.2",0.0753781986494889,0.0834826
"PZB01083.2",0.192985601263253,0.196742
"PZB01083.3",0.0442198719882377,0.0451714
"PZB01083.4",0.126070865569996,0.127181
"PZB01092.10",0.0060857194300351,0.0358227
"PZB01092.2",0.116412118298726,0.117653
"PZB01092.3",0.645206454003607,0.645386
"PZB01092.4",0.123551497817501,0.125974
"PZB01092.5",0.00954579131802907,0.0124833
"PZB01094.1",0.190795143808198,0.191924
"PZB01094.3",0.126969727154163,0.16597
"PZB01094.4",0.256622109908614,0.302558
"PZB01103.1",0.0449231722311565,0.0454705
"PZB01103.2",0.963188438836441,0.963188
"PZB01103.4",0.250949601926831,0.297715
"PZB01107.2",0.231968632184189,0.233417
"PZB01107.5",0.0860874107071539,0.0866702
"PZB01107.6",0.293814755627554,0.298684
"PZB01107.7",0.184010989816583,0.195706
"PZB01107.8",0.599475719116696,0.600058
"PZB01109.1",0.188733307179471,0.189916
"PZB01109.2",0.0185706271307332,0.0189832
"PZB01110.1",0.0102593901769011,0.0109737
"PZB01110.6",0.00922761320629946,0.00985826
"PZB01111.1",0.0758871589955783,0.0764871
"PZB01111.3",0.186610011796646,0.190214
"PZB01111.5",0.983002481375449,0.983003
"PZB01111.6",0.668838960509149,0.668956
"PZB01111.7",0.729937710708667,0.730382
"PZB01111.8",0.0892514709236938,0.0898428
"PZB01112.1",0.0343560966660558,0.0350763
"PZB01112.2",0.187564534667169,0.190251
"PZB01112.3",0.093554992037221,0.0999678
"PZB01112.5",0.0881649373211842,0.109693
"PZB01114.1",0.00579048641860455,0.00602126
"PZB01114.2",0.266320145118524,0.269914
"PZB01114.6",0.00926823783697244,0.00956727
"PZB01115.3",0.508154564234924,0.508422
"PZB01115.4",0.494736769082719,0.494923
"PZB01156.3",0.51433105837666,0.514775
"PZB01178.1",0.112820185947023,0.113654
"PZB01183.1",0.492023794690677,0.4984
"PZB01186.1",0.548201884471635,0.548289
"PZB01186.2",0.445429647769995,0.445733
"PZB01186.3",0.498556802264583,0.498683
"PZB01186.4",0.031847721255585,0.117708
"PZB01201.1",0.60217659404246,0.602311
"PZB01206.1",0.00533078203509553,0.00563584
"PZB01206.2",0.0016444072862825,0.0019633
"PZB01222.1",0.0498577269359104,0.0504162
"PZB01223.1",0.994238963528882,0.994239
"PZB01223.2",0.133794297272709,0.140927
"PZB01223.3",0.539486737446522,0.539618
"PZB01226.1",0.286228775324645,0.301425
"PZB01227.1",0.631520205304567,0.631571
"PZB01227.3",0.620184808463451,0.620367
"PZB01228.2",0.281744264712786,0.283366
"PZB01228.4",0.965014198748648,0.965014
"PZB01230.1",0.802846758480932,0.80289
"PZB01230.2",0.0504834999400662,0.0510841
"PZB01230.5",0.0114004494604052,0.0131224
"PZB01231.1",0.302667135564604,0.303098
"PZB01231.2",0.856220317454153,0.856229
"PZB01231.3",0.540019455078058,0.540141
"PZB01231.4",0.120452079590663,0.121684
"PZB01233.6",0.985945220280836,0.985945
"PZB01234.5",0.287575159800814,0.28858
"PZB01235.1",0.20578283571897,0.206225
"PZB01235.2",0.0382246322743885,0.0435471
"PZB01235.3",0.242581336005216,0.246393
"PZB01235.4",0.331823872798843,0.333027
"PZB01238.3",0.348406456000234,0.351309
"PZB01238.7",0.878310431150069,0.87834
"PZB01261.1",0.0859904113127803,0.0876718
"PZB01267.1",0.114439478906604,0.116096
"PZB01267.2",0.00174069489595941,0.0018563
"PZB01271.1",0.261283864782126,0.266286
"PZB01273.2",0.802978262131698,0.802994
"PZB01285.1",0.0596270438093845,0.0749677
"PZB01285.2",0.502718653073705,0.508635
"PZB01292.1",0.147926545421082,0.15003
"PZB01292.3",0.0725633670652488,0.0820163
"PZB01301.5",0.152929815449933,0.153634
"PZB01301.6",0.561494411768015,0.561599
"PZB01301.7",0.0982611943992154,0.0990005
"PZB01302.1",0.0253627759877367,0.0581635
"PZB01308.1",0.30628666504278,0.307223
"PZB01308.3",0.37607712190614,0.377241
"PZB01325.1",0.010140607562129,0.0122576
"PZB01331.2",0.138961771338267,0.141924
"PZB01336.3",0.117504712668996,0.118297
"PZB01336.6",0.302868735114517,0.304214
"PZB01352.2",0.00304163728959151,0.0036988
"PZB01352.4",0.0113875980957879,0.0126625
"PZB01352.6",0.00758055766334709,0.00966391
"PZB01358.1",0.127376841019196,0.128264
"PZB01358.2",0.161778209516769,0.162565
"PZB01358.3",0.0013998668668741,0.00188118
"PZB01358.4",0.183760879738691,0.194255
"PZB01370.1",0.00378984811134352,0.00416663
"PZB01370.2",0.533893029940407,0.534158
"PZB01376.1",0.864387758731497,0.864391
"PZB01378.2",0.0492923295513999,0.0700791
"PZB01378.3",0.460651867932532,0.461836
"PZB01378.4",0.0151808250202092,0.0156838
"PZB01378.5",0.986706641854686,0.986707
"PZB01385.2",0.455179483505466,0.455544
"PZB01385.3",0.328032469356038,0.328373
"PZB01388.1",0.492805497867709,0.492938
"PZB01389.1",0.471483315995232,0.471629
"PZB01389.2",0.0698727616389776,0.0800395
"PZB01394.1",0.211734572844177,0.21321
"PZB01394.2",0.58972286836901,0.589798
"PZB01394.4",0.913491667165926,0.913493
"PZB01396.3",0.7403749000701,0.740495
"PZB01400.1",0.4735237522052,0.474213
"PZB01400.2",0.117506874147685,0.129712
"PZB01400.3",0.118301656486229,0.136554
"PZB01400.4",0.159337128960412,0.176429
"PZB01400.5",0.83189088791403,0.831919
"PZB01403.1",0.218597517150783,0.219073
"PZB01403.2",0.00525034056884191,0.00813141
"PZB01403.3",0.727831311912556,0.72807
"PZB01403.4",0.871759359497793,0.871788
"PZB01403.5",0.0104235348264934,0.019725
"PZB01412.2",0.55222973835577,0.55322
"PZB01427.4",0.136925929107852,0.139477
"PZB01427.5",0.798121219291928,0.798244
"PZB01432.1",0.283267678565491,0.283804
"PZB01432.2",0.273448757866675,0.27386
"PZB01432.3",0.0340608172352433,0.0356505
"PZB01432.4",0.00863344539844784,0.00995662
"PZB01436.1",0.570879678272834,0.571074
"PZB01436.3",0.0812189209045911,0.0860442
"PZB01446.1",0.0722176212895362,0.0767112
"PZB01446.3",0.429730318034426,0.434793
"PZB01449.2",0.315596115866391,0.315955
"PZB01449.3",0.00294843443381069,0.00348058
"PZB01454.3",0.0186106367795746,0.0190219
"PZB01457.1",0.576277294941442,0.576354
"PZB01457.3",0.152251537611415,0.15283
"PZB01460.1",0.649105342591055,0.649202
"PZB01461.1",0.143907462590305,0.144986
"PZB01461.2",0.157428413619236,0.158333
"PZB01461.3",0.494042015860612,0.494864
"PZB01463.6",0.406716414449847,0.411732
"PZB01463.7",0.277635548839513,0.305684
"PZB01471.1",0.303682969627499,0.304217
"PZB01471.2",0.508412965445863,0.509539
"PZB01471.3",0.0720676841793732,0.0727732
"PZB01473.3",0.0517678912440299,0.0558945
"PZB01475.1",0.528940479890757,0.529052
"PZB01475.2",0.801164328543339,0.801183
"PZB01479.1",0.647798051185478,0.648528
"PZB01482.1",0.718539218117616,0.718604
"PZB01482.2",0.0311709199156187,0.0354767
"PZB01482.3",0.243277844338647,0.247862
"PZB01487.1",0.060800952657909,0.0620106
"PZB01487.2",0.549143249064495,0.549722
"PZB01549.1",0.306990763101983,0.313046
"PZB01569.10",0.318083118816087,0.318411
"PZB01569.11",0.408069924609815,0.409303
"PZB01569.7",0.426147618632764,0.42691
"PZB01569.8",0.0548131579781132,0.0554409
"PZB01569.9",0.915303531193295,0.915306
"PZB01612.1",0.037918113056665,0.0384789
"PZB01612.2",0.0749457776711231,0.0761365
"PZB01612.3",0.636711390226993,0.636815
"PZB01617.2",0.0654404695122551,0.0662788
"PZB01619.2",0.464260329171741,0.464446
"PZB01632.1",0.156603343410905,0.160283
"PZB01632.2",0.531088240178447,0.531313
"PZB01632.3",0.0872160154168535,0.137662
"PZB01638.1",0.219361977795128,0.219831
"PZB01638.3",0.462221073872969,0.462376
"PZB01642.1",0.0235618741838297,0.0306615
"PZB01642.2",0.0626884671905675,0.0711985
"PZB01647.1",0.0837231835562103,0.0847212
"PZB01647.2",0.0627418876887456,0.0774097
"PZB01652.1",0.116195483740871,0.116759
"PZB01658.2",0.109993443209195,0.111124
"PZB01662.1",0.576525779208455,0.576622
"PZB01662.2",0.262843853031928,0.266657
"PZB01683.2",0.000185905457812549,0.000389795
"PZB01683.3",0.027750665180589,0.02897
"PZB01689.1",0.753569660389736,0.753587
"PZB01689.2",0.120674326940737,0.122184
"PZB01725.1",0.707361618749038,0.707388
"PZB01725.2",0.104514196887132,0.106072
"PZB01728.5",0.0019695174525557,0.0103519
"PZB01728.6",0.709681960085098,0.709776
"PZB01728.7",0.659612924469654,0.659748
"PZB01856.1",0.064747961635159,0.0653402
"PZB01856.2",0.107771968553849,0.111534
"PZB01856.4",0.650061781000107,0.65055
"PZB01867.2",0.119822065136824,0.120402
"PZB01867.5",0.643440934357947,0.643541
"PZB01869.1",0.0358742602176232,0.0369958
"PZB01869.2",0.0433301563100017,0.0515488
"PZB01869.4",0.00286622644491156,0.00319399
"PZB01872.1",0.237464105560211,0.23792
"PZB01872.2",0.204919274639743,0.220539
"PZB01877.1",0.799251410588588,0.799272
"PZB01881.10",0.113133513087773,0.132879
"PZB01881.11",0.0879137834398825,0.100204
"PZB01881.12",0.317148639802889,0.322424
"PZB01883.1",0.0218471728781188,0.0240102
"PZB01883.2",0.0327722321872928,0.0337879
"PZB01883.3",0.0216401427208814,0.0234743
"PZB01883.4",0.00973751056011448,0.0112299
"PZB01892.1",0.00504868574646682,0.0146241
"PZB01899.2",0.855899931679753,0.855903
"PZB01899.3",0.659895557193557,0.659937
"PZB01913.1",0.129352820620099,0.129941
"PZB01913.2",0.000519984015751475,0.00568377
"PZB01915.1",0.00729955823387713,0.00813755
"PZB01919.1",0.000911362443846699,0.0010134
"PZB01919.2",0.0879281528821957,0.0893465
"PZB01933.1",0.0944817182364643,0.0957932
"PZB01933.2",0.724932591048498,0.725131
"PZB01937.1",0.0390988395251881,0.0401663
"PZB01937.2",0.0017755742166395,0.00289555
"PZB01937.3",0.158334013980395,0.161483
"PZB01940.1",0.0370770391606751,0.0384839
"PZB01947.1",0.179608286832234,0.180971
"PZB01957.1",0.533942452254245,0.535199
"PZB01957.2",0.682118568586949,0.682278
"PZB01957.3",0.265271478898943,0.26799
"PZB01960.1",0.0969588172782979,0.102488
"PZB01963.1",0.318077532786423,0.318715
"PZB01963.2",0.60396294936769,0.604259
"PZB01963.3",0.311449155289964,0.312125
"PZB01963.6",0.242814090749832,0.243978
"PZB01964.1",0.365139961456373,0.365454
"PZB01964.3",0.9043601551561,0.904363
"PZB01964.4",0.839493632827654,0.839528
"PZB01964.5",0.308655822108835,0.310715
"PZB01969.1",0.200543469839479,0.258973
"PZB01969.2",0.230947155960965,0.234714
"PZB01969.3",0.312354344868972,0.314736
"PZB01969.4",0.0327387654683961,0.130458
"PZB01977.1",0.00485333729289286,0.00516616
"PZB01977.10",0.335513572792526,0.341616
"PZB01977.11",0.662812439734279,0.662853
"PZB01977.2",0.580471318056972,0.580545
"PZB01977.3",0.268629106859771,0.269004
"PZB01977.4",0.872826021169439,0.87283
"PZB01977.5",0.215662797594596,0.239335
"PZB01977.6",0.652181991800281,0.65245
"PZB01977.7",0.114394932651833,0.1163
"PZB01977.9",0.0417057763718021,0.0423244
"PZB01979.2",0.667050030698582,0.667095
"PZB01979.3",0.00147013886154473,0.00169208
"PZB01983.1",0.386689883051226,0.388284
"PZB01983.2",0.0746102665691376,0.0813306
"PZB01987.1",0.554906684330225,0.555476
"PZB01993.2",0.0325555866427903,0.0333508
"PZB01993.3",0.461839630353062,0.46255
"PZB01997.1",0.406833175654795,0.407324
"PZB02002.1",0.732123980734182,0.732188
"PZB02005.1",0.00156571029584035,0.00173469
"PZB02005.2",0.143386174727984,0.154804
"PZB02013.1",0.0872033230450888,0.0890177
"PZB02013.2",0.0860517809072926,0.0877515
"PZB02013.3",0.084506858824749,0.0861822
"PZB02017.1",0.0475848701211122,0.0490574
"PZB02017.2",0.189660682914602,0.193424
"PZB02017.3",0.140210327818608,0.144409
"PZB02017.4",0.0497953175284074,0.154319
"PZB02020.3",0.772160400298343,0.772818
"PZB02023.1",0.412032529577313,0.412263
"PZB02029.1",0.995837876337765,0.995838
"PZB02033.1",0.147268980142806,0.147896
"PZB02033.2",0.00125483154276691,0.00156229
"PZB02035.1",0.810078551912968,0.810091
"PZB02035.2",0.000155324789937296,0.000292621
"PZB02035.3",0.916801651673525,0.916803
"PZB02035.4",0.61090123710096,0.611098
"PZB02040.1",0.151734153485071,0.204645
"PZB02044.1",0.20907023152545,0.210566
"PZB02044.2",0.0472359293277454,0.047799
"PZB02044.3",0.528858223531684,0.529121
"PZB02053.1",0.850118756960809,0.850144
"PZB02053.2",0.411657980126232,0.413522
"PZB02053.3",0.0923174033327943,0.16597
"PZB02058.2",0.0374630870766808,0.0379907
"PZB02058.3",0.0896686764361116,0.0902452
"PZB02059.1",0.0157018216273166,0.0160806
"PZB02059.3",0.0770512561018911,0.0813657
"PZB02070.1",0.0120932492301368,0.0124398
"PZB02076.1",0.060090693396838,0.0626841
"PZB02076.3",0.451830516599488,0.457147
"PZB02080.1",0.00260827538840149,0.00335623
"PZB02080.2",0.659375732142991,0.661068
"PZB02095.2",0.99170523123069,0.991705
"PZB02095.3",0.607634075972666,0.609207
"PZB02099.2",0.143494956791855,0.150649
"PZB02107.1",0.08147283423895,0.0834524
"PZB02114.1",0.802357522889802,0.802377
"PZB02114.2",0.00764251839867009,0.032644
"PZB02114.3",0.518057918651396,0.518355
"PZB02119.1",0.990085175228854,0.990085
"PZB02122.1",0.587974903907686,0.588158
"PZB02139.1",0.0744217913749611,0.0753644
"PZB02144.4",0.0827824423474243,0.0842503
"PZB02144.5",0.0909479708893804,0.093889
"PZB02145.1",0.224930623229155,0.225427
"PZB02145.2",0.233124544845759,0.233573
"PZB02145.4",0.519948468893993,0.530162
"PZB02151.1",0.491912387495729,0.492052
"PZB02151.2",0.47328108156355,0.474424
"PZB02155.1",0.762996367327201,0.763009
"PZB02155.2",0.736393882317815,0.736563
"PZB02159.1",0.685010444145132,0.68505
"PZB02159.2",0.843591934394873,0.843596
"PZB02161.1",0.163104713029977,0.165394
"PZB02167.1",0.244660068873447,0.250076
"PZB02167.2",0.89874678372115,0.898765
"PZB02171.1",0.978021762448567,0.978022
"PZB02179.1",0.00630558114860387,0.00662809
"PZB02179.2",0.0125168105852835,0.0129536
"PZB02179.5",0.0678026328332197,0.068456
"PZB02189.1",0.326641709758016,0.327189
"PZB02189.4",0.0996103971553718,0.235074
"PZB02189.5",0.327154870577411,0.327708
"PZB02189.6",0.502182769004676,0.502378
"PZB02194.1",0.718552508257722,0.718585
"PZB02209.1",0.802978262131696,0.802998
"PZB02209.2",0.0507354813872289,0.0545663
"PZB02209.3",0.00902379035100486,0.0497298
"PZB02215.10",0.0546251514833338,0.0813862
"PZB02215.3",0.220038926749473,0.226148
"PZB02215.4",0.975283691565856,0.975284
"PZB02215.5",0.651131769542179,0.651182
"PZB02215.7",0.981994343331493,0.981994
"PZB02215.9",0.204194245138352,0.211799
"PZB02227.1",0.722566358389386,0.722624
"PZB02227.2",0.394948151046723,0.395313
"PZB02227.3",0.0936129640609569,0.0992602
"PZB02227.4",0.912372702767739,0.912376
"PZB02235.2",0.277635548839513,0.305684
"PZB02235.3",0.913722199055609,0.91373
"PZB02235.5",0.390397539342599,0.391359
"PZB02283.1",0.350248413863366,0.351037
"PZB02366.1",0.000628499212833265,0.0096661
"PZB02366.2",0.00805475381781483,0.0101941
"PZB02366.3",0.0244560487911828,0.038449
"PZB02420.1",0.0504035470000302,0.0649217
"PZB02422.1",0.0506294638661149,0.0541506
"PZB02423.1",0.163088321847426,0.169478
"PZB02424.1",0.0652785280346017,0.0658653
"PZB02424.2",0.122168536502292,0.124196
"PZB02425.2",0.473953653892664,0.474384
"PZB02425.3",0.500204503552079,0.500501
"PZB02440.1",0.291641071788403,0.293107
"PZB02448.1",0.393335148618334,0.393649
"PZB02448.2",0.258509195157726,0.260999
"PZB02476.1",0.130993364144477,0.13456
"PZB02476.2",0.995307481709466,0.995307
"PZB02480.1",0.328260369116282,0.328679
"PZB02480.2",0.321062730805722,0.321808
"PZB02484.1",0.991610932592051,0.991611
"PZB02484.2",0.011162817818192,0.0837939
"PZB02491.1",0.00269172693954057,0.00288002
"PZB02502.1",0.713077314936471,0.713102
"PZB02502.2",0.0559306125013284,0.0650792
"PZB02502.5",0.56808652125533,0.568883
"PZB02504.1",0.740591355114644,0.740612
"PZB02504.3",0.296839819028124,0.297197
"PZB02511.1",0.0758318534326335,0.076722
"PZB02513.1",0.00906827424430403,0.00961945
"PZB02513.3",0.139772768676012,0.142006
"PZB02513.4",0.214336683095284,0.220301
"PZB02514.1",0.00341748494319098,0.00368297
"PZB02514.2",0.1004911590711,0.101393
"PZB02514.3",0.00423222977853485,0.00490002
"PZB02515.1",0.234881318973415,0.235312
"PZB02515.2",0.0677443641685838,0.0719348
"PZB02515.3",0.295812054680827,0.296932
"PZB02516.1",0.9820856078166,0.982086
"PZB02516.2",0.154405218634834,0.156461
"PZB02516.3",0.368082621252486,0.374894
"PZB02517.1",0.0287058951373399,0.0300081
"PZB02518.1",0.674708625972245,0.674743
"PZB02521.1",0.454806002306904,0.455065
"PZB02523.1",0.261210902676428,0.262684
"PZB02529.1",0.624405011717946,0.624457
"PZB02529.2",0.0271324288909564,0.113378
"PZB02534.1",0.710220462037209,0.710262
"PZB02534.2",0.637237529639457,0.637492
"PZB02534.3",0.114653653911908,0.117915
"PZB02534.4",0.863683156179071,0.863688
"PZB02542.1",0.222496669291241,0.232126
"PZB02542.2",0.15315079523574,0.159691
"PZB02542.3",0.0454757054964628,0.156564
"PZB02554.1",0.814748377354852,0.814756
"PZB02554.2",0.172356187867918,0.173242
"PZB02554.3",0.274022168424454,0.29374
"PZD00003.3",0.797199327205798,0.797225
"PZD00004.3",0.524270761354312,0.525337
"PZD00006.1",0.0613334817484862,0.0629736
"PZD00007.1",0.437645700594149,0.437866
"PZD00008.3",0.0183486626900598,0.0196975
"PZD00010.3",0.394176148401313,0.396019
"PZD00011.1",0.966361876100042,0.966362
"PZD00011.4",0.765305387495353,0.765409
"PZD00011.5",0.558665242343901,0.558761
"PZD00014.4",0.231283320893278,0.232302
"PZD00015.5",0.859566203080945,0.859573
"PZD00016.4",0.900258334452846,0.900261
"PZD00017.2",0.24630484867122,0.24781
"PZD00022.1",0.444716528941047,0.445131
"PZD00022.3",0.163935731713921,0.164596
"PZD00022.5",0.105961250230167,0.106733
"PZD00025.1",0.775701957938445,0.775742
"PZD00025.2",0.422979126160291,0.42318
"PZD00027.1",0.00489723455719523,0.00535432
"PZD00027.2",0.134440956236319,0.135133
"PZD00027.3",0.607634075972667,0.609207
"PZD00027.5",0.733095254864813,0.735109
"PZD00029.4",0.398256121771575,0.416196
"PZD00030.2",0.859025214472734,0.859033
"PZD00030.8",0.738392092390525,0.738591
"PZD00030.9",0.935357824603438,0.93536
"PZD00032.1",8.6612556989597e-06,1.15652e-05
"PZD00032.2",0.00841150774244347,0.0115606
"PZD00032.3",0.550721477042859,0.553808
"PZD00033.2",0.0342070141818333,0.0400873
"PZD00034.3",0.661238388488707,0.6613
"PZD00034.4",0.168127572560056,0.188851
"PZD00036.2",0.000370855829336175,0.00043926
"PZD00038.1",0.000919241610848608,0.00117976
"PZD00038.3",0.843281796031879,0.843286
"PZD00039.2",0.0138898685900967,0.0146484
"PZD00039.3",0.320678605055359,0.321748
"PZD00039.4",0.837948172695315,0.837967
"PZD00040.2",0.658518380597986,0.658965
"PZD00040.3",0.0485399529383189,0.068995
"PZD00041.1",0.900176915008167,0.90019
"PZD00041.2",0.10061770849665,0.118782
"PZD00042.2",0.781865417077133,0.782018
"PZD00047.1",0.284349507055872,0.286409
"PZD00047.2",0.176752225927813,0.339862
"PZD00050.2",0.313453661927768,0.316549
"PZD00050.3",0.979933940721838,0.979934
"PZD00053.4",0.182750138142959,0.18337
"PZD00053.5",0.222366811507646,0.224358
"PZD00054.1",0.0208525903999242,0.0214419
"PZD00055.1",0.847776729333152,0.84778
"PZD00055.2",0.37863097501705,0.382017
"PZD00056.1",0.188487180175223,0.190419
"PZD00056.2",0.959305292655084,0.959306
"PZD00056.3",0.605678734037631,0.60589
"PZD00056.4",0.710241509999943,0.710283
"PZD00056.5",0.453844334537371,0.457304
"PZD00057.1",0.818698111806614,0.818709
"PZD00057.2",0.50789811561864,0.50801
"PZD00057.3",0.00993547119804248,0.0105952
"PZD00057.4",0.976865359246394,0.976865
"PZD00069.3",0.214988383454601,0.218225
"PZD00069.4",0.0468438373416155,0.049204
"PZD00069.5",0.00833582404965899,0.0148285
"PZD00072.2",0.952003421085899,0.952004
"PZD00081.2",0.99383479198249,0.993835
"PZD00083.2",0.926422282670469,0.926426
"PZD00083.3",0.816828844191118,0.816866
"PZD00083.4",0.984495021993288,0.984495
"PZD00096.1",0.635975598903702,0.636099
"PZD00097.1",0.956941908018326,0.956942
"PZD00097.2",0.132865844209627,0.164236
"PZD00098.1",0.00458070135946845,0.00482222
"PZD00098.2",0.850118756960798,0.850144
"Ra1.1",0.055914804109465,0.0949818
"sh1.1",0.00839989544494487,0.00907621
"sh1.11",0.243712171502745,0.24417
"sh1.12",0.358764319557044,0.359056
"sh1.2",0.666569145601438,0.666625
"sh1.3",0.209445236798277,0.210022
"sh1.4",0.800464245612708,0.800472
"sh2.1",0.93352128683125,0.933522
"sh2.2",0.203189503594224,0.203928
"sh2.21",0.551850994647121,0.552296
"sh2.3",0.131781599421292,0.132503
"sh2.4",0.564575369141587,0.564733
"su1.1",0.0822822721584558,0.0845229
"su1.3",0.0808366578333101,0.0882561
"su1.4",0.401403729432738,0.402465
"tb1.11",0.828956415583686,0.829041
"tb1.12",0.0538596718714891,0.0583833
"tb1.13",0.218957904843975,0.220874
"tb1.14",0.0285208474546185,0.0318552
"tb1.15",0.962758076357922,0.962758
"tb1.17",0.993883942230401,0.993884
"tb1.18",0.198061985253389,0.201021
"tb1.19",0.107771968553849,0.111534
"tb1.20",0.406895270217981,0.408427
"tb1.5",0.24905960150899,0.255659
"tb1.8",0.98872383860699,0.988724
"te1.1",0.0121014601986561,0.0124631
"te1.3",0.840330567142133,0.840491
"te1.4",0.479713854708542,0.479887
"ts2.3",0.358782536676415,0.363454
"ts2.4",0.0363850368536441,0.0373152
"umc128.2",0.485469207593111,0.485612
"wx1.1",0.510736154648066,0.511329
"zagl1.2",0.716523951502202,0.716847
"zagl1.6",0.365877432415349,0.386406
"zap1.2",0.0292941281362538,0.0297705
"zap1.3",0.00160544147623212,0.00184161
"zap1.5",0.554831685419107,0.555119
"zap1.7",0.315076074746305,0.315724
"zb21.1",0.909871426063264,0.909873
"zb27.1",0.14742764090246,0.154108
"zfl2.3",0.0290479892233334,0.0295229
"zfl2.9",0.358684530934801,0.359691
