"snp","p_R","p_gwaspoly"
"PotVar0000007",0.610006655649997,0.609698883842506
"PotVar0000025",0.775346504385318,0.774992546092937
"PotVar0000040",0.640854868061264,0.642143515718113
"PotVar0000042",0.924572330692558,0.925917951303464
"PotVar0000060",0.501908323554814,0.501363035059393
"PotVar0000078",0.235309398139955,0.235077210856319
"PotVar0000446",0.385500987575901,0.386140149555438
"PotVar0000459",0.736973926444159,0.737220296936347
"PotVar0000474",0.480151573025309,0.480311416832645
"PotVar0000481",0.849880485231652,0.849531344979158
"PotVar0000512",0.265317390766274,0.26507142270347
"PotVar0000514",0.221677497133004,0.221351849986664
"PotVar0000542",0.322112031366433,0.321849386537122
"PotVar0000568",0.217698455485214,0.217273497778124
"PotVar0000583",0.705951963700646,0.706009632200503
"PotVar0000619",0.0789544806516047,0.0786358065749953
"PotVar0000651",0.522052316634385,0.521596645556357
"PotVar0000716",0.60892451583406,0.609459276334518
"PotVar0000758",0.0961443925492438,0.0957812708762399
"PotVar0000767",0.827945192295461,0.828243504911016
"PotVar0000802",0.0116881004780627,0.0114802372360733
"PotVar0000805",0.414306040412752,0.414780018997458
"PotVar0000812",0.921209743600207,0.92105611683533
"PotVar0001004",0.995348353474933,0.995242394625798
"PotVar0001006",0.124779642106929,0.124322822809028
"PotVar0001067",0.0512483953340314,0.050879083131388
"PotVar0001074",0.219150845497638,0.218635074754552
"PotVar0001136",0.562528181261813,0.562137848643093
"PotVar0001216",0.47320203951134,0.472834559629863
"PotVar0001227",0.681857310374867,0.68162697229395
"PotVar0001240",0.876022952800485,0.875576134688386
"PotVar0001247",0.00582808621372262,0.00569089473895279
"PotVar0001272",0.821873095641348,0.822575460768112
"PotVar0001284",0.642434417842054,0.642301736006082
"PotVar0001290",0.716344601292068,0.716583429901108
"PotVar0001295",0.153250261659405,0.152895795528448
"PotVar0001297",0.698116323521827,0.697846191486074
"PotVar0001308",0.215160950653504,0.214518554672989
"PotVar0001310",0.450187593659867,0.450498432221617
"PotVar0001316",0.47320203951134,0.472834559629863
"PotVar0001317",0.433025522324115,0.432896102911835
"PotVar0001342",0.563403429191553,0.563371323214902
"PotVar0001357",0.68099944857274,0.680871656973802
"PotVar0001376",0.520100093151844,0.519966839467733
"PotVar0001451",0.00702637888937787,0.00687154006078296
"PotVar0001523",0.639653767449229,0.63965243039832
"PotVar0001524",0.63965376745012,0.639652430396004
"PotVar0001530",0.372348363246351,0.37185118501455
"PotVar0001550",0.471258367196881,0.471869673075525
"PotVar0001571",0.845772905038314,0.845755760117962
"PotVar0001581",0.381686260074352,0.38149201829797
"PotVar0001625",0.494495193252631,0.494527016994631
"PotVar0001694",0.387086768170553,0.387589175701048
"PotVar0001704",0.985674780833788,0.984984381029998
"PotVar0001710",0.453369750066074,0.453859793269592
"PotVar0001780",0.62591180581286,0.626890533138616
"PotVar0001827",0.138749142096631,0.138615197339821
"PotVar0001888",0.138749142096631,0.138615197339821
"PotVar0002020",0.683146123116824,0.683489260755382
"PotVar0002084",0.540066319498038,0.54000028824198
"PotVar0002089",0.60590992154737,0.604903934181337
"PotVar0002097",0.417705305487744,0.417422065279967
"PotVar0002099",0.115100471230985,0.11487895757793
"PotVar0002101",0.865839004442295,0.866134529608652
"PotVar0002114",0.633261155041735,0.633990476612805
"PotVar0002132",0.0749150233045836,0.0746208078446282
"PotVar0002139",0.0590108466778648,0.0587952507652203
"PotVar0002188",0.372184030701631,0.372190827050605
"PotVar0002196",0.702184624902155,0.702280327280105
"PotVar0002202",0.0976400077940367,0.0973157400307385
"PotVar0002207",0.0592453312367938,0.0589372499776298
"PotVar0002270",0.105472325946218,0.105241048545802
"PotVar0002320",0.3716904408594,0.371219854503105
"PotVar0002321",0.176046770882291,0.175817458155526
"PotVar0002433",0.751590009939442,0.751142162749197
"PotVar0002438",0.359503924344434,0.359427801339457
"PotVar0002440",0.898848823659045,0.898720668990272
"PotVar0002504",0.104762632381519,0.104504364872626
"PotVar0002507",0.93370282252741,0.934089408730161
"PotVar0002530",0.570591132664334,0.571226680335292
"PotVar0002531",0.723018781150346,0.723296824235642
"PotVar0002533",0.940990629364286,0.940756486261996
"PotVar0002556",0.116057350305137,0.115826767822444
"PotVar0002594",0.392510654421216,0.392789910735967
"PotVar0002627",0.938930466987577,0.939455715325897
"PotVar0002716",0.485708181836838,0.486056454153939
"PotVar0002720",0.0813792782463375,0.0811157599332564
"PotVar0002736",0.750517070326474,0.750157392957377
"PotVar0002772",0.947436014186996,0.94739550205988
"PotVar0002773",0.498067707141308,0.498139921664407
"PotVar0002828",0.189764028115871,0.189507689998835
"PotVar0002908",0.53067898742279,0.5311615640321
"PotVar0002934",0.0584774976235623,0.0582806005675151
"PotVar0002935",0.486554249843812,0.487407886718752
"PotVar0002940",0.935227784396036,0.935559895052819
"PotVar0002944",0.746126339288612,0.746417831475459
"PotVar0002954",0.20567349822262,0.205575344505314
"PotVar0003002",0.352240498724407,0.352247778872044
"PotVar0003004",0.100821952907546,0.100802036782571
"PotVar0003054",0.265814857803737,0.266075265122865
"PotVar0003077",0.933245012251981,0.933231141983355
"PotVar0003078",0.173100287310448,0.17343461409612
"PotVar0003105",0.210679152605739,0.211025995922881
"PotVar0003131",0.920974495819162,0.921809962250687
"PotVar0003151",0.151981439557812,0.152168589016578
"PotVar0003207",0.552795738143479,0.553497585402335
"PotVar0003215",0.11064979082809,0.11070549721593
"PotVar0003253",0.626722072759061,0.626875203072634
"PotVar0003264",0.335113916395556,0.334919540697646
"PotVar0003273",0.750011523348664,0.749920736600648
"PotVar0003427",0.306100442310143,0.306532172037262
"PotVar0003428",0.655616419180228,0.655264671599731
"PotVar0003442",0.932565265518071,0.933797016120092
"PotVar0003459",0.63745843281919,0.637598903729138
"PotVar0003490",0.760449494475084,0.761074336509175
"PotVar0003645",0.912750392858929,0.91259413014125
"PotVar0003649",0.00760233070780109,0.00748111372674014
"PotVar0003686",0.773272470018847,0.773936409221654
"PotVar0003713",0.192227119381039,0.192609170788427
"PotVar0003726",0.667905546131078,0.667884959163058
"PotVar0003749",0.972886884390177,0.972552888539659
"PotVar0003791",0.0350123612783565,0.0348452979299185
"PotVar0003792",0.0223032053865689,0.0221427329006907
"PotVar0003983",0.435025399302954,0.435368619682174
"PotVar0004040",0.60996078768415,0.609262038987928
"PotVar0004060",0.138450058938587,0.137968022828723
"PotVar0004164",0.110679351984282,0.110452203965801
"PotVar0004166",0.275687334462882,0.276075165230999
"PotVar0004484",0.96334957849469,0.963498309997679
"PotVar0004562",0.0506597481653656,0.0504061214415221
"PotVar0004591",0.425325990973129,0.424631925019372
"PotVar0004674",0.494755137768654,0.4946297149047
"PotVar0004719",0.982436766293189,0.982925767877912
"PotVar0004726",0.579553914161575,0.579166305665406
"PotVar0004772",0.0219927307387169,0.0217716130115665
"PotVar0004789",0.49609889635821,0.496212264878138
"PotVar0004792",0.251745211905649,0.251615841439488
"PotVar0004795",0.63814614045232,0.63832026465486
"PotVar0004816",0.20815878798225,0.207709130436803
"PotVar0004819",0.198656885933259,0.198221978901269
"PotVar0004822",0.196595100166537,0.196668859351603
"PotVar0004860",0.509828317499453,0.509513500493497
"PotVar0004885",0.724917545318719,0.723847666259025
"PotVar0004952",0.32512482209179,0.325341193156697
"PotVar0005012",0.579702564910283,0.578637887346159
"PotVar0005016",0.911019677000332,0.911667845551288
"PotVar0005020",0.913480696491449,0.912154260923095
"PotVar0005108",0.583865231596668,0.582642372664678
"PotVar0005134",0.854080801672774,0.852926348902599
"PotVar0005149",0.818633276066017,0.818315761102505
"PotVar0005213",0.672946008593999,0.673554235393789
"PotVar0005243",0.766615606640589,0.766108525749832
"PotVar0005590",0.170250150586595,0.170130127932519
"PotVar0005597",0.848483630282418,0.848682047886891
"PotVar0005603",0.723023119323479,0.723579594221276
"PotVar0005644",0.90241110148589,0.901973082185286
"PotVar0005662",0.69919686747497,0.699401610077603
"PotVar0005666",0.71348677900081,0.713449662759062
"PotVar0005668",0.33534473121941,0.336047882635766
"PotVar0005671",0.783482249617401,0.784089392142726
"PotVar0005672",0.373191002714216,0.373551320084581
"PotVar0005683",0.187597095604634,0.187408357172496
"PotVar0005807",0.347830237328307,0.347342842860147
"PotVar0005816",0.332848708283279,0.332544107267161
"PotVar0005840",0.0885593073748071,0.0882415294700543
"PotVar0005842",0.801688569720236,0.801169705798402
"PotVar0005859",0.22703512747144,0.226728227026162
"PotVar0005899",0.652463489387999,0.652026232355919
"PotVar0005924",0.311636934313917,0.31159887706175
"PotVar0005964",0.587893933941075,0.587612612347285
"PotVar0006050",0.0560797217496717,0.0559920869966793
"PotVar0006051",0.382465081713119,0.382040677021063
"PotVar0006082",0.562486659869964,0.562623333989393
"PotVar0006104",0.852255138955589,0.851178355474645
"PotVar0006125",0.841929676666033,0.840637594989767
"PotVar0006140",0.716110656953099,0.715270015128145
"PotVar0006142",0.481733213727392,0.481958727884554
"PotVar0006158",0.238376665900548,0.238130403004721
"PotVar0006168",0.0449676821025983,0.0447793980205246
"PotVar0006198",0.556154635436082,0.556506766644212
"PotVar0006246",0.846505980013155,0.846396628780553
"PotVar0006273",0.958400026093799,0.958273372835022
"PotVar0006320",0.908281811479081,0.908176717782678
"PotVar0006338",0.55707318783657,0.557343225722723
"PotVar0006435",0.498612307681108,0.4991486513493
"PotVar0006452",0.661067210773258,0.660967625571991
"PotVar0006549",0.127325893155081,0.127076408918612
"PotVar0006681",0.635914185223186,0.636121639751187
"PotVar0006684",0.782395753039659,0.782323631566722
"PotVar0006700",0.690262013156303,0.689867024696087
"PotVar0006752",0.875110786344257,0.875862472639532
"PotVar0006793",0.407049307016023,0.406742445688387
"PotVar0006803",0.740018080174193,0.739974351014628
"PotVar0006863",0.96993431165599,0.969804852471774
"PotVar0006881",0.584980062020932,0.58588533716576
"PotVar0006893",0.657859908316605,0.657661938231848
"PotVar0006898",0.874972997554215,0.875172342071487
"PotVar0006916",0.709932999402781,0.710255888955218
"PotVar0006925",0.440546190949323,0.440756068993796
"PotVar0006948",0.931479727933106,0.931036272345578
"PotVar0006964",0.983056732516257,0.982900018917568
"PotVar0006989",0.101468472372606,0.101144950960744
"PotVar0007012",0.498328125541041,0.498118963021379
"PotVar0007045",0.197538598692328,0.197409612206553
"PotVar0007066",0.127879102102108,0.127666472501287
"PotVar0007146",0.848689586759347,0.848421318235007
"PotVar0007158",0.553011225981336,0.553233344222627
"PotVar0007181",0.54141331371757,0.541156662133081
"PotVar0007258",0.613651486932266,0.613760716247527
"PotVar0007275",0.269967013155635,0.269685190884559
"PotVar0007312",0.254887171731905,0.254329132030243
"PotVar0007554",0.0740827371132073,0.0738554568908203
"PotVar0007597",0.400239855666318,0.400248202820582
"PotVar0007613",0.469614007205493,0.470474053239013
"PotVar0007624",0.298183794839353,0.297967041019997
"PotVar0007646",0.772970925785109,0.77272216891756
"PotVar0007732",0.743996360298507,0.743321019570307
"PotVar0007740",0.472586264084819,0.472527425252664
"PotVar0007768",0.364195796446193,0.364664429163312
"PotVar0007814",0.858175601301113,0.857915511727968
"PotVar0008045",0.0220671484347696,0.0217927680843874
"PotVar0008057",0.00831231899576099,0.00813812308516157
"PotVar0008084",0.619489912998892,0.619286285861606
"PotVar0008112",0.679038048021667,0.678720381182203
"PotVar0008115",0.0802696658851224,0.0798535954455605
"PotVar0008146",0.921423966128869,0.920509521014829
"PotVar0008149",0.822908150828352,0.822226719548975
"PotVar0008194",0.566708357125184,0.566737449107453
"PotVar0008207",0.0455873264587136,0.0452639052863857
"PotVar0008219",0.465985093121179,0.46560051253575
"PotVar0008220",0.54267249648647,0.543140553562511
"PotVar0008237",0.870954407440865,0.870301144580909
"PotVar0008243",0.33009479574204,0.329839395359586
"PotVar0008247",0.462584545181659,0.461724506889871
"PotVar0008262",0.947680005763769,0.948109173606764
"PotVar0008263",0.950377115123398,0.950437678151261
"PotVar0008281",0.563465866849669,0.562566770850397
"PotVar0008293",0.30447759969324,0.30465897962244
"PotVar0008325",0.0255614607134668,0.025195987180727
"PotVar0008380",0.752739438352807,0.751960846637604
"PotVar0008392",0.522764306084468,0.522404593023811
"PotVar0008393",0.29783838096987,0.297843147666972
"PotVar0008401",0.367585873661973,0.367441192792064
"PotVar0008409",0.0249356749992008,0.0245681275590708
"PotVar0008442",0.282011516731103,0.281634249718071
"PotVar0008447",0.0954841418078479,0.0950677103198241
"PotVar0008449",0.0412306169604678,0.0408411828091889
"PotVar0008494",0.386628051152551,0.385899281629604
"PotVar0008495",0.0483969408246444,0.0479590986545987
"PotVar0008511",0.432523769661159,0.431844986171835
"PotVar0008553",0.596964744551461,0.597709389939483
"PotVar0008636",0.564514236788925,0.564460603902361
"PotVar0008637",0.12837565222865,0.127902585524483
"PotVar0008666",0.959239085026603,0.959736200981174
"PotVar0008668",0.112672186158359,0.112199844092845
"PotVar0008711",0.601152801750417,0.60107707901691
"PotVar0008826",0.664278394619649,0.664227313530388
"PotVar0008852",0.165414965691073,0.164904888927338
"PotVar0008857",0.027570677170574,0.0271849717448124
"PotVar0008867",0.340013525488423,0.339792068302769
"PotVar0008904",0.546768496667044,0.546636281026999
"PotVar0008905",0.521432621449359,0.521384748827506
"PotVar0008906",0.00659401897513081,0.00642648787507977
"PotVar0008935",0.334296383977101,0.334065636775414
"PotVar0008949",0.0332324981895664,0.0328120096419875
"PotVar0008965",0.50059735452965,0.500655667203052
"PotVar0009006",0.555328562191371,0.555255963620932
"PotVar0009080",0.305018795718139,0.30530482017163
"PotVar0009086",0.945996785816057,0.94624475217869
"PotVar0009120",0.408203230847453,0.407502536988713
"PotVar0009171",0.447508997831747,0.44717019472517
"PotVar0009279",0.753874648986105,0.754497742116264
"PotVar0009283",0.664315236945045,0.664652948757873
"PotVar0009429",0.591224395191282,0.591161720207228
"PotVar0009466",0.644813892349471,0.644155821435003
"PotVar0009471",0.766997409201323,0.766808701656001
"PotVar0009474",0.864354357128223,0.864013886190809
"PotVar0009483",0.176045432854113,0.17559141955429
"PotVar0009505",0.549580949323341,0.54891616360751
"PotVar0009523",0.634954162356868,0.634806981774884
"PotVar0009548",0.426588259530481,0.426535876162304
"PotVar0009567",0.748364124694813,0.747717025249528
"PotVar0009570",0.976939148520007,0.97712741009669
"PotVar0009575",0.325528367051039,0.325110727154193
"PotVar0009608",0.429729904650322,0.429641628290528
"PotVar0009610",0.377110355970275,0.377275572366748
"PotVar0009673",0.549120862017301,0.548817702152083
"PotVar0009747",0.608664721466591,0.608043443818458
"PotVar0009760",0.123946286276245,0.123444951758853
"PotVar0009827",0.600796484952042,0.600407500140351
"PotVar0009844",0.204359806044205,0.203824204879694
"PotVar0009858",0.273854188369813,0.274004567991579
"PotVar0009886",0.234190959919385,0.233773404436318
"PotVar0009917",0.887772819025724,0.887255265386821
"PotVar0009937",0.013416173139219,0.0132579249919796
"PotVar0009949",0.210222784219024,0.209945315040892
"PotVar0009955",0.153918419567278,0.153658570459816
"PotVar0010012",0.880618453642303,0.879689896678813
"PotVar0010024",0.347435322449818,0.347887926510961
"PotVar0010033",0.976387009579888,0.975590637991563
"PotVar0010076",0.0571416267580381,0.0567368830699363
"PotVar0010082",0.826502728923154,0.826818785328019
"PotVar0010102",0.478803229102278,0.478014210359989
"PotVar0010115",0.0832150583422785,0.0828618253584504
"PotVar0010133",0.675545554029776,0.675585425952116
"PotVar0010135",0.721869729961251,0.721771538253331
"PotVar0010158",0.785144338030237,0.78528019884331
"PotVar0010183",0.00182287435617468,0.00175875253926207
"PotVar0010209",0.977910323028691,0.978294877195707
"PotVar0010270",0.288483368735162,0.28836641792557
"PotVar0010278",0.0548522938565451,0.0544750381636616
"PotVar0010288",0.210687618396551,0.210402995741067
"PotVar0010345",0.80918623535266,0.808441695426614
"PotVar0010353",0.852527915007853,0.852382057754399
"PotVar0010401",0.596033795460242,0.596235206897734
"PotVar0010523",0.602169443448146,0.601904620570555
"PotVar0010536",0.697133862593351,0.697501674861907
"PotVar0010542",0.950935108712674,0.950749338827899
"PotVar0010550",0.622345590862003,0.622320808809756
"PotVar0010562",0.309319307040186,0.309623137361183
"PotVar0010586",0.54789407752138,0.547680357004957
"PotVar0010618",0.10583703796279,0.105380948271455
"PotVar0010664",0.545075251378368,0.545691017766225
"PotVar0010676",0.158303478450084,0.157723441181425
"PotVar0010677",0.826265802178522,0.827169373676682
"PotVar0010835",0.919681943626204,0.920151252721375
"PotVar0010874",0.303369616991908,0.302998566250535
"PotVar0010877",0.141539965466994,0.140987007230655
"PotVar0010926",0.66507360643321,0.663943608507643
"PotVar0010934",0.584254769454662,0.584524716524913
"PotVar0010941",0.16494481243849,0.164744948361775
"PotVar0010946",0.118214659736243,0.117936410877308
"PotVar0010948",0.733287743329563,0.733245619236955
"PotVar0010983",0.947859666077093,0.948268567759213
"PotVar0011035",0.681522042183296,0.681328581595932
"PotVar0011047",0.735727949142106,0.736656244984908
"PotVar0011066",0.421583513233101,0.421824850208559
"PotVar0011079",0.66762846198157,0.668432205605783
"PotVar0011101",0.780725006428412,0.781564113293226
"PotVar0011164",0.944170133513205,0.944315426279236
"PotVar0011182",0.097464902161309,0.0972562117506753
"PotVar0011188",0.628816368765742,0.62878579005471
"PotVar0011189",0.281483935800036,0.281311245227137
"PotVar0011229",0.502331202517575,0.502095228233213
"PotVar0011236",0.12270317438353,0.122264708097443
"PotVar0011288",0.443659318514266,0.44317382356702
"PotVar0011289",0.267063690793912,0.26711745027939
"PotVar0011300",0.797973826633719,0.797914859967889
"PotVar0011392",0.159068364300995,0.158572283006013
"PotVar0011522",0.102883030311176,0.102421730158073
"PotVar0011674",0.778443500077191,0.777515713354019
"PotVar0011713",0.329384330227072,0.328731652168289
"PotVar0011743",0.336364925572588,0.336169665417324
"PotVar0011786",0.0358093993713524,0.0354646583284609
"PotVar0011794",0.903808258796609,0.903017245018676
"PotVar0011831",0.250767527489652,0.250677237833873
"PotVar0011839",0.841259102194401,0.841913281558257
"PotVar0011850",0.0865803618552648,0.086182018338784
"PotVar0011879",0.485900905573852,0.485964359945752
"PotVar0011891",0.927543567219147,0.927252439446298
"PotVar0011916",0.3018530379547,0.301666291681947
"PotVar0011917",0.215316732456713,0.21502383348441
"PotVar0011927",0.0657131024213309,0.0653283562057935
"PotVar0011929",0.368816621232448,0.36820823461588
"PotVar0012073",0.0607366698651047,0.060438472350667
"PotVar0012116",0.340696804112083,0.340582382211323
"PotVar0012274",0.448433477694057,0.447528750939681
"PotVar0012325",0.41214345370728,0.412046661513629
"PotVar0012376",0.24509324615594,0.244863502969464
"PotVar0012441",0.669875695374787,0.669775494543665
"PotVar0012446",0.255089158891965,0.255104347376622
"PotVar0012531",0.0414318186728776,0.0411188069366881
"PotVar0012538",0.333022685564897,0.332465053461353
"PotVar0012596",0.735994957450014,0.73635402664375
"PotVar0012599",0.843676760957537,0.843169011248049
"PotVar0012744",0.983068752661141,0.983528817842158
"PotVar0012868",0.42578279812095,0.426454155685604
"PotVar0012951",0.596620653533544,0.597937321599916
"PotVar0012983",0.610525589711849,0.610704490898624
"PotVar0012999",0.601854491525043,0.601981001270274
"PotVar0013003",0.694592142991592,0.694770372257467
"PotVar0013114",0.372630393134589,0.371968435460408
"PotVar0013203",0.251085961987406,0.250615675284744
"PotVar0013238",0.612677611843502,0.612332110723209
"PotVar0013317",0.619526870337616,0.620394891217844
"PotVar0013322",0.635600304381302,0.635856048822573
"PotVar0013333",0.877185983497776,0.877050404504244
"PotVar0013337",0.70983301437463,0.70986555663709
"PotVar0013345",0.280049633794441,0.279427197987146
"PotVar0013382",0.358285592864896,0.358604383350347
"PotVar0013433",0.434802665263488,0.434744344510077
"PotVar0013496",0.823078402284778,0.823293220412961
"PotVar0013510",0.692517923912001,0.692973839259761
"PotVar0013533",0.947124154585008,0.946860875967182
"PotVar0013550",0.42905358002203,0.429346275167117
"PotVar0013592",0.450971292640763,0.451056644185933
"PotVar0013695",0.470238362460274,0.470443009806578
"PotVar0013813",0.479936367118076,0.479313230852299
"PotVar0013850",0.539914634413867,0.54090431040435
"PotVar0013851",0.450593916004407,0.450141591104809
"PotVar0013867",0.908889240230117,0.90800841179998
"PotVar0013870",0.401511304726347,0.401373362326443
"PotVar0013873",0.299586391603667,0.29923784405083
"PotVar0014025",0.906749675908964,0.907432185181146
"PotVar0014064",0.769162234478106,0.769097924425027
"PotVar0014066",0.743408183523405,0.743673339595968
"PotVar0014097",0.0625513440626653,0.062245013350319
"PotVar0014217",0.240415460599443,0.240087633263748
"PotVar0014240",0.330160492068267,0.33004134541208
"PotVar0014349",0.655330907736113,0.655696243719188
"PotVar0014357",0.642668438315473,0.64225259733701
"PotVar0014381",0.48290171253557,0.483846485159377
"PotVar0014494",0.239714177661706,0.239334418742215
"PotVar0014498",0.870657489881879,0.870637668935159
"PotVar0014509",0.573260080552441,0.573585369998439
"PotVar0014510",0.908284413979334,0.908717942119436
"PotVar0014564",0.752982661589861,0.753673706756337
"PotVar0014585",0.208182663800806,0.207814016732377
"PotVar0014600",0.0942862267552797,0.093997911235933
"PotVar0014681",0.118271067048068,0.118039018658447
"PotVar0014696",0.876729009974188,0.876102067980773
"PotVar0014738",0.741946307000219,0.742259202174814
"PotVar0014770",0.264784457136095,0.265167683201801
"PotVar0014800",0.412215965117049,0.41168294365814
"PotVar0014824",0.775679530473472,0.775386849701014
"PotVar0014877",0.316621805271756,0.316542793513055
"PotVar0014978",0.585973179814454,0.585228351217715
"PotVar0015043",0.857037404188928,0.857236662591792
"PotVar0015063",0.971558392797834,0.971457881444517
"PotVar0015087",0.441033797453921,0.441128245934986
"PotVar0015104",0.426507091297725,0.426497719199671
"PotVar0015108",0.596394898660181,0.596597783574137
"PotVar0015145",0.584596884343465,0.584648289378413
"PotVar0015152",0.526834528741663,0.527328939845197
"PotVar0015207",0.885567285295633,0.886086188325176
"PotVar0015254",0.715517068754198,0.716297836199142
"PotVar0015259",0.196622977194796,0.196369130880058
"PotVar0015291",0.648333005257682,0.648993251422267
"PotVar0015295",0.636095531384063,0.636414752563452
"PotVar0015325",0.193893714295326,0.193777558903321
"PotVar0015326",0.451348910738339,0.451641319587287
"PotVar0015456",0.696726759044264,0.69690803716511
"PotVar0015513",0.618917386996582,0.619371362251652
"PotVar0015535",0.510178125170376,0.510759519412525
"PotVar0015559",0.78187000237359,0.781820514406483
"PotVar0015573",0.573867009136648,0.574203272789665
"PotVar0015583",0.805857527704935,0.806361189080912
"PotVar0015588",0.0364180642971581,0.0362134491904073
"PotVar0015617",0.359145454620618,0.359289356521468
"PotVar0015639",0.467825649544606,0.467908046011419
"PotVar0015674",0.340878136528625,0.341111758988326
"PotVar0015706",0.0649575123133583,0.0646698752093997
"PotVar0015728",0.439379078302747,0.43939746585686
"PotVar0015746",0.80558731673845,0.805560459403769
"PotVar0015848",0.353992727077997,0.354006860461235
"PotVar0015864",0.667689403343289,0.668179850810235
"PotVar0015898",0.431636689037653,0.431855565811859
"PotVar0015903",0.867394661658342,0.867293520356826
"PotVar0015918",0.205831895149617,0.205681962924396
"PotVar0015935",0.943851902809756,0.944139776307631
"PotVar0015940",0.833883583324264,0.833944636122597
"PotVar0015987",0.721930991620364,0.722737905982168
"PotVar0015989",0.36575320299459,0.365199525244795
"PotVar0016042",0.290149885956261,0.290289686640058
"PotVar0016049",0.149181381078801,0.148939471967696
"PotVar0016075",0.936126181212387,0.937057921441177
"PotVar0016094",0.567209962815932,0.567104125578234
"PotVar0016129",0.294220985186048,0.293954472479088
"PotVar0016137",0.156807292575528,0.156291271459992
"PotVar0016140",0.885224756791007,0.885194015509595
"PotVar0016176",0.293838961744482,0.293678913829211
"PotVar0016183",0.0840674364740007,0.0837961798979062
"PotVar0016251",0.00308872731882147,0.0029844259554005
"PotVar0016270",0.871445663068892,0.871243688203282
"PotVar0016374",0.478033677877061,0.478162880710699
"PotVar0016397",0.636765175076398,0.637059104062744
"PotVar0016403",0.24386341723949,0.243431276095216
"PotVar0016414",0.556597160771554,0.55682429948172
"PotVar0016416",0.306376374895778,0.306475859261992
"PotVar0016474",0.386698393331928,0.386899082056007
"PotVar0016498",0.883131553062115,0.88407591759892
"PotVar0016515",0.74338929031341,0.744937051922005
"PotVar0016517",0.00422548815988011,0.00410266748869356
"PotVar0016549",0.493985075077867,0.493966415477966
"PotVar0016609",0.999609637414412,0.999472182287593
"PotVar0016612",0.938555814088865,0.938432753027272
"PotVar0016678",0.0052547742736918,0.0051154614683623
"PotVar0016703",0.920600165541584,0.920481171118226
"PotVar0016706",0.86204031589131,0.862485980637308
"PotVar0016717",0.297663754475598,0.297500809751418
"PotVar0016791",0.00925923995822522,0.00907019189694335
"PotVar0016800",0.563768843023424,0.564146527438872
"PotVar0016834",0.795939884677231,0.796003609905553
"PotVar0016845",0.077149776366079,0.0768854474330762
"PotVar0016863",0.548956864806446,0.549414080070423
"PotVar0016906",0.871940715141409,0.872430204927818
"PotVar0016968",0.20112750982314,0.201092518085837
"PotVar0016969",0.0216113024184691,0.0213202222970664
"PotVar0017084",0.525782987849187,0.525848294128338
"PotVar0017121",0.860243826283698,0.860587440270444
"PotVar0017169",0.235591708346961,0.235833474954494
"PotVar0017171",0.35249627932648,0.35207002473535
"PotVar0017185",0.117408962048178,0.116931883786346
"PotVar0017188",0.793884830457752,0.79432188480891
"PotVar0017276",0.462889955927117,0.462473109654845
"PotVar0017346",0.0942247134194487,0.0940338204047236
"PotVar0017358",0.891865179221023,0.892016762175404
"PotVar0017371",0.551817455101652,0.552156835693539
"PotVar0017377",0.082197521821676,0.0817977778918405
"PotVar0017411",0.0697810672894229,0.0694273586313519
"PotVar0017432",0.726027508048218,0.726108618326358
"PotVar0017473",0.0518960305606536,0.0515001875820526
"PotVar0017563",0.109045679575868,0.108552216005353
"PotVar0017586",0.802569376881123,0.801831493983749
"PotVar0017609",0.926657953666494,0.926887007186806
"PotVar0017710",0.296000785121709,0.296156395396488
"PotVar0017735",0.122707486593879,0.122133557516449
"PotVar0017766",0.142272598275987,0.141904437405341
"PotVar0017824",0.234027209982461,0.234190150990403
"PotVar0017827",0.0320809025803476,0.0317111561718723
"PotVar0017842",0.32413541408345,0.324225897773884
"PotVar0017868",0.584653685759598,0.584776891174037
"PotVar0017894",0.0527360928508287,0.0523171369095748
"PotVar0017902",0.790117915688581,0.790104190935393
"PotVar0018022",0.475470992053251,0.47587805215319
"PotVar0018043",0.922816698246257,0.922894986550217
"PotVar0018096",0.174615070188749,0.174087157025781
"PotVar0018154",0.200046135030727,0.199554014267919
"PotVar0018194",0.204002657308346,0.203269915497712
"PotVar0018214",0.524881234525824,0.524894557006317
"PotVar0018234",0.138983827249915,0.138338792814069
"PotVar0018236",0.349750359721412,0.349829179442597
"PotVar0018250",0.952555442861789,0.952316030399028
"PotVar0018281",0.150090684821719,0.149803487697927
"PotVar0018338",0.820081057790402,0.81914571733852
"PotVar0018351",0.630856725905502,0.630615851493466
"PotVar0018352",0.0831405992478621,0.0824352337214777
"PotVar0018360",0.44650068383897,0.445903479350073
"PotVar0018389",0.530004442559087,0.529634780497645
"PotVar0018406",0.154252609905233,0.153966717800104
"PotVar0018416",0.134236354651412,0.13358406499761
"PotVar0018459",0.350742263994673,0.350157220660198
"PotVar0018476",0.659288096758192,0.659260030051938
"PotVar0018478",0.448403052683958,0.448658591362864
"PotVar0018524",0.453098588279057,0.452490637548629
"PotVar0018569",0.534460382360116,0.533740339410564
"PotVar0018604",0.401554960782963,0.400950152814635
"PotVar0018622",0.588591225785094,0.588117327631077
"PotVar0018629",0.769049469449822,0.769152988556515
"PotVar0018639",0.388219020771307,0.388548948086112
"PotVar0018646",0.670388213763943,0.670108689332065
"PotVar0018685",0.177776760185356,0.177746159861164
"PotVar0018687",0.587585352566731,0.587779550835897
"PotVar0018693",0.147227242712223,0.146798678089656
"PotVar0018694",0.619794168365124,0.619807681373946
"PotVar0018832",0.984608535745102,0.984818618204629
"PotVar0018833",0.276979687784689,0.276571274948324
"PotVar0018915",0.622765515746212,0.623843707297249
"PotVar0018933",0.54644604226595,0.545116092503389
"PotVar0018983",0.981829868580234,0.983831785977485
"PotVar0019045",0.93544792126478,0.935805865208187
"PotVar0019161",0.322213573992918,0.322426809126384
"PotVar0019164",0.279422171144439,0.27961887079161
"PotVar0019184",0.245564361936852,0.245441203082386
"PotVar0019251",0.72649433220243,0.725896435417512
"PotVar0019259",0.752437852044404,0.752781418374179
"PotVar0019272",0.869334099500758,0.868575257531209
"PotVar0019284",0.119966384532008,0.119854089411904
"PotVar0019295",0.551099389153055,0.551335125679874
"PotVar0019302",0.788970741673739,0.788046762484002
"PotVar0019336",0.98990482689792,0.989579012457905
"PotVar0019343",0.69397649572466,0.693956981930659
"PotVar0019363",0.245721128404816,0.24578916021982
"PotVar0019456",0.329212703208088,0.328747827282697
"PotVar0019460",0.667734998139241,0.667544566065137
"PotVar0019472",0.0926401793999364,0.0922854764223126
"PotVar0019512",0.152690415959015,0.15220150915573
"PotVar0019521",0.3427420347848,0.34220774618919
"PotVar0019553",0.608787365727035,0.608335212151232
"PotVar0019605",0.543098491105164,0.54356142149606
"PotVar0019609",0.886943997946431,0.887580960528998
"PotVar0019773",0.679302527135871,0.679172946894128
"PotVar0019800",0.668316711386019,0.668056093330252
"PotVar0019811",0.302036187029484,0.301939093028798
"PotVar0019827",0.44658327410556,0.446293759769952
"PotVar0019861",0.640254346413994,0.640336899851911
"PotVar0019891",0.552258460644621,0.552837532040435
"PotVar0019900",0.208478543274595,0.208130208398448
"PotVar0019908",0.519722261249,0.519601508921096
"PotVar0019945",0.825474380057534,0.82520395146839
"PotVar0019959",0.859494423578111,0.859605753793499
"PotVar0020017",0.83022170725122,0.830739514392211
"PotVar0020037",0.662015525737369,0.661986462388775
"PotVar0020074",0.321597186983262,0.321671233174432
"PotVar0020079",0.537894306552673,0.537849804606136
"PotVar0020083",0.644965342612321,0.645005089632784
"PotVar0020111",0.863380177210665,0.863952197224054
"PotVar0020124",0.348101264562896,0.348139986110057
"PotVar0020137",0.278069077302508,0.2778407960023
"PotVar0020171",0.382595608327137,0.382232399713699
"PotVar0020216",0.564441019317926,0.564656065079059
"PotVar0020225",0.94766262245299,0.948236239792056
"PotVar0020227",0.967399566855028,0.967990624246465
"PotVar0020241",0.605118044540296,0.604614842126035
"PotVar0020249",0.470239146568119,0.470022115455684
"PotVar0020360",0.0443860521103954,0.0440802537498705
"PotVar0020402",0.93888056997035,0.939069201743954
"PotVar0020407",0.306853563357041,0.30692563552643
"PotVar0020413",0.848404744636441,0.848304415535569
"PotVar0020465",0.49558177969555,0.495488187611809
"PotVar0020543",0.657492288766112,0.657698842151031
"PotVar0020552",0.305189060418016,0.305431888091994
"PotVar0020566",0.429425457696478,0.429629394388778
"PotVar0020585",0.347932695926688,0.347788446091495
"PotVar0020656",0.722847506457524,0.722732336209835
"PotVar0020716",0.582085817977587,0.582314646417363
"PotVar0020758",0.769601178759083,0.769745453866022
"PotVar0020831",0.831752976383317,0.832016783465652
"PotVar0020948",0.664244873160166,0.6646100122191
"PotVar0020971",0.987674336776106,0.987616319459354
"PotVar0021026",0.388667388631919,0.388090411902228
"PotVar0021083",0.865538738346933,0.865400353307247
"PotVar0021118",0.805525861254721,0.805476827154437
"PotVar0021131",0.933705258377248,0.934380507771215
"PotVar0021132",0.859025998011238,0.858306723885323
"PotVar0021166",0.826754957150297,0.827339140953701
"PotVar0021183",0.155331971346292,0.155041935940558
"PotVar0021187",0.878970490020737,0.87948860933286
"PotVar0021209",0.853581812964825,0.854843383907876
"PotVar0021251",0.745737994241862,0.745593523566277
"PotVar0021255",0.785803527140987,0.785632116381223
"PotVar0021329",0.462811589945948,0.463206429203076
"PotVar0021338",0.204669422456616,0.204229463215588
"PotVar0021378",0.201169145638652,0.200696489999491
"PotVar0021436",0.413615788246035,0.414091353703355
"PotVar0021454",0.976137067803291,0.975767122527583
"PotVar0021463",0.219918454861237,0.219862483112746
"PotVar0021482",0.284345155862883,0.28401239617872
"PotVar0021602",0.480233116162022,0.479545154298728
"PotVar0021627",0.901771252773469,0.901200133487379
"PotVar0021630",0.901771252772765,0.901200133490016
"PotVar0021636",0.952602023785998,0.953318595990782
"PotVar0021696",0.415212895094992,0.415523808696691
"PotVar0021699",0.0741784373981043,0.0738697578228202
"PotVar0021711",0.682149951139083,0.681436083589431
"PotVar0021735",0.261203896740929,0.261508770402422
"PotVar0021747",0.184564353348506,0.184267220026662
"PotVar0021782",0.994442766079916,0.994633109610792
"PotVar0021898",0.248077336529878,0.247610142436547
"PotVar0021920",0.80226729869887,0.801436418387234
"PotVar0021937",0.949117806502698,0.948401470297137
"PotVar0021976",0.682149951139083,0.681436083589431
"PotVar0021990",0.162051152347434,0.161447958807456
"PotVar0021994",0.0816190541937023,0.0812103170348396
"PotVar0022012",0.911504497791877,0.910825858039997
"PotVar0022019",0.350005728162388,0.349503289399966
"PotVar0022023",0.365583063398659,0.36508387814855
"PotVar0022083",0.460241683704633,0.459893737661261
"PotVar0022114",0.514905763125447,0.514452433834592
"PotVar0022115",0.0228799471905499,0.0225826450177021
"PotVar0022123",0.985926443340054,0.984940533090912
"PotVar0022244",0.19371878239732,0.193601204573417
"PotVar0022264",0.00902867387002697,0.00883986329926797
"PotVar0022382",0.465118874753799,0.465271172978284
"PotVar0022400",0.388680135044244,0.388711915733474
"PotVar0022452",0.37185632332154,0.371537141770465
"PotVar0022472",0.913101603700132,0.913279223837285
"PotVar0022478",0.811622602258529,0.812048080953717
"PotVar0022541",0.0786754288051998,0.0782715544664334
"PotVar0022579",0.875377349930592,0.874685400375289
"PotVar0022653",0.174991831518598,0.174802010944893
"PotVar0022654",0.398729804223338,0.398878696726109
"PotVar0022689",0.0368972166234484,0.0365559549101848
"PotVar0022691",0.3365217436908,0.336289152798648
"PotVar0022694",0.333303490211358,0.332927701038067
"PotVar0022712",0.32434478483134,0.324126086866748
"PotVar0022732",0.149652612006619,0.149302855844957
"PotVar0022751",0.004040730031887,0.00393009493054415
"PotVar0022817",0.890125534836661,0.890030455669732
"PotVar0022882",0.315669513669635,0.315436503543502
"PotVar0022894",0.146024681756316,0.145925180599877
"PotVar0022978",0.219615145383988,0.219554477525744
"PotVar0022997",0.0540624722036804,0.0536386203807034
"PotVar0023000",0.316526547491834,0.316196332898299
"PotVar0023040",0.406494230980417,0.406143031267154
"PotVar0023044",0.107947934995753,0.107708574969796
"PotVar0023140",0.746651069999514,0.746603932281038
"PotVar0023147",0.929146527112288,0.928464617609288
"PotVar0023184",0.302235138456741,0.302377040319678
"PotVar0023261",0.542790701470528,0.542530545555109
"PotVar0023265",0.0729685420839262,0.0726676493598754
"PotVar0023288",0.502789310157742,0.502623828703771
"PotVar0023297",0.752443207594296,0.752335928919807
"PotVar0023337",0.444688765098103,0.444608274253411
"PotVar0023375",0.828522566488807,0.828485458702473
"PotVar0023381",0.505404322891833,0.505211219775821
"PotVar0023392",0.591527260957795,0.591324541630203
"PotVar0023396",0.929655854627253,0.92914775103112
"PotVar0023413",0.821989960282258,0.821201400822036
"PotVar0023483",0.93673600348761,0.936584051687607
"PotVar0023561",0.63759263361391,0.637890908659773
"PotVar0023573",0.854808141429078,0.854415529088454
"PotVar0023576",0.910723914149248,0.911432320193862
"PotVar0023579",0.351641858329386,0.351677743908758
"PotVar0023583",0.997827261880444,0.997324230269482
"PotVar0023602",0.405654828600198,0.405363361877678
"PotVar0023676",0.147462136180859,0.146969170786149
"PotVar0023779",0.440407948406458,0.439739878531167
"PotVar0023817",0.0754268762965094,0.075007106369847
"PotVar0023850",0.636739027485504,0.637804745372321
"PotVar0023940",0.210188995196663,0.209663546081805
"PotVar0023990",0.881815059459664,0.88120119270476
"PotVar0024088",0.314297392517747,0.314488582058951
"PotVar0024602",0.416392021561866,0.415934772720451
"PotVar0024603",0.282986209578369,0.282851370845397
"PotVar0024611",0.749517317770264,0.74884857232854
"PotVar0024645",0.392022775109152,0.391186851564564
"PotVar0024646",0.738174787539742,0.738810232360245
"PotVar0024652",0.303391757859004,0.30371067999091
"PotVar0024709",0.341391054902797,0.341341409436345
"PotVar0024712",0.853661607855465,0.852999478727563
"PotVar0024727",0.159965852576965,0.159787697624343
"PotVar0024747",0.621897080644781,0.622686908570299
"PotVar0024748",0.808512154028563,0.808564084088814
"PotVar0024779",0.582397348557808,0.582478187864844
"PotVar0024814",0.996496822435207,0.996351444094538
"PotVar0024895",0.955212240765607,0.955300556884744
"PotVar0024936",0.812525701822095,0.812937882643819
"PotVar0024937",0.241636832360017,0.241483961409568
"PotVar0024997",0.99920180670474,0.999142734768346
"PotVar0024998",0.0764584315178185,0.0761132871789143
"PotVar0024999",0.808512154028563,0.808564084088814
"PotVar0025046",0.343752214468207,0.343086406679276
"PotVar0025052",0.143357360871393,0.142855972721379
"PotVar0025053",0.828548183509187,0.829408704700576
"PotVar0025139",0.161232749874364,0.161402068766777
"PotVar0025147",0.574464231428744,0.574997965041782
"PotVar0025148",0.835144327007333,0.834739070412714
"PotVar0025179",0.825966877530978,0.825513854390002
"PotVar0025320",0.540872639187765,0.54083776255282
"PotVar0025350",0.905715714451063,0.905347765132106
"PotVar0025360",0.0966640981118519,0.0960393978965358
"PotVar0025534",0.591066135493384,0.590238307141362
"PotVar0025579",0.607723178658783,0.607471327712451
"PotVar0025580",0.791370477871735,0.791936489120031
"PotVar0025592",0.750011791819256,0.747748803508094
"PotVar0025599",0.025609357647454,0.025360455909979
"PotVar0025600",0.414840225178221,0.415474888317879
"PotVar0025607",0.906142992323155,0.906260346977873
"PotVar0025720",0.561285633822452,0.561708620336876
"PotVar0025739",0.384205974274702,0.383433424796916
"PotVar0025762",0.429247563009516,0.429646631301959
"PotVar0025817",0.147243439533289,0.147148872680385
"PotVar0025923",0.480427504148505,0.480018442448381
"PotVar0025938",0.126977496156525,0.12609846527593
"PotVar0025959",0.807457609499238,0.807383013887425
"PotVar0025980",0.140404605368705,0.139552877786932
"PotVar0025983",0.156286070379765,0.15592264938438
"PotVar0026021",0.0355119424268826,0.0350528019721608
"PotVar0026022",0.422264185220875,0.422425627036645
"PotVar0026032",0.422040971810925,0.422766552831414
"PotVar0026049",0.0444684026128869,0.0439428855618879
"PotVar0026054",0.559548767666285,0.559687600102115
"PotVar0026057",0.0142751518851376,0.0139946269613249
"PotVar0026091",0.830913960983487,0.830875289792374
"PotVar0026113",0.527066155366757,0.527524359745803
"PotVar0026114",0.840117088808415,0.839392140105664
"PotVar0026296",0.696070657824575,0.696455998939466
"PotVar0026303",0.771476303942982,0.771339099459215
"PotVar0026312",0.920097772298837,0.920007131345073
"PotVar0026316",0.802629342213869,0.803196308354685
"PotVar0026323",0.14416365102194,0.143726960672864
"PotVar0026326",0.874823399005461,0.873783521380042
"PotVar0026331",0.0370445859784752,0.0366230509009409
"PotVar0026355",0.0759173247720384,0.0755596070939433
"PotVar0026358",0.0198788846282177,0.0196434584426966
"PotVar0026402",0.0900857625345713,0.0895387230629112
"PotVar0026425",1.14831811344792e-06,9.09031376059305e-07
"PotVar0026555",0.730187939998123,0.7302218463171
"PotVar0026688",0.751586442666678,0.751505466715191
"PotVar0026695",0.0438689199639089,0.0436368981322631
"PotVar0026728",0.966512191190081,0.966835727515082
"PotVar0026902",0.751779419655295,0.751051577852494
"PotVar0027034",0.0115772021084796,0.0113765079198229
"PotVar0027050",0.497826185107896,0.497911449023091
"PotVar0027083",0.190188446750523,0.190351686280489
"PotVar0027434",0.440005769473076,0.439708829658415
"PotVar0027438",0.358087163944578,0.35771268053349
"PotVar0027489",0.0798929019184408,0.0796758763989704
"PotVar0027569",0.579975011369414,0.579982796500946
"PotVar0027580",0.271469181882754,0.270966629097954
"PotVar0027678",0.287856966032243,0.287957990299085
"PotVar0027697",0.35007078807673,0.349254297369054
"PotVar0027702",0.971955080152055,0.971536301069168
"PotVar0027746",0.166880406903154,0.16637171228544
"PotVar0027747",0.997227559119431,0.997088620607792
"PotVar0027766",0.986489006340404,0.987456055922832
"PotVar0027779",0.314284585283735,0.314033043518456
"PotVar0027783",0.143620764221229,0.14381040022408
"PotVar0027907",0.996432675183574,0.995328750848716
"PotVar0027937",0.791048165985492,0.791691022858959
"PotVar0027956",0.933794367672116,0.933891742428715
"PotVar0028024",0.853870684892227,0.855157451982748
"PotVar0028036",0.856247626817133,0.8559521998685
"PotVar0028042",0.407698170631506,0.407581051696765
"PotVar0028044",0.560684648772595,0.560999463521724
"PotVar0028053",0.129938043371882,0.12950505197922
"PotVar0028059",0.25498309605924,0.254840701313249
"PotVar0028081",0.892566558017732,0.892688996694809
"PotVar0028084",0.228402355352899,0.228234188731745
"PotVar0028091",0.536165204231945,0.535766474350939
"PotVar0028092",0.542074189519186,0.542770588111998
"PotVar0028147",0.560436255703938,0.559550739941248
"PotVar0028315",0.887191595838417,0.887337862195012
"PotVar0028359",0.388744932229464,0.388779149484646
"PotVar0028383",0.391362589958208,0.391477363334397
"PotVar0028391",0.936688386587419,0.937134508508389
"PotVar0028392",0.048872956081458,0.0485033015181824
"PotVar0028432",0.925470982499709,0.925345548323654
"PotVar0028728",0.721056412421586,0.721915429099291
"PotVar0028742",0.797374006069763,0.797985978830231
"PotVar0028802",0.845035382779922,0.846156625055726
"PotVar0028819",0.74877330727504,0.749060088315204
"PotVar0028839",0.603163054753834,0.603454831414616
"PotVar0028851",0.664300772053609,0.665147371256921
"PotVar0028854",0.852264401708401,0.851499152228526
"PotVar0028855",0.45557748384058,0.456040503782436
"PotVar0028895",0.176475311963783,0.176646743778457
"PotVar0028927",0.00782753236381306,0.00766828694792782
"PotVar0028949",0.292375667263284,0.29276196883043
"PotVar0029115",0.613322991293102,0.613681894358557
"PotVar0029118",0.374287696423413,0.374370216292995
"PotVar0029142",0.613322991292046,0.613681894360763
"PotVar0029143",0.793761631245239,0.794334067857726
"PotVar0029221",0.604656599736033,0.604351786117031
"PotVar0029324",0.948986439408138,0.949612497665035
"PotVar0029355",0.163923442312048,0.163692894743362
"PotVar0029382",0.765678031309165,0.76551799577483
"PotVar0029454",0.598274011432736,0.597904098683219
"PotVar0029477",0.964832770179222,0.963910447659158
"PotVar0029505",0.35691187598026,0.356596959558107
"PotVar0029506",0.114943276926281,0.114716244217923
"PotVar0029507",0.420968772561587,0.420573555697262
"PotVar0029530",0.304042404574051,0.30371671098294
"PotVar0029568",0.748504095834744,0.748558909281194
"PotVar0029707",0.870906692285673,0.871280045103451
"PotVar0029733",0.203385641403825,0.203157725037513
"PotVar0029748",0.0522710462299599,0.0519577201458314
"PotVar0029766",0.470658993164053,0.47064990854601
"PotVar0029778",0.152418352084614,0.152352978771414
"PotVar0029784",0.273519927026379,0.27273029290441
"PotVar0029786",0.185071565344453,0.184645093266357
"PotVar0029800",0.936119814726139,0.935003208261601
"PotVar0029816",0.131334695003213,0.131085335544965
"PotVar0029844",0.758663571270201,0.759033578020375
"PotVar0029865",0.0710822845566643,0.0706813105370179
"PotVar0029964",0.677412192430554,0.677455578466337
"PotVar0029965",0.848761793319109,0.848949923385056
"PotVar0029968",0.61172338762625,0.611260405401034
"PotVar0030088",0.548347411889595,0.548309290539826
"PotVar0030120",0.881023778482744,0.881239316006377
"PotVar0030288",0.0166909847498879,0.0164870418860022
"PotVar0030310",0.478073451639668,0.478293291466537
"PotVar0030330",0.0566687495542353,0.0563663701294139
"PotVar0030331",0.0615235767941781,0.0612857187602838
"PotVar0030367",0.659980812986921,0.660687584717198
"PotVar0030456",0.571329268356707,0.571544943345125
"PotVar0030504",0.1639930860115,0.163789296579394
"PotVar0030691",0.27445861346094,0.274440755917371
"PotVar0030694",0.422835570983495,0.423221181998084
"PotVar0030716",0.3210010316779,0.320834435844418
"PotVar0030767",0.412694905252319,0.413284655768562
"PotVar0030854",0.24185254008009,0.241723572948598
"PotVar0030874",0.581078370506725,0.581156847383289
"PotVar0030948",0.88340741180777,0.881997035282382
"PotVar0030961",0.790620362696998,0.79020793411809
"PotVar0030970",0.41182384146943,0.411249010210245
"PotVar0030983",0.544399040005389,0.54398617551189
"PotVar0031023",0.692848584235773,0.692964703207299
"PotVar0031039",0.306172163910339,0.306000274678326
"PotVar0031067",0.995016711114864,0.994514581674105
"PotVar0031068",0.110427826375665,0.110191176872125
"PotVar0031118",0.491250116750069,0.490376265041114
"PotVar0031141",0.513769291835356,0.513824078746528
"PotVar0031147",0.781635778192082,0.781394373090657
"PotVar0031150",0.769621772158706,0.769220449708578
"PotVar0031206",0.923571040049468,0.924199570455613
"PotVar0031207",0.00290480312406278,0.00281066970216216
"PotVar0031277",0.92624638045687,0.926027795160511
"PotVar0031310",0.45553648889183,0.455776693601871
"PotVar0031342",0.102726782982938,0.102308636794384
"PotVar0031372",0.536533202060581,0.536954438076611
"PotVar0031486",0.707182816189887,0.706692699207978
"PotVar0031523",0.147926461769649,0.147860022848298
"PotVar0031530",0.667084546558289,0.666742185079863
"PotVar0031559",0.791158628306849,0.790185203101593
"PotVar0031560",0.640945100856323,0.64074445806927
"PotVar0031644",0.577655653839624,0.577861393889772
"PotVar0031664",0.434472066956103,0.434429482620556
"PotVar0031666",0.411823841470372,0.411249010208143
"PotVar0031882",0.588126434169573,0.587736151063674
"PotVar0031899",0.217095887493656,0.217482964441621
"PotVar0031900",0.545464990198693,0.544997399556551
"PotVar0031912",0.409561321430605,0.408976556624482
"PotVar0031913",0.847329312666223,0.848655111504882
"PotVar0031936",0.355268811492583,0.354960153062867
"PotVar0031938",0.191316885847592,0.19161358819347
"PotVar0031957",0.0802724362939486,0.0800567134281056
"PotVar0031972",0.478146244056644,0.478282009943383
"PotVar0032104",0.768271785080365,0.768627959213459
"PotVar0032114",0.862851195661628,0.862655499500499
"PotVar0032117",0.260061030773105,0.260065363274527
"PotVar0032158",0.249240617924443,0.24926035007304
"PotVar0032188",0.968992912636168,0.96892205618064
"PotVar0032297",0.150043405564974,0.149935417662988
"PotVar0032390",0.0101232736176539,0.0099341408597286
"PotVar0032402",0.780791692376268,0.780314956764197
"PotVar0032432",0.564450263510068,0.564354008449226
"PotVar0032442",0.187571071590115,0.187509239379797
"PotVar0032691",0.442004895155248,0.441266928910562
"PotVar0032735",0.326965600899495,0.326659600570908
"PotVar0032776",0.372685322158332,0.372308774117827
"PotVar0032869",0.427147327093975,0.427260967974084
"PotVar0032875",0.189615031855942,0.189503111742922
"PotVar0032879",0.169996428462072,0.169649550874844
"PotVar0032963",0.0250197096489496,0.0247746534615834
"PotVar0032975",0.134898408261612,0.134867644251938
"PotVar0032987",0.844576591326046,0.844534806423252
"PotVar0033025",0.564041951735525,0.564561548235787
"PotVar0033046",0.912883981576801,0.912709727705979
"PotVar0033059",0.270385872139774,0.270510150008459
"PotVar0033077",0.388872214135712,0.388991106703898
"PotVar0033086",0.791646933441644,0.791730722889503
"PotVar0033183",0.149009170794499,0.148617640915361
"PotVar0033208",0.485595593881127,0.485639467030202
"PotVar0033227",0.223732035072794,0.223452652855926
"PotVar0033293",0.749197727338852,0.748780415929844
"PotVar0033298",0.481302639950479,0.481671823895189
"PotVar0033462",0.18120137796503,0.180804091594255
"PotVar0033584",0.111891803699716,0.111797298921074
"PotVar0033690",0.373468270311872,0.373254422410764
"PotVar0033691",0.310996136369781,0.310424931754473
"PotVar0033735",0.648841926888976,0.64891427361172
"PotVar0033845",0.276628107628456,0.276414013525666
"PotVar0033883",0.751374938370229,0.750652505097633
"PotVar0033907",0.745618500777349,0.745629260305428
"PotVar0033968",0.932813259380068,0.932973934826899
"PotVar0033995",0.567198129969864,0.567917752538576
"PotVar0034046",0.0382005375377586,0.0379305209042516
"PotVar0034089",0.902866488166176,0.902436047285973
"PotVar0034092",0.0419465351551414,0.0416819481230108
"PotVar0034273",0.674676795903122,0.675667177838933
"PotVar0034274",0.42731296550906,0.427443267849659
"PotVar0034277",0.490477020524198,0.49165123472398
"PotVar0034287",0.930918295472454,0.931124117065979
"PotVar0034302",0.916249134837548,0.915436847134306
"PotVar0034334",0.672278569198573,0.673016664202222
"PotVar0034355",0.453050918033138,0.45406043867606
"PotVar0034400",0.174740849785915,0.174561359481212
"PotVar0034407",0.536267933477934,0.536292782011815
"PotVar0034430",0.95676073286282,0.956002602394571
"PotVar0034467",0.166398033561108,0.16577009079901
"PotVar0034495",0.749676943215,0.75051225970134
"PotVar0034560",0.168147648959426,0.167602291029246
"PotVar0034574",0.426376409829605,0.426468462667727
"PotVar0034578",0.455304204934205,0.454443886190507
"PotVar0034582",0.60356003888236,0.603773579038144
"PotVar0034638",0.499953830646306,0.499670263464114
"PotVar0034649",0.433172183044562,0.432633322717953
"PotVar0034676",0.52218637820933,0.522245369224512
"PotVar0034688",0.26117026295667,0.260442114637529
"PotVar0034717",0.167900296127611,0.167623943316118
"PotVar0034718",0.503474037895383,0.503278109896173
"PotVar0034725",0.609653460552773,0.609265790898206
"PotVar0034726",0.144075680907808,0.143825780668236
"PotVar0034728",0.663689893987472,0.663840580106458
"PotVar0034790",0.429878877605608,0.429737982753335
"PotVar0034812",0.557018131180219,0.556732179918281
"PotVar0034819",0.0642024370587049,0.0638610057833835
"PotVar0034822",0.685273553343238,0.684732937359158
"PotVar0034838",0.638498011697185,0.639160018387208
"PotVar0034862",0.680233937614975,0.680442475473023
"PotVar0034886",0.148955591791727,0.148961827342212
"PotVar0034893",0.141708228166573,0.141423608590978
"PotVar0034908",0.118412938501796,0.118011907502085
"PotVar0034941",0.959399084176058,0.960182610808511
"PotVar0034950",0.983144098025774,0.982637365815202
"PotVar0034952",0.223381948481108,0.223476349117985
"PotVar0034964",0.522991823035185,0.522738370593577
"PotVar0034966",0.991751703774729,0.992004245871769
"PotVar0034970",0.207778863235532,0.207375655286361
"PotVar0034971",0.753823057653696,0.754239670440942
"PotVar0034972",0.0864611297544475,0.0860920626289123
"PotVar0034973",0.630211403165625,0.630724649422815
"PotVar0034977",0.268085579700892,0.2674778716602
"PotVar0034986",0.677471677738764,0.677641740460512
"PotVar0034989",0.343733776695504,0.343530301721376
"PotVar0035034",0.831652162629329,0.831645603056952
"PotVar0035136",0.361619338198778,0.361927706257197
"PotVar0035152",0.83793473872924,0.837941472944266
"PotVar0035162",0.909677493872316,0.909760765823226
"PotVar0035164",0.807425463052396,0.807323492293223
"PotVar0035238",0.313942440297586,0.314089384344083
"PotVar0035248",0.903271309711205,0.903533913789118
"PotVar0035261",0.88196801885128,0.882439159225554
"PotVar0035301",0.620316455466776,0.620641415024837
"PotVar0035333",0.928551700161092,0.928917062682219
"PotVar0035379",0.992016988770866,0.992179401976948
"PotVar0035449",0.71341321650156,0.713823862089072
"PotVar0035470",0.677766080274965,0.677496158054666
"PotVar0035543",0.531307460939917,0.531746775415575
"PotVar0035546",0.331992151633007,0.332109450056391
"PotVar0035547",0.27794666009235,0.277513579694597
"PotVar0035553",0.696789462406274,0.696093201015581
"PotVar0035572",0.119827259177932,0.119609512564718
"PotVar0035595",0.792584699912295,0.792529511950072
"PotVar0035605",0.976074509101229,0.97611908440336
"PotVar0035693",0.983713621164981,0.983586293213125
"PotVar0035695",0.571920177978443,0.571591092453938
"PotVar0035697",0.974722285840931,0.974785089357086
"PotVar0035721",0.891087599572457,0.89101798080173
"PotVar0035753",0.8711299757097,0.870834632959986
"PotVar0035758",0.483152290291434,0.482294756165421
"PotVar0035780",0.895478817464139,0.895574552837839
"PotVar0035793",0.783275715545826,0.783912859462233
"PotVar0035847",0.716672201132111,0.71730650673054
"PotVar0035850",0.943795321953966,0.943568891904054
"PotVar0035852",0.725951023000713,0.72586702366581
"PotVar0035859",0.716672201132111,0.71730650673054
"PotVar0035882",0.906882868532514,0.90671835740977
"PotVar0035955",0.364207458451155,0.364099694979134
"PotVar0035993",0.247630408597846,0.247702574942154
"PotVar0036014",0.292476790353325,0.292582898339771
"PotVar0036054",0.929461840754596,0.929460019189386
"PotVar0036057",0.427534924021984,0.427180063840422
"PotVar0036058",0.677201644821378,0.677441263594181
"PotVar0036059",0.89238181703191,0.892281290866979
"PotVar0036116",0.0292225472321526,0.0289314938135241
"PotVar0036142",0.195740658896012,0.195596847956231
"PotVar0036150",0.210820226611861,0.210659503774254
"PotVar0036191",0.992362702731808,0.992828233523971
"PotVar0036195",0.809374566900738,0.810198078288135
"PotVar0036242",0.152221466232928,0.151913000981536
"PotVar0036404",0.531492265316385,0.531388787774598
"PotVar0036410",0.279624346197352,0.279323725502567
"PotVar0036430",0.408339769612786,0.408477974280326
"PotVar0036451",0.86885563491002,0.868451855087853
"PotVar0036461",0.659861357971299,0.65907143745367
"PotVar0036483",0.722910932163302,0.722049084004839
"PotVar0036485",0.512005136848963,0.512138150102027
"PotVar0036493",0.976680702880513,0.976652060285521
"PotVar0036629",0.700170774267762,0.700006494187185
"PotVar0036644",0.193563077472137,0.193774586729341
"PotVar0036701",0.371900267199148,0.371401475124717
"PotVar0036750",0.911632250029554,0.911040268479255
"PotVar0036767",0.257588076160001,0.257309331789236
"PotVar0036819",0.294015656567541,0.293999380423454
"PotVar0037035",0.627435938707751,0.62839009268783
"PotVar0037040",0.160110906807499,0.159476184642937
"PotVar0037055",0.60319874666101,0.602714190613906
"PotVar0037074",0.00914339706819137,0.00896089257101907
"PotVar0037084",0.00953109514100964,0.00934577548021327
"PotVar0037122",0.132471193508182,0.131905939159028
"PotVar0037125",0.765160898386231,0.764737627390812
"PotVar0037143",0.0195349535630314,0.0192580967664036
"PotVar0037204",0.213386999858006,0.213350824566348
"PotVar0037217",0.0533162988540819,0.0530009010136156
"PotVar0037237",0.0126616047172511,0.0124206512394998
"PotVar0037260",0.843948873055124,0.844600207912224
"PotVar0037326",0.804806772483232,0.804424616401613
"PotVar0037332",0.143867817664706,0.143197552087072
"PotVar0037410",0.637877522350775,0.638097070225077
"PotVar0037414",0.428905756488278,0.428808113317413
"PotVar0037528",0.865064464520414,0.864758829230244
"PotVar0037542",0.462106574468896,0.461990612258003
"PotVar0037683",0.362207739354501,0.362076626311548
"PotVar0037700",0.450937958368556,0.451165088449888
"PotVar0037717",0.317632431178899,0.317290958800001
"PotVar0037915",0.762815906636369,0.762128341317355
"PotVar0037918",0.362102420135649,0.362014388770309
"PotVar0037922",0.495520658219756,0.495595283223459
"PotVar0037977",0.898287920529691,0.898491642578496
"PotVar0037982",0.79846167064086,0.799093396351648
"PotVar0037992",0.570435571589758,0.571176988937054
"PotVar0038025",0.193776895119237,0.193261528110123
"PotVar0038033",0.0138587319039117,0.0136107905339933
"PotVar0038034",0.847221509317917,0.847102100656592
"PotVar0038035",0.0174852540736916,0.0172035332040745
"PotVar0038051",0.964652975229525,0.964042319820725
"PotVar0038136",0.45760364780875,0.457371555358309
"PotVar0038199",0.352447002905744,0.351944816974812
"PotVar0038206",0.240760563022276,0.240864982980286
"PotVar0038224",0.548178903377369,0.548317197473008
"PotVar0038345",0.0150815157946632,0.0148219309707562
"PotVar0038355",0.976644712074297,0.976278908084642
"PotVar0038371",0.825541880973831,0.824764958741512
"PotVar0038395",0.0290818203597106,0.0287613087036832
"PotVar0038422",0.975674650693662,0.974597436061206
"PotVar0038424",0.881515199373051,0.882267370366731
"PotVar0038425",0.670452384392797,0.67090904411858
"PotVar0038427",0.0295657635291428,0.0292439290935199
"PotVar0038431",0.997963650396226,0.998741519227116
"PotVar0038504",0.961814853912477,0.962452193421202
"PotVar0038537",0.8429955370661,0.84269843468488
"PotVar0038601",0.712943201616783,0.712465360502908
"PotVar0038615",0.423822985972069,0.42410330901897
"PotVar0038630",0.28011239181238,0.279922929114169
"PotVar0038665",0.917197291425953,0.917792675330403
"PotVar0038674",0.105471193323641,0.105258579107563
"PotVar0038714",0.370203789107489,0.370484768861673
"PotVar0038725",0.754627594394199,0.7548383236193
"PotVar0038744",0.282225075670074,0.281775097059186
"PotVar0038745",0.883540939585641,0.884510453610274
"PotVar0038746",0.387752352004415,0.388287326120927
"PotVar0038753",0.0330724954605095,0.0327284231625544
"PotVar0038755",0.414818005422079,0.414156404301658
"PotVar0038760",0.804662710030449,0.804216191336634
"PotVar0038809",0.387752352004415,0.388287326120927
"PotVar0038830",0.519101944903528,0.518746545585513
"PotVar0038842",0.039315037615889,0.0389514561596853
"PotVar0038849",0.849377206492119,0.849839398060884
"PotVar0038859",0.0305600494181375,0.0302264105987996
"PotVar0038869",0.234974487180204,0.234711024946443
"PotVar0038880",0.0782912965822156,0.0778435233360788
"PotVar0038956",0.449908243159213,0.450114338761941
"PotVar0038983",0.471184676468917,0.471235581945817
"PotVar0039004",0.692317906906773,0.693033397328778
"PotVar0039005",0.455276407000471,0.455259326129385
"PotVar0039021",0.113735064934426,0.1137329831924
"PotVar0039036",0.926542616315431,0.9264087619758
"PotVar0039052",0.126348346631897,0.125995239416852
"PotVar0039087",0.250181550835823,0.250195598841039
"PotVar0039147",0.952387912316285,0.95227629087083
"PotVar0039157",0.0825329389353876,0.082188314093765
"PotVar0039168",0.687143316518254,0.685874112240463
"PotVar0039176",0.878226660813285,0.878327675948022
"PotVar0039194",0.716969491130972,0.717261425961335
"PotVar0039219",0.264180271690065,0.26394337183552
"PotVar0039229",0.981907744361315,0.981632741947103
"PotVar0039272",0.0450705615744516,0.0447786854027356
"PotVar0039273",0.307074529723066,0.306884225490516
"PotVar0039296",0.985005370228802,0.985459539651508
"PotVar0039342",0.78880832828291,0.788586879250817
"PotVar0039373",0.0387718351141621,0.038457434952706
"PotVar0039384",0.169767603397419,0.16934958930496
"PotVar0039417",0.951760718986485,0.952355587226346
"PotVar0039419",0.123111802933487,0.12276846388029
"PotVar0039427",0.873815741578165,0.874321896393873
"PotVar0039481",0.455242286949438,0.455256805236352
"PotVar0039493",0.902497347320717,0.900700797603378
"PotVar0039500",0.76402020981757,0.764271065846912
"PotVar0039597",0.842446854307187,0.843512991600508
"PotVar0039621",0.537638778179033,0.536691498733435
"PotVar0039686",0.113791938202165,0.113381320747062
"PotVar0039687",0.396760521631721,0.396402498017579
"PotVar0039728",0.281013984308088,0.280505833961959
"PotVar0039801",0.967824852283857,0.966368892012343
"PotVar0039803",0.103051958266561,0.102614120960861
"PotVar0039893",0.567764810491212,0.56729525836141
"PotVar0039905",0.237238058275295,0.236682367778086
"PotVar0039937",0.142219801213918,0.141765182492284
"PotVar0039999",0.522148686434249,0.521913804978646
"PotVar0040005",0.374444242963335,0.374109246063773
"PotVar0040034",0.362801699337688,0.362264725555868
"PotVar0040071",0.0604884714985021,0.0604406028569465
"PotVar0040100",0.533178710571959,0.533657235078406
"PotVar0040224",0.320428906003793,0.319943508718143
"PotVar0040235",0.334986919222439,0.334564430858879
"PotVar0040236",0.572711136299532,0.571747022922328
"PotVar0040248",0.230167564292694,0.229597611582936
"PotVar0040287",0.0494109801185624,0.0493220159134168
"PotVar0040344",0.373116030152908,0.373069317622829
"PotVar0040353",0.206000985316671,0.206735619422837
"PotVar0040358",0.194447902810162,0.194505965304869
"PotVar0040479",0.914459471699898,0.913085040961209
"PotVar0040499",0.902517494305532,0.900795901602268
"PotVar0040506",0.146993591229218,0.147222457054656
"PotVar0040507",0.305980669452806,0.305860114883484
"PotVar0040516",0.516528585473126,0.516137731397955
"PotVar0040531",0.484771151305457,0.483778760156461
"PotVar0040532",0.733578253307352,0.734045259236668
"PotVar0040538",0.140555687247498,0.140182213703475
"PotVar0040624",0.936250503164995,0.936230329383863
"PotVar0040650",0.997725295713332,0.998988502292422
"PotVar0040682",0.402215002501049,0.40285848389003
"PotVar0040975",0.145956177417951,0.145732679312732
"PotVar0040976",0.283380776405051,0.28289312885989
"PotVar0040983",0.725100378452682,0.725585945495377
"PotVar0040998",0.589728873429214,0.58993107013769
"PotVar0041010",0.710956106493009,0.711199133871181
"PotVar0041018",0.455649474263025,0.455726228126298
"PotVar0041019",0.419588697287132,0.419689141972543
"PotVar0041040",0.302452018267103,0.302425430491844
"PotVar0041048",0.964070227994832,0.96403080776303
"PotVar0041078",0.279437902628186,0.279466977494313
"PotVar0041079",0.6640476651324,0.663898465662092
"PotVar0041080",0.419588697287132,0.419689141972543
"PotVar0041081",0.455649474264039,0.455726228123897
"PotVar0041119",0.561948529276552,0.561410462991244
"PotVar0041132",0.451470626914166,0.45158429786593
"PotVar0041133",0.34275584338147,0.342821678278336
"PotVar0041167",0.95858724408275,0.958925584019863
"PotVar0041184",0.46186385858228,0.461768721537889
"PotVar0041187",0.833777456266788,0.833937092410014
"PotVar0041199",0.771196808885637,0.770498553578112
"PotVar0041202",0.942846563198928,0.942291943510517
"PotVar0041226",0.975654844589643,0.975845994586064
"PotVar0041233",0.875298574108437,0.875752979478542
"PotVar0041241",0.803315793516713,0.803821955568
"PotVar0041249",0.577412682955834,0.576859906833126
"PotVar0041271",0.77136566051312,0.772023060813175
"PotVar0041300",0.513581532686325,0.51368209486189
"PotVar0041319",0.222808247120203,0.222412887859576
"PotVar0041409",0.59849227151057,0.5984667988352
"PotVar0041439",0.444270322680459,0.444619681146416
"PotVar0041560",0.875666374499808,0.876019358871891
"PotVar0041571",0.591001454541423,0.591431659019662
"PotVar0041585",0.369924563304903,0.369680049870341
"PotVar0041660",0.59722912625301,0.597744471876
"PotVar0041748",0.812596349268753,0.813045583253768
"PotVar0041761",0.880132839391696,0.879549973700431
"PotVar0041770",0.475779956932671,0.4758498444344
"PotVar0041824",0.0817410412929218,0.0813967846918103
"PotVar0041852",0.364016729640354,0.363704282245651
"PotVar0041876",0.78850742576074,0.788613916747211
"PotVar0041901",0.0112266893171766,0.0110254555265106
"PotVar0041919",0.919277689486741,0.919319175714379
"PotVar0042010",0.142020079615708,0.141805650515942
"PotVar0042153",0.613878630566735,0.614305123160619
"PotVar0042274",0.979437795515459,0.979237407038867
"PotVar0042350",0.170172789849749,0.169561166801678
"PotVar0042357",0.944880230457348,0.944272761981816
"PotVar0042369",0.256053662167319,0.256228025747155
"PotVar0042373",0.338926338947461,0.338956023816102
"PotVar0042403",0.925822917679709,0.926021121490606
"PotVar0042444",0.709099777626812,0.708363209508791
"PotVar0042445",0.674636452990585,0.674872918774001
"PotVar0042497",0.372380303136318,0.372338553011284
"PotVar0042582",0.944880230458274,0.944272761979462
"PotVar0042631",0.0887368065022661,0.0884378786624273
"PotVar0042709",0.480545295859444,0.48086425888007
"PotVar0042710",0.281480779027755,0.280722899626827
"PotVar0042723",0.790435257082332,0.790792138280036
"PotVar0042755",0.530314843914053,0.531194394781453
"PotVar0042756",0.462859636661625,0.463778799581773
"PotVar0042829",0.794842250160386,0.794377368442488
"PotVar0042832",0.581299653655935,0.581170253551079
"PotVar0042846",0.44243828973157,0.442248581440767
"PotVar0042852",0.670902098650147,0.671362594850828
"PotVar0042853",0.514703359748766,0.514897045491503
"PotVar0042858",0.1092010527764,0.109007909447966
"PotVar0042906",0.378973871349031,0.378994027741766
"PotVar0042918",0.360529390861327,0.360625990073346
"PotVar0042968",0.373962577098149,0.374026595690438
"PotVar0042969",0.818307360700796,0.81829405561236
"PotVar0043169",0.724211879171628,0.724686194484106
"PotVar0043196",0.816731143584551,0.817501135409496
"PotVar0043207",0.79955095665111,0.799914758595041
"PotVar0043211",0.701825624134792,0.702188733653651
"PotVar0043238",0.30108082105681,0.300831563664558
"PotVar0043245",0.760943005155955,0.760906939667221
"PotVar0043256",0.142722063779332,0.142480731884076
"PotVar0043260",0.380233840826411,0.380802010726224
"PotVar0043265",0.874003330483159,0.87407557576375
"PotVar0043347",0.668150391146347,0.66791588434549
"PotVar0043426",0.395523132435405,0.395599254074116
"PotVar0043441",0.41209451877491,0.411964763958893
"PotVar0043495",0.682837392131863,0.682663726828774
"PotVar0043516",0.436773691935984,0.43666839798969
"PotVar0043531",0.425422914818979,0.42507238204158
"PotVar0043570",0.528209996901126,0.527756573973834
"PotVar0043647",0.307425131282722,0.307176239767414
"PotVar0043650",0.45035326037729,0.450148449664906
"PotVar0043704",0.136776357614793,0.13638899529248
"PotVar0043707",0.774215134467383,0.774190728699707
"PotVar0043740",0.514340004745419,0.514407429359787
"PotVar0043814",0.525785700855124,0.526495503915076
"PotVar0043815",0.449358176070062,0.449582549466247
"PotVar0043821",0.480531283232447,0.480504870123017
"PotVar0043824",0.675744527456754,0.67618176421752
"PotVar0043831",0.643937957790293,0.644531644229396
"PotVar0043855",0.895303163063488,0.894575724240529
"PotVar0043860",0.487087206668019,0.48686417922635
"PotVar0043929",0.821599693098011,0.821228942449154
"PotVar0043954",0.987029350132514,0.986402130464471
"PotVar0043958",0.428451045848575,0.42813422277593
"PotVar0044047",0.48220082998522,0.482487372707507
"PotVar0044090",0.095805897782246,0.0955251166047276
"PotVar0044131",0.0506430009360209,0.0502826551517936
"PotVar0044133",0.0721160636328135,0.0719420919364934
"PotVar0044165",0.336951162715708,0.336626285155882
"PotVar0044179",0.716545638101454,0.716363735577859
"PotVar0044180",0.938427382321918,0.938493764678933
"PotVar0044278",0.15882786541291,0.158569502357839
"PotVar0044285",0.306736584801344,0.307034121209899
"PotVar0044336",0.460045362911837,0.459855255422514
"PotVar0044350",0.600070814454428,0.599984511045685
"PotVar0044409",0.213176724465892,0.212974920499709
"PotVar0044411",0.547704617901103,0.547492317701973
"PotVar0044416",0.102835533241689,0.102365160792634
"PotVar0044417",0.0264619311850743,0.0261673938118416
"PotVar0044529",0.208698654599805,0.20804001925914
"PotVar0044530",0.560504305392593,0.559816376024853
"PotVar0044591",0.0102406825520467,0.0100708227648241
"PotVar0044634",0.146334349562683,0.145865275713826
"PotVar0044649",0.724526027112633,0.724341400473029
"PotVar0044653",0.0656436818110334,0.065376198620098
"PotVar0044675",0.165751455231223,0.165732519251085
"PotVar0044676",0.0335787900511686,0.0332482527195589
"PotVar0044685",0.0637783415150149,0.0634888727579749
"PotVar0044688",0.716749052013938,0.716614854728958
"PotVar0044691",0.27552893166028,0.275942790714516
"PotVar0044701",0.347217805184791,0.346272041128603
"PotVar0044772",0.695213442892429,0.694954369583455
"PotVar0044793",0.489195129829229,0.489434106780034
"PotVar0044815",0.719201015869624,0.720498362313087
"PotVar0044819",0.425244410204884,0.425541533034827
"PotVar0044821",0.755707041016528,0.754785244819051
"PotVar0044823",0.22737423168927,0.226905724340262
"PotVar0044829",0.0282472058674898,0.0279555030809304
"PotVar0044963",0.97954686823866,0.979691646991623
"PotVar0044973",0.888581413406942,0.889486725696751
"PotVar0044998",0.66855860753983,0.668019728278546
"PotVar0045167",0.978849207878611,0.978128811720257
"PotVar0045209",0.0770539774032666,0.0768638042246971
"PotVar0045260",0.0374582757591039,0.0372528789175215
"PotVar0045295",0.436658162012759,0.436808303484226
"PotVar0045340",0.266773331109219,0.266728204743648
"PotVar0045401",0.165172835684745,0.165030895101535
"PotVar0045428",0.698071447195545,0.697689739740456
"PotVar0045459",0.473187030031909,0.472832808934059
"PotVar0045460",0.698083496683017,0.69784147451016
"PotVar0045502",0.773570585231597,0.773887272858559
"PotVar0045660",0.783769093328995,0.784342776921933
"PotVar0045662",0.663763925658645,0.663865964519718
"PotVar0045671",0.653162505881724,0.652687784429359
"PotVar0045674",0.509964103784656,0.509767693604266
"PotVar0045713",0.488018985033408,0.487592536412137
"PotVar0045716",0.842719193597623,0.842148827145344
"PotVar0045735",0.224863106838845,0.224631816564738
"PotVar0045786",0.801657426411017,0.801904267166389
"PotVar0045800",0.641956735822816,0.642762687530902
"PotVar0045805",0.6796884436948,0.679589333514902
"PotVar0045830",0.263288535173378,0.263039045831112
"PotVar0045886",0.796669356192262,0.796703969323441
"PotVar0045900",0.902383617317911,0.902045371194896
"PotVar0045938",0.494842309162959,0.49459365222362
"PotVar0045967",0.314048848427947,0.313401286301284
"PotVar0045976",0.307809110790075,0.307896127979288
"PotVar0045981",0.989115168064984,0.988283972298586
"PotVar0046023",0.551233778856123,0.550940476022291
"PotVar0046065",0.438282387118575,0.43895944727988
"PotVar0046109",0.830103611522048,0.83074608175442
"PotVar0046114",0.749770964609428,0.750095362838228
"PotVar0046123",0.842719193597623,0.842148827145344
"PotVar0046178",0.993990503079134,0.993809555361256
"PotVar0046179",0.710858182565667,0.710732953905439
"PotVar0046194",0.0694775709534382,0.0691822833785515
"PotVar0046211",0.890850993006402,0.890611317347614
"PotVar0046249",0.589751031224934,0.588883414788954
"PotVar0046292",0.829888762289908,0.829884521944683
"PotVar0046294",0.984035231431288,0.984190511157906
"PotVar0046300",0.614431245445621,0.614174222989176
"PotVar0046304",0.641956735821565,0.642762687534735
"PotVar0046361",0.667949808756575,0.66750988106624
"PotVar0046416",0.932419039599805,0.931778649465741
"PotVar0046418",0.845231279151519,0.846731602293499
"PotVar0046488",0.141877379550432,0.141564217347942
"PotVar0046535",0.374373468484585,0.374507129231394
"PotVar0046552",0.850805174894163,0.851380753372561
"PotVar0046554",0.931032869905215,0.929794194463024
"PotVar0046556",0.641956735821565,0.642762687534735
"PotVar0046566",0.0650968449330932,0.0647822390362405
"PotVar0046575",0.774727490397662,0.774448643395585
"PotVar0046608",0.639181708533271,0.639301219358124
"PotVar0046610",0.287716543783829,0.287315656434961
"PotVar0046627",0.272234764099687,0.271800545389098
"PotVar0046637",0.871131644860385,0.870079510987311
"PotVar0046722",0.756960326223088,0.757242733664405
"PotVar0046724",0.695038524165146,0.695218899417476
"PotVar0046725",0.916609620768543,0.915392691020938
"PotVar0046764",0.711440873476555,0.712025607194896
"PotVar0046766",0.715729790735623,0.714635584486932
"PotVar0046773",0.988504056609178,0.988390323930931
"PotVar0046784",0.219112207639919,0.218501155866788
"PotVar0046789",0.846219332917752,0.845208379180286
"PotVar0046832",0.24883664460646,0.249018632945631
"PotVar0046834",0.232239639569108,0.231999641078057
"PotVar0046900",0.731099244189465,0.730535627579081
"PotVar0046916",0.516942513720191,0.516691829328209
"PotVar0046936",0.794131245942286,0.794183161749006
"PotVar0046968",0.589175953646481,0.589530211990215
"PotVar0046976",0.939586779248449,0.940969395465537
"PotVar0047011",0.452333529949046,0.451784886747583
"PotVar0047012",0.746532145989844,0.746669810566369
"PotVar0047020",0.722086584332612,0.721576989785364
"PotVar0047167",0.323925097307856,0.323373692615634
"PotVar0047184",0.690696771837712,0.690722035556053
"PotVar0047229",0.00719086804889488,0.00703527825542314
"PotVar0047235",0.178208735425684,0.177978235996935
"PotVar0047242",0.267154705748274,0.267060458106568
"PotVar0047250",0.173850848430155,0.173546314802798
"PotVar0047274",0.595909157217739,0.596116508424186
"PotVar0047281",0.922741999551334,0.922847820640662
"PotVar0047371",0.0382114362176064,0.0379790716380572
"PotVar0047379",0.238618270211707,0.238681118944734
"PotVar0047391",0.0987960408411314,0.0984584228834818
"PotVar0047393",0.095658145048322,0.0953938875943856
"PotVar0047551",0.978652505472278,0.97952228848647
"PotVar0047579",0.633290115601664,0.633030590204681
"PotVar0047596",0.393253751208338,0.393082121190563
"PotVar0047676",0.850181673378791,0.85096240785582
"PotVar0047699",0.363741304278824,0.363114697994698
"PotVar0047712",0.824705630621933,0.823641774618117
"PotVar0047713",0.0486432618252792,0.0484399195919559
"PotVar0047758",0.142432742426092,0.142067211987233
"PotVar0047767",0.744214835725159,0.744330764305242
"PotVar0047822",0.926037242114286,0.926066660708749
"PotVar0047829",0.919337624987924,0.919164792235247
"PotVar0047857",0.190505674134229,0.1898419375028
"PotVar0047883",0.49250121456259,0.492504160654935
"PotVar0047989",0.0243084404973004,0.0240598169290331
"PotVar0048012",0.36618711558136,0.366476394166795
"PotVar0048065",0.19118344334768,0.191103812028922
"PotVar0048114",0.758569600773064,0.759453718968867
"PotVar0048141",0.0518545034279258,0.0513323021160791
"PotVar0048148",0.317358193255824,0.317161711822044
"PotVar0048171",0.161479196995881,0.160924812982242
"PotVar0048229",0.288009259846976,0.287237124583539
"PotVar0048271",0.284769479589149,0.284232318989026
"PotVar0048303",0.684536953707344,0.684603156577824
"PotVar0048327",0.147477941639143,0.147228369896737
"PotVar0048332",0.180626945414885,0.18021020385324
"PotVar0048336",0.12983784520571,0.129534377112588
"PotVar0048349",0.334389362784888,0.334569171065467
"PotVar0048359",0.357373226407037,0.357293604464242
"PotVar0048367",0.794998874649609,0.793781456626346
"PotVar0048431",0.719612037013502,0.719849169159638
"PotVar0048467",0.00519725479735457,0.00507027073049812
"PotVar0048505",0.13806310169729,0.13788187307161
"PotVar0048521",0.957404341567851,0.957499442386392
"PotVar0048576",0.0165952194283428,0.0163844286458377
"PotVar0048577",0.951728745657988,0.951387719244622
"PotVar0048582",0.0562168604565552,0.0558887416080623
"PotVar0048605",0.761444345572383,0.761330761217331
"PotVar0048610",0.0410739833965478,0.0407601952562966
"PotVar0048673",0.325022447922506,0.324684428291131
"PotVar0048790",0.249131294240541,0.249221304722008
"PotVar0048807",0.0463642659327764,0.0460068414320668
"PotVar0048835",0.678293642002583,0.678788638734868
"PotVar0048849",0.353839767955971,0.353576072378794
"PotVar0048854",0.76721749228308,0.767407044578002
"PotVar0048858",0.981306275891008,0.981538438890464
"PotVar0048921",0.282486638901246,0.282043962354973
"PotVar0048943",0.632721356149556,0.633367865225288
"PotVar0048982",0.579318875667033,0.57880847332647
"PotVar0049010",0.569747210970289,0.56971205341326
"PotVar0049028",0.447069810017515,0.447079420686864
"PotVar0049037",0.0936041661493685,0.0934183378020133
"PotVar0049079",0.83865120440001,0.838271442170889
"PotVar0049169",0.798587813453266,0.798883907337303
"PotVar0049174",0.311133076842544,0.310886612725247
"PotVar0049198",0.742862008944284,0.742439323672356
"PotVar0049199",0.139724033913202,0.139603950084013
"PotVar0049254",0.206629948195232,0.206785939787037
"PotVar0049291",0.971873092604364,0.972339038689713
"PotVar0049351",0.286579482553178,0.286580608063344
"PotVar0049369",0.349748065862993,0.350140389782024
"PotVar0049419",0.964524477848615,0.964581957465556
"PotVar0049426",0.310318484056726,0.310360812870639
"PotVar0049427",0.527518839429068,0.527547139128715
"PotVar0049521",0.343319530919072,0.343639593818174
"PotVar0049542",0.987806230576479,0.988724009094778
"PotVar0049549",0.95405593187772,0.95442880592496
"PotVar0049555",0.543454999456809,0.543386014372045
"PotVar0049564",0.923721604998136,0.923123377695189
"PotVar0049567",0.892570320965002,0.892380091096322
"PotVar0049593",0.41448251121221,0.414850474784478
"PotVar0049628",0.177117745218797,0.176975742790237
"PotVar0049651",0.389820180014863,0.389672714820751
"PotVar0049691",0.31554035482243,0.315194526790291
"PotVar0049699",0.880798465019316,0.880044393550846
"PotVar0049721",0.49705038281405,0.497367033273057
"PotVar0049732",0.952718717945891,0.953567074755558
"PotVar0049777",0.556084730903508,0.556317012618169
"PotVar0049790",0.384082211645134,0.383518790149921
"PotVar0049834",0.896739662471065,0.896848498242731
"PotVar0049885",0.502673478338054,0.502548422079326
"PotVar0049886",0.374334590750292,0.374388284543956
"PotVar0049914",0.100319477276252,0.100070946185419
"PotVar0049951",0.323509017521937,0.323305349485333
"PotVar0049976",0.793456412197275,0.793150946970628
"PotVar0049982",0.691940285256005,0.69196039764163
"PotVar0049988",0.838544711655088,0.838530130691396
"PotVar0050009",0.837756456059317,0.838494744195542
"PotVar0050015",0.471064500609198,0.47166399402691
"PotVar0050023",0.999609537961017,0.998917394969428
"PotVar0050052",0.480834567452257,0.480943302644442
"PotVar0050056",0.46392066978398,0.464291143085502
"PotVar0050060",0.0136355453969982,0.0134274043198642
"PotVar0050202",0.0380146281563296,0.0376378843109448
"PotVar0050206",0.610261300158703,0.609954298791002
"PotVar0050277",0.520652920459283,0.520417817015838
"PotVar0050306",0.951526435040078,0.951414949092088
"PotVar0050375",0.0632357393874289,0.0629742461723543
"PotVar0050401",0.185418679178272,0.18517185202869
"PotVar0050405",0.218177492684232,0.218372860531018
"PotVar0050406",0.547595789992056,0.547812533894299
"PotVar0050414",0.489536313205667,0.489266055374698
"PotVar0050415",0.693680373174392,0.693444006314719
"PotVar0050429",0.90761328359141,0.908030302239185
"PotVar0050432",0.46133609661546,0.461127770931978
"PotVar0050467",0.709761899079661,0.71014484202586
"PotVar0050524",0.779162302369747,0.778819805099653
"PotVar0050545",0.950033572906678,0.94941140835993
"PotVar0050569",0.943981084658693,0.943720225590444
"PotVar0050579",0.971775646318516,0.97104766105963
"PotVar0050584",0.320539261610751,0.320212318315361
"PotVar0050638",0.458134177056474,0.458741895725544
"PotVar0050685",0.440079219734712,0.440434200788261
"PotVar0050687",0.511570865170018,0.512093044722949
"PotVar0050696",0.732095821711983,0.73243825265723
"PotVar0050787",0.861341332859704,0.86178472482456
"PotVar0050808",0.020185423573301,0.0199105990472945
"PotVar0050813",0.346890960016419,0.346663800190358
"PotVar0050814",0.767891774922357,0.767577567657579
"PotVar0050829",0.659753287176121,0.65975982902246
"PotVar0051027",0.235663689396791,0.235111229850884
"PotVar0051099",0.0372788768281901,0.0369061667092025
"PotVar0051115",0.231763133413465,0.231298266459887
"PotVar0051132",0.804947521013504,0.805122870707878
"PotVar0051178",0.1773524918256,0.177004076950409
"PotVar0051195",0.660596145432855,0.660330852545692
"PotVar0051239",0.325580541821545,0.325453044191892
"PotVar0051243",0.0852835274565452,0.0849790390026514
"PotVar0051363",0.00205578420593828,0.00197646024285769
"PotVar0051396",0.0530010574475639,0.0528144155906881
"PotVar0051418",0.0234115764854673,0.0230954368297282
"PotVar0051428",0.913967023037217,0.914651991451253
"PotVar0051488",0.206384006617453,0.206581520904105
"PotVar0051493",0.222925005070803,0.222371448919081
"PotVar0051497",0.490893795404929,0.490186827084735
"PotVar0051499",0.041165022424583,0.0407740141849605
"PotVar0051520",0.337001088230858,0.337231368008155
"PotVar0051521",0.386860675021013,0.386233013688968
"PotVar0051583",0.923795757035504,0.923306393949189
"PotVar0051651",0.0261665970456496,0.0258452921876781
"PotVar0051698",0.151061492892044,0.150460291893165
"PotVar0051763",0.26855784722005,0.26876595250224
"PotVar0051812",0.394851779420057,0.394446490609042
"PotVar0051833",0.783105991653029,0.78321704140418
"PotVar0051850",0.550522985245599,0.550299612715312
"PotVar0051862",0.703370552188921,0.703654854546323
"PotVar0051881",0.43095355619878,0.430711982568766
"PotVar0051902",0.944864052836679,0.944856010196703
"PotVar0051909",0.5899442013225,0.589790260159192
"PotVar0052019",0.263414293268421,0.263051001393155
"PotVar0052098",0.371334861688654,0.371118196636127
"PotVar0052219",0.386042229736783,0.38623171810581
"PotVar0052280",0.413562070463108,0.414833214776441
"PotVar0052297",0.897014320000971,0.898174325472646
"PotVar0052374",0.378750870672243,0.378297274696103
"PotVar0052450",0.780912788479668,0.781160440769643
"PotVar0052458",0.0239432795756419,0.0237505910472912
"PotVar0052480",0.685906484869504,0.686113889937117
"PotVar0052560",0.547504108493322,0.548490252417964
"PotVar0052596",0.380908103341931,0.381095246913887
"PotVar0052628",0.279452139324128,0.27907404351925
"PotVar0052630",0.91224675151965,0.912147360312375
"PotVar0052633",0.433243954906161,0.433364731260141
"PotVar0052648",0.167136320222756,0.167453773205576
"PotVar0052662",0.523150950450931,0.523057999781499
"PotVar0052695",0.707763496707677,0.707120407979567
"PotVar0052698",0.359574875271222,0.358866686192553
"PotVar0052761",0.0392108414707576,0.038930832473149
"PotVar0052766",0.736399282237884,0.737148876172618
"PotVar0052767",0.319191293146879,0.318732802295297
"PotVar0052776",0.708150393168463,0.707828138614328
"PotVar0052807",0.53723740855549,0.537078555554238
"PotVar0052873",0.0413556528526051,0.0410808389313941
"PotVar0052987",0.575339282653725,0.574880723719967
"PotVar0053054",0.31502271935642,0.314606426371875
"PotVar0053073",0.7391393899114,0.73910073271739
"PotVar0053090",0.754727725435907,0.754840387221448
"PotVar0053145",0.244344247821743,0.243987469813565
"PotVar0053166",0.9110191169464,0.911560410868683
"PotVar0053168",0.916448095601623,0.915940417924232
"PotVar0053191",0.664514551117691,0.665543506461981
"PotVar0053309",0.963416839244265,0.963578493793015
"PotVar0053344",0.686315390495593,0.686849980842487
"PotVar0053346",0.271510998504963,0.271853997412939
"PotVar0053378",0.607167713424642,0.606951924474396
"PotVar0053389",0.619258082972308,0.61999189514321
"PotVar0053453",0.684043957159021,0.683947679205205
"PotVar0053456",0.926353743479248,0.925834562994074
"PotVar0053460",0.938854077117704,0.939049436086532
"PotVar0053461",0.495898053787568,0.495706680647251
"PotVar0053463",0.961986056635539,0.961316837420735
"PotVar0053469",0.383329880484964,0.383073074113428
"PotVar0053483",0.258559352436715,0.258401529923577
"PotVar0053540",0.956568312037997,0.956193591079777
"PotVar0053590",0.70211952326134,0.702292578000293
"PotVar0053629",0.954943730919792,0.956159996026291
"PotVar0053640",0.5231494738674,0.522922739982919
"PotVar0053642",0.490992553823834,0.491740410797186
"PotVar0053672",0.469174458967458,0.469509390358734
"PotVar0053695",0.245710733292403,0.245452290596729
"PotVar0053721",0.564405917308667,0.56391074891313
"PotVar0053738",0.57390220865925,0.573455215822435
"PotVar0053739",0.232414701028891,0.232352994189919
"PotVar0053745",0.448086592188987,0.44806950305847
"PotVar0053748",0.927286951875856,0.927154006324682
"PotVar0053841",0.39532054404259,0.395435338219015
"PotVar0053843",0.320973569485757,0.321084962374353
"PotVar0053855",0.363917074564347,0.364458535955882
"PotVar0053859",0.807861395597305,0.808353458476189
"PotVar0053907",0.743247244845993,0.743863334985776
"PotVar0054040",0.96740554511066,0.967579441474762
"PotVar0054044",0.990281665601538,0.99074920613431
"PotVar0054060",0.799719319169435,0.7999793233393
"PotVar0054079",0.988317741028459,0.987415578947426
"PotVar0054089",0.574930528627657,0.575074876971576
"PotVar0054092",0.672715173435056,0.673078024385275
"PotVar0054330",0.2019552957323,0.201430136295067
"PotVar0054356",0.325090270758568,0.324649217995631
"PotVar0054433",0.121324918681688,0.121118377726258
"PotVar0054478",0.136548400116808,0.136476125113012
"PotVar0054490",0.249324276760074,0.249552920030831
"PotVar0054527",0.733863551178551,0.733872511076392
"PotVar0054546",0.637953720000974,0.63859927986314
"PotVar0054559",0.298981364559774,0.299057527832017
"PotVar0054564",0.583296298711783,0.582984752625283
"PotVar0054638",0.492356938276566,0.492490436806701
"PotVar0054938",0.395053348119815,0.395247000642892
"PotVar0054962",0.349248913307104,0.349180765706745
"PotVar0054967",0.423313673217095,0.424046261212943
"PotVar0055081",0.869037199271331,0.868722377959511
"PotVar0055105",0.0937353408906147,0.0934873642850006
"PotVar0055120",0.531432848515547,0.531417778502906
"PotVar0055130",0.464557563410178,0.464448498721204
"PotVar0055145",0.612098044692515,0.612058172894176
"PotVar0055164",0.273109333386957,0.272937577896255
"PotVar0055172",0.398692895037997,0.398948136481081
"PotVar0055205",0.293838638064263,0.293866573962228
"PotVar0055208",0.24175977193557,0.242187074965987
"PotVar0055233",0.229929478946014,0.229956386168919
"PotVar0055248",0.982832081588334,0.981965103496447
"PotVar0055362",0.711903835994858,0.711848979679561
"PotVar0055381",0.743131425571002,0.74295409857839
"PotVar0055392",0.268528901836197,0.26869024985053
"PotVar0055393",0.614487286922546,0.614117776863281
"PotVar0055556",0.577331564973882,0.576956906610375
"PotVar0055562",0.680262673495134,0.681431345833509
"PotVar0055567",0.718928751384262,0.719594769916249
"PotVar0055603",0.38421660976535,0.383772312849454
"PotVar0055694",0.809150587058496,0.807226909596615
"PotVar0055755",0.569779261412642,0.569502480826184
"PotVar0055761",0.498723072783915,0.498716110309228
"PotVar0055767",0.494764074974774,0.49453442493263
"PotVar0055804",0.853212663989264,0.853244983197566
"PotVar0055831",0.113698244988621,0.113323907915553
"PotVar0055885",0.564257908888298,0.564651507969371
"PotVar0055916",0.29325146892611,0.293459104970067
"PotVar0055938",0.763865140401138,0.763694706579781
"PotVar0055978",0.402796536491263,0.402955331192835
"PotVar0055998",0.709679409677911,0.710178938808091
"PotVar0056019",0.688254171062991,0.687894765257712
"PotVar0056042",0.556378224225673,0.557128161782457
"PotVar0056063",0.840898102478137,0.841062960736806
"PotVar0056115",0.26219156484864,0.261854385216351
"PotVar0056116",0.714322004448431,0.713948943177735
"PotVar0056135",0.737194864168559,0.737895329345541
"PotVar0056242",0.0781184464215552,0.0776209606409204
"PotVar0056260",0.474240863092151,0.473862792064824
"PotVar0056291",0.288009463131241,0.287993508260847
"PotVar0056297",0.904391523553008,0.904923621697091
"PotVar0056453",0.736541151993255,0.736555333614732
"PotVar0056554",0.952169413462385,0.952075563079156
"PotVar0056555",0.370159151348608,0.370204615027105
"PotVar0056569",0.680419319138895,0.680685343881508
"PotVar0056835",0.957778518823503,0.95834612980649
"PotVar0056887",0.92408845447292,0.924417951383968
"PotVar0056911",0.577610070726163,0.577399908845322
"PotVar0056921",0.732221736844331,0.731660367432551
"PotVar0056942",0.991083936234999,0.991354967339998
"PotVar0056976",0.211433467484291,0.21144406542683
"PotVar0056996",0.742768683642928,0.743116722701483
"PotVar0057013",0.520189333868205,0.51972214811278
"PotVar0057081",0.309319314044669,0.308487946860936
"PotVar0057090",0.641894450997135,0.641187572333511
"PotVar0057091",0.308153513824102,0.308122187019962
"PotVar0057109",0.593756526476828,0.595076834410943
"PotVar0057119",0.379150955135088,0.379485542547143
"PotVar0057170",0.490424717394671,0.490859148736155
"PotVar0057182",0.467044689626347,0.468046903964645
"PotVar0057192",0.440984133933272,0.440888736248422
"PotVar0057247",0.82247134233044,0.821601720492266
"PotVar0057253",0.352258813089737,0.352960608430615
"PotVar0057255",0.266495066522553,0.265853786719764
"PotVar0057284",0.128311882107758,0.127912782444068
"PotVar0057291",0.0888244970056192,0.0883922994033238
"PotVar0057365",0.706932092362806,0.70658589571146
"PotVar0057370",0.211295163127131,0.211208881345916
"PotVar0057420",0.537033725087548,0.536868643106609
"PotVar0057431",0.222994499659493,0.222769692140927
"PotVar0057438",0.678772976315196,0.677801551905872
"PotVar0057450",0.438282090432331,0.438648596972253
"PotVar0057452",0.938908122659948,0.93836210117411
"PotVar0057483",0.96644001741618,0.96701472084338
"PotVar0057485",0.104782578756191,0.10449032587669
"PotVar0057514",0.847618607798819,0.847465459406113
"PotVar0057515",0.64794455239705,0.648192378584642
"PotVar0057550",0.956725238005864,0.956330067666911
"PotVar0057603",0.237875929386918,0.237735290751809
"PotVar0057605",0.976961399889557,0.977337931867813
"PotVar0057644",0.430402963197377,0.430593909076436
"PotVar0057678",0.389374897790466,0.389299673009601
"PotVar0057721",0.556132794513142,0.556059310816328
"PotVar0057722",0.188158153200042,0.187859502816603
"PotVar0057783",0.999831452074121,0.999280589927307
"PotVar0057806",0.0593049832158151,0.0590445184632701
"PotVar0057839",0.79098272382848,0.79022229443759
"PotVar0057846",0.251494411587287,0.251267152328841
"PotVar0057871",0.92961583673228,0.930023001221502
"PotVar0057905",0.489583189039346,0.490076414488522
"PotVar0057954",0.515720459507647,0.515646892499251
"PotVar0057955",0.46102246605944,0.460311116196099
"PotVar0058094",0.554974511808834,0.554636022199503
"PotVar0058108",0.791937651310414,0.792306023755387
"PotVar0058123",0.554768652653669,0.55525473974541
"PotVar0058145",0.528972400748693,0.528425975614386
"PotVar0058146",0.828851231230683,0.829924306518157
"PotVar0058153",0.536545287858272,0.536222792491703
"PotVar0058165",0.122458259686078,0.122233362483216
"PotVar0058234",0.699884923619197,0.700137529274011
"PotVar0058237",0.6446235454428,0.64428766281076
"PotVar0058273",0.345604893462968,0.345322017382915
"PotVar0058492",0.122184196443008,0.121699833448625
"PotVar0058503",0.530731706062986,0.530826838213612
"PotVar0058600",0.0676843493466292,0.0674047137860974
"PotVar0058618",0.0472425074541528,0.046956499628776
"PotVar0058634",0.934879277874062,0.935554912142711
"PotVar0058664",0.320491537503792,0.320410059202733
"PotVar0058681",0.0210043917365105,0.020834355489298
"PotVar0058763",0.654562509282209,0.653726930836365
"PotVar0058777",0.108064407326172,0.107888968007917
"PotVar0059010",0.822247216642338,0.822869240048437
"PotVar0059055",0.470941107014707,0.471224955919167
"PotVar0059068",0.766617031294265,0.766688663115245
"PotVar0059121",0.681919374847766,0.682583715806969
"PotVar0059194",0.286129593463416,0.285736423040268
"PotVar0059208",0.998678176213392,0.998677063852331
"PotVar0059222",0.541449250201732,0.54096879633872
"PotVar0059280",0.626358178583549,0.626624979862648
"PotVar0059286",0.471150897286465,0.471453674438704
"PotVar0059300",0.272638630715031,0.272468363329131
"PotVar0059315",0.062922688404407,0.0626733708670815
"PotVar0059347",0.199759909361405,0.199510874538975
"PotVar0059350",0.881369315269347,0.880742807605172
"PotVar0059385",0.655973020003312,0.655496769695002
"PotVar0059394",0.88547148473205,0.885020141254262
"PotVar0059566",0.560819320921245,0.561757925318634
"PotVar0059577",0.886866245082927,0.887113274402896
"PotVar0059581",0.629379977399029,0.63000885927594
"PotVar0059593",0.126813479546058,0.126510873760517
"PotVar0059605",0.161790370528621,0.161460896963825
"PotVar0059608",0.251289800198044,0.250664695723624
"PotVar0059669",0.557433218657843,0.558391465305214
"PotVar0059692",0.682723980458845,0.683145195512245
"PotVar0059714",0.96944699283264,0.969944199451096
"PotVar0059759",0.464571101616512,0.464177071451473
"PotVar0059779",0.164665284649679,0.164437215476336
"PotVar0059889",0.187676263301472,0.187772934430869
"PotVar0059933",0.269190440308419,0.269218266238604
"PotVar0059939",0.380695733104778,0.3802971311904
"PotVar0059951",0.528868544305663,0.528688902225679
"PotVar0059970",0.285678469557962,0.285195092432036
"PotVar0059986",0.270955880414614,0.27050451781534
"PotVar0060007",0.406970985692532,0.407237349588253
"PotVar0060017",0.0178285205312723,0.0176133798781709
"PotVar0060032",0.457348874356519,0.457246264640788
"PotVar0060048",0.457217377259178,0.457049459465578
"PotVar0060089",0.479128296520247,0.479217810435554
"PotVar0060119",0.122950734612689,0.122768759699697
"PotVar0060139",0.27613399962951,0.276813678138178
"PotVar0060143",0.739512619613553,0.740032688557799
"PotVar0060154",0.769229839452518,0.769786620520586
"PotVar0060157",0.463273218071756,0.463006582510576
"PotVar0060167",0.350757447436426,0.350873120429454
"PotVar0060181",0.0253454403794622,0.0251141214172612
"PotVar0060312",0.518883580490763,0.519431421495475
"PotVar0060339",0.317636429048183,0.318236263948457
"PotVar0060341",0.675425553799363,0.675707195632548
"PotVar0060366",0.458549530514189,0.458021514457448
"PotVar0060494",0.762767364183925,0.762243681196865
"PotVar0060537",0.431962114614156,0.431444970537208
"PotVar0060602",0.0416947288930816,0.0414342262800404
"PotVar0060621",0.17013630603906,0.17004435762207
"PotVar0060667",0.309224220499644,0.308671865534033
"PotVar0060695",0.379464701312436,0.379558031008018
"PotVar0060697",0.99219267985426,0.991958299919416
"PotVar0060711",0.210446850645416,0.210055797260478
"PotVar0060740",0.530636587116819,0.53050082964842
"PotVar0060753",0.267392432707047,0.267015135616927
"PotVar0060863",0.921754596737047,0.921288537628489
"PotVar0060922",0.608082729776321,0.60800410203948
"PotVar0060952",0.0254471568639244,0.0251589124899574
"PotVar0060961",0.79157224259689,0.791109326250942
"PotVar0060977",0.762367469589638,0.761801058700807
"PotVar0060978",0.91221355883771,0.912529600150011
"PotVar0060988",0.0399453321792813,0.0396595349799371
"PotVar0061044",0.128553669290646,0.128323281876043
"PotVar0061104",0.106942522028339,0.106701228672213
"PotVar0061106",0.391763979528008,0.391792858372616
"PotVar0061123",0.758581629875723,0.758874250712811
"PotVar0061136",0.454068633626686,0.45432883361612
"PotVar0061148",0.479635500171031,0.47994242914931
"PotVar0061153",0.221630934117864,0.221275710627227
"PotVar0061179",0.457675428056792,0.457926691956567
"PotVar0061193",0.403698975015442,0.403984710451913
"PotVar0061205",0.010131665327962,0.00993573310575643
"PotVar0061224",0.501351109490208,0.501416710825608
"PotVar0061225",0.772357936470431,0.772032396437729
"PotVar0061243",0.628746194619141,0.628830386310589
"PotVar0061252",0.871015935454642,0.870579351032531
"PotVar0061254",0.997156989223755,0.99671026080146
"PotVar0061273",0.788637895154056,0.788882109513099
"PotVar0061301",0.472306360061372,0.471744440886648
"PotVar0061372",0.238666952634169,0.238721270688293
"PotVar0061519",0.870832934798028,0.871673035812998
"PotVar0061627",0.779045480631398,0.779836256765173
"PotVar0061673",0.545767516714687,0.545728108459648
"PotVar0061680",0.282290538353483,0.281774069651078
"PotVar0061707",0.22881974000286,0.228240352319347
"PotVar0061732",0.780215447117931,0.780129313351746
"PotVar0061737",0.194024038715686,0.194214635288447
"PotVar0061774",0.52353936558061,0.523767041394471
"PotVar0061897",0.227124936489114,0.226982069105493
"PotVar0061914",0.785786770267553,0.785045412843349
"PotVar0061950",0.750881835918021,0.750877472721151
"PotVar0061979",0.217518392348473,0.21690054889318
"PotVar0062004",0.873576433929792,0.872828203535131
"PotVar0062041",0.133227497750555,0.132768908868171
"PotVar0062099",0.819445509750032,0.818668769047394
"PotVar0062114",0.955500883358775,0.954593254540229
"PotVar0062136",0.79074084516678,0.790231357667717
"PotVar0062231",0.867723918730172,0.868785319515289
"PotVar0062276",0.25552558674247,0.255871799569638
"PotVar0062277",0.767939403902675,0.767240080434433
"PotVar0062340",0.827660506886711,0.827802958558484
"PotVar0062383",0.231518617234569,0.231045485023592
"PotVar0062424",0.2896668524214,0.289207328977596
"PotVar0062438",0.789145977149911,0.7899643042626
"PotVar0062470",0.237087914247691,0.236636160642513
"PotVar0062472",0.893201634235514,0.89420860236061
"PotVar0062483",0.863070506769188,0.864836278020418
"PotVar0062504",0.0748169394637519,0.0744211452175972
"PotVar0062518",0.850030986033015,0.85053976394667
"PotVar0062589",0.962888115274927,0.962924422057708
"PotVar0062628",0.63825314690117,0.638543056735403
"PotVar0062640",0.909065100144781,0.909481132985989
"PotVar0062762",0.29351724692392,0.293145987725322
"PotVar0062783",0.952011038209068,0.951649488057362
"PotVar0062786",0.912827125157482,0.91279457122732
"PotVar0062811",0.56236658669267,0.562623182515077
"PotVar0062819",0.346592551448293,0.346332236197344
"PotVar0062825",0.122918142576937,0.122612467941519
"PotVar0062831",0.028332211678835,0.0280777053759807
"PotVar0063167",0.223826256969359,0.223652909533407
"PotVar0063310",0.239832852598688,0.23966525673026
"PotVar0063333",0.212307127045227,0.212310464118054
"PotVar0063400",0.210728564027372,0.210465390539666
"PotVar0063401",0.630495498191245,0.630180140157144
"PotVar0063427",0.900008443144814,0.900729123973162
"PotVar0063446",0.961787304528742,0.961774640798225
"PotVar0063471",0.335101979048003,0.334852671405414
"PotVar0063505",0.540537240612231,0.540037939044333
"PotVar0063529",0.822575508497762,0.822882850279085
"PotVar0063585",0.599912260169724,0.599728137500555
"PotVar0063591",0.20351231825257,0.203083658637963
"PotVar0063641",0.097991695890454,0.097680220422443
"PotVar0063703",0.396709730920625,0.39655741313272
"PotVar0063704",0.259259869067267,0.259280038241263
"PotVar0063725",0.542081054055726,0.542615868755116
"PotVar0063758",0.0406553028814708,0.040343441479526
"PotVar0063766",0.319032638589976,0.319264075042304
"PotVar0063768",0.322002231342778,0.321695618154525
"PotVar0063772",0.429785372364641,0.429734280752667
"PotVar0063780",0.617780346776355,0.617817822051022
"PotVar0063845",0.672504496777966,0.673121911635962
"PotVar0063885",0.543107751290721,0.542738541315588
"PotVar0063938",0.285061262497474,0.285139091111289
"PotVar0063940",0.669104719777176,0.669138263141337
"PotVar0063963",0.423262581643037,0.424012219808186
"PotVar0063974",0.0254509726963586,0.0251604786781745
"PotVar0064083",0.814224321412342,0.813853778872878
"PotVar0064140",0.532302341520691,0.532518930910642
"PotVar0064142",0.0127859855097575,0.0125667164880764
"PotVar0064182",0.153294703477575,0.153099456543245
"PotVar0064200",0.465222744679287,0.464679271398818
"PotVar0064391",0.701408762872125,0.701144936284421
"PotVar0064400",0.0103471531445218,0.0101499056499143
"PotVar0064470",0.00562916910362529,0.00547975501054971
"PotVar0064502",0.00986536861217137,0.00966738710451864
"PotVar0064578",0.00877502300806532,0.00859372678120861
"PotVar0064628",0.729493638361311,0.730476279485759
"PotVar0064663",0.519710689598856,0.519675393491737
"PotVar0064665",0.406059762965383,0.405306037794703
"PotVar0064710",0.727559952164482,0.726804020261188
"PotVar0065124",0.00883952295965908,0.00868286673684078
"PotVar0065142",0.357724821962381,0.357475100357831
"PotVar0065160",0.193581189367821,0.193872530610419
"PotVar0065264",0.287608950993822,0.287608873130583
"PotVar0065322",0.805779007011765,0.806015131164088
"PotVar0065371",0.674678567581675,0.675246277963036
"PotVar0065443",0.895662345188748,0.896130043786926
"PotVar0065466",0.127080044788057,0.126733065933533
"PotVar0065489",0.177167074680066,0.176724610471415
"PotVar0065496",0.312613852243238,0.312988431588227
"PotVar0065540",0.169083269363726,0.168735935216679
"PotVar0065565",0.146780109084099,0.146342302359015
"PotVar0065608",0.655893608511736,0.655273609600295
"PotVar0065612",0.795867655453057,0.797557269759172
"PotVar0065623",0.865478002758382,0.864680384619384
"PotVar0065625",0.437482653659754,0.437149114798935
"PotVar0065664",0.0506930295762194,0.0502570572419147
"PotVar0065679",0.0417137381076,0.0414614451169231
"PotVar0065721",0.768705797412902,0.768366640526549
"PotVar0065736",0.410838740911339,0.410497229754687
"PotVar0065745",0.254840375110745,0.254617718966839
"PotVar0065754",0.0358505079001484,0.0355012766430847
"PotVar0065767",0.607042923857588,0.607180358192156
"PotVar0065809",0.819010540979806,0.81786476242451
"PotVar0065847",0.253713419181206,0.25352665870146
"PotVar0065875",0.383858447368152,0.383107519686561
"PotVar0065896",0.319904503189365,0.319977266603893
"PotVar0065920",0.391695256008627,0.39166741577669
"PotVar0065921",0.337581628554236,0.336853422920257
"PotVar0065928",0.810184886561011,0.808867774125781
"PotVar0065972",0.941471987853755,0.941465522737651
"PotVar0065992",0.8582705893416,0.857923416273231
"PotVar0066059",0.207200208862932,0.207058801426734
"PotVar0066105",0.304392200057009,0.304119931343599
"PotVar0066107",0.548450224999781,0.547762548657694
"PotVar0066114",0.273055564467886,0.272889526259649
"PotVar0066128",0.3825854207343,0.382270028513589
"PotVar0066142",0.237560803328958,0.23741875890152
"PotVar0066156",0.276849623390935,0.276369057851739
"PotVar0066199",0.66266787822307,0.663759422594467
"PotVar0066209",0.629809162306941,0.630914755359283
"PotVar0066219",0.283048525134987,0.282658700421501
"PotVar0066236",0.280353926444407,0.279779826787597
"PotVar0066295",0.564768157939293,0.564161295749863
"PotVar0066298",0.019567225377384,0.0192938155016868
"PotVar0066299",0.323151724413328,0.323374859744349
"PotVar0066338",0.782224764895547,0.781947983820931
"PotVar0066476",0.836813748342607,0.837175373388285
"PotVar0066533",0.592301830783735,0.592432619444994
"PotVar0066694",0.588147565868213,0.587948916196398
"PotVar0066714",0.68915199303724,0.687995666212392
"PotVar0066968",0.985804502514021,0.986901379642767
"PotVar0067014",0.179133275963784,0.178915525408648
"PotVar0067018",0.0804213540924824,0.0801893889482432
"PotVar0067025",0.722576972936672,0.722900998487738
"PotVar0067029",0.770382949289638,0.770517267291
"PotVar0067107",0.424518812467795,0.424420205147704
"PotVar0067124",0.999792490814177,0.999758834395097
"PotVar0067177",0.519853461639861,0.520740603607751
"PotVar0067301",0.919928448670057,0.919102830435707
"PotVar0067303",0.275144843995465,0.274439396304627
"PotVar0067342",0.182809868586952,0.182588936521157
"PotVar0067347",0.311621432279989,0.311267269745306
"PotVar0067402",0.349338366855301,0.349079536231511
"PotVar0067403",0.50328717434162,0.50340489874743
"PotVar0067404",0.960782820529962,0.960288813007959
"PotVar0067424",0.25403037022454,0.253481914149253
"PotVar0067475",0.125106939152342,0.124939863564003
"PotVar0067501",0.00262818152183053,0.00253983606235705
"PotVar0067527",0.328703729728158,0.328803918892885
"PotVar0067542",0.441733537505201,0.44156650827295
"PotVar0067664",0.514001549347744,0.513798597349676
"PotVar0067770",0.265020869366951,0.265026186111799
"PotVar0067806",0.260584462577702,0.260115448820655
"PotVar0067854",0.0964619664596064,0.0961478391837741
"PotVar0067855",0.499299481778371,0.500403200092393
"PotVar0067942",0.327168391417201,0.326949421743486
"PotVar0067954",0.631218929539381,0.631603558158613
"PotVar0068033",0.803875014318049,0.805000182137254
"PotVar0068149",0.4701922465118,0.470180811273197
"PotVar0068152",0.770933768293376,0.770751003140277
"PotVar0068165",0.349117491175068,0.349173304096021
"PotVar0068173",0.993999953982837,0.993853894164743
"PotVar0068174",0.816798935144632,0.817422974685974
"PotVar0068178",0.995016711114864,0.994514581674105
"PotVar0068186",0.509944081195993,0.510343053254544
"PotVar0068187",0.0142341052795429,0.0140258017778884
"PotVar0068202",0.331791323747727,0.331216790177212
"PotVar0068383",0.791480597743667,0.790990557237949
"PotVar0068388",0.577145675181992,0.576671946018283
"PotVar0068409",0.893172683028569,0.893008673136048
"PotVar0068412",0.528070517384505,0.528771252883273
"PotVar0068425",0.727997283855005,0.728206888769864
"PotVar0068429",0.965260601064051,0.96529896986611
"PotVar0068447",0.917257135925512,0.916660641205111
"PotVar0068458",0.249904383746526,0.249389934997368
"PotVar0068461",0.669145845724468,0.669396402083922
"PotVar0068478",0.823122420831956,0.822959400557194
"PotVar0068519",0.801761432127476,0.802766751292708
"PotVar0068573",0.896161414624833,0.896065209646767
"PotVar0068577",0.803957372502774,0.803839397957658
"PotVar0068584",0.930843793685089,0.930177316872027
"PotVar0068687",0.249904383746526,0.249389934997368
"PotVar0068747",0.598894296617814,0.599519677306054
"PotVar0068793",0.361866631389719,0.361040664893423
"PotVar0068829",0.648347217262091,0.649310135811565
"PotVar0068890",0.90171505080357,0.902101949310584
"PotVar0068892",0.240010165013528,0.239750093932362
"PotVar0068893",0.976194334443462,0.975422830501828
"PotVar0068897",0.491019284646308,0.490508069521935
"PotVar0068912",0.897141980244216,0.89727230368242
"PotVar0068920",0.285207424377506,0.284727724563713
"PotVar0068972",0.30240804729758,0.302368425019151
"PotVar0069076",0.27766920383209,0.277341677244135
"PotVar0069139",0.278440989875821,0.278550551767908
"PotVar0069155",0.00797562481904481,0.00780988664912556
"PotVar0069219",0.743938310010038,0.74382615654042
"PotVar0069259",0.0322881879343521,0.031969675292603
"PotVar0069279",0.160704611119954,0.16010615761116
"PotVar0069471",0.0685201230674073,0.068118778028543
"PotVar0069492",0.0407057029110596,0.0403352510886327
"PotVar0069582",0.4940404710604,0.494137037491289
"PotVar0069612",0.52542563388779,0.526179311339004
"PotVar0069621",0.558827717297892,0.558569759620468
"PotVar0069632",0.165504513359193,0.165349260394185
"PotVar0069634",0.202735249503086,0.202611369107061
"PotVar0069680",0.656035957706429,0.655358802204582
"PotVar0069681",0.938992431273062,0.939389462212288
"PotVar0069719",0.741218332048732,0.741383513296168
"PotVar0069750",0.357564767835317,0.357508302309036
"PotVar0069919",0.509480444217879,0.508745938199705
"PotVar0069964",0.0642183404168021,0.0638548295248518
"PotVar0069969",0.684087516703803,0.684529786724259
"PotVar0070000",0.622050051645004,0.622344681554461
"PotVar0070014",0.636298298543683,0.635980631819344
"PotVar0070073",0.797448425089657,0.797312701228304
"PotVar0070078",0.116634793146832,0.116336651782925
"PotVar0070088",0.0273637033779566,0.0271146737822703
"PotVar0070127",0.674760612131104,0.674790822486539
"PotVar0070147",0.959668557019927,0.959202140447265
"PotVar0070148",0.96416293613336,0.964954121001677
"PotVar0070225",0.380575397221135,0.380124655366509
"PotVar0070227",0.180131718719426,0.180156960951731
"PotVar0070245",0.727605662478443,0.727365731661102
"PotVar0070255",0.973282579752649,0.972828669235223
"PotVar0070258",0.178784892029018,0.178863892061446
"PotVar0070298",0.204358490901315,0.204598904248172
"PotVar0070299",0.214437638166706,0.214382642950812
"PotVar0070310",0.543748921510706,0.544040822519239
"PotVar0070335",0.939759009717604,0.940344292844407
"PotVar0070362",0.927876408596175,0.927771931444395
"PotVar0070435",0.96248454615376,0.962884346021249
"PotVar0070449",0.553691407752885,0.55359177770948
"PotVar0070459",0.621983328543821,0.622067762949905
"PotVar0070532",0.123434936780329,0.123116394757261
"PotVar0070638",0.828114380528103,0.829377760860072
"PotVar0070686",0.00789420642835395,0.00770819071103551
"PotVar0070702",0.345308749811499,0.344462100270013
"PotVar0070742",0.77957082959096,0.779886542104455
"PotVar0070760",0.490911891953979,0.490556377608978
"PotVar0070816",0.725648847278399,0.7254316348996
"PotVar0070818",0.399026974851216,0.398610606785422
"PotVar0070877",0.984378494700972,0.984298087008998
"PotVar0070881",0.175715832726203,0.175188645612081
"PotVar0070942",0.195808695233395,0.195726316749951
"PotVar0070981",0.436387347232735,0.436539307377878
"PotVar0071071",0.0181000661041293,0.0178701243680706
"PotVar0071109",0.810623772563864,0.810622643573899
"PotVar0071149",0.199695949868712,0.199391218001682
"PotVar0071276",0.0855816660289598,0.0854464799983167
"PotVar0071385",0.0164387154292867,0.016201387327538
"PotVar0071429",0.281363770985631,0.28094157459203
"PotVar0071533",0.558702936523231,0.559384402065897
"PotVar0071563",0.353299618760542,0.353310534176671
"PotVar0071573",0.762483033081298,0.763679395756931
"PotVar0071575",0.731526728335346,0.731736379481369
"PotVar0071624",0.957742986457381,0.957546298197169
"PotVar0071625",0.844442654333174,0.843490906074954
"PotVar0071686",0.633902779510458,0.634154170332801
"PotVar0071738",0.114603943556477,0.114141462567846
"PotVar0071752",0.154646368130997,0.154305286502073
"PotVar0071846",0.484404919724964,0.484120192475766
"PotVar0071852",0.673835360505926,0.67389352496544
"PotVar0071853",0.076043927837852,0.0754649936782824
"PotVar0071937",0.765523551646909,0.765645977186157
"PotVar0071945",0.524884664149052,0.523899368545909
"PotVar0072033",0.268444024273134,0.268624118792734
"PotVar0072076",0.373547512572342,0.372798931768479
"PotVar0072139",0.0183321883983238,0.0181568119071182
"PotVar0072144",0.897059847413202,0.897535906399804
"PotVar0072157",0.413457959700758,0.412935174799708
"PotVar0072169",0.844697092892331,0.844313701876646
"PotVar0072200",0.439860206874571,0.439951553884295
"PotVar0072242",0.399635657309642,0.400095288699146
"PotVar0072260",0.775057646965906,0.775603904150792
"PotVar0072262",0.52276795869609,0.523214369334389
"PotVar0072293",0.689851642086539,0.689704227918545
"PotVar0072297",0.834702848461434,0.835229011315771
"PotVar0072312",0.656990788826725,0.657422937655189
"PotVar0072385",0.745420777859218,0.745661367945917
"PotVar0072426",0.97990692511192,0.980287450716502
"PotVar0072434",0.33431134760401,0.333684819977614
"PotVar0072439",0.239136392457924,0.238976444238873
"PotVar0072440",0.248291799447698,0.248475559197969
"PotVar0072441",0.441166406073541,0.440510149237018
"PotVar0072443",0.39350572561884,0.393143360825712
"PotVar0072468",0.797294354864889,0.797975906623319
"PotVar0072472",0.972868881204924,0.972371463993422
"PotVar0072482",0.153262440524583,0.153261553679742
"PotVar0072534",0.668229848732801,0.668342362213163
"PotVar0072536",0.0409829847727097,0.0407368337646807
"PotVar0072548",0.736299360200371,0.737008459124965
"PotVar0072554",0.467932228296962,0.467994741982015
"PotVar0072618",0.257037258747422,0.256990604156462
"PotVar0072634",0.0895354693393503,0.0894051295702342
"PotVar0072661",0.133365251887009,0.133293590836964
"PotVar0072691",0.294936403179056,0.295345236415358
"PotVar0072736",0.913520345545308,0.913729077070028
"PotVar0072791",0.220974739104458,0.221364749798005
"PotVar0072857",0.303927113762954,0.304436905549335
"PotVar0072872",0.0757063555177485,0.0755868154659205
"PotVar0072897",0.237183880994134,0.237398536453118
"PotVar0072988",0.975464849605245,0.974798316414291
"PotVar0072993",0.124131202965258,0.123854617678395
"PotVar0072996",0.789783770985382,0.789415447460845
"PotVar0073119",0.258224639823549,0.258218300327122
"PotVar0073132",0.271094037801005,0.270689942695889
"PotVar0073152",0.839095092042809,0.839233095489117
"PotVar0073232",0.0923319174699835,0.0919828343628513
"PotVar0073289",0.524241501545737,0.524718642131409
"PotVar0073321",0.140572757444919,0.140267660831184
"PotVar0073342",0.766895641876126,0.766751326516542
"PotVar0073356",0.0719272991789485,0.0716804689298486
"PotVar0073625",0.478965039079743,0.478837232780971
"PotVar0073629",0.614936183127025,0.615337298540431
"PotVar0073635",0.507593078060756,0.507481092067133
"PotVar0073717",0.894896766069796,0.895003354520011
"PotVar0073731",0.556062391194607,0.55653845068164
"PotVar0073742",0.336892297672727,0.336533090122421
"PotVar0073743",0.175721838362426,0.175949944743224
"PotVar0073760",0.331333036173046,0.331307563983725
"PotVar0073894",0.836439633806912,0.836449855396297
"PotVar0073911",0.369379442946334,0.368646550940562
"PotVar0073929",0.960897884279637,0.960831919082662
"PotVar0073938",0.916412725589314,0.916248934340424
"PotVar0073953",0.647044037582404,0.646550438159171
"PotVar0073956",0.286049727417816,0.28560154570933
"PotVar0073982",0.357295723791879,0.357084379003048
"PotVar0073985",0.702103363482641,0.700959994675427
"PotVar0074004",0.394259695825224,0.393623045778269
"PotVar0074079",0.722746899431369,0.721697453622953
"PotVar0074102",0.860296615216089,0.861522279987998
"PotVar0074119",0.466874568219995,0.466304829754714
"PotVar0074133",0.595512878904055,0.595016004882861
"PotVar0074198",0.788772946615739,0.788304267562857
"PotVar0074655",0.491371071080114,0.492042795752047
"PotVar0074742",0.326992754551509,0.326761596034559
"PotVar0074745",0.841311432760168,0.84089834434565
"PotVar0074789",0.38459770901212,0.385191317332612
"PotVar0074876",0.653781369498613,0.654178026465738
"PotVar0074928",0.558084427258298,0.557936165097218
"PotVar0074930",0.960741904209194,0.960970578923031
"PotVar0074945",0.563399196312057,0.563416730672468
"PotVar0074982",0.726746514573369,0.726579851582068
"PotVar0075063",0.739074248694186,0.739116051465258
"PotVar0075195",0.0431416012989167,0.0429265231031357
"PotVar0075207",0.452485956897012,0.453075985901469
"PotVar0075236",0.0879852031523241,0.087464213969382
"PotVar0075244",0.965405732850953,0.966465935914067
"PotVar0075255",0.588835161663591,0.589639443350929
"PotVar0075293",0.763262797038268,0.762136417833138
"PotVar0075314",0.911490755591991,0.912196383330513
"PotVar0075328",0.0411477065518669,0.0407912025894037
"PotVar0075355",0.919085595140054,0.919616425128115
"PotVar0075409",0.921895640102451,0.922519138659818
"PotVar0075505",0.182441732929817,0.181782453217137
"PotVar0075528",0.620860719358086,0.621438277184856
"PotVar0075537",0.163199713344318,0.163349158298116
"PotVar0075575",0.491054574094315,0.491135138923664
"PotVar0075588",0.0382564040006238,0.0379448472091021
"PotVar0075591",0.864831054654797,0.865318918971691
"PotVar0075682",0.553410706608999,0.554382519828628
"PotVar0075742",0.543262173817769,0.543336896310788
"PotVar0075765",0.029575561606544,0.0294026250816013
"PotVar0075776",0.431600183107942,0.431468638801775
"PotVar0075793",0.772930099983124,0.773092882363966
"PotVar0075798",0.0538129842175695,0.0534414347711896
"PotVar0075882",0.530077246275878,0.530268411881491
"PotVar0075888",0.0642123307190545,0.0637816250415839
"PotVar0075891",0.0764654773808279,0.0760752223664728
"PotVar0075954",0.256439017159734,0.256617971066858
"PotVar0076006",0.03625351088206,0.0358714597704694
"PotVar0076032",0.94530146749387,0.944936999510691
"PotVar0076035",0.100801855697526,0.100609042471851
"PotVar0076114",0.222664716667455,0.222584362758823
"PotVar0076127",0.420490340627538,0.420000884185826
"PotVar0076139",0.58654655559195,0.58673546350977
"PotVar0076141",0.283641874756573,0.283707242419415
"PotVar0076153",0.928838691971087,0.928609010063844
"PotVar0076174",0.747937616301141,0.747914515049865
"PotVar0076175",0.681694039406387,0.681721010883609
"PotVar0076189",0.186201752434544,0.186269426178449
"PotVar0076211",0.0964595406617852,0.0962056039704504
"PotVar0076224",0.329439427574935,0.329394716432557
"PotVar0076243",0.498296280717324,0.49833670765452
"PotVar0076251",0.0906188007248563,0.090216592824039
"PotVar0076274",0.273840274856058,0.273893395669385
"PotVar0076291",0.988772658265539,0.988831097304379
"PotVar0076311",0.739115482876209,0.739040539719166
"PotVar0076370",0.505957241110074,0.506094304588791
"PotVar0076372",0.812226169885074,0.81208860576893
"PotVar0076393",0.969415227827875,0.969509627998087
"PotVar0076451",0.357379297334009,0.357759398656523
"PotVar0076488",0.263557109852924,0.263565190160333
"PotVar0076503",0.771348382397111,0.7712187820623
"PotVar0076504",0.956779897278688,0.957299311939961
"PotVar0076511",0.890328223638426,0.890670794174341
"PotVar0076557",0.862237831822444,0.862011016392532
"PotVar0076565",0.444731586493625,0.444916969537632
"PotVar0076621",0.547440977932604,0.547826943757217
"PotVar0076628",0.0171421481011973,0.0169395932135658
"PotVar0076654",0.881283729001107,0.881104605503476
"PotVar0076666",0.577818588730495,0.578194109371243
"PotVar0076672",0.752243075692075,0.752973137322814
"PotVar0076727",0.0981384466346887,0.097910052994512
"PotVar0076740",0.559993126165696,0.560375985237661
"PotVar0076759",0.906288675451534,0.906150870313249
"PotVar0076761",0.99396484503025,0.994328941780534
"PotVar0076831",0.706365054162437,0.705647256134839
"PotVar0076872",0.722731003658805,0.722510486642907
"PotVar0076875",0.858150720121625,0.858379205060239
"PotVar0076876",0.758634952327806,0.759072018967555
"PotVar0076938",0.49164263475024,0.49193759014128
"PotVar0076979",0.841707458251163,0.842379400259688
"PotVar0077006",0.296787024195901,0.296736170560563
"PotVar0077030",0.891774927592594,0.8917860709047
"PotVar0077053",0.49164263475024,0.49193759014128
"PotVar0077081",0.551566171452918,0.551199130497113
"PotVar0077092",0.130489390073571,0.130361920254168
"PotVar0077094",0.891774927593263,0.891786070902698
"PotVar0077151",0.805826203355282,0.805658139444026
"PotVar0077157",0.57228589479357,0.572757535415897
"PotVar0077181",0.397855927300736,0.398142147707052
"PotVar0077214",0.522874221901569,0.522560320056209
"PotVar0077225",0.0647848813249231,0.0643996181167227
"PotVar0077235",0.231190285165553,0.231361520232099
"PotVar0077500",0.511569739087588,0.512252244140617
"PotVar0077541",0.191338877372722,0.190954982080681
"PotVar0077613",0.448876198995613,0.44878780288821
"PotVar0077822",0.000342456803518082,0.000319420943236343
"PotVar0077830",0.161939842952279,0.161760451382612
"PotVar0077849",0.891568862319761,0.891709159886441
"PotVar0077879",0.228660749819758,0.229210680731676
"PotVar0077892",0.211035590122489,0.210381281133234
"PotVar0077924",0.182671121957828,0.181982848796554
"PotVar0077955",0.0334821105813606,0.0332991688584226
"PotVar0078044",0.654043154865101,0.654128927058211
"PotVar0078045",5.75290726333102e-11,2.62241849344139e-11
"PotVar0078126",0.308777617278128,0.30826916014458
"PotVar0078140",0.82573130133306,0.825658157180768
"PotVar0078162",0.655165151682533,0.656229700067092
"PotVar0078207",0.380091915959886,0.380655085476749
"PotVar0078253",0.49736238236139,0.497393274981096
"PotVar0078282",0.113580058596568,0.113119474122523
"PotVar0078306",0.882986893471207,0.882926636530102
"PotVar0078336",0.555376872417557,0.555403472871059
"PotVar0078379",0.322124950869348,0.321622890503264
"PotVar0078411",0.000277728544496688,0.000257422812538256
"PotVar0078439",0.000155022147646639,0.000142052597558224
"PotVar0078443",0.00400268863747598,0.00389975530735633
"PotVar0078518",0.136387833552451,0.136561510524581
"PotVar0078533",0.545721467166203,0.546984470389651
"PotVar0078566",0.828145333191665,0.827300633075633
"PotVar0078593",0.274178344982706,0.27465420313155
"PotVar0078645",0.543709693061407,0.543155386125085
"PotVar0078661",0.141210863481096,0.14083899007507
"PotVar0078701",0.228470619650839,0.227536406772398
"PotVar0078743",0.300064105934007,0.300144910716586
"PotVar0078831",0.445767289199038,0.445931163089995
"PotVar0078839",0.00116270503356835,0.00110809911984804
"PotVar0078927",0.654043154864299,0.654128927060654
"PotVar0078939",0.704359055341533,0.703823265949679
"PotVar0079027",0.0060369137458561,0.00586110864566402
"PotVar0079033",0.233550047087652,0.233283280198716
"PotVar0079038",1.8077076957491e-09,1.03966515866816e-09
"PotVar0079044",0.18962829459238,0.188967577139325
"PotVar0079062",0.659126222781213,0.659752337379245
"PotVar0079063",0.234496419820892,0.234069460277605
"PotVar0079067",0.348436967325123,0.348898262358082
"PotVar0079081",1.02092782680639e-09,5.63732714926806e-10
"PotVar0079085",0.362462464029338,0.361706373404975
"PotVar0079086",0.102222947749402,0.101716146881169
"PotVar0079087",0.0513084033404901,0.0511571913793736
"PotVar0079150",0.146026334146056,0.145508272039617
"PotVar0079157",0.0194276622530613,0.0191121159667382
"PotVar0079251",0.0148715722837787,0.014612344641442
"PotVar0079358",0.39023668648881,0.39104544557609
"PotVar0079378",0.489670881486671,0.490090614525593
"PotVar0079403",0.178820339676911,0.17842754554616
"PotVar0079430",0.684337987258042,0.684948658660438
"PotVar0079441",0.076606467495714,0.0765079069175962
"PotVar0079478",0.139723335597597,0.138946356827927
"PotVar0079489",0.104626021394889,0.103996489483495
"PotVar0079551",0.219264612153259,0.219619362156756
"PotVar0079559",0.56851221451895,0.567531721293045
"PotVar0079570",0.905133981117596,0.905313176950775
"PotVar0079577",0.0563399929664111,0.0557929229202198
"PotVar0079578",0.256758715133464,0.256772846423649
"PotVar0079585",5.81890477225273e-07,4.45379730637132e-07
"PotVar0079589",0.582263187454917,0.581467250211258
"PotVar0079591",0.776663601156469,0.776648470616727
"PotVar0079600",0.691867033237438,0.691146790706808
"PotVar0079639",0.69256940940831,0.693262908092296
"PotVar0079652",1.42892015818807e-08,9.16693119029113e-09
"PotVar0079653",0.529749016252032,0.530240398152211
"PotVar0079702",0.102027755537382,0.101790732214655
"PotVar0079746",0.00960737186593675,0.00942218874312559
"PotVar0079769",0.0201676439359033,0.0198823718666736
"PotVar0079801",0.0327929826611484,0.0324667372472277
"PotVar0079863",0.534565213581513,0.534120105436155
"PotVar0079877",0.00362010504068063,0.00349463835223876
"PotVar0079926",0.385857946676428,0.385370805160895
"PotVar0079935",0.00804008098163531,0.00786201694007549
"PotVar0079940",0.723816737752545,0.724117105025337
"PotVar0079955",7.43641298776533e-08,5.18339133071007e-08
"PotVar0079966",0.000163834077914225,0.0001495932967278
"PotVar0080053",0.0859800855250311,0.0857092589480211
"PotVar0080063",0.284379536630697,0.283995387770124
"PotVar0080138",0.00111968444374583,0.00106245674589296
"PotVar0080173",0.307829533781881,0.307480522925233
"PotVar0080186",0.0431018650873473,0.0426960002505169
"PotVar0080273",0.326865061089193,0.326370263722682
"PotVar0080275",0.262491231415882,0.261602704377178
"PotVar0080280",1.25718396129911e-05,1.07022313402873e-05
"PotVar0080284",0.829291093378572,0.828645313222728
"PotVar0080353",0.240501992645743,0.240369959807687
"PotVar0080365",0.171727060960218,0.171342642261877
"PotVar0080464",5.25608177915004e-05,4.65845185930104e-05
"PotVar0080470",0.00202426323755251,0.00193282689717935
"PotVar0080490",0.419355657149985,0.419528093401068
"PotVar0080570",0.77258351947065,0.772221350458313
"PotVar0080575",0.799851044137232,0.799604929359309
"PotVar0080614",0.0163816278250531,0.0161340507190793
"PotVar0080660",0.449807514458481,0.449362942733792
"PotVar0080669",0.0223419483434769,0.022051543829387
"PotVar0080675",0.305104309151053,0.304697792814819
"PotVar0080686",0.200076733598977,0.199568322716527
"PotVar0080736",0.276664046754017,0.276321572136666
"PotVar0080753",0.683052635449456,0.684365675179243
"PotVar0080776",0.00804200021173608,0.00787578460959942
"PotVar0080819",0.203721256584792,0.203284310998908
"PotVar0080839",0.229220375899072,0.228819136132116
"PotVar0080850",0.116405274273794,0.115743151595823
"PotVar0080881",0.0375166151480453,0.0371399785821869
"PotVar0080900",0.666522567035626,0.666262871498851
"PotVar0080903",0.647244107676118,0.646823680201927
"PotVar0081045",0.824866527733287,0.824702626292746
"PotVar0081102",0.665653157941799,0.665880153303023
"PotVar0081128",0.442615658503459,0.442951248027134
"PotVar0081131",0.870343068062162,0.871306047139941
"PotVar0081239",0.519878290676223,0.520572121054993
"PotVar0081319",0.0273560864982051,0.0271313617906166
"PotVar0081357",0.794117219397101,0.795195530408379
"PotVar0081359",0.78193916478289,0.782564308710795
"PotVar0081371",0.842670868735856,0.842276297762003
"PotVar0081471",0.0420422897616656,0.0417761834689564
"PotVar0081484",0.0242788468703041,0.0240093630001381
"PotVar0081514",0.634076825594027,0.633817441576769
"PotVar0081516",0.18558753554728,0.185165339731639
"PotVar0081521",0.848040368066065,0.84775248527596
"PotVar0081524",0.257403231698196,0.257330967321746
"PotVar0081529",0.675002850997609,0.675130670821716
"PotVar0081536",0.863861204926846,0.863772958489661
"PotVar0081577",0.975186376439803,0.975272628194652
"PotVar0081622",0.753626531822928,0.753672758073109
"PotVar0081633",0.143112152746839,0.142889957725973
"PotVar0081644",0.679810090017788,0.679933817429329
"PotVar0081650",0.0961226768536053,0.0957284828322138
"PotVar0081678",0.930201808704485,0.93043286947307
"PotVar0081696",0.118768579461326,0.118681564367396
"PotVar0081707",0.941604088048036,0.942229328637746
"PotVar0081723",0.335681401693125,0.33584371672605
"PotVar0081821",0.132491205084604,0.132353926757472
"PotVar0081880",0.621773855714408,0.622060308707358
"PotVar0081979",0.760580323959373,0.760329205713637
"PotVar0081987",0.144636575539806,0.144330711927522
"PotVar0082002",0.321050086793544,0.321205415967297
"PotVar0082011",0.981763331989461,0.981009060694206
"PotVar0082013",0.422053782704884,0.421894811372344
"PotVar0082074",0.366055824831647,0.365969396807382
"PotVar0082077",0.958514655249058,0.95883025908848
"PotVar0082093",0.991190172875968,0.991475804785516
"PotVar0082094",0.20847720057841,0.208481416984078
"PotVar0082108",0.817996733896003,0.818413992477064
"PotVar0082109",0.835271152056688,0.834953836921724
"PotVar0082112",0.243907788499081,0.243758663963864
"PotVar0082122",0.13043586560345,0.130284933168891
"PotVar0082130",0.379980158085191,0.379944606490541
"PotVar0082142",0.360229127965812,0.361053256352677
"PotVar0082166",0.396767085499394,0.397161762014438
"PotVar0082177",0.221139609337179,0.221205377576281
"PotVar0082191",0.324367180580256,0.324480805137962
"PotVar0082226",0.610404890449684,0.610730920264925
"PotVar0082228",0.800533657363436,0.800373634046403
"PotVar0082263",0.641448335066463,0.641706406754269
"PotVar0082295",0.344276758550757,0.343891093615429
"PotVar0082331",0.582691853705706,0.583062072466943
"PotVar0082332",0.523612915970047,0.52407044753449
"PotVar0082380",0.322991712334169,0.322888496012905
"PotVar0082442",0.732122600326424,0.732749313543684
"PotVar0082446",0.691038317760846,0.690906836578633
"PotVar0082484",0.515507819462714,0.515251904594146
"PotVar0082485",0.866957048176548,0.867373528421963
"PotVar0082493",0.211740215495942,0.211634635794485
"PotVar0082538",0.390222242920689,0.39044849822464
"PotVar0082693",0.378903785339895,0.378904735938156
"PotVar0082757",0.350968086716924,0.351239401408472
"PotVar0082775",0.468664090825006,0.46935879305848
"PotVar0082816",0.0576665830122885,0.0572900281737636
"PotVar0082834",0.693290307450756,0.693041563235464
"PotVar0082845",0.666580840781317,0.666903341739962
"PotVar0082847",0.310436250970053,0.310663826154678
"PotVar0082855",0.475048045589997,0.475340808158098
"PotVar0082924",0.00894287144088981,0.00879745482300184
"PotVar0082947",0.768783081123227,0.769003621135365
"PotVar0082948",0.0489946254961333,0.048670514286758
"PotVar0082983",0.261697685921227,0.261517798072302
"PotVar0083102",0.648869793421568,0.649431680838181
"PotVar0083107",0.861001773991891,0.860796151900068
"PotVar0083119",0.530303418101377,0.530373371865722
"PotVar0083158",0.294175359053887,0.294049481555575
"PotVar0083170",0.846446761162244,0.846819121718645
"PotVar0083213",0.984446326958401,0.984753724258099
"PotVar0083214",0.190824020897829,0.191087696132183
"PotVar0083242",0.414882497930371,0.414617917058851
"PotVar0083246",0.713697251244412,0.713602136550467
"PotVar0083247",0.828433632180629,0.828191462993199
"PotVar0083248",0.241629540034642,0.241996146971485
"PotVar0083330",0.434875396863435,0.435183845269025
"PotVar0083396",0.0177403979232074,0.017553106426754
"PotVar0083431",0.727514443433727,0.727596561333935
"PotVar0083440",0.291970088743919,0.291693032468395
"PotVar0083536",0.807400904548819,0.807254882537748
"PotVar0083537",0.572949882668856,0.573016612339737
"PotVar0083550",0.574871436417795,0.575035536870557
"PotVar0083563",0.0062898945893218,0.00613235196162365
"PotVar0083604",0.0770002471559856,0.0768843388559563
"PotVar0083629",0.324552712942357,0.324160942533414
"PotVar0083672",0.38364906218572,0.38344557157867
"PotVar0083684",0.845227927186087,0.844785026131011
"PotVar0083747",0.478532269474678,0.47777342376275
"PotVar0083756",0.0816216407461856,0.0811456574685028
"PotVar0083774",0.194916322160904,0.194715845509557
"PotVar0083817",0.898910008197209,0.897733975641905
"PotVar0083916",0.32495939368884,0.325314540168264
"PotVar0084074",0.12708804699292,0.126831164972027
"PotVar0084105",0.822982690806208,0.823375258914955
"PotVar0084163",0.996609437593829,0.996076998128245
"PotVar0084179",0.493433089155664,0.493432559191829
"PotVar0084219",0.0850769801969952,0.0846745194631878
"PotVar0084330",0.391879913009311,0.391390202074634
"PotVar0084331",0.63631988260073,0.635775503008896
"PotVar0084382",0.191712803456662,0.191489245806777
"PotVar0084388",0.335686055398785,0.335423939503432
"PotVar0084419",0.394191448790523,0.394333300351291
"PotVar0084430",0.68065140777359,0.680746488333973
"PotVar0084517",0.457759864854792,0.457707681849753
"PotVar0084554",0.526169098820147,0.526205489571506
"PotVar0084566",0.626963106842173,0.627401664347812
"PotVar0084579",0.258945695756062,0.258457741820403
"PotVar0084603",0.103742830568823,0.103453149309569
"PotVar0084665",0.680403727550563,0.679604088784292
"PotVar0084666",0.55514385376053,0.555649251508159
"PotVar0084676",0.160610171063156,0.160577033008387
"PotVar0084678",0.442552765104492,0.442009441699561
"PotVar0084757",0.136844818690804,0.136745640993254
"PotVar0084774",0.114622307959274,0.11445960004277
"PotVar0084795",0.460011374984252,0.459279236441374
"PotVar0084805",0.861751797204973,0.861310075339017
"PotVar0085080",0.836863783258403,0.835992880531206
"PotVar0085113",0.989101341958025,0.988483153657142
"PotVar0085119",0.910774104173479,0.910986441455968
"PotVar0085246",0.75307758289592,0.753485766122487
"PotVar0085257",0.535372654493423,0.535321535173995
"PotVar0085259",0.278363835533483,0.277913854306379
"PotVar0085266",0.814375130521359,0.81343465671623
"PotVar0085303",0.129086792954481,0.128768659061622
"PotVar0085312",0.287366134886914,0.287053785701959
"PotVar0085387",0.713664737136164,0.71343673873207
"PotVar0085401",0.722098799867561,0.72311424247099
"PotVar0085404",0.814375130521359,0.81343465671623
"PotVar0085459",0.813224379778113,0.814283935908378
"PotVar0085522",0.471418486558846,0.471228922887408
"PotVar0085539",0.36725306556586,0.366792559953528
"PotVar0085563",0.734986642287826,0.734916758539763
"PotVar0085575",0.47765236804457,0.477147344490397
"PotVar0085649",0.913471302697446,0.912355582038663
"PotVar0085654",0.234100097198089,0.233976059032404
"PotVar0085672",0.830325342467295,0.829988798637933
"PotVar0085747",0.624263723280119,0.625029953386977
"PotVar0085748",0.582859128017161,0.582352846828758
"PotVar0085760",0.508285610077589,0.507812988410272
"PotVar0085792",0.811922731985045,0.812126004662898
"PotVar0085797",0.878887454984889,0.878173097554486
"PotVar0085799",0.960088444070948,0.959741429237277
"PotVar0085803",0.430984689343328,0.430873054030588
"PotVar0085827",0.566992754302857,0.567030775071819
"PotVar0085936",0.678630246498439,0.678974603965199
"PotVar0085969",0.0302990021840292,0.0299325148793973
"PotVar0085981",0.263083024273144,0.262902394412197
"PotVar0086029",0.400436690299005,0.400642220716904
"PotVar0086046",0.242543663515934,0.242838985674702
"PotVar0086087",0.684757152644144,0.685037475755633
"PotVar0086196",0.0106441318319706,0.0104461397904778
"PotVar0086198",0.169683261477655,0.169727430803478
"PotVar0086205",0.348916549589444,0.348778245977433
"PotVar0086354",0.214335679451715,0.214105657585793
"PotVar0086485",0.583474295239266,0.583976823656403
"PotVar0086488",0.15589640651798,0.155329768302909
"PotVar0086493",0.419612229234802,0.419155171213405
"PotVar0086506",0.193931598178088,0.193736431774107
"PotVar0086514",0.454006797469188,0.454772863630932
"PotVar0086524",0.0371947037534262,0.0368922762874967
"PotVar0086565",0.541962996662547,0.542037066699268
"PotVar0086596",0.943472833642552,0.942969153067355
"PotVar0086598",0.810613116438046,0.811002833368011
"PotVar0086604",0.730756149389146,0.730686383821519
"PotVar0086640",0.320005672759724,0.320021167241494
"PotVar0086641",0.115358421861282,0.115057366644226
"PotVar0086773",0.271283743525156,0.271277155325068
"PotVar0086782",0.708390540453479,0.708918017711655
"PotVar0086804",0.828503000044921,0.829037249425485
"PotVar0086805",0.130458544891587,0.130152256031488
"PotVar0086813",0.636635272530878,0.636226511275146
"PotVar0086820",0.356270347666541,0.356501386958043
"PotVar0086907",0.288783784629548,0.288879539319436
"PotVar0086940",0.275267724315306,0.275030962418223
"PotVar0086976",0.904396566967986,0.904612591867942
"PotVar0086982",0.0757683517711116,0.0754916546607934
"PotVar0087016",0.62030537014343,0.620358615586321
"PotVar0087028",0.476783672573817,0.476643614463686
"PotVar0087030",0.831977363919997,0.831654638879323
"PotVar0087089",0.89567744569548,0.89524041404999
"PotVar0087114",0.226492028254101,0.226189198181572
"PotVar0087136",0.140668512358137,0.140280897345085
"PotVar0087151",0.321726200186624,0.321341530747801
"PotVar0087179",0.472163725894523,0.471628640552742
"PotVar0087233",0.392658508083531,0.392171435096605
"PotVar0087270",0.537842306908543,0.537761133581276
"PotVar0087316",0.946848815828825,0.946666369129789
"PotVar0087319",0.911801119236982,0.912139192729527
"PotVar0087323",0.557314756992336,0.557145768068711
"PotVar0087326",0.71089488730809,0.710373286268067
"PotVar0087343",0.649722242554639,0.649204418499635
"PotVar0087356",0.276638029272417,0.276455818684936
"PotVar0087395",0.244611076182701,0.24411449493437
"PotVar0087396",0.878159932005501,0.877525832542891
"PotVar0087403",0.747913867957109,0.749196124240947
"PotVar0087430",0.319756250922029,0.319636523144471
"PotVar0088355",0.736794255400449,0.737431744060504
"PotVar0088407",0.290804491154654,0.290551041243929
"PotVar0088454",0.520864998270636,0.521000135026998
"PotVar0088465",0.184283908033789,0.183790790437633
"PotVar0088466",0.574177254521188,0.574332473660361
"PotVar0088477",0.657961342858234,0.658233702449978
"PotVar0088487",0.146291121978187,0.145663939978104
"PotVar0088498",0.0722202390216593,0.0717955766347552
"PotVar0088499",0.351850228735386,0.351393329972895
"PotVar0088599",0.375170805232049,0.375592860349609
"PotVar0088628",0.173360219407473,0.173377825423869
"PotVar0088631",0.904884596921197,0.904671739490468
"PotVar0088645",0.975990036100645,0.976559426613487
"PotVar0088658",0.983529444649887,0.983803539367174
"PotVar0088684",0.475402547732082,0.475658246504729
"PotVar0088710",0.588712607628085,0.588329426285956
"PotVar0088714",0.242680642410429,0.24244411289455
"PotVar0088738",0.101463385447095,0.101182630930996
"PotVar0088757",0.164560528988657,0.164260645149093
"PotVar0088760",0.105421854283768,0.10514646034576
"PotVar0088876",0.512594454777632,0.512082445356608
"PotVar0088884",0.0484569277922193,0.0480985127268122
"PotVar0088929",0.868141131835646,0.867761198974725
"PotVar0088932",0.392677344209817,0.392214443773069
"PotVar0088958",0.608752975583896,0.608889254923116
"PotVar0089006",0.60387157013037,0.603420302097847
"PotVar0089037",0.753803917163367,0.753905903054314
"PotVar0089059",0.130316624465522,0.129859989139094
"PotVar0089083",0.336876793515715,0.337175274644555
"PotVar0089085",0.624692406820614,0.625582815515244
"PotVar0089167",0.50225240449253,0.501566371966522
"PotVar0089174",0.229339410252947,0.228985430526234
"PotVar0089284",0.745557794723465,0.745602607632389
"PotVar0089290",0.648584444007478,0.648780867496807
"PotVar0089300",0.417969338055639,0.418066376131506
"PotVar0089318",0.842357696284584,0.843199496779089
"PotVar0089327",0.876525065663069,0.877655502389452
"PotVar0089341",0.6231603949258,0.623305105622295
"PotVar0089350",0.880897343005144,0.881527107938185
"PotVar0089378",0.261578049308553,0.260976541625837
"PotVar0089428",0.946124751743687,0.944886226632865
"PotVar0089568",0.190867201174384,0.1904524888889
"PotVar0089662",0.442778159446396,0.442728237974627
"PotVar0089663",0.478486623826178,0.478753169510649
"PotVar0089667",0.739605633364199,0.73862484851909
"PotVar0089740",0.313929195001594,0.314142779327444
"PotVar0089769",0.354696123017284,0.354087142198472
"PotVar0089840",0.499282936203844,0.498862092262974
"PotVar0089856",0.035543110627267,0.03527252443239
"PotVar0089875",0.158621164425953,0.158239160762757
"PotVar0089984",0.991944294960147,0.99196033869073
"PotVar0089995",0.95532689062659,0.954531359733684
"PotVar0090060",0.124142804119204,0.123990593599264
"PotVar0090074",0.362394181102629,0.361805911750159
"PotVar0090078",0.461945826455691,0.460870124187401
"PotVar0090110",0.775077700920489,0.774978891582279
"PotVar0090129",0.227564637560291,0.226990646097528
"PotVar0090139",0.7538937476768,0.75331864943923
"PotVar0090156",0.233514727988485,0.23360434209198
"PotVar0090166",0.804126718032968,0.803525925709519
"PotVar0090228",0.395206850609554,0.394782419540073
"PotVar0090320",0.856180903712293,0.856678481329969
"PotVar0090332",0.298721184955922,0.298982723885257
"PotVar0090338",0.534236149093281,0.534671880063288
"PotVar0090346",0.736277462711342,0.735666171419584
"PotVar0090378",0.0986587961143656,0.0983147359821432
"PotVar0090407",0.63265901468042,0.631628310306065
"PotVar0090449",0.862657404463617,0.863532465983008
"PotVar0090460",0.735211831869177,0.73502087694399
"PotVar0090465",0.952883722742595,0.951924717778394
"PotVar0090474",0.840409203403245,0.839571929305743
"PotVar0090477",0.120356311044782,0.11992160566806
"PotVar0090528",0.0363936866166427,0.0360929882119542
"PotVar0090581",0.450799129122907,0.450510949700449
"PotVar0090673",0.576475493439667,0.576347102805748
"PotVar0090690",0.286896911961242,0.286958331640822
"PotVar0090703",0.64429348895771,0.644373611197521
"PotVar0090785",0.233464340059188,0.233207551000825
"PotVar0090868",0.250065985089664,0.249852961869401
"PotVar0090941",0.260224244025991,0.259812635543109
"PotVar0090986",0.604083688218297,0.604073736269342
"PotVar0090987",0.3563149328562,0.356043179902397
"PotVar0090998",0.351134151225923,0.351053285497199
"PotVar0091007",0.247116567350621,0.246865654032315
"PotVar0091041",0.53539164085939,0.535975390821803
"PotVar0091126",0.718817654143777,0.718815822884417
"PotVar0091145",0.297938731455887,0.297728196443577
"PotVar0091175",0.391752236506106,0.391097805981475
"PotVar0091191",0.249000034769278,0.248242466151833
"PotVar0091229",0.503684249163563,0.5038889792864
"PotVar0091259",0.978080163797742,0.978443181717964
"PotVar0091270",0.83757269201898,0.836835875236486
"PotVar0091295",0.246191307718979,0.246559061575744
"PotVar0091397",0.519168434598131,0.519618528970939
"PotVar0091419",0.122971467068871,0.123048520970461
"PotVar0091432",0.817177863345666,0.816591998988542
"PotVar0091464",0.361137714027343,0.360192730195201
"PotVar0091465",0.223565662313015,0.222962310918046
"PotVar0091625",0.91880118152848,0.919420652787719
"PotVar0091740",0.994572870973255,0.994847712450464
"PotVar0091792",0.568732980325985,0.569188534803015
"PotVar0091820",0.867549337693883,0.866717352178799
"PotVar0091843",0.478134396064712,0.477945752881544
"PotVar0091876",0.568732980325985,0.569188534803015
"PotVar0091961",0.484969970466238,0.48560484563127
"PotVar0091963",0.814043832152485,0.814280110412081
"PotVar0091972",0.585327630350783,0.585712897959765
"PotVar0092027",0.458670333758895,0.458206002876157
"PotVar0092092",0.313274032823237,0.313405636952581
"PotVar0092132",0.221821949428462,0.221932102133493
"PotVar0092204",0.871374851252279,0.871192607348231
"PotVar0092318",0.216370978822332,0.216188999588781
"PotVar0092320",0.380528486295988,0.380291649762508
"PotVar0092409",0.981888997842901,0.982301656698446
"PotVar0092430",0.592896246062394,0.593734853689682
"PotVar0092623",0.426826824923367,0.426538527995134
"PotVar0092628",0.714145008516417,0.714511742073976
"PotVar0092660",0.326772073089812,0.326389497811882
"PotVar0092712",0.474068473998285,0.473965895843353
"PotVar0092714",0.186821320551991,0.18627237406069
"PotVar0092752",0.811093376242457,0.811264225668726
"PotVar0092762",0.0374950454670314,0.0371221997775159
"PotVar0092769",0.0493535315570059,0.0489384686578387
"PotVar0092770",0.498924751887909,0.498952877926811
"PotVar0092875",0.944252266180022,0.943791435147494
"PotVar0092913",0.49470822093729,0.495113471369552
"PotVar0092928",0.824041493552865,0.825191114812532
"PotVar0093016",0.362497833018177,0.36229067031742
"PotVar0093025",0.630942378339732,0.630146230199651
"PotVar0093127",0.851574112542687,0.852042649732564
"PotVar0093167",0.644923199088655,0.645642236253805
"PotVar0093200",0.258138477051922,0.257394295446601
"PotVar0093261",0.761592140966671,0.76128035995886
"PotVar0093304",0.268374910438273,0.267938360461585
"PotVar0093363",0.429611388680702,0.429063968608128
"PotVar0093513",0.49488081319476,0.494694415162262
"PotVar0093528",0.963695344001825,0.963619762448658
"PotVar0093555",0.980083079232747,0.98029559875408
"PotVar0093572",0.136851270474685,0.136512757624794
"PotVar0093632",0.139804956485569,0.139286083083558
"PotVar0093634",0.243442946053838,0.242890840122745
"PotVar0093817",0.72703974665092,0.727124315488099
"PotVar0093848",0.905025076056317,0.9048704895295
"PotVar0093957",0.00351319420643355,0.00341761649369847
"PotVar0094025",0.750289679253986,0.750711209276574
"PotVar0094116",0.920069461044345,0.920509748876959
"PotVar0094122",0.856437889043436,0.856484767632924
"PotVar0094132",0.179158158233387,0.178904357534921
"PotVar0094218",0.283837798543404,0.283892705930592
"PotVar0094224",0.681629723431934,0.681761490063407
"PotVar0094231",0.614848951333135,0.615042732853838
"PotVar0094234",0.719400790522021,0.719778184887696
"PotVar0094237",0.35069430248792,0.350357124573652
"PotVar0094274",0.194790899584912,0.194705770681278
"PotVar0094355",0.164962152022819,0.16478079394418
"PotVar0094361",0.591895027812067,0.592477283426233
"PotVar0094371",0.499631779510816,0.499533847129299
"PotVar0094383",0.610474183122801,0.611112326719218
"PotVar0094411",0.575314482622853,0.576214015548155
"PotVar0094414",0.58867740725996,0.588375612779994
"PotVar0094522",0.235453979538366,0.235440176525129
"PotVar0094539",0.541188582054953,0.540980686927718
"PotVar0094548",0.43475496835297,0.434511459614127
"PotVar0094561",0.528350170862382,0.528690558409095
"PotVar0094582",0.852360163064025,0.852125089589064
"PotVar0094620",0.167046536977809,0.166964283275063
"PotVar0094638",0.337053101053549,0.336592224603515
"PotVar0094653",0.594778050600914,0.594372730049366
"PotVar0094680",0.705360699768614,0.704824200168006
"PotVar0094684",0.911561463361076,0.912010211399224
"PotVar0094773",0.372164441150828,0.372484117323682
"PotVar0094886",0.834272286156002,0.834153815102754
"PotVar0095154",0.859615388167885,0.859589059207845
"PotVar0095162",0.944809258958006,0.945461869553234
"PotVar0095169",0.845144949469818,0.844668499564651
"PotVar0095172",0.211058198169608,0.211260340274496
"PotVar0095184",0.77741757910031,0.777191777877582
"PotVar0095207",0.277381312143793,0.277149657028156
"PotVar0095247",0.279864165614379,0.279955195207551
"PotVar0095286",0.341997709244613,0.341709206775068
"PotVar0095322",0.00726846845291361,0.00708528636200139
"PotVar0095330",0.104907088282666,0.104653749424864
"PotVar0095359",0.199216508237816,0.198813094758764
"PotVar0095450",0.862927791600242,0.863608428126093
"PotVar0095451",0.312425016560869,0.312386681615068
"PotVar0095452",0.782319546585562,0.783087484167892
"PotVar0095473",0.0667007100371041,0.0661887248967667
"PotVar0095478",0.0799255160833184,0.0795656401716079
"PotVar0095580",0.462463049473845,0.462469481368124
"PotVar0095585",0.444664505474027,0.445152101728961
"PotVar0095593",0.118303768029751,0.118167756855227
"PotVar0095628",0.0123767191519996,0.0121348878622026
"PotVar0095632",0.711570410224682,0.71126128443662
"PotVar0095635",0.574611723344003,0.573981039801218
"PotVar0095645",0.837152630863565,0.836986694001474
"PotVar0095725",0.90145676107897,0.901121658608586
"PotVar0095883",0.888805236669804,0.888790142775399
"PotVar0095918",0.550008780279332,0.549928317685782
"PotVar0096065",0.0545106403042777,0.0541388550175878
"PotVar0096164",0.0956388102822954,0.095251791498636
"PotVar0096167",0.472337390739043,0.472496183074177
"PotVar0096178",0.301889351119618,0.301751540499121
"PotVar0096216",0.743900818735075,0.744395581241068
"PotVar0096222",0.515778210607946,0.516419946842836
"PotVar0096296",0.901552933940055,0.901180658212935
"PotVar0096433",0.175512052566377,0.175333128160353
"PotVar0096625",0.817430149203769,0.816908269064535
"PotVar0096646",0.683076830229394,0.683860642275264
"PotVar0096648",0.925820297855551,0.926175168510394
"PotVar0096676",0.0577707550427694,0.0576808134445209
"PotVar0096681",0.990287952683862,0.990321326948064
"PotVar0096706",0.988984501825696,0.988144795592551
"PotVar0096717",0.345088839868136,0.345690142404087
"PotVar0096770",0.602842512733457,0.603256175541004
"PotVar0096784",0.0761714991066558,0.0759928539025209
"PotVar0096785",0.521053071350639,0.520995423782527
"PotVar0096798",0.567545602493154,0.567628124353752
"PotVar0096812",0.606854760744036,0.606500109812416
"PotVar0096874",0.704561920720752,0.704550718580711
"PotVar0096888",0.030596289963599,0.0303880863723719
"PotVar0096910",0.869042181034923,0.869454344897641
"PotVar0096920",0.170545383170084,0.170157483961206
"PotVar0097004",0.539099464475916,0.539715448640659
"PotVar0097016",0.0673553888265205,0.0669864304661329
"PotVar0097020",0.179690332986163,0.17940505845289
"PotVar0097047",0.155638313150786,0.155016685752788
"PotVar0097065",0.123890694355745,0.123630826170439
"PotVar0097077",0.436826675637759,0.437355412327898
"PotVar0097139",0.15787759788001,0.157217820950659
"PotVar0097174",0.63971435220354,0.63933780262542
"PotVar0097246",0.341548771342379,0.341872378752594
"PotVar0097375",0.361119809266085,0.360628392657406
"PotVar0097437",0.651406461189483,0.65109603609621
"PotVar0097446",0.689365165255386,0.688852980522541
"PotVar0097448",0.0585111725346121,0.0583399661726668
"PotVar0097449",0.428612984920081,0.427922550636489
"PotVar0097451",0.165175326218356,0.164841105808579
"PotVar0097462",0.805547978368371,0.806972752680145
"PotVar0097468",0.215799919447511,0.21591612120558
"PotVar0097485",0.0232935443635613,0.0230778618364882
"PotVar0097489",0.746551443277718,0.746367980359384
"PotVar0097491",0.0952364061096058,0.0950181018292818
"PotVar0097493",0.178849552481813,0.178275307195657
"PotVar0097496",0.825496343047833,0.826490968068222
"PotVar0097529",0.306677772085341,0.306216017334133
"PotVar0097536",0.876719075872309,0.877234057972
"PotVar0097615",0.189763503538797,0.189519234036516
"PotVar0097692",0.699882362092854,0.699869965371429
"PotVar0097695",0.00529145742556412,0.00516930809235875
"PotVar0097752",0.486967356683983,0.486254452539157
"PotVar0097760",0.119417612888731,0.1190770622865
"PotVar0097908",0.901015410953222,0.901244918815854
"PotVar0097922",0.262451635559163,0.262881715338419
"PotVar0097926",0.347430182658743,0.347961780290354
"PotVar0097963",0.899956693975389,0.900416194012016
"PotVar0097981",0.384663427241862,0.384967652910597
"PotVar0097995",0.86753293861973,0.867891821447762
"PotVar0097996",0.252503465485925,0.252684985045206
"PotVar0097997",0.311098918167662,0.311296489328977
"PotVar0098021",0.553476721694637,0.554224679203251
"PotVar0098023",0.279104427297656,0.279397483918096
"PotVar0098029",0.578885721561584,0.579399375965464
"PotVar0098039",0.0516331599629183,0.0514670766668051
"PotVar0098041",0.582075542867332,0.581831180095882
"PotVar0098047",0.857809275113433,0.858274476635318
"PotVar0098071",0.615868099609324,0.616326613057637
"PotVar0098080",0.475211767090924,0.474799783682063
"PotVar0098129",0.444582731625348,0.444713247285305
"PotVar0098152",0.835825261891798,0.835897765462463
"PotVar0098172",0.31153295435574,0.311755204858611
"PotVar0098216",0.9227091881391,0.92298408876901
"PotVar0098225",0.994494510964852,0.994557296483166
"PotVar0098243",0.442040758432401,0.442406083479603
"PotVar0098246",0.347316515797489,0.347847647307361
"PotVar0098257",0.0225772918536254,0.0223589510549016
"PotVar0098351",0.9227091881391,0.92298408876901
"PotVar0098367",0.707230087447538,0.70758798336622
"PotVar0098373",0.126102175054988,0.125640950512748
"PotVar0098389",0.451406453997268,0.450583279941769
"PotVar0098422",0.17723465595167,0.177312454681295
"PotVar0098430",0.582213255966994,0.581446136108428
"PotVar0098497",0.167936104488426,0.16747892584557
"PotVar0098524",0.448463620159503,0.448660072331424
"PotVar0098530",0.220921521607511,0.221012136152558
"PotVar0098536",0.260899660132733,0.260863980410671
"PotVar0098595",0.885186311132778,0.884490232153517
"PotVar0098622",0.356776277556222,0.356377362479862
"PotVar0098682",0.728415145674643,0.728665307645022
"PotVar0098709",0.0275919239722491,0.0273813467299047
"PotVar0098715",0.0626557715460885,0.0623979468496969
"PotVar0098727",0.608502610850073,0.607834145651272
"PotVar0098772",0.0754532648720174,0.0750186694727173
"PotVar0098794",0.422780126476846,0.422608892877652
"PotVar0098809",0.147274604681649,0.146850893024084
"PotVar0098903",0.560487365134312,0.560715380369579
"PotVar0098988",0.99555281709583,0.994466601631916
"PotVar0098992",0.31846321057819,0.317940804158172
"PotVar0099011",0.499405415584436,0.50004937928135
"PotVar0099014",0.0191110143080381,0.0188631204502985
"PotVar0099016",0.143812868469362,0.143393203031094
"PotVar0099071",0.440580720304609,0.43972910815582
"PotVar0099095",0.12315325523447,0.122562592561728
"PotVar0099104",0.953855359718665,0.953821506094986
"PotVar0099137",0.745097967968167,0.745199505361252
"PotVar0099148",0.23519765489053,0.235317534553308
"PotVar0099182",0.615483063224859,0.615627837122289
"PotVar0099304",0.643782060704939,0.643078376691201
"PotVar0099346",0.889509287994991,0.889357778383078
"PotVar0099436",0.246538127751998,0.245650328652582
"PotVar0099437",0.0186766503890567,0.0184740745730018
"PotVar0099495",0.114718928620883,0.114402715347958
"PotVar0099497",0.538219700568575,0.537378622167955
"PotVar0099535",0.560520176195575,0.559670109591788
"PotVar0099537",0.208038152749363,0.207759737940495
"PotVar0099552",0.514305229994323,0.514759602124509
"PotVar0099575",0.735658017408816,0.735422668031174
"PotVar0099578",0.274582083147721,0.274267167428767
"PotVar0099579",0.0286951217357103,0.0283134058445466
"PotVar0099583",0.910227558566595,0.910073692502557
"PotVar0099592",0.0186114653202996,0.0183564139052083
"PotVar0099599",0.175832942811415,0.175434530286615
"PotVar0099652",0.945802389719257,0.945401530233027
"PotVar0099653",0.107122582326705,0.106629168772763
"PotVar0099662",0.876908113734419,0.877716370774087
"PotVar0099669",0.937839368908231,0.93703239287824
"PotVar0099675",0.275044756019857,0.274909772471459
"PotVar0099676",0.620982931003081,0.620674171399428
"PotVar0099733",0.529816535988197,0.529889837286712
"PotVar0099756",0.113433717199649,0.113035532145081
"PotVar0099774",0.45590225803462,0.454748265787838
"PotVar0099779",0.645320686734763,0.64540520842419
"PotVar0099829",0.32041828304886,0.320003966968145
"PotVar0099861",0.962959457937709,0.963424479796151
"PotVar0099862",0.131381986702128,0.131113794137715
"PotVar0099865",0.623081251560028,0.623034819009313
"PotVar0099900",0.985624747518956,0.98548505843151
"PotVar0100092",0.945027165468075,0.945632590538449
"PotVar0100113",0.817298740279059,0.816911009642421
"PotVar0100132",0.50457837044743,0.504811379565442
"PotVar0100147",0.784738324905617,0.785224817291306
"PotVar0100184",0.606891734163912,0.607139289685636
"PotVar0100199",0.453613052992786,0.453473992344172
"PotVar0100244",0.450507779267112,0.450733667670278
"PotVar0100280",0.773134944305941,0.773187914352177
"PotVar0100283",0.713847717576001,0.713927144397731
"PotVar0100286",0.827415477562056,0.827465995435502
"PotVar0100301",0.460132333452256,0.460135425441699
"PotVar0100350",0.944252938222822,0.945034242271233
"PotVar0100386",0.846202356571959,0.845454726722463
"PotVar0100388",0.507833147587216,0.507921961576553
"PotVar0100389",0.44555280194863,0.444972716507633
"PotVar0100443",0.252612765890878,0.252259117948466
"PotVar0100457",0.594104031155893,0.593881561967915
"PotVar0100471",0.445834266331074,0.445731280183178
"PotVar0100515",0.740710407645246,0.741053167443777
"PotVar0100516",0.110388805540303,0.110281381926285
"PotVar0100536",0.35703271255629,0.356844254695975
"PotVar0100538",0.00417155839655837,0.00404763962921286
"PotVar0100540",0.0462275599270089,0.0459455336183712
"PotVar0100544",0.0639563892879118,0.063513331783939
"PotVar0100581",0.951756947061742,0.950950467057392
"PotVar0100630",0.221176136145184,0.220528312315823
"PotVar0100767",0.433004202178782,0.433719558237307
"PotVar0100770",0.207181065082488,0.207605172978925
"PotVar0100820",0.751250740446683,0.75191667387827
"PotVar0100824",0.660655502515282,0.66148413690782
"PotVar0100828",0.0589780774541765,0.058706954973029
"PotVar0100851",0.704201425766695,0.704044065151708
"PotVar0100885",0.151493543797682,0.151428995624804
"PotVar0100912",0.83233123888578,0.831562888612473
"PotVar0100919",0.373629640429663,0.374000940504426
"PotVar0100930",0.200392705581583,0.200342092245741
"PotVar0100934",0.940687812690624,0.940493508000753
"PotVar0100946",0.818745667538997,0.818645353770388
"PotVar0100990",0.831594060657111,0.83104102871969
"PotVar0101034",0.709167744536913,0.70958059424049
"PotVar0101048",0.416148966985836,0.416318088952729
"PotVar0101063",0.677384863342363,0.677757216186692
"PotVar0101072",0.94734543261682,0.947431658725802
"PotVar0101109",0.796381944062419,0.796370394789859
"PotVar0101164",0.516899454199111,0.516371948884453
"PotVar0101279",0.360886292895158,0.361243450177943
"PotVar0101345",0.918083587205539,0.918034057358311
"PotVar0101389",0.700891958404644,0.700963382009235
"PotVar0101437",0.682149951140037,0.681436083588816
"PotVar0101674",0.488713195072763,0.488913137117335
"PotVar0101689",0.568370383893753,0.568513949031241
"PotVar0101707",0.297156181255054,0.297280021214136
"PotVar0101755",0.61419384492605,0.613975245272706
"PotVar0101759",0.182750209797767,0.182461509358904
"PotVar0101811",0.479889309524155,0.479703540026907
"PotVar0101834",0.989889905592081,0.990872219044629
"PotVar0101864",0.392727515380348,0.392421743570232
"PotVar0101868",0.213634533612784,0.213424106378436
"PotVar0101905",0.984012358671646,0.984135986467099
"PotVar0101957",0.401595636386363,0.401673606023481
"PotVar0102235",0.428451074601681,0.427792241729483
"PotVar0102236",0.277325654104274,0.277205350718548
"PotVar0102258",0.822859131092716,0.823351689866595
"PotVar0102270",0.645353398424409,0.645288268886651
"PotVar0102276",0.0279406742600698,0.027689703891697
"PotVar0102326",0.789448629883808,0.789556909459282
"PotVar0102357",0.5786690405524,0.57903240810633
"PotVar0102380",0.460900777444239,0.461114935974868
"PotVar0102405",0.0178708881953792,0.0176587564777462
"PotVar0102406",0.779621791209704,0.780446662262298
"PotVar0102496",0.624127176705251,0.624388988204955
"PotVar0102524",0.353270102670956,0.35317323413188
"PotVar0102529",0.585074804273786,0.585404302750439
"PotVar0102572",0.726753522771279,0.728705816975674
"PotVar0102649",0.86810009208098,0.869103066286249
"PotVar0102670",0.317080042684694,0.317297164861651
"PotVar0102702",0.150947123089386,0.150895913788855
"PotVar0102724",0.186655084208069,0.186397347947932
"PotVar0102741",0.559929733629259,0.560010337015927
"PotVar0102783",0.680805006386191,0.680897774217792
"PotVar0102788",0.333932535051122,0.333933604899897
"PotVar0102815",0.608027780909687,0.607875292780754
"PotVar0102854",0.208281543988706,0.207964764274325
"PotVar0102946",0.707738871090652,0.707945027144119
"PotVar0103018",0.229494864646717,0.229018303849028
"PotVar0103074",0.0261343274265298,0.0257968752941221
"PotVar0103095",0.624689931413904,0.624642904198252
"PotVar0103097",0.294099042896724,0.294390980419923
"PotVar0103166",0.542384035825144,0.542686463360569
"PotVar0103192",0.0404995654513368,0.040144042632963
"PotVar0103197",0.0952398676432283,0.0947945282260363
"PotVar0103302",0.54117273209476,0.540435139962506
"PotVar0103305",0.349512609398718,0.349688805051298
"PotVar0103331",0.384139146882339,0.383931750139984
"PotVar0103351",0.719677097166392,0.720530686229063
"PotVar0103352",0.899420002023639,0.899345937399064
"PotVar0103391",0.535575631861641,0.535658350711889
"PotVar0103422",0.991007976058655,0.991466507679075
"PotVar0103519",0.58116882619134,0.580953399864305
"PotVar0103608",0.452886899629487,0.452546750234135
"PotVar0103609",0.37387651648241,0.373992941376596
"PotVar0103657",0.400205217761788,0.40018088669036
"PotVar0103703",0.397826243627418,0.397545793330245
"PotVar0103704",0.536983389388529,0.537093023537775
"PotVar0103788",0.733188164817977,0.733456724717609
"PotVar0103839",0.814479690149196,0.814255577014801
"PotVar0103851",0.261541170608286,0.26075154458338
"PotVar0103876",0.724871764814743,0.725662373049366
"PotVar0103890",0.53615341444067,0.53574930060244
"PotVar0103911",0.828967353603185,0.828818550862017
"PotVar0103986",0.416920262942264,0.416845200609628
"PotVar0103987",0.750778636977886,0.750724841175232
"PotVar0103998",0.54386234316518,0.543841637862189
"PotVar0104004",0.0140537993334511,0.0138762016296691
"PotVar0104266",0.752339229886824,0.753192210099809
"PotVar0104274",0.577022304244603,0.577039119362749
"PotVar0104285",0.855963852608234,0.856091366296203
"PotVar0104334",0.814721608349393,0.814575333896408
"PotVar0104427",0.0506787135166745,0.0502752142660857
"PotVar0104542",0.216512413537846,0.216251914105908
"PotVar0104546",0.521014370971853,0.520641383166617
"PotVar0104553",0.282446474295556,0.281605429055348
"PotVar0104561",0.569728886447543,0.569437113031061
"PotVar0104563",0.249862484830453,0.249730754840676
"PotVar0104638",0.717026789343214,0.716546483768325
"PotVar0104660",0.454264443966495,0.453606965880916
"PotVar0104703",0.539824719058081,0.539098391523173
"PotVar0104705",0.348390766928668,0.347872618518994
"PotVar0104712",0.0180668743867859,0.0178040950530061
"PotVar0104750",0.4754933740333,0.4745911532935
"PotVar0104756",0.720901530213203,0.720950234674026
"PotVar0104776",0.873068824289909,0.872672553284198
"PotVar0104779",0.0725434407450763,0.0721632559940185
"PotVar0104798",0.469511474063676,0.469236825492609
"PotVar0104825",0.00265542009849272,0.00256073452451428
"PotVar0104871",0.883794064881462,0.883825719636473
"PotVar0104886",0.195310112128951,0.195244619932031
"PotVar0104899",0.996647495594781,0.996477556054475
"PotVar0104911",0.579804409037729,0.579920341604469
"PotVar0105038",0.105955654336245,0.105897150901888
"PotVar0105056",0.261429898805135,0.26162334768702
"PotVar0105194",0.700324200001755,0.699781851542728
"PotVar0105198",0.98247314918061,0.982799371766074
"PotVar0105228",0.72231399934546,0.72214061928831
"PotVar0105246",0.366184875973121,0.365611315230028
"PotVar0105375",0.916821646347883,0.917044609923634
"PotVar0105481",0.0408100773522714,0.0406221152544981
"PotVar0105546",0.668045433524316,0.667980821952601
"PotVar0105621",0.462702452302384,0.462824054591458
"PotVar0105633",0.103436759292617,0.103105660911605
"PotVar0105671",0.0892404402706696,0.0889883181744992
"PotVar0105987",0.22039800231856,0.220213054546551
"PotVar0106051",0.397822846867257,0.397820902975274
"PotVar0106060",0.426161999622696,0.425666500957326
"PotVar0106072",0.0840801143622398,0.0837413588712885
"PotVar0106089",0.124589810701978,0.124290912734259
"PotVar0106094",0.222380482846215,0.222073244088464
"PotVar0106251",0.542796481403669,0.542909155368921
"PotVar0106265",0.0952148087394379,0.0947338495747926
"PotVar0106337",0.776869742883966,0.776741052337166
"PotVar0106345",0.280750195597651,0.280700418325891
"PotVar0106354",0.40971255846689,0.40997716308087
"PotVar0106413",0.451702140390467,0.452005836694222
"PotVar0106434",0.635664232952849,0.636555150553652
"PotVar0106441",0.457080141256473,0.457191493834775
"PotVar0106489",0.960829747219564,0.96019317500357
"PotVar0106493",0.799358739119241,0.799512803983309
"PotVar0106496",0.193037320720249,0.192183241541224
"PotVar0106499",0.376866165106144,0.376907352864696
"PotVar0106501",0.484350151180487,0.483812369238551
"PotVar0106504",0.849154804747895,0.849711755085796
"PotVar0106514",0.792452111746202,0.792937771137439
"PotVar0106523",0.425162874966966,0.424447927019962
"PotVar0106625",0.282646174698097,0.282616832133846
"PotVar0106655",0.957836003017345,0.957168811157808
"PotVar0106662",0.0981384466346887,0.097910052994512
"PotVar0106663",0.198798331977156,0.19894311150568
"PotVar0106745",0.32075620406048,0.320671311263292
"PotVar0106766",0.0125063661066047,0.0123124021987502
"PotVar0106828",0.473621636430038,0.47395274316623
"PotVar0106843",0.497343299802315,0.497462321161575
"PotVar0106851",0.889356903150154,0.889716186421891
"PotVar0106871",0.477080090677039,0.476981713772581
"PotVar0106874",0.609897229503091,0.610382222051652
"PotVar0106885",0.119628113230108,0.119236695673916
"PotVar0107001",0.489383955000029,0.48983130777529
"PotVar0107009",0.94277343557248,0.942521376511381
"PotVar0107010",0.216093958505531,0.216205294882377
"PotVar0107082",0.57912366532939,0.578810894186688
"PotVar0107128",0.744762272263791,0.743972882630505
"PotVar0107140",0.121384241963249,0.121098615479898
"PotVar0107214",0.878581879986341,0.877734503704447
"PotVar0107319",0.622353894858132,0.622373912376155
"PotVar0107328",0.952070629509517,0.95311785489503
"PotVar0107515",0.792687462996381,0.793192552952037
"PotVar0107638",0.532463291886281,0.53309621824373
"PotVar0107672",0.526784353660565,0.526309543363463
"PotVar0107691",0.197662057480535,0.197325093708238
"PotVar0107708",0.709724377408401,0.709619063080326
"PotVar0107740",0.79289834589993,0.791805830091033
"PotVar0107746",0.749996863018357,0.748964836417992
"PotVar0107780",0.493428013882709,0.493264099146078
"PotVar0107820",0.355249849175006,0.355536867468221
"PotVar0107880",0.540588450554763,0.540542649434911
"PotVar0107881",0.663461830468877,0.664564517617723
"PotVar0107887",0.637516625587273,0.638525612457391
"PotVar0107893",0.876348390703718,0.876439699123588
"PotVar0107898",0.706534561822312,0.705530435587403
"PotVar0107905",0.190435861795981,0.190301282234387
"PotVar0107954",0.0309989078727426,0.0306996303662736
"PotVar0107968",0.914476055488385,0.914985571017152
"PotVar0108022",0.0803358986358921,0.0801864216816327
"PotVar0108091",0.630222562084858,0.630600801399448
"PotVar0108096",0.383793112542734,0.383264500085667
"PotVar0108109",0.914010509493125,0.914311878819439
"PotVar0108120",0.103762951247245,0.103582253642731
"PotVar0108199",0.0490784608957449,0.048757840992255
"PotVar0108220",0.786651860792774,0.786364143986348
"PotVar0108221",0.403715808126672,0.403694791858476
"PotVar0108235",0.462711730880555,0.462604667367891
"PotVar0108271",0.0582962755997769,0.0579304915945367
"PotVar0108276",0.201048610703549,0.200538221253048
"PotVar0108296",0.0158179266083325,0.0155963907509375
"PotVar0108304",0.0755478526325187,0.0753679170603005
"PotVar0108329",0.0207144120201363,0.0204421225199501
"PotVar0108405",0.585412583656399,0.5859043099268
"PotVar0108437",0.452166046179708,0.452582832418014
"PotVar0108442",0.27900948628055,0.278567749923588
"PotVar0108444",0.35983991596947,0.359318113539551
"PotVar0108448",0.136851180229712,0.136636746021192
"PotVar0108613",0.95153151417724,0.951632020142867
"PotVar0108619",0.911081871718088,0.910935663261629
"PotVar0108622",0.347031955948362,0.34734153587571
"PotVar0108623",0.0812830236300394,0.0810232942328173
"PotVar0108625",0.497478112266353,0.497256223367915
"PotVar0108638",0.57916372387653,0.579178549028432
"PotVar0108681",0.860824378668822,0.86173850757669
"PotVar0108690",0.29148149634901,0.29108182233422
"PotVar0108697",0.173489148769433,0.173688981631963
"PotVar0108699",0.233446795181003,0.233226431672329
"PotVar0108713",0.943034234070702,0.942743914214275
"PotVar0108720",0.0761381245545922,0.0758868072333728
"PotVar0108724",0.779784012429069,0.779854934061292
"PotVar0108738",0.403627463164712,0.404211339876056
"PotVar0108810",0.872332021221123,0.873199627919542
"PotVar0108812",0.693616779406987,0.69357367663573
"PotVar0108825",0.139344286376144,0.138832408549591
"PotVar0108896",0.54094424102388,0.541170512199303
"PotVar0108898",0.52702990227746,0.526702355817138
"PotVar0108902",0.387212178105246,0.386915001199457
"PotVar0108913",0.222587094326369,0.222474165857342
"PotVar0108989",0.654248926227543,0.654633397306964
"PotVar0108990",0.937157987034637,0.936714391889307
"PotVar0109009",0.469906282836918,0.469602035489298
"PotVar0109013",0.150720736146069,0.150385105880568
"PotVar0109024",0.124032574612937,0.123457034605548
"PotVar0109060",0.154248474838391,0.153673766601871
"PotVar0109080",0.312814542328906,0.312452752903831
"PotVar0109173",0.949418288582936,0.948763269156902
"PotVar0109178",0.759272307339193,0.759196774574694
"PotVar0109241",0.350892852127533,0.35066329481835
"PotVar0109257",0.406182969929152,0.40590892794839
"PotVar0109266",0.465036770486571,0.464643488116769
"PotVar0109293",0.573926493500684,0.573617256713173
"PotVar0109412",0.666316710408342,0.666312827766188
"PotVar0109529",0.916773599780304,0.917832592156154
"PotVar0109537",0.663573930962519,0.663513583866644
"PotVar0109627",0.0276987930587639,0.0274994966230624
"PotVar0109716",0.804102004214712,0.804851826154767
"PotVar0109858",0.00795306911572323,0.00776986264237182
"PotVar0109869",0.294816998653612,0.294432669604168
"PotVar0109875",0.0652678978949662,0.0649738696489162
"PotVar0109927",0.274696267665521,0.274301274253013
"PotVar0109945",0.312181202677622,0.311734541318992
"PotVar0109947",0.749412432752043,0.750132968680356
"PotVar0110060",0.97259656339719,0.972620852014665
"PotVar0110066",0.341370235488542,0.341277501540313
"PotVar0110070",0.153856418569128,0.153744875766373
"PotVar0110073",0.385194689341147,0.385610730699307
"PotVar0110083",0.178465105292646,0.178479953012515
"PotVar0110149",0.123355285509498,0.122985743656833
"PotVar0110305",0.151412194524482,0.150874525549149
"PotVar0110307",0.50501182299522,0.505866522255637
"PotVar0110337",0.308834006701921,0.309072212400757
"PotVar0110364",0.699481250305882,0.700728611776258
"PotVar0110374",0.0912511203794709,0.0912569362290333
"PotVar0110391",0.497701620193827,0.498022297461812
"PotVar0110417",0.34321781512367,0.343144305032546
"PotVar0110427",0.361480636262266,0.361241111831947
"PotVar0110434",0.126706221318262,0.12626961263873
"PotVar0110464",0.913442703368436,0.913643651099125
"PotVar0110495",0.448976137543466,0.449199280454206
"PotVar0110496",0.497448859371206,0.497417753573299
"PotVar0110843",0.859898039219399,0.86020779801819
"PotVar0110845",0.261075292054176,0.261228231117851
"PotVar0110864",0.294902112809342,0.294372576839212
"PotVar0110897",0.767550133406441,0.767376612065658
"PotVar0110909",0.166055730158331,0.165948940607068
"PotVar0110922",0.192731018989466,0.192270827571489
"PotVar0110961",0.524819768212709,0.524918861976961
"PotVar0110983",0.0473377599852845,0.0468370772311796
"PotVar0111067",0.345593665337647,0.344969948076405
"PotVar0111157",0.939830022095688,0.939399617019975
"PotVar0111163",0.876195318614664,0.875402483799001
"PotVar0111195",0.584393709791433,0.584450917078209
"PotVar0111222",0.399314147040788,0.399433164859647
"PotVar0111367",0.833897882330999,0.833379858278495
"PotVar0111404",0.578647491452745,0.578910547846081
"PotVar0111409",0.229680130136335,0.229525123799579
"PotVar0111414",0.826680886208131,0.826294162717406
"PotVar0111420",0.783813280561147,0.783825880847851
"PotVar0111470",0.883755597327528,0.884157582309172
"PotVar0111512",0.00560879764510061,0.00546386993214015
"PotVar0111531",0.489528229661207,0.489152912778755
"PotVar0111558",0.0910662531524878,0.090718838991866
"PotVar0111582",0.297967408336441,0.297616519001399
"PotVar0111687",0.0604894676452569,0.0601770783953583
"PotVar0111704",0.224610854420813,0.224565084528659
"PotVar0111850",0.58919834082729,0.588781195971717
"PotVar0111855",0.409718292750895,0.409545355406656
"PotVar0111874",0.940779855074617,0.941019500362276
"PotVar0111896",0.70564391244547,0.705854152766117
"PotVar0111900",0.611598499473054,0.611527608984429
"PotVar0111902",0.82533979687029,0.825115224677279
"PotVar0111906",0.68937950595774,0.689023780279924
"PotVar0112030",0.68918727493836,0.689333970222893
"PotVar0112035",0.685390862360508,0.685154153953963
"PotVar0112036",0.254887171731905,0.254329132030243
"PotVar0112112",0.369837739426206,0.369814416414111
"PotVar0112200",0.525448632060241,0.525111704564134
"PotVar0112205",0.346407567980645,0.346187449043623
"PotVar0112291",0.413967656856172,0.414059056921781
"PotVar0112309",0.387113365320772,0.387666851114577
"PotVar0112394",0.512937492201394,0.512929054217909
"PotVar0112396",0.958359080506751,0.958049586305348
"PotVar0112415",0.660848291639621,0.660803717552609
"PotVar0112466",0.704304236449051,0.704561084950881
"PotVar0112529",0.529542781898371,0.529174751364861
"PotVar0112739",0.388978955057153,0.388985063799017
"PotVar0112743",0.332290105748412,0.331854326013966
"PotVar0112755",0.7321300208384,0.732360352476525
"PotVar0112797",0.269491072675194,0.269523971398498
"PotVar0112828",0.72312558534218,0.722830699820291
"PotVar0112839",0.667072386916039,0.66683236818099
"PotVar0112872",0.422435998028727,0.422333474660841
"PotVar0112873",0.81607736119903,0.816180798877827
"PotVar0112896",0.529341028751873,0.529417570648439
"PotVar0112933",0.670865106593798,0.67114129169562
"PotVar0112957",0.50177780059553,0.501997808349929
"PotVar0112968",0.35613631630911,0.356185536041017
"PotVar0112981",0.08330007286468,0.0828918879408232
"PotVar0112987",0.104106736351864,0.103609177785542
"PotVar0113001",0.887391310068251,0.887192990315105
"PotVar0113045",0.919767394407137,0.919331934372008
"PotVar0113059",0.502845161934539,0.502963271070911
"PotVar0113183",0.383555790759275,0.383240923945977
"PotVar0113185",0.112129634940116,0.111587360909786
"PotVar0113278",0.75227476785178,0.753003304894976
"PotVar0113388",0.365825547703467,0.366328161893996
"PotVar0113389",0.863506001996592,0.863592447490799
"PotVar0113398",0.5429026060916,0.543332378840962
"PotVar0113472",0.149361959865344,0.149150492582265
"PotVar0113506",0.352861496677375,0.352860667630957
"PotVar0113509",0.0630302541804192,0.0627658901524648
"PotVar0113623",0.754783081479705,0.755431712236899
"PotVar0113635",0.272013969435825,0.272093470719461
"PotVar0113740",0.077407890540172,0.0771527469656753
"PotVar0113773",0.676099281899707,0.676071590320021
"PotVar0113774",0.171566791454781,0.171206422409864
"PotVar0113891",0.161156798445301,0.16067410937822
"PotVar0113906",0.837687349972732,0.837879852736636
"PotVar0113919",0.158539667554664,0.158346071166075
"PotVar0113944",0.0326039016488702,0.0322931553679294
"PotVar0114023",0.624971193158052,0.625133314805345
"PotVar0114025",0.0159665196858746,0.0157687362815095
"PotVar0114036",0.177418837206019,0.177053227025369
"PotVar0114094",0.571307189424775,0.571799479581702
"PotVar0114096",0.864471216427226,0.86412573215283
"PotVar0114386",0.317425643646632,0.317487789292276
"PotVar0114492",0.15171072590875,0.151664607281847
"PotVar0114517",0.168822031507177,0.168588537326482
"PotVar0114551",0.864252610946699,0.863474292328417
"PotVar0114592",0.00929889207539616,0.00910855915285525
"PotVar0114604",0.000237996740131801,0.000220287005621808
"PotVar0114613",0.266263012343397,0.266178610393434
"PotVar0114660",0.00178939251941027,0.00171819425820465
"PotVar0114683",0.373554963064213,0.373714164915662
"PotVar0114684",0.172072782460369,0.171364031446996
"PotVar0114686",0.0815930549417849,0.0811148396720934
"PotVar0114697",0.482981574830469,0.482383522435004
"PotVar0114703",0.731764144485999,0.732111086168692
"PotVar0114766",0.558863041765332,0.557944762808772
"PotVar0114875",0.421624618532699,0.422547692819841
"PotVar0114969",0.174713029219941,0.174571410301786
"PotVar0115020",0.70978370015494,0.710487375098957
"PotVar0115039",0.0710450629540794,0.0707595563006182
"PotVar0115045",0.320762193660887,0.320393134707257
"PotVar0115090",0.0967187463282566,0.0964371027779657
"PotVar0115101",0.412465448282698,0.412446480596776
"PotVar0115107",0.558969619991593,0.559767292946923
"PotVar0115139",0.728334072105398,0.728922972438283
"PotVar0115193",0.32076219366136,0.320393134705972
"PotVar0115250",0.802865293520465,0.802909542993035
"PotVar0115318",0.0684886939903115,0.0682339405231598
"PotVar0115319",0.879461269431773,0.879145329008369
"PotVar0115416",0.932250243691721,0.932326825044461
"PotVar0115449",0.905309173160499,0.905032498779118
"PotVar0115487",0.679079884698017,0.67912561731824
"PotVar0115488",0.760376411921518,0.760426935896209
"PotVar0115519",0.702639414478572,0.703287493631893
"PotVar0115559",0.530935564869656,0.53150521125454
"PotVar0115570",0.951611433192963,0.951057049573197
"PotVar0115629",0.768883008898847,0.769681330915775
"PotVar0115698",0.768883008899848,0.769681330913796
"PotVar0115701",0.884582111852268,0.884508311948051
"PotVar0115714",0.527496782826395,0.527621384878168
"PotVar0115783",0.980397647808127,0.980514707967004
"PotVar0115816",0.642519593353467,0.642817900302424
"PotVar0115826",0.234807124094817,0.234532887270058
"PotVar0115831",0.766549057577279,0.766478159157446
"PotVar0115836",0.220774451841425,0.22097962895035
"PotVar0115838",0.554488670176109,0.555038600500622
"PotVar0115869",0.350522622319771,0.35070371123638
"PotVar0115923",0.974692269979049,0.976005997763212
"PotVar0115953",0.948976530959273,0.948396901396527
"PotVar0115970",0.116249176391064,0.115958268697316
"PotVar0115971",0.96300264727898,0.96312009958309
"PotVar0115989",0.906282824690292,0.905303603787906
"PotVar0116070",0.964345848573904,0.963768907120038
"PotVar0116072",0.655930519279937,0.655279450207169
"PotVar0116077",0.974443712027882,0.974144192638885
"PotVar0116267",0.977636875707375,0.978113173045233
"PotVar0116292",0.53022317230293,0.530297351663946
"PotVar0116320",0.724546415923943,0.724954289543202
"PotVar0116335",0.675901054999997,0.676215384541514
"PotVar0116393",0.123679772953915,0.123423451550447
"PotVar0116435",0.921010394993932,0.921067023267813
"PotVar0116436",0.451159550151035,0.450739624897672
"PotVar0116485",0.541942091812307,0.541928222909376
"PotVar0116492",0.110082113507207,0.109557898862796
"PotVar0116499",0.427137100487728,0.427393742634269
"PotVar0116521",0.00370094619524938,0.00358103458630568
"PotVar0116524",0.61675402942089,0.616188026163047
"PotVar0116539",0.181881321795493,0.181820178771729
"PotVar0116542",0.594017788669517,0.594414759032797
"PotVar0116543",0.594017788669517,0.594414759032797
"PotVar0116558",0.785280108326069,0.785230914364984
"PotVar0116626",0.36043212243248,0.360194369812431
"PotVar0116629",0.211538223348219,0.211480523087066
"PotVar0116694",0.727694114077251,0.727716310009795
"PotVar0116710",0.609110527630752,0.608715679400343
"PotVar0116797",0.422566484054902,0.422245596148294
"PotVar0116817",0.0680642574431513,0.0677447361329748
"PotVar0116818",0.896420397166529,0.896425257645056
"PotVar0116826",0.302849626762059,0.301941154250465
"PotVar0116951",0.360257124403938,0.359127615828798
"PotVar0116965",0.12453379005601,0.124106128251717
"PotVar0117018",0.425470332710722,0.425248760112529
"PotVar0117065",0.131841381887017,0.131261862572273
"PotVar0117068",0.183811796009441,0.183100540115338
"PotVar0117073",0.102921288277415,0.10255588178181
"PotVar0117095",0.0971662324317075,0.0968096506307763
"PotVar0117097",0.830338305759185,0.830042085688952
"PotVar0117119",0.184408739331683,0.183885470045114
"PotVar0117192",0.000532898757371701,0.000499672618328617
"PotVar0117270",0.00301367337492904,0.002908600358646
"PotVar0117275",0.2946181284322,0.294573053631966
"PotVar0117309",0.920595968078038,0.92044809153439
"PotVar0117352",0.501256217002451,0.501792107736389
"PotVar0117366",0.166105592806557,0.165300271406924
"PotVar0117391",0.0467336844440172,0.0465452761124623
"PotVar0117437",0.477154664366794,0.476115077761121
"PotVar0117441",0.0507242218488877,0.0502660667666135
"PotVar0117449",0.0479454246788297,0.0476406725913595
"PotVar0117579",0.179658625299915,0.179480777545771
"PotVar0117599",0.298670803375795,0.298543567225322
"PotVar0117603",0.587131516877328,0.587677051724652
"PotVar0117639",0.0960387905657756,0.0955948396957969
"PotVar0117640",0.888456804314329,0.889033040525108
"PotVar0117650",0.813195455284992,0.813087685327334
"PotVar0117676",0.478961006158406,0.479116977101067
"PotVar0117719",0.414132703671541,0.413909140237336
"PotVar0117721",0.20874377806161,0.208120580470081
"PotVar0117752",0.356129464305491,0.356206571557396
"PotVar0117781",0.0409456097877379,0.0405720639083607
"PotVar0117805",0.549337143991038,0.550466450395799
"PotVar0117881",0.504142055866157,0.50418233792256
"PotVar0117897",0.457634640796306,0.457673702710373
"PotVar0117909",0.0316565015264288,0.0312464904995051
"PotVar0117923",0.560256614918689,0.560156755504882
"PotVar0118016",0.243813868362213,0.243257219661425
"PotVar0118031",0.397610186237846,0.397329288930655
"PotVar0118043",0.889552462533728,0.889711865684972
"PotVar0118057",0.451241068003143,0.451240119315525
"PotVar0118114",0.115248874676758,0.114836646531943
"PotVar0118127",0.139599291697651,0.139223676714698
"PotVar0118303",0.268001300346064,0.267553151716331
"PotVar0118348",0.935733426023197,0.935954052643296
"PotVar0118401",0.709962670421206,0.710033971448096
"PotVar0118744",0.5174412945395,0.516140222475746
"PotVar0118750",0.179561635020736,0.179391638840934
"PotVar0118813",0.993377055702971,0.993173053225078
"PotVar0118827",0.777056913573817,0.776192995128129
"PotVar0118845",0.111266934611788,0.111085780881891
"PotVar0118860",0.725470311532858,0.72603163623183
"PotVar0118890",0.833836563573829,0.833667590559044
"PotVar0118901",0.771338411015167,0.771217962706835
"PotVar0118943",0.0759504859346978,0.0755244060784897
"PotVar0118963",0.177358741180209,0.177008321137554
"PotVar0118964",0.0746189561047801,0.0741453749802117
"PotVar0118971",0.752127988349843,0.752256864943298
"PotVar0119003",0.390098243477448,0.389712607068584
"PotVar0119007",0.0459262082321343,0.0456425872128371
"PotVar0119036",0.0749237573879757,0.0744971317907566
"PotVar0119072",0.351813318825378,0.351552653322907
"PotVar0119090",0.974756753344679,0.975061762283287
"PotVar0119101",0.267735990907427,0.267625783696348
"PotVar0119110",0.228453142347276,0.22878894225981
"PotVar0119126",0.85718517232344,0.857604897970216
"PotVar0119128",0.299808813918086,0.299961970618383
"PotVar0119143",0.992438505445007,0.992541719496543
"PotVar0119156",0.95991521280804,0.959736580416386
"PotVar0119174",0.79917916372002,0.79949768561876
"PotVar0119183",0.813247899446689,0.813432034950045
"PotVar0119199",0.795050851384723,0.79459030967381
"PotVar0119336",0.795637138278692,0.795527614740709
"PotVar0119393",0.371272159906617,0.371341320089247
"PotVar0119420",0.62570505503212,0.625677236178102
"PotVar0119435",0.046683744288764,0.0463136940796346
"PotVar0119445",0.00867690912479651,0.0084888604615517
"PotVar0119498",0.883819029892726,0.884324929982727
"PotVar0119513",0.846334030412067,0.845484613131537
"PotVar0119518",0.671612224417868,0.670977545688394
"PotVar0119726",0.335793627030302,0.335296415240448
"PotVar0119730",0.264757415133363,0.264307445172243
"PotVar0119757",0.290003732704422,0.289394869606158
"PotVar0119771",0.0586442720883669,0.0582860914397454
"PotVar0119791",0.559551373524196,0.559205630349773
"PotVar0119823",0.419595319892678,0.419842057430599
"PotVar0119912",0.426831592825741,0.427040318402951
"PotVar0119913",0.250786427083174,0.250544080670219
"PotVar0119965",0.594427440326219,0.594029498579368
"PotVar0119966",0.353558279627634,0.353040328617496
"PotVar0119975",0.426831592826598,0.427040318401182
"PotVar0119989",0.376135992839924,0.376477512307148
"PotVar0120022",0.532093655065769,0.532796561421135
"PotVar0120067",0.148352239735507,0.14807573052038
"PotVar0120070",0.654047198105395,0.653656388642148
"PotVar0120126",0.147577256192275,0.147454886040323
"PotVar0120148",0.252597136782652,0.25250618924934
"PotVar0120165",0.595793192102267,0.595938618688578
"PotVar0120166",0.146647230007053,0.146676370858897
"PotVar0120170",0.259112074637432,0.258781467231752
"PotVar0120175",0.513406560794711,0.513387141633392
"PotVar0120195",0.443977390764127,0.444118627768643
"PotVar0120252",0.404921769546717,0.404948233859643
"PotVar0120279",0.571363005323044,0.57129688062844
"PotVar0120301",0.223857827144185,0.223843428660204
"PotVar0120314",0.527404497860265,0.527093242141965
"PotVar0120323",0.92557728096007,0.925174794302318
"PotVar0120373",0.214474734147506,0.214472751934381
"PotVar0120444",0.879807628091894,0.880022113306986
"PotVar0120480",0.595172945744162,0.595258347902166
"PotVar0120487",0.702720655480509,0.702999307357167
"PotVar0120489",0.898267871595815,0.898343723644193
"PotVar0120531",0.998095908347968,0.998283279728434
"PotVar0120553",0.557851548083717,0.557796489511032
"PotVar0120554",0.426357258865271,0.426977499647057
"PotVar0120555",0.823796188344063,0.823697689038024
"PotVar0120592",0.529908218073491,0.530273855638349
"PotVar0120595",0.305453359322146,0.305130923600545
"PotVar0120600",0.022948881822062,0.0227142784295107
"PotVar0120697",0.655731989700923,0.655657585935656
"PotVar0120703",0.955376723731382,0.954838461992498
"PotVar0120706",0.930781500992571,0.930272362007794
"PotVar0120709",0.978611745715214,0.978089679153241
"PotVar0120738",0.31649957357888,0.316804750354117
"PotVar0120822",0.204453271543111,0.204361911797565
"PotVar0120829",0.899578094236622,0.899293662265536
"PotVar0120856",0.582398991032223,0.582189695664708
"PotVar0120885",0.945751033442692,0.945539363078779
"PotVar0120894",0.165442564291859,0.164919953750232
"PotVar0120925",0.023284908738961,0.0229683492280751
"PotVar0121031",0.699366601356514,0.700552299147758
"PotVar0121064",0.941162210806068,0.941117629402254
"PotVar0121085",0.64223762850635,0.643012491367077
"PotVar0121124",0.23923923521747,0.238891413033677
"PotVar0121139",0.518976168695556,0.519200910499596
"PotVar0121201",0.421800676373731,0.42209733325707
"PotVar0121290",0.938778805160817,0.937883651779392
"PotVar0121309",0.786850962781986,0.787076969668069
"PotVar0121310",0.870572988045424,0.870347992201415
"PotVar0121328",0.446088547882963,0.445956690089711
"PotVar0121379",0.364200699585973,0.364063377260052
"PotVar0121399",0.344462304774338,0.344296687431105
"PotVar0121402",0.571921846060556,0.572539191134636
"PotVar0121403",0.959172233217937,0.959240330426084
"PotVar0121428",0.240903733631366,0.240264558617265
"PotVar0121441",0.502047846656875,0.501536650655718
"PotVar0121488",0.431278073726743,0.431187449476709
"PotVar0121499",0.870698129653374,0.870756595595662
"PotVar0121530",0.751355311480158,0.751804630279016
"PotVar0121654",0.454980368426444,0.454927143037045
"PotVar0121760",0.305568975841773,0.305766453258569
"PotVar0121802",0.346226255412925,0.346659650372321
"PotVar0121803",0.132700136203831,0.132537466576756
"PotVar0121873",0.56270454706922,0.563282562639832
"PotVar0121921",0.371314920013291,0.371634716781034
"PotVar0121927",0.827420816675577,0.827182230582941
"PotVar0121928",0.943176247659191,0.943865612174246
"PotVar0121932",0.739109834718011,0.739158713610557
"PotVar0121939",0.533494262554692,0.533731002948529
"PotVar0122020",0.313192814221836,0.312783585252046
"PotVar0122021",0.574862790768799,0.574392747363058
"PotVar0122026",0.611527821819138,0.611884621642867
"PotVar0122032",0.53004148091905,0.529465452686334
"PotVar0122082",0.391803972804019,0.392042997299276
"PotVar0122300",0.0790454755445525,0.0789385796133069
"PotVar0122386",0.370440465019635,0.370462384978082
"PotVar0122388",0.90226300952632,0.901829640226419
"PotVar0122389",0.518380932571366,0.518417287547319
"PotVar0122392",0.669210820132459,0.669483996127884
"PotVar0122400",0.295850985323368,0.295890338187221
"PotVar0122409",0.712194345495234,0.711974473621409
"PotVar0122414",0.961502312224362,0.962240895497285
"PotVar0122422",0.757735745492173,0.757267887393267
"PotVar0122423",0.976799462823035,0.977221585332341
"PotVar0122454",0.68129480402286,0.680991029171303
"PotVar0122466",0.412693966395392,0.412753730269108
"PotVar0122473",0.937453814766326,0.937024375697911
"PotVar0122547",0.147430674039732,0.147166341597679
"PotVar0122549",0.814791141870965,0.814845833607095
"PotVar0122550",0.560954963140956,0.560963944039927
"PotVar0122551",0.952750444352012,0.953699002495227
"PotVar0122614",0.0726682376042229,0.0723390998885843
"PotVar0122617",0.0774855721341879,0.0769337021988435
"PotVar0122789",0.343069675421721,0.34319389164761
"PotVar0122845",0.821587550080584,0.822139502628938
"PotVar0122847",0.528895974336986,0.528498543287543
"PotVar0122848",0.625263142575135,0.624964743263635
"PotVar0122857",0.949640500527805,0.94961628045366
"PotVar0122859",0.129010712712609,0.128511859024664
"PotVar0122866",0.428942237061782,0.428837531493206
"PotVar0122874",0.746354161653444,0.746225366120904
"PotVar0122898",0.914940524898966,0.91484001244111
"PotVar0122899",0.577756828150958,0.577802862635435
"PotVar0123022",0.798694777374587,0.798468765345263
"PotVar0123056",0.00485328984472122,0.0047320429284625
"PotVar0123083",0.496673072854288,0.49668773704624
"PotVar0123091",0.00356370782071645,0.00345054330584592
"PotVar0123117",0.934181830656357,0.934614326843782
"PotVar0123127",0.777879871108639,0.779077917786065
"PotVar0123144",0.528277651524095,0.528308186170213
"PotVar0123171",0.119828333138389,0.119441186459518
"PotVar0123191",0.835271152056688,0.834953836921724
"PotVar0123199",0.664633435117929,0.664615446322619
"PotVar0123201",0.846209379111866,0.846170338756402
"PotVar0123209",0.727082998971885,0.727991195388882
"PotVar0123212",0.465971379995795,0.466230738729779
"PotVar0123231",0.0205342464623403,0.0201984847675385
"PotVar0123233",0.706525347591174,0.7073480078126
"PotVar0123405",0.78986779832376,0.789978384569367
"PotVar0123481",0.614470834976612,0.614594482692892
"PotVar0123525",0.0426946389595937,0.0424132648888299
"PotVar0123544",0.808140224280175,0.808370393726118
"PotVar0123545",0.358120604617079,0.358278547284129
"PotVar0123624",0.183466813624289,0.18321953315805
"PotVar0123635",0.844497415665276,0.844886150237458
"PotVar0123654",0.895492765996427,0.895352423834309
"PotVar0123709",0.848480692115687,0.848712114509975
"PotVar0123717",0.877540439294319,0.877711243378595
"PotVar0123790",0.946621099697905,0.946606655320081
"PotVar0123791",0.478731925638564,0.478867506978021
"PotVar0123823",0.91001962686766,0.91005745773986
"PotVar0123826",0.960649236175766,0.961388453537634
"PotVar0123834",0.313872659731918,0.313360250125171
"PotVar0123873",0.804181290871635,0.804864275411122
"PotVar0123938",0.491373548253114,0.491713692640795
"PotVar0123939",0.856267389532714,0.855536913435897
"PotVar0123944",0.267777520106113,0.267774900051852
"PotVar0123979",0.53276097416219,0.533028170142149
"PotVar0123980",0.638493070825465,0.638576405424784
"PotVar0123993",0.72045132457,0.720251230440497
"PotVar0124105",0.433309918944486,0.433002679863816
"PotVar0124113",0.516181590142066,0.515562744922633
"PotVar0124159",0.022977416623509,0.0226854267890564
"PotVar0124253",0.418588417903716,0.418479986832014
"PotVar0124261",0.446800257761848,0.446811500770468
"PotVar0124308",0.0891067805818737,0.0886400916675176
"PotVar0124310",0.540163388769549,0.540494327696393
"PotVar0124339",0.444433265048532,0.445318532909027
"PotVar0124341",0.241029324419313,0.240676341127555
"PotVar0124359",0.0316565015262837,0.0312464904994597
"PotVar0124363",0.958542950421236,0.959840660491457
"PotVar0124386",0.357865949090132,0.357772170030026
"PotVar0124390",0.621034583117952,0.620598249970264
"PotVar0124488",0.398083091253865,0.398120316639743
"PotVar0124515",0.595003467857456,0.594747294721876
"PotVar0124534",0.528646420340742,0.527232347219171
"PotVar0124628",0.362307090543731,0.361697038576737
"PotVar0124717",0.673272010376016,0.673837615038486
"PotVar0124722",0.318845507819757,0.318605365652387
"PotVar0124750",0.382492460569629,0.382749031370192
"PotVar0124993",0.825651715101302,0.82664830882349
"PotVar0125008",0.401373232154638,0.401146978662412
"PotVar0125338",0.541387831202112,0.541109387615426
"PotVar0125352",0.727281123649843,0.72746999653417
"PotVar0125359",0.306359691410306,0.306046940741359
"PotVar0125369",0.647003930382443,0.646811062986513
"PotVar0125381",0.232909010198706,0.232906096940802
"PotVar0125665",0.963033679162379,0.962554397140195
"PotVar0125830",0.629207675994941,0.629806945070208
"PotVar0125852",0.610847581340061,0.609963316864364
"PotVar0125862",0.601125275704097,0.600317805046893
"PotVar0125959",0.822982690805312,0.823375258917839
"PotVar0126021",0.253563315692547,0.253728672383284
"PotVar0126028",0.782005341564309,0.781962661622985
"PotVar0126029",0.456735102003639,0.456955284242725
"PotVar0126035",0.371471654312893,0.371954689411225
"PotVar0126039",0.813935377107976,0.814086661717395
"PotVar0126047",0.641599609895238,0.641634637846216
"PotVar0126052",0.391763210637367,0.392256170833179
"PotVar0126146",0.60162178452294,0.601085230576643
"PotVar0126170",0.167027204313219,0.166603484832044
"PotVar0126177",0.531366270379777,0.530991934195722
"PotVar0126198",0.544574090130677,0.544589983903851
"PotVar0126236",0.969333491627491,0.96893048157365
"PotVar0126275",0.61799496063284,0.619169348151937
"PotVar0126313",0.146687160221149,0.146401784245584
"PotVar0126314",0.240827236540729,0.240959344541002
"PotVar0126332",0.41639601261441,0.416664498796281
"PotVar0126357",0.659719880710051,0.661003951934046
"PotVar0126377",0.518155043136773,0.518356392834595
"PotVar0126392",0.33927614252345,0.33925412394406
"PotVar0126405",0.201363703659924,0.200715854025845
"PotVar0126430",0.754824675201915,0.755812878737981
"PotVar0126440",0.177986843250206,0.177651179243663
"PotVar0126474",0.153776966935616,0.15349593181576
"PotVar0126570",0.0280836273574788,0.0278178681269712
"PotVar0126572",0.376168910548743,0.376590639852553
"PotVar0126587",0.479138497710763,0.479304467497133
"PotVar0126613",0.222495166679285,0.222261833200658
"PotVar0126645",0.578467017711708,0.577457326261301
"PotVar0126652",0.691658541896773,0.691911037176487
"PotVar0126654",0.281446224417871,0.281003440515658
"PotVar0126768",0.469760153743459,0.469374095858912
"PotVar0126769",0.376970513631099,0.376947108858954
"PotVar0126772",0.591835150619037,0.591740998733386
"PotVar0126809",0.250360183144394,0.250439391148522
"PotVar0126890",0.158012663639032,0.157669211238366
"PotVar0126912",0.179363592192916,0.178973149846804
"PotVar0126918",0.909005697920827,0.909008059426058
"PotVar0126969",0.15640368873208,0.156748745279117
"PotVar0126993",0.00867497341406937,0.00851261792333782
"PotVar0127022",0.0856176276062339,0.0852584678700596
"PotVar0127026",0.49325178543221,0.492826475010384
"PotVar0127072",0.641578751731572,0.642629694351322
"PotVar0127081",0.0680838919542715,0.0676324732634933
"PotVar0127100",0.0340562577924204,0.033708077718415
"PotVar0127137",0.0241281572779088,0.0239852992616423
"PotVar0127165",0.773186641518401,0.772247699105351
"PotVar0127173",0.203112437179747,0.202614183929234
"PotVar0127196",0.643211104251587,0.64304473291281
"PotVar0127210",0.390766045104484,0.390293409693703
"PotVar0127215",0.973447406435427,0.974029285397752
"PotVar0127225",0.244530217189012,0.244167742208726
"PotVar0127254",0.253587808846944,0.253101613898021
"PotVar0127264",0.276033269961209,0.275761182540803
"PotVar0127273",0.838856331546761,0.839541247568274
"PotVar0127275",0.630831614739511,0.630250004407903
"PotVar0127277",0.503588166403186,0.503389657356084
"PotVar0127317",0.419846344545659,0.420094387831018
"PotVar0127327",0.82604937577252,0.824873277978286
"PotVar0127370",0.619606935500909,0.619246777317864
"PotVar0127372",0.958486350133167,0.957978028599912
"PotVar0127381",0.615445870780693,0.615000475517284
"PotVar0127398",0.565742134475584,0.565814590103963
"PotVar0127400",0.764546802097104,0.764874722611619
"PotVar0127401",0.551482558192129,0.551986012728464
"PotVar0127439",0.429288241271371,0.429605788869575
"PotVar0127459",0.607477610390802,0.607638905028783
"PotVar0127472",0.65882223539831,0.658227459746715
"PotVar0127514",0.199726104203187,0.199454394327333
"PotVar0127526",0.39021160737374,0.390128817647254
"PotVar0127530",0.093060324924232,0.0929466705699037
"PotVar0127585",0.692725191612021,0.692808541104413
"PotVar0127589",0.730605474506499,0.730660852824778
"PotVar0127595",0.240580655682387,0.240425938716409
"PotVar0127622",0.562598771222949,0.562824136570295
"PotVar0127625",0.925028553393929,0.925033115663128
"PotVar0127732",0.327350544389717,0.327135768726179
"PotVar0127801",0.481459637100425,0.481500499259724
"PotVar0127851",0.168228342163437,0.167901822256366
"PotVar0127853",0.169600308842451,0.16949308584966
"PotVar0127881",0.293663666061285,0.29373520794521
"PotVar0128021",0.356881125980386,0.356696430849443
"PotVar0128071",0.678823551162666,0.678531038388982
"PotVar0128163",0.4113190481677,0.411294009953989
"PotVar0128174",0.38835821246921,0.388409758718767
"PotVar0128222",0.560843188000709,0.560493894241866
"PotVar0128270",0.0387874444888879,0.0385412116237417
"PotVar0128369",0.65041176551713,0.650708979530926
"PotVar0128389",0.975777367665106,0.975475356339546
"PotVar0128434",0.76296780409101,0.763683615606576
"PotVar0128435",0.00716098158117506,0.00700713833204331
"PotVar0128476",0.815000981082456,0.815291443979966
"PotVar0128493",0.662716005103039,0.663070721714263
"PotVar0128546",0.845198816783666,0.845360968392061
"PotVar0128548",0.913799257424849,0.912723616165171
"PotVar0128554",0.145195551375917,0.144837431659555
"PotVar0128555",0.381432648279533,0.3812755386993
"PotVar0128672",0.955088460810893,0.95491120465834
"PotVar0128802",0.22698884853632,0.226191602810816
"PotVar0128814",0.801042039423698,0.801786054697864
"PotVar0128836",0.77153730254523,0.770879115775654
"PotVar0128886",0.271393891732919,0.271416882241445
"PotVar0128906",0.726297089915812,0.725671378179316
"PotVar0128963",0.196773771206465,0.196283323680318
"PotVar0129023",0.608147532603042,0.608609476049037
"PotVar0129047",0.414183179289346,0.414136383374006
"PotVar0129076",0.574445911648032,0.574050442932241
"PotVar0129147",0.451107820564889,0.450619183272787
"PotVar0129159",0.79036154896779,0.7904618486813
"PotVar0129166",0.766965557474914,0.767228560972491
"PotVar0129254",0.292189214765697,0.291717339220281
"PotVar0129270",0.844989990842712,0.845406087255147
"PotVar0129336",0.724680948695905,0.725060334320653
"PotVar0129337",0.985029784629767,0.984034249803762
"PotVar0129339",0.47270946031538,0.472343454270528
"PotVar0129381",0.39660913956125,0.396605801626706
"PotVar0129430",0.8484033329772,0.848533941119017
"PotVar0129442",0.387304673609026,0.387597277665002
"PotVar0129474",0.778746315327158,0.779328293089377
"PotVar0129496",0.910294266993768,0.909304921718049
"PotVar0129579",0.68571670362176,0.685319314126124
"PotVar0129705",0.142728524400056,0.142075004496676
"PotVar0129720",0.905131254660902,0.906182499142903
"PotVar0129817",0.598432038939452,0.59812722671098
"PotVar0129822",0.837297295372532,0.838234513304982
"PotVar0129824",0.502960754947234,0.504031054687295
"PotVar0129827",0.317291391941962,0.317661768873903
"PotVar0129842",0.74289229344331,0.743091029036665
"PotVar0129853",0.158493311615128,0.158298407721342
"PotVar0129906",0.216438931411427,0.216237542112054
"PotVar0129911",0.653682511660155,0.654538509426009
"PotVar0129992",0.963008858503354,0.963628371300993
"PotVar0129999",0.200919080133642,0.200577598860475
"PotVar0130023",0.405040378791965,0.404628615367898
"PotVar0130025",0.604026417362897,0.603661947206679
"PotVar0130044",0.116105439590109,0.115816563896479
"PotVar0130065",0.754949158872938,0.754863552807099
"PotVar0130091",0.789636526193157,0.790195996280115
"PotVar0130218",0.998968966359575,0.998798628923733
"PotVar0130323",0.992444611492834,0.992638275855916
"PotVar0130410",0.306208647435576,0.305844362988499
"PotVar0130427",0.401148658130204,0.400298604710022
"PotVar0130438",0.930500231800363,0.93077319315288
"PotVar0130487",0.217879731606881,0.216980171026053
"PotVar0130498",0.799890688064679,0.799498432945922
"PotVar0130503",0.899296782194733,0.899688104102253
"PotVar0130523",0.545123722180873,0.544961906978315
"PotVar0130580",0.00102275944692839,0.000971849806115714
"PotVar0130602",0.899407913126007,0.899801036643424
"PotVar0130626",0.150417826711861,0.149827457010651
"PotVar0130628",0.648713648624456,0.648733192352749
"PotVar0130643",0.968043839118933,0.967769286282988
"PotVar0130658",0.326480999866925,0.326747477103711
"PotVar0130659",0.00686313956652562,0.00671286037425468
"PotVar0130677",0.121907689782581,0.121879351180719
"PotVar0130698",0.836620550245776,0.837369635836264
"PotVar0130793",0.968230659830065,0.968043515218272
"PotVar0130794",0.0430415288918086,0.0428058882107174
"PotVar0130810",0.517751707680986,0.518009455884793
"PotVar0130826",0.601685290113346,0.602864816656819
"PotVar0130835",0.673736073830056,0.673066132378965
"PotVar0130846",0.410439247604419,0.411173379256531
"PotVar0130875",0.23406236262908,0.233923849005981
"PotVar0130885",0.627474467574879,0.627266318927805
"PotVar0130937",0.566500270714966,0.56602848276545
"PotVar0130958",0.353361801645761,0.353525697265487
"PotVar0130964",0.58548720575763,0.585789917127271
"PotVar0130982",0.331014088615292,0.330819540353907
"PotVar0130983",0.113283504007563,0.112904629718366
"PotVar0130984",0.82914445241754,0.82940563312488
"PotVar0130989",0.229152953601088,0.228943116299542
"PotVar0131423",0.726180482709458,0.725502904461202
"PotVar0131462",0.828116607619266,0.82824369268094
"PotVar0131468",0.949378289722409,0.949376669734681
"PotVar0131491",0.0496250552676865,0.0493398684074628
"PotVar0131493",0.0888743423410276,0.0884735206906361
"PotVar0131513",0.629933845201041,0.629572777208241
"PotVar0131634",0.637966331454881,0.636975881774879
"PotVar0131644",0.572807641598642,0.571900925120771
"PotVar0131645",0.154495719159635,0.154464628475205
"PotVar0131863",0.502378051956924,0.50196178762504
"PotVar0131873",0.50831092385337,0.50844122725636
"PotVar0131877",0.747344962928793,0.747605620325515
"PotVar0131892",0.360818840833023,0.361070040826809
"PotVar0131893",0.702285335114318,0.701944648029893
"PotVar0131903",0.953206280677761,0.953687396611725
"PotVar0131933",0.0351788950909531,0.03487255843242
"PotVar0132124",0.718427113312379,0.718494349155943
"PotVar0132139",0.547808351219453,0.548128566036466
"PotVar0132140",0.254874815727192,0.255169640879638
"PotVar0132155",0.755365730198551,0.756163463715787
"PotVar0132206",0.980891422742898,0.980244129664618
"PotVar0132230",0.231076459102373,0.230697343422931
"PotVar0132240",0.275578416868772,0.275139719019803
"PotVar0132241",0.846007376582315,0.846169520150812
"PotVar0132265",0.75456101915648,0.755211369414049
"PotVar0132276",0.362194064529509,0.361845590029486
"PotVar0132283",0.581838293994672,0.580849853118326
"PotVar0132289",0.431937198777523,0.431139089235502
"PotVar0132309",0.819812108237645,0.820518555063611
"PotVar0132446",0.48014343830891,0.479775074626474
"PotVar0132488",0.14499993327575,0.144771988970088
"PotVar0132505",0.989992848887966,0.989858453046463
"PotVar0132594",0.326643955818602,0.327061673172694
"PotVar0132627",0.204630731805035,0.204787994283229
"PotVar0132645",0.719530753291855,0.719510332221822
"PotVar0132671",0.0682994977960695,0.0683305265956739
"PotVar0132707",0.137721947416921,0.137256385738937
"PotVar0132831",0.986798214821353,0.987137361827691
"PotVar0132840",0.695442263453422,0.696685195337886
"PotVar0132845",0.0354625910276534,0.0351853662337944
"PotVar0132863",0.913652836010346,0.913810830362129
"PotVar0132961",0.449715608825712,0.450311039703017
"PotVar0132977",0.306788813867519,0.306331544949433
"PotVar0132979",0.18464026928634,0.184396326651877
"PotVar0132983",0.828173775153511,0.828090417284011
"PotVar0133012",0.192373004986238,0.192333928097766
"PotVar0133065",0.936716903327874,0.937329615442585
"PotVar0133117",0.563270244880349,0.563873511405703
"PotVar0133191",0.0381051027067132,0.0378825625825227
"PotVar0133395",0.278251321325237,0.278631979159208
"PotVar0133399",0.979086699994199,0.979171055650641
"PotVar0133429",0.76765333023454,0.768213396706245
"PotVar0133580",0.620842106702274,0.620298620614903
"PotVar0133587",0.783511736910886,0.783501028839598
"PotVar0133602",0.783511736910886,0.783501028839598
"PotVar0133614",0.189807570919287,0.189288551883216
"PotVar0133629",0.349440864654637,0.349035713765644
"PotVar0133634",0.313277179854113,0.312684642275084
"PotVar0133636",0.210354835874218,0.210302181117149
"PotVar0133677",0.0393727111686017,0.0390452259947531
"PotVar0133733",0.5226287003687,0.521986125229988
"PotVar0133769",0.623091355720565,0.623357883516234
"PotVar0133799",0.603121782457861,0.602475178981939
"PotVar0133857",0.531296894597615,0.531677943245522
"PotVar0133858",0.945812081363576,0.94661742619767
"PotVar0133873",0.0501185350377013,0.0499529274873793
"PotVar0133907",0.515833383858664,0.515335871347461
"PotVar0133914",0.731603253772437,0.731448760560536
"PotVar0133938",0.0197149399606598,0.0194968397545888
"PotVar0134030",0.308544261937969,0.308738162421645
"PotVar0134031",0.621717942382324,0.621485277538639
"PotVar0134065",0.336094965443927,0.336308861850293
"PotVar0134086",0.0102864716505229,0.0101186879645237
"PotVar0134186",0.0880164151789803,0.0877740722952476
"PotVar0134216",0.936119489814986,0.93770202387968
"PotVar0134223",0.475295967076782,0.475490355368007
"PotVar0134260",0.647013544351294,0.647484655725602
"PotVar0134287",0.432815891208535,0.433930479300078
"PotVar0134361",0.97326224287423,0.973266719137317
"PotVar0134420",0.544174721676095,0.544353576544918
"PotVar0134467",0.358149299553597,0.358382466506874
"PotVar0134570",0.847228319218861,0.847971632229657
"PotVar0134650",0.53441632077315,0.535230070691523
"PotVar0134670",0.783944996421554,0.784085441270516
"PotVar0134709",0.675103377532073,0.674621196276904
"PotVar0134712",0.536753388856431,0.537325585684451
"PotVar0134715",0.644848262165042,0.645508911344047
"PotVar0134734",0.491233310641317,0.492036463193567
"PotVar0134741",0.295703158828481,0.295838033218568
"PotVar0134751",0.938674111296302,0.939065747899613
"PotVar0134752",0.481299325171481,0.481209361571017
"PotVar0134757",0.432135972192471,0.432387808640882
"PotVar0134764",0.268281658387192,0.268077174678822
"PotVar0134798",0.891815783477172,0.891437113592273
"PotVar0134854",0.838591669806133,0.837934717812145
"PotVar0134969",0.598018478427804,0.598857233984949
"PotVar0134990",0.385016612373643,0.384525150265286
"PotVar0134999",0.0781005403015845,0.0778364609867507
"solcap_snp_c1_1",0.589549906145485,0.589444532776385
"solcap_snp_c1_10011",0.181478106702033,0.18146782018688
"solcap_snp_c1_10012",0.445713145271944,0.446092313794625
"solcap_snp_c1_10020",0.782299000687364,0.781854242559665
"solcap_snp_c1_10042",0.470293821298713,0.470530606980006
"solcap_snp_c1_10050",0.385553606958931,0.386837210131467
"solcap_snp_c1_10062",0.404869424567365,0.405212831444345
"solcap_snp_c1_10067",0.700159307463656,0.700633149963519
"solcap_snp_c1_10090",0.852660343582347,0.852391694561823
"solcap_snp_c1_10109",0.242954545990383,0.242563118349008
"solcap_snp_c1_10157",0.501388858680413,0.500822902539126
"solcap_snp_c1_10181",0.893642388476525,0.893377572662776
"solcap_snp_c1_1020",0.00408544229302568,0.00396100029318734
"solcap_snp_c1_10202",0.989439182146516,0.989335229086567
"solcap_snp_c1_1023",0.113583432608502,0.113475851462583
"solcap_snp_c1_10253",0.272906954263337,0.272308048487458
"solcap_snp_c1_10269",0.206582286966679,0.206368951836999
"solcap_snp_c1_10270",0.117969338073571,0.117733586388796
"solcap_snp_c1_10297",0.296286554300717,0.29660635136444
"solcap_snp_c1_10315",0.186533467724968,0.18619540989076
"solcap_snp_c1_10324",0.475609561029795,0.475599453649486
"solcap_snp_c1_10325",0.535557091291942,0.53564701969889
"solcap_snp_c1_10351",0.154907660344783,0.154865918909355
"solcap_snp_c1_10358",0.477638791963539,0.477089473316159
"solcap_snp_c1_10367",0.493994152876909,0.494016023743214
"solcap_snp_c1_10384",0.307643634828234,0.307367799490146
"solcap_snp_c1_10390",0.27525918135901,0.275245142939512
"solcap_snp_c1_10391",0.453017827586186,0.452954002375931
"solcap_snp_c1_10397",0.142534344395298,0.142434409645444
"solcap_snp_c1_10407",0.0136903802483503,0.0135208287847816
"solcap_snp_c1_10408",0.875031126996409,0.875492905529473
"solcap_snp_c1_10409",0.0911630442422125,0.0908245883966269
"solcap_snp_c1_10424",0.560652921967218,0.559991219853152
"solcap_snp_c1_10428",0.278161406498986,0.278404004659805
"solcap_snp_c1_10457",0.388693821669027,0.388427668273839
"solcap_snp_c1_10461",0.88577450041707,0.88538292715452
"solcap_snp_c1_10467",0.446894763990199,0.44653377799561
"solcap_snp_c1_10491",0.841117679820466,0.83925232496835
"solcap_snp_c1_10492",0.684435800574121,0.682786965320231
"solcap_snp_c1_10494",0.231356606875209,0.230725118963213
"solcap_snp_c1_10510",0.578009222822603,0.577956248436616
"solcap_snp_c1_1052",0.00574745337146242,0.00560512670766264
"solcap_snp_c1_10528",0.15927296043508,0.158998912816493
"solcap_snp_c1_10539",0.540397351375037,0.540284315741214
"solcap_snp_c1_10555",0.341181971577881,0.34178484635402
"solcap_snp_c1_10579",0.954999608011266,0.955519725110974
"solcap_snp_c1_1058",0.154184732239074,0.154000886075483
"solcap_snp_c1_1059",0.342354009642875,0.34256439055118
"solcap_snp_c1_10604",0.731496925187889,0.731522500052569
"solcap_snp_c1_10607",0.810522881047979,0.8106638558339
"solcap_snp_c1_10646",0.527487087213331,0.528810584372455
"solcap_snp_c1_10666",0.162862660624928,0.162432878892351
"solcap_snp_c1_10668",0.996917344050092,0.997502718317227
"solcap_snp_c1_10670",0.564515676586636,0.56479696699603
"solcap_snp_c1_10676",0.810669435801581,0.811052968936349
"solcap_snp_c1_10711",0.875101249982285,0.875829452504218
"solcap_snp_c1_10713",0.92151694035573,0.921946151874909
"solcap_snp_c1_10715",0.534030417409758,0.533897842757614
"solcap_snp_c1_10725",0.102435408375812,0.102254173824136
"solcap_snp_c1_10734",0.61664049244281,0.616846280153837
"solcap_snp_c1_10737",0.614616799020044,0.614653564129006
"solcap_snp_c1_1074",0.790515131400592,0.789431922863963
"solcap_snp_c1_10743",0.748549953273269,0.748173232196238
"solcap_snp_c1_10750",0.495560086288914,0.495472035991746
"solcap_snp_c1_10751",0.00175354640370327,0.00167959205904692
"solcap_snp_c1_10762",0.0433723517179205,0.043016224250465
"solcap_snp_c1_10783",0.556805131030928,0.556633585277781
"solcap_snp_c1_10788",0.113812927546736,0.113367698557252
"solcap_snp_c1_10836",0.219278595516125,0.219072119099113
"solcap_snp_c1_10842",0.547765498623956,0.546809254708891
"solcap_snp_c1_10855",0.0441537940721159,0.0437947814704289
"solcap_snp_c1_10858",0.658724883161712,0.658882838926246
"solcap_snp_c1_10873",0.0376212082188272,0.0373998029193325
"solcap_snp_c1_10879",0.684301451508956,0.684591330905297
"solcap_snp_c1_10893",0.235461090374308,0.235208841615541
"solcap_snp_c1_10900",0.227470271159403,0.227776917715388
"solcap_snp_c1_10915",0.398431153914553,0.398474079251012
"solcap_snp_c1_10918",0.584259315997244,0.583715291991098
"solcap_snp_c1_10922",0.226230858928452,0.225940138085401
"solcap_snp_c1_1093",0.345671387346763,0.346064489710059
"solcap_snp_c1_10930",0.952675728372242,0.952182765584182
"solcap_snp_c1_10932",0.426102794244627,0.425633455854833
"solcap_snp_c1_10934",0.387794762673515,0.388457513850979
"solcap_snp_c1_10938",0.812982768997916,0.814096775739463
"solcap_snp_c1_1094",0.0250097748956371,0.0247746722698903
"solcap_snp_c1_10945",0.822020995294527,0.822310222092841
"solcap_snp_c1_10958",0.923921603977336,0.924219059249658
"solcap_snp_c1_11013",0.944727030928825,0.943983800662186
"solcap_snp_c1_11023",0.458676863201938,0.459285632777521
"solcap_snp_c1_11025",0.939829880883231,0.939618963064441
"solcap_snp_c1_11030",0.013373029796644,0.0131731894544404
"solcap_snp_c1_11066",0.131726691698475,0.131406020314873
"solcap_snp_c1_11078",0.49521408688529,0.494643055365493
"solcap_snp_c1_111",0.905096307466984,0.905483098936173
"solcap_snp_c1_11100",0.127002041296158,0.126788895365699
"solcap_snp_c1_11105",0.054475946347588,0.0540685738184285
"solcap_snp_c1_11120",0.00997659979612169,0.0098104888681782
"solcap_snp_c1_11122",0.889069030614451,0.888381209934123
"solcap_snp_c1_11132",0.779620233554358,0.780016425576662
"solcap_snp_c1_11135",0.448762605335612,0.448858965459295
"solcap_snp_c1_11139",0.862682002659965,0.862233760025982
"solcap_snp_c1_11144",0.599653125948153,0.599976094197277
"solcap_snp_c1_11179",0.981955383349032,0.982632304927155
"solcap_snp_c1_11186",0.288457896685443,0.288771327131222
"solcap_snp_c1_11199",0.389033340982352,0.389071641000949
"solcap_snp_c1_11202",0.795720329545747,0.79621253458919
"solcap_snp_c1_11206",0.444510506867956,0.44528584453203
"solcap_snp_c1_11211",0.569984809595132,0.569849895608941
"solcap_snp_c1_1123",0.162553330629356,0.162063281374442
"solcap_snp_c1_11237",0.150354717461063,0.150103710234413
"solcap_snp_c1_11239",0.337648102839179,0.337946754025893
"solcap_snp_c1_11246",0.0359452341082209,0.035715872732757
"solcap_snp_c1_11247",0.136852404328827,0.137050519576756
"solcap_snp_c1_11275",0.0916500808211137,0.0912480669434878
"solcap_snp_c1_11276",0.254065794943189,0.253506181876407
"solcap_snp_c1_11288",0.429032125344377,0.428994497604784
"solcap_snp_c1_11290",0.364229095349982,0.363607605210513
"solcap_snp_c1_11308",0.190806063207611,0.190054564726587
"solcap_snp_c1_11319",0.266395607209042,0.266663565863481
"solcap_snp_c1_11350",0.483149851756418,0.48241480525876
"solcap_snp_c1_11352",0.574306844058079,0.574843052615793
"solcap_snp_c1_11356",0.230803684131601,0.230496679128726
"solcap_snp_c1_11360",0.979533723176528,0.978294495363363
"solcap_snp_c1_11363",0.379667208976107,0.378980349589023
"solcap_snp_c1_11364",0.0303602647460016,0.0300894541692882
"solcap_snp_c1_11365",0.0471879996089333,0.0469751386493437
"solcap_snp_c1_11391",0.958931409127548,0.95816799689737
"solcap_snp_c1_11406",0.637905740682891,0.637097747524147
"solcap_snp_c1_11418",0.444179099404734,0.443969545678981
"solcap_snp_c1_11430",0.235433891764588,0.235603533440415
"solcap_snp_c1_11442",0.239510061231911,0.23936592161332
"solcap_snp_c1_11473",0.935487590049523,0.935110023366136
"solcap_snp_c1_11475",0.373550909545585,0.373804192314833
"solcap_snp_c1_11479",0.0940295394693534,0.0938684902316954
"solcap_snp_c1_11485",0.512217911706148,0.512838416514031
"solcap_snp_c1_11491",0.788849857203821,0.789146638172443
"solcap_snp_c1_11495",0.994113860731892,0.994454411265496
"solcap_snp_c1_11498",0.855483259125041,0.8558843866531
"solcap_snp_c1_11499",0.626941222453283,0.627434591607482
"solcap_snp_c1_11509",0.713011868538088,0.713865158318929
"solcap_snp_c1_11517",0.288122057602053,0.287987784131009
"solcap_snp_c1_11519",0.103922412535027,0.103783823894219
"solcap_snp_c1_11520",0.0654235275381598,0.0652007122613164
"solcap_snp_c1_11521",0.496945626839617,0.496882978820064
"solcap_snp_c1_11523",0.0702713829288989,0.0699221920014185
"solcap_snp_c1_11525",0.763754791870799,0.763527600542846
"solcap_snp_c1_11534",0.455490782418555,0.456040885231393
"solcap_snp_c1_11535",0.280066641053281,0.279813000769455
"solcap_snp_c1_11552",0.913853973631525,0.91460602402714
"solcap_snp_c1_11575",0.588473549202261,0.588314191000457
"solcap_snp_c1_11580",0.908841102831264,0.908388626045653
"solcap_snp_c1_11581",0.825534915598,0.82562721369198
"solcap_snp_c1_11596",0.428268448600441,0.428735752110927
"solcap_snp_c1_11639",0.973158195301522,0.972661769245754
"solcap_snp_c1_11644",0.234464209593837,0.233590526589463
"solcap_snp_c1_11670",0.7032859806069,0.701301944062392
"solcap_snp_c1_11707",0.225452202368249,0.225438361600824
"solcap_snp_c1_11710",0.851839676823767,0.852194796021982
"solcap_snp_c1_11719",0.65449920742392,0.654024767969428
"solcap_snp_c1_11750",0.995714750159412,0.995597822183521
"solcap_snp_c1_11769",0.20287060094154,0.202525108782534
"solcap_snp_c1_1177",0.14590224751122,0.145703505851342
"solcap_snp_c1_11777",0.313389883406065,0.313645223947637
"solcap_snp_c1_11791",0.552538920399004,0.553155647309363
"solcap_snp_c1_11802",0.476746493552818,0.476099185272582
"solcap_snp_c1_11804",0.579320178468712,0.578632285127335
"solcap_snp_c1_11806",0.128580335005704,0.128164685698765
"solcap_snp_c1_11814",0.191710960026864,0.191396255796983
"solcap_snp_c1_11815",0.302897967891711,0.302301555203634
"solcap_snp_c1_11826",0.0687383677303976,0.0682590289707936
"solcap_snp_c1_11840",0.583867412957687,0.583796695573284
"solcap_snp_c1_11842",0.838007686328049,0.838447154024694
"solcap_snp_c1_11846",0.292859383815131,0.292647596065535
"solcap_snp_c1_11848",0.929902154799238,0.929649177354195
"solcap_snp_c1_11853",0.502484650928531,0.502673389301313
"solcap_snp_c1_11866",0.673197085484813,0.674199383969572
"solcap_snp_c1_11867",0.689451338382076,0.689029724871026
"solcap_snp_c1_11868",0.192004997030263,0.191510804261453
"solcap_snp_c1_11870",0.556052411518103,0.556419841923455
"solcap_snp_c1_11872",0.300023298393683,0.299370168200971
"solcap_snp_c1_11900",0.566421928990866,0.56655586720035
"solcap_snp_c1_11935",0.715605244779082,0.714974368519179
"solcap_snp_c1_11937",0.152158477177634,0.152108956194906
"solcap_snp_c1_11953",0.984436151940595,0.984648410756309
"solcap_snp_c1_11955",0.68422630028252,0.68368593920959
"solcap_snp_c1_11972",0.426982876884972,0.426692335715199
"solcap_snp_c1_11973",0.301987866610741,0.30172316849837
"solcap_snp_c1_11979",0.818149696130975,0.818294711408724
"solcap_snp_c1_11991",0.86586576152086,0.86568934119429
"solcap_snp_c1_11996",0.803890093360582,0.804723810195524
"solcap_snp_c1_11997",0.476645508183384,0.476616927290752
"solcap_snp_c1_11998",0.69912713120337,0.699554460418653
"solcap_snp_c1_11999",0.344231614500116,0.344845254227732
"solcap_snp_c1_12003",0.96390488396003,0.96378390829928
"solcap_snp_c1_12015",0.495823659741026,0.495977784138497
"solcap_snp_c1_12021",0.783287502499181,0.782167219503391
"solcap_snp_c1_12023",0.566638874570797,0.566367678205713
"solcap_snp_c1_12025",0.312745331607745,0.312283928247334
"solcap_snp_c1_12026",0.454065844661597,0.453728364994311
"solcap_snp_c1_12027",0.950039900138979,0.949885300270204
"solcap_snp_c1_12031",0.545873416842876,0.54600486230118
"solcap_snp_c1_12051",0.420338922712884,0.419962704122892
"solcap_snp_c1_12069",0.6267206451194,0.626473098121875
"solcap_snp_c1_12118",0.825827994411542,0.825824436352343
"solcap_snp_c1_12131",0.314551327362917,0.314482750113309
"solcap_snp_c1_1216",0.361909260069091,0.361508163387997
"solcap_snp_c1_12160",0.866515426222229,0.865933583220073
"solcap_snp_c1_12161",0.158061689940284,0.157682937705082
"solcap_snp_c1_12162",0.381623255117492,0.381245565507328
"solcap_snp_c1_12169",0.554727314764579,0.554859876960937
"solcap_snp_c1_12178",0.576794993844608,0.576826582390254
"solcap_snp_c1_12179",0.230306911809989,0.229618930229044
"solcap_snp_c1_1219",0.656654154034216,0.656508921518403
"solcap_snp_c1_12220",0.190596655349194,0.190450049779926
"solcap_snp_c1_12225",0.959730524054467,0.959076809154507
"solcap_snp_c1_12229",0.276918216844711,0.276444696532979
"solcap_snp_c1_12234",0.768647783054622,0.768862136150396
"solcap_snp_c1_12236",0.251081102198006,0.250428850681847
"solcap_snp_c1_12257",0.897455349698107,0.898066436843172
"solcap_snp_c1_12264",0.258900465263922,0.258724500374709
"solcap_snp_c1_12297",0.519003994847091,0.518780829927492
"solcap_snp_c1_12305",0.837130863011517,0.837213092052304
"solcap_snp_c1_12310",0.818819307751844,0.818531342359418
"solcap_snp_c1_12320",0.300653948501284,0.300409423630232
"solcap_snp_c1_12329",0.927990694152476,0.928456682695861
"solcap_snp_c1_12330",0.864358106614266,0.864362348593489
"solcap_snp_c1_12339",0.891620200813244,0.891010664235816
"solcap_snp_c1_12345",0.671547582821685,0.670974054110167
"solcap_snp_c1_12354",0.778082483235985,0.777397862681009
"solcap_snp_c1_12373",0.611013151649814,0.609633721509999
"solcap_snp_c1_12377",0.221471679274938,0.220777399957961
"solcap_snp_c1_12381",0.685240343182519,0.686087565469972
"solcap_snp_c1_12382",0.670668543626819,0.670146925433443
"solcap_snp_c1_12386",0.641696602371608,0.641816421140023
"solcap_snp_c1_12406",0.286900981553588,0.28675254424559
"solcap_snp_c1_12409",0.111333680388896,0.110967094014888
"solcap_snp_c1_12420",0.843951243377895,0.843135037417057
"solcap_snp_c1_12446",0.246129672081774,0.246472809268242
"solcap_snp_c1_12447",0.29859966530294,0.299017887551795
"solcap_snp_c1_12509",0.834121130838975,0.834088332988215
"solcap_snp_c1_12533",0.823753573337463,0.823784555933472
"solcap_snp_c1_12588",0.202606997197498,0.202806235263563
"solcap_snp_c1_12594",0.998194245393839,0.997859983723509
"solcap_snp_c1_126",0.678462516555281,0.677693720306782
"solcap_snp_c1_1264",0.203362924846641,0.203145158900777
"solcap_snp_c1_12647",0.357375855525654,0.357185215758319
"solcap_snp_c1_12654",0.626359651480097,0.626348300598878
"solcap_snp_c1_12655",0.801759734623407,0.801551405873818
"solcap_snp_c1_12656",0.323332640650833,0.323458239096346
"solcap_snp_c1_12671",0.768139550703516,0.767477961987941
"solcap_snp_c1_12691",0.265127574528323,0.26440931096689
"solcap_snp_c1_12696",0.75629619368568,0.756863653707565
"solcap_snp_c1_12697",0.502237161325036,0.502885264011424
"solcap_snp_c1_12702",0.0641962252989397,0.0638508012764657
"solcap_snp_c1_1271",0.798527361907245,0.79862700280713
"solcap_snp_c1_12745",0.660148388455595,0.660047593420751
"solcap_snp_c1_12771",0.993546616524268,0.992964660880546
"solcap_snp_c1_12775",0.817779286169059,0.818603766308947
"solcap_snp_c1_12776",0.607973971722036,0.60799864646772
"solcap_snp_c1_12794",0.738766226026351,0.739045763147396
"solcap_snp_c1_12797",0.130476229028842,0.130085307124499
"solcap_snp_c1_12798",0.103545915983712,0.103072060314094
"solcap_snp_c1_12802",0.775727776823398,0.775301687207258
"solcap_snp_c1_12804",0.747822946591912,0.748475777134481
"solcap_snp_c1_12805",0.3982269165342,0.397560221432695
"solcap_snp_c1_12858",0.815115685088228,0.814546708361033
"solcap_snp_c1_12859",0.945567135955713,0.945137473320927
"solcap_snp_c1_12877",0.140351949755891,0.139994134025738
"solcap_snp_c1_12887",0.14116891272504,0.141271383005197
"solcap_snp_c1_12888",0.790941690583795,0.790098754488258
"solcap_snp_c1_12896",0.627874945202492,0.627729607082744
"solcap_snp_c1_12899",0.178675767999171,0.178328504429016
"solcap_snp_c1_12912",0.648457133380467,0.648464067370431
"solcap_snp_c1_12926",0.158319856991795,0.15850048643122
"solcap_snp_c1_12938",0.303721049830285,0.303117415093632
"solcap_snp_c1_12945",0.76707362545015,0.766380407317203
"solcap_snp_c1_12976",0.545905321748876,0.546508675797373
"solcap_snp_c1_12978",0.384278546366943,0.384096706135641
"solcap_snp_c1_12987",0.648650489270529,0.649127712290716
"solcap_snp_c1_12989",0.513803612631783,0.514234778139538
"solcap_snp_c1_12991",0.492166708334717,0.492449227951288
"solcap_snp_c1_12999",0.557758905234895,0.557555157198693
"solcap_snp_c1_13003",0.158925394757615,0.15874129159834
"solcap_snp_c1_13006",0.600140913799894,0.600200763514412
"solcap_snp_c1_13043",0.315229506131921,0.314962874164153
"solcap_snp_c1_13066",0.470060547663326,0.46972588990003
"solcap_snp_c1_13068",0.918806832539594,0.918323599043631
"solcap_snp_c1_13077",0.127983613324213,0.128040210179927
"solcap_snp_c1_13079",0.373839959351625,0.374503782977278
"solcap_snp_c1_13085",0.531378725008124,0.531202482932361
"solcap_snp_c1_13094",0.493322907286557,0.49301687527842
"solcap_snp_c1_131",0.254674978470316,0.254614539660348
"solcap_snp_c1_13116",0.531946415989139,0.531952646453233
"solcap_snp_c1_13135",0.27158825516902,0.271262147858713
"solcap_snp_c1_13172",0.838641710694686,0.839074660222728
"solcap_snp_c1_1318",0.293341266574108,0.293579882465886
"solcap_snp_c1_13186",0.905618580708236,0.905909688176129
"solcap_snp_c1_13233",0.90218103538415,0.902556230149578
"solcap_snp_c1_13236",0.900985287052608,0.900734806703704
"solcap_snp_c1_13240",0.838534410051381,0.838854981014368
"solcap_snp_c1_13243",0.555703340216451,0.555712062912038
"solcap_snp_c1_13279",0.996509018094339,0.99753055746846
"solcap_snp_c1_13290",0.168513452140808,0.168026262785001
"solcap_snp_c1_13293",0.839007821282398,0.839197722899285
"solcap_snp_c1_13296",0.830084134521606,0.830585404153339
"solcap_snp_c1_13297",0.958316858727402,0.958603368253431
"solcap_snp_c1_1331",0.639744283835739,0.640591929232179
"solcap_snp_c1_13312",0.904106282923892,0.904698689116457
"solcap_snp_c1_13318",0.125051762796064,0.124664258365268
"solcap_snp_c1_13354",0.723391063109494,0.722468786055695
"solcap_snp_c1_13378",0.115583039670711,0.115161992589027
"solcap_snp_c1_13396",0.893785536401641,0.893808383818864
"solcap_snp_c1_1341",0.897525689845043,0.897526872519182
"solcap_snp_c1_13420",0.0959866246459472,0.0958263518959998
"solcap_snp_c1_13430",0.566242528932054,0.566568370339827
"solcap_snp_c1_13459",0.400544993029972,0.400663958464164
"solcap_snp_c1_13481",0.45137687192692,0.451317988457653
"solcap_snp_c1_13482",0.650673224616146,0.651080187037532
"solcap_snp_c1_13483",0.0309593698177018,0.0307248053317794
"solcap_snp_c1_13494",0.90330941502554,0.903324674766479
"solcap_snp_c1_13515",0.125209426428385,0.125022821290775
"solcap_snp_c1_13524",0.642095640143882,0.641218358179397
"solcap_snp_c1_13530",0.968487843329476,0.969895213915529
"solcap_snp_c1_13531",0.362694868992857,0.361948386208993
"solcap_snp_c1_13575",0.852068604120656,0.851374826981981
"solcap_snp_c1_13586",0.374557684529063,0.375015895579633
"solcap_snp_c1_13594",0.164515109948463,0.163898276378823
"solcap_snp_c1_13612",0.972428636843821,0.972751007207498
"solcap_snp_c1_13626",0.21309566193594,0.213007610281915
"solcap_snp_c1_13638",0.969480306495544,0.970388334982892
"solcap_snp_c1_13644",0.434068751919995,0.433936852277676
"solcap_snp_c1_13663",0.776628572834779,0.776681906060465
"solcap_snp_c1_13671",0.993606448266838,0.993671317938722
"solcap_snp_c1_13681",0.420845255201209,0.42048070360781
"solcap_snp_c1_13682",0.735543783360181,0.73583432116887
"solcap_snp_c1_13683",0.99127206612804,0.991188519508389
"solcap_snp_c1_13686",0.0583013923210389,0.0579619240821993
"solcap_snp_c1_13697",0.791381849111329,0.792055707897682
"solcap_snp_c1_13698",0.979820968465834,0.979626114909752
"solcap_snp_c1_137",0.706135689290142,0.707225086690556
"solcap_snp_c1_13743",0.652574345269758,0.652951753872675
"solcap_snp_c1_13747",0.686131931298051,0.686160840445423
"solcap_snp_c1_13762",0.604243952908729,0.604797653299357
"solcap_snp_c1_13767",0.218290961573232,0.218453234936932
"solcap_snp_c1_13769",0.615180810074,0.61522606928401
"solcap_snp_c1_13782",0.278109133606999,0.278148965331506
"solcap_snp_c1_13783",0.528660445466744,0.529852176293536
"solcap_snp_c1_13786",0.589935619996377,0.590630489587527
"solcap_snp_c1_13810",0.535103577240101,0.535267012022222
"solcap_snp_c1_13816",0.999285643125231,0.999928459268729
"solcap_snp_c1_13825",0.998576095831566,0.99901397453814
"solcap_snp_c1_13860",0.122640638388025,0.122387731917073
"solcap_snp_c1_13863",0.368336276671028,0.368696821986912
"solcap_snp_c1_13871",0.907962319768717,0.907760186442269
"solcap_snp_c1_13886",0.0963778547153461,0.0959589611572235
"solcap_snp_c1_13887",0.7066271256772,0.706301553422904
"solcap_snp_c1_1391",0.478579779520287,0.478260621917831
"solcap_snp_c1_13910",0.527770058889371,0.528127317536677
"solcap_snp_c1_13911",0.732069459339801,0.732355595883926
"solcap_snp_c1_13913",0.868940729834658,0.868750896901928
"solcap_snp_c1_13919",0.163671877279928,0.163532409196393
"solcap_snp_c1_1392",0.600735283372667,0.600802720817913
"solcap_snp_c1_13920",0.78897762174649,0.789799307318762
"solcap_snp_c1_13923",0.590096022648406,0.589964262922214
"solcap_snp_c1_13929",0.533932770669905,0.534000225909595
"solcap_snp_c1_1395",0.507601641236081,0.507076017821873
"solcap_snp_c1_13951",0.0135687472048946,0.0133678337559917
"solcap_snp_c1_13996",0.340434255682688,0.340028857569771
"solcap_snp_c1_140",0.395547652098688,0.395653397449865
"solcap_snp_c1_1400",0.605830383549964,0.605333791352781
"solcap_snp_c1_14038",0.49176462943881,0.491335049515242
"solcap_snp_c1_14039",0.532259048988958,0.531979206460618
"solcap_snp_c1_14044",0.793495558593447,0.793047255252782
"solcap_snp_c1_14052",0.0235095507463319,0.0232289497683732
"solcap_snp_c1_14083",0.211413227669822,0.211227463227035
"solcap_snp_c1_14093",0.595300461818456,0.595217101309966
"solcap_snp_c1_14108",0.750819628576526,0.750482323168843
"solcap_snp_c1_1415",0.323574049463751,0.323063369046309
"solcap_snp_c1_14152",0.939749910687639,0.939367639132139
"solcap_snp_c1_14163",0.677506231369786,0.677289899958623
"solcap_snp_c1_14165",0.900924176669662,0.899545640804
"solcap_snp_c1_14166",0.608638504683445,0.608372046289148
"solcap_snp_c1_1417",0.214221499039264,0.21382667288741
"solcap_snp_c1_14173",0.0865457690110912,0.0863572558983444
"solcap_snp_c1_14181",0.459000097039231,0.458519500100403
"solcap_snp_c1_14197",0.187029735929113,0.186534768503539
"solcap_snp_c1_14210",0.234782338671116,0.234498793178044
"solcap_snp_c1_14212",0.945569053801984,0.945818912842637
"solcap_snp_c1_14213",0.586078332722744,0.586282719742523
"solcap_snp_c1_1422",0.149995328981019,0.149687364031201
"solcap_snp_c1_14232",0.391468802809606,0.391315804405475
"solcap_snp_c1_14248",0.260863121047209,0.260867440387691
"solcap_snp_c1_14249",0.483489889896259,0.483680423028131
"solcap_snp_c1_1425",0.834457658939745,0.834823645337343
"solcap_snp_c1_14259",0.178463528315466,0.177815706001393
"solcap_snp_c1_1426",0.100752792690017,0.100417039988083
"solcap_snp_c1_14271",0.23471193558447,0.234471735631237
"solcap_snp_c1_14280",0.438739774642443,0.438815171354179
"solcap_snp_c1_14281",0.773626520763332,0.773132425576379
"solcap_snp_c1_14315",0.0999461426399189,0.0995967518157926
"solcap_snp_c1_14316",0.0306944287309222,0.0304758617574468
"solcap_snp_c1_14370",0.673619259837532,0.673570373794809
"solcap_snp_c1_14388",0.183350172982841,0.18275654599395
"solcap_snp_c1_14396",0.586892886129186,0.58661192816036
"solcap_snp_c1_14400",0.00953507162677929,0.00932058052310994
"solcap_snp_c1_14402",0.862183294119899,0.86243358688238
"solcap_snp_c1_14404",0.947330005889539,0.947856445034418
"solcap_snp_c1_14419",0.715688503872365,0.71591623965644
"solcap_snp_c1_14423",0.388752538505927,0.388296448982097
"solcap_snp_c1_14435",0.891234856334603,0.891629927851125
"solcap_snp_c1_14440",0.76235992103244,0.762530499154407
"solcap_snp_c1_14442",0.681110138553459,0.680009081804436
"solcap_snp_c1_14465",0.449633955924662,0.449711808911738
"solcap_snp_c1_14468",0.600311267293571,0.600291716565459
"solcap_snp_c1_14475",0.0331067241799378,0.0328649475088853
"solcap_snp_c1_14476",0.428933298493013,0.428587503261185
"solcap_snp_c1_14480",0.366344735093161,0.365981721169537
"solcap_snp_c1_14511",0.565751850223032,0.564623765328918
"solcap_snp_c1_1453",0.53989461695622,0.540307753971652
"solcap_snp_c1_14531",0.843187592254816,0.842899476860743
"solcap_snp_c1_14553",0.322757792471513,0.322481494062405
"solcap_snp_c1_14563",0.492238974691151,0.492801571391451
"solcap_snp_c1_14569",0.96428901457353,0.965149761883952
"solcap_snp_c1_14594",0.393117253514615,0.392643172446191
"solcap_snp_c1_146",0.588945057543645,0.589335543907728
"solcap_snp_c1_14600",0.328743749329532,0.3281408566287
"solcap_snp_c1_14614",0.0273778389274616,0.0271632629978238
"solcap_snp_c1_14629",0.253293906212212,0.253167030627335
"solcap_snp_c1_14633",0.221258590133162,0.221543161700927
"solcap_snp_c1_14644",0.808525095157289,0.807735883769978
"solcap_snp_c1_14645",0.723006553845318,0.723079998757991
"solcap_snp_c1_14648",0.178270711957031,0.178324354169136
"solcap_snp_c1_14650",0.804984858474518,0.804932588761232
"solcap_snp_c1_14651",0.21768746083603,0.217015984625216
"solcap_snp_c1_14664",0.688034980368462,0.686918643449807
"solcap_snp_c1_14668",0.463119571878832,0.462507213948062
"solcap_snp_c1_14674",0.297336835385209,0.297101977765647
"solcap_snp_c1_14676",0.65736564175303,0.656462209638604
"solcap_snp_c1_1468",0.356929038248685,0.356577349584313
"solcap_snp_c1_14683",0.00749076529774528,0.00731256699551215
"solcap_snp_c1_1470",0.864926403984738,0.865267136308657
"solcap_snp_c1_14701",0.881741344487411,0.882099173007964
"solcap_snp_c1_14734",0.184131056851827,0.184335312116494
"solcap_snp_c1_14735",0.0410536135958922,0.0408990139122694
"solcap_snp_c1_14763",0.39793796087242,0.398048225494758
"solcap_snp_c1_14767",0.379849514556569,0.379402595919993
"solcap_snp_c1_14801",0.0314259172426701,0.0311904703168437
"solcap_snp_c1_1481",0.901877636965744,0.902769031212102
"solcap_snp_c1_14836",0.311696999207639,0.311649131525298
"solcap_snp_c1_14841",0.133566088063194,0.133042035171965
"solcap_snp_c1_14846",0.947214731717838,0.94733440755389
"solcap_snp_c1_14853",0.173995394742192,0.173702964571839
"solcap_snp_c1_14869",0.615329809156481,0.615773595235817
"solcap_snp_c1_14870",0.782302719755635,0.782653407198429
"solcap_snp_c1_14873",0.250158405109115,0.249516772537051
"solcap_snp_c1_14902",0.601174706765169,0.600735200804803
"solcap_snp_c1_14931",0.706720736442937,0.707394233900107
"solcap_snp_c1_1495",0.135059902767598,0.134734049405804
"solcap_snp_c1_14951",0.781503797214708,0.781728887627955
"solcap_snp_c1_14952",0.285542057533206,0.285954598336676
"solcap_snp_c1_14955",0.0688133568155356,0.0685317493562421
"solcap_snp_c1_14956",0.76818224066038,0.76751848441453
"solcap_snp_c1_14975",0.534738559076029,0.534381295591721
"solcap_snp_c1_14982",0.339073285441136,0.338829835304327
"solcap_snp_c1_14983",0.902275721829182,0.902186296202256
"solcap_snp_c1_14992",0.229873837355115,0.22965368868281
"solcap_snp_c1_15006",0.168836241011791,0.168329203304475
"solcap_snp_c1_1502",0.232803686701243,0.232780616555017
"solcap_snp_c1_1503",0.813858315633983,0.813726181399985
"solcap_snp_c1_15032",0.716450676001097,0.715284064258126
"solcap_snp_c1_1504",0.714158683975091,0.714064754039791
"solcap_snp_c1_15041",0.36397831746914,0.364257865186297
"solcap_snp_c1_15043",0.29623905081062,0.296342840370753
"solcap_snp_c1_15044",0.88886134256656,0.889700525243409
"solcap_snp_c1_15045",0.450588910802495,0.450102712305377
"solcap_snp_c1_15046",0.994206289016678,0.993974103156414
"solcap_snp_c1_15081",0.259546632672443,0.259517897531152
"solcap_snp_c1_15085",0.918536738602551,0.917747729388304
"solcap_snp_c1_151",0.0719249002533383,0.0716705176105799
"solcap_snp_c1_15106",0.873808914543119,0.874062597681618
"solcap_snp_c1_1511",0.620427735299493,0.620339693639256
"solcap_snp_c1_1512",0.696381584546466,0.696544782988241
"solcap_snp_c1_15123",0.0464517828959199,0.0461179964111308
"solcap_snp_c1_15128",0.220353904819077,0.220251907837586
"solcap_snp_c1_15137",0.868371494939514,0.868004669642782
"solcap_snp_c1_15175",0.0173921098089901,0.0171303471302017
"solcap_snp_c1_15178",0.380885713131834,0.380460546546217
"solcap_snp_c1_15189",0.309651910252763,0.308877024849611
"solcap_snp_c1_15192",0.158393793741854,0.158103756250696
"solcap_snp_c1_15206",0.342687703187521,0.342116962646272
"solcap_snp_c1_15213",0.301707586014105,0.301617385984819
"solcap_snp_c1_15218",0.310350603978111,0.310294009447344
"solcap_snp_c1_1522",0.434448281329079,0.433339476174985
"solcap_snp_c1_15225",0.7261579251215,0.726041165171007
"solcap_snp_c1_15233",0.0147141822618036,0.0145314379560922
"solcap_snp_c1_15237",0.382003241038093,0.38190231895588
"solcap_snp_c1_15241",0.511687536609268,0.511275715285896
"solcap_snp_c1_15249",0.102769942865879,0.102392308549848
"solcap_snp_c1_15260",0.406389735477257,0.406501522085198
"solcap_snp_c1_15292",0.688673921969248,0.689147535291791
"solcap_snp_c1_15330",0.562645985192506,0.563604800056772
"solcap_snp_c1_15342",0.0903479068984552,0.0897933514700607
"solcap_snp_c1_15343",0.238610599280042,0.238014172822215
"solcap_snp_c1_1535",0.853424451229889,0.853396183244159
"solcap_snp_c1_1536",0.709684899816064,0.709556081581337
"solcap_snp_c1_15371",0.687014107846841,0.687007938787815
"solcap_snp_c1_15372",0.231092015182304,0.230983324708093
"solcap_snp_c1_15374",0.828341315224881,0.828456749137737
"solcap_snp_c1_15380",0.0436789053910925,0.0434561677933297
"solcap_snp_c1_1539",0.488406790657389,0.488714253119207
"solcap_snp_c1_15404",0.964505788671648,0.964760694086731
"solcap_snp_c1_1541",0.410177093757102,0.410193502252143
"solcap_snp_c1_15421",0.648471094370452,0.648144431689803
"solcap_snp_c1_15451",0.741834117294229,0.741322406496959
"solcap_snp_c1_15462",0.830651376596358,0.83070072696747
"solcap_snp_c1_15470",0.473416386418547,0.472953422029459
"solcap_snp_c1_1548",0.444086722085925,0.444304264722083
"solcap_snp_c1_15481",0.959939592767178,0.960068829407337
"solcap_snp_c1_15484",0.670155731562453,0.670687650686628
"solcap_snp_c1_15485",0.0848277788911786,0.0847484232540096
"solcap_snp_c1_15521",0.995398494418014,0.994904924937214
"solcap_snp_c1_15530",0.342525885758467,0.342039876936689
"solcap_snp_c1_15534",0.831169486812807,0.831869744132269
"solcap_snp_c1_15547",0.78618485749478,0.786958368387147
"solcap_snp_c1_15579",0.941556105136602,0.941588722814306
"solcap_snp_c1_15580",0.773230088901142,0.773264819865037
"solcap_snp_c1_15594",0.0296171789355873,0.0292991280213202
"solcap_snp_c1_15596",0.428130217722677,0.428166579024651
"solcap_snp_c1_156",0.350398608566077,0.349987700640098
"solcap_snp_c1_15603",0.308642455502536,0.308577252381253
"solcap_snp_c1_15606",0.239904201891631,0.240195456692932
"solcap_snp_c1_15642",0.913382539235541,0.913897797160637
"solcap_snp_c1_15655",0.390557194912747,0.390521481233892
"solcap_snp_c1_15656",0.528944377339388,0.529370080676924
"solcap_snp_c1_15657",0.434534576627104,0.435387316581746
"solcap_snp_c1_15658",0.393201564016185,0.393337057761932
"solcap_snp_c1_15684",0.754546145002678,0.756035840915012
"solcap_snp_c1_15689",0.408739176825803,0.409233263261722
"solcap_snp_c1_15692",0.0890999468740421,0.0886528535731452
"solcap_snp_c1_15694",0.571918706358485,0.571952795033649
"solcap_snp_c1_15695",0.557465385244042,0.557212393767197
"solcap_snp_c1_15726",0.734167753260555,0.734645329669104
"solcap_snp_c1_15739",0.314872098654306,0.314429236709865
"solcap_snp_c1_15756",0.325805095332501,0.326074836801387
"solcap_snp_c1_15760",0.801258975546441,0.80150605546158
"solcap_snp_c1_15782",0.628559642873237,0.628882530311806
"solcap_snp_c1_15789",0.371909931620818,0.370862963847224
"solcap_snp_c1_15793",0.868014864899077,0.868313765857374
"solcap_snp_c1_15802",0.664799129661948,0.664254351231083
"solcap_snp_c1_15811",0.84531649682706,0.845607084225982
"solcap_snp_c1_15829",0.702915179269544,0.703235409375523
"solcap_snp_c1_15836",0.983191212293933,0.983358359987551
"solcap_snp_c1_15839",0.494558921186266,0.493977228144494
"solcap_snp_c1_15851",0.0762320153739512,0.0757646223365348
"solcap_snp_c1_15853",0.0779803599167557,0.0774900437970687
"solcap_snp_c1_15855",0.069356478869773,0.0689218480097519
"solcap_snp_c1_15858",0.573870145378641,0.573437077657438
"solcap_snp_c1_15864",0.181033393730099,0.180794439196023
"solcap_snp_c1_15868",0.857302468703444,0.85756570264083
"solcap_snp_c1_15870",0.0150836351805633,0.0148658051604642
"solcap_snp_c1_15872",0.495570041591147,0.496013058532908
"solcap_snp_c1_15873",0.131867553968256,0.131709192016594
"solcap_snp_c1_15909",0.259203369694854,0.259082332949751
"solcap_snp_c1_1591",0.960378649858869,0.959539300773109
"solcap_snp_c1_15913",0.00599631844917171,0.0058500567851508
"solcap_snp_c1_15914",0.843249431891127,0.843347803997868
"solcap_snp_c1_15925",0.758151915428376,0.758791600560661
"solcap_snp_c1_15926",0.12751414470229,0.12747165963117
"solcap_snp_c1_15961",0.501988180821079,0.501635235081655
"solcap_snp_c1_15962",0.531113357498639,0.531138237434323
"solcap_snp_c1_15965",0.416425660195584,0.416362561285649
"solcap_snp_c1_15973",0.931011098671493,0.931417966256432
"solcap_snp_c1_15974",0.823533176941948,0.823589095308326
"solcap_snp_c1_15977",0.786095957078019,0.786296695181716
"solcap_snp_c1_15983",0.706978393381327,0.707271794345214
"solcap_snp_c1_1599",0.627580259788479,0.627182083034205
"solcap_snp_c1_16001",0.621677627023988,0.621367248342434
"solcap_snp_c1_16011",0.536488043435515,0.536057687129591
"solcap_snp_c1_16021",0.494810547423764,0.494626600704717
"solcap_snp_c1_1603",0.146432225920528,0.145917264232939
"solcap_snp_c1_16052",0.675944691859425,0.676315636333314
"solcap_snp_c1_16067",0.582690336690738,0.582555584089819
"solcap_snp_c1_16068",0.623856705838861,0.624425051548541
"solcap_snp_c1_1607",0.742753480412662,0.743683691099499
"solcap_snp_c1_16071",0.42678773202791,0.426784021524773
"solcap_snp_c1_16080",0.946973095304308,0.945598508087275
"solcap_snp_c1_16084",0.633586703274723,0.633527157076244
"solcap_snp_c1_16094",0.288621041765588,0.288977524684041
"solcap_snp_c1_161",0.407552561745831,0.407687624960387
"solcap_snp_c1_16106",0.183652237317503,0.183453315053855
"solcap_snp_c1_16114",0.974216680022049,0.974532463058947
"solcap_snp_c1_16127",0.344358455917919,0.344137887251629
"solcap_snp_c1_16131",0.107650770364718,0.107474068487495
"solcap_snp_c1_16169",0.591199993910001,0.591283720492317
"solcap_snp_c1_16193",0.318224322950877,0.318617816451005
"solcap_snp_c1_16195",0.00153008899106154,0.00147045431507973
"solcap_snp_c1_16196",0.456908939035257,0.456395559364895
"solcap_snp_c1_16198",0.013170280390483,0.0129723800499948
"solcap_snp_c1_16202",0.298356152328363,0.298192663246926
"solcap_snp_c1_16221",0.341296461523707,0.341448772801171
"solcap_snp_c1_16223",0.473942249681916,0.473322699908778
"solcap_snp_c1_16224",0.595624752204089,0.594925939418922
"solcap_snp_c1_16225",0.415399513522746,0.414616117034322
"solcap_snp_c1_16234",0.778269954719486,0.779615660789382
"solcap_snp_c1_16250",0.72324777066925,0.724026656557112
"solcap_snp_c1_16258",0.671666041661513,0.671949142018056
"solcap_snp_c1_16263",0.601140914150175,0.601689918535283
"solcap_snp_c1_16267",0.42426192515597,0.424428139011992
"solcap_snp_c1_16286",0.403835898766706,0.403915992850009
"solcap_snp_c1_16299",0.633742363740224,0.634714730951228
"solcap_snp_c1_16301",0.493004224386667,0.492824907158695
"solcap_snp_c1_16334",0.385680447461194,0.385736744736058
"solcap_snp_c1_16351",0.254945638897818,0.254501778693898
"solcap_snp_c1_16358",0.786716996175857,0.78680210889783
"solcap_snp_c1_16366",0.628578551190684,0.628563012780558
"solcap_snp_c1_1637",0.485827905430654,0.485703133135912
"solcap_snp_c1_16379",0.380376750609026,0.380133925812204
"solcap_snp_c1_1638",0.997052997636692,0.997888931128435
"solcap_snp_c1_16382",0.839868605695923,0.839457226105518
"solcap_snp_c1_16405",0.409152327206149,0.408889237605686
"solcap_snp_c1_16406",0.586200027118679,0.586757386183412
"solcap_snp_c1_16413",0.355517858907969,0.355341402084313
"solcap_snp_c1_16414",0.919350835808494,0.919487109164445
"solcap_snp_c1_16425",0.0514639462155337,0.0510177917035662
"solcap_snp_c1_16432",0.163977766261904,0.163545647849447
"solcap_snp_c1_16435",0.622686184520787,0.622634167540481
"solcap_snp_c1_16441",0.949150269195317,0.949423589863237
"solcap_snp_c1_16451",0.845746189098724,0.84525658761583
"solcap_snp_c1_16456",0.178664374639262,0.178503059218155
"solcap_snp_c1_16459",0.678586986291895,0.677857206521445
"solcap_snp_c1_16472",0.401015392678452,0.400815141133561
"solcap_snp_c1_16496",0.76260332242469,0.762758109716537
"solcap_snp_c1_16499",0.980430816446603,0.980503121901429
"solcap_snp_c1_16513",0.930092955657002,0.930390554309899
"solcap_snp_c1_16515",0.529447711531539,0.529909905579151
"solcap_snp_c1_16526",0.800907614851656,0.801610840187956
"solcap_snp_c1_1653",0.046236945320738,0.0459447535106874
"solcap_snp_c1_16534",0.823171792005784,0.821914312172035
"solcap_snp_c1_16542",0.774624493527775,0.774394019301167
"solcap_snp_c1_16555",0.367057209516087,0.36682691158244
"solcap_snp_c1_16582",0.0818715658803646,0.0815515397766691
"solcap_snp_c1_16585",0.132425782558258,0.132175172222732
"solcap_snp_c1_16586",0.145358928639443,0.145180348262701
"solcap_snp_c1_16625",0.783531297907418,0.783448988785623
"solcap_snp_c1_16636",0.10799253587705,0.107432943976864
"solcap_snp_c1_16643",0.810041568026635,0.810133038177662
"solcap_snp_c1_16651",0.359843891612869,0.35956923415184
"solcap_snp_c1_16657",0.371283583838353,0.371788298144981
"solcap_snp_c1_16661",0.506418265955691,0.505691167494677
"solcap_snp_c1_16679",0.39177695585182,0.391777145923714
"solcap_snp_c1_16695",0.148926577882933,0.148706653971208
"solcap_snp_c1_167",0.232455991151513,0.232353871076322
"solcap_snp_c1_16727",0.508794237999858,0.50954573184842
"solcap_snp_c1_1683",0.888252934742808,0.88870303331827
"solcap_snp_c1_1684",0.0934254112226254,0.0931336396533773
"solcap_snp_c1_17",0.776031771637653,0.776214123460352
"solcap_snp_c1_1705",0.207564601550847,0.207337320547357
"solcap_snp_c1_171",0.182910755835348,0.182723085977545
"solcap_snp_c1_1724",0.326388523936585,0.326576575151525
"solcap_snp_c1_1737",0.85319510065708,0.852800248618095
"solcap_snp_c1_1748",0.869854662162454,0.869686056084351
"solcap_snp_c1_1774",0.0196618733505846,0.019393623886316
"solcap_snp_c1_1778",0.535426714756842,0.535478231850068
"solcap_snp_c1_1779",0.579517269287882,0.579211210485755
"solcap_snp_c1_1780",0.0625276316563456,0.0622379474764082
"solcap_snp_c1_1781",0.596182003363019,0.595810752960496
"solcap_snp_c1_1784",0.0186450767652685,0.0183845155820463
"solcap_snp_c1_18",0.440094765923082,0.440425513584328
"solcap_snp_c1_1847",0.689007842585281,0.689395576894001
"solcap_snp_c1_1874",0.297367336909075,0.296605570337336
"solcap_snp_c1_1875",0.702333755112698,0.702584906920664
"solcap_snp_c1_189",0.988328846050157,0.988702564894277
"solcap_snp_c1_1918",0.0989267479346753,0.0984846846610317
"solcap_snp_c1_1938",0.371975349834144,0.371518399890741
"solcap_snp_c1_1948",0.862203783813284,0.861531613927446
"solcap_snp_c1_1954",0.227328264007971,0.22674677825853
"solcap_snp_c1_1985",0.822558522143754,0.822161934693172
"solcap_snp_c1_200",0.445345213814998,0.445407314027199
"solcap_snp_c1_2004",0.769131622249777,0.768892881381657
"solcap_snp_c1_2014",0.660520507672591,0.660623147562151
"solcap_snp_c1_2019",0.826869788310582,0.826239140924149
"solcap_snp_c1_2038",0.713344060837062,0.713600490209937
"solcap_snp_c1_2039",0.224705849641534,0.224880345361133
"solcap_snp_c1_2051",0.225238205688862,0.225399917260894
"solcap_snp_c1_2064",0.979621348955482,0.980315407295956
"solcap_snp_c1_2065",0.870288962322202,0.870379149980461
"solcap_snp_c1_2071",0.726115232231265,0.726193915100438
"solcap_snp_c1_2082",0.17490466067693,0.174603714476205
"solcap_snp_c1_2086",0.057388635367625,0.0571229302947659
"solcap_snp_c1_2090",0.326916741146408,0.326552254673834
"solcap_snp_c1_2116",0.666482075237429,0.666238113008686
"solcap_snp_c1_2117",0.338422752915326,0.338597806282212
"solcap_snp_c1_212",0.934412865857,0.934626865031914
"solcap_snp_c1_2137",0.581947205125303,0.582098371965198
"solcap_snp_c1_2148",0.0432310213875907,0.0429937665510012
"solcap_snp_c1_2150",0.237861967449081,0.237913115961419
"solcap_snp_c1_216",0.268761954171502,0.268189731523377
"solcap_snp_c1_2162",0.296609508178186,0.296770144301343
"solcap_snp_c1_2181",0.196818031255806,0.197172171220771
"solcap_snp_c1_2187",0.933897066089781,0.933766856807886
"solcap_snp_c1_219",0.652023145023992,0.651307963587182
"solcap_snp_c1_22",0.117264549137169,0.117054456347382
"solcap_snp_c1_2203",0.608168991480033,0.609080203117565
"solcap_snp_c1_2209",0.180848236239736,0.180710153375387
"solcap_snp_c1_2210",0.104353101389992,0.10393725733534
"solcap_snp_c1_2212",0.779495016631875,0.779363582201143
"solcap_snp_c1_2213",0.418281833443703,0.418454572177827
"solcap_snp_c1_2228",0.537081010367425,0.537070959431386
"solcap_snp_c1_226",0.667389754558444,0.667048311245497
"solcap_snp_c1_2275",0.0968706143341213,0.0964257236246799
"solcap_snp_c1_2278",0.960962888668224,0.96047776055689
"solcap_snp_c1_2279",0.840460020603579,0.840444891738668
"solcap_snp_c1_2280",0.380791340393433,0.380817910087858
"solcap_snp_c1_2299",0.364353562124983,0.363756480242856
"solcap_snp_c1_2302",0.385617466432786,0.385014713530578
"solcap_snp_c1_2314",0.209656058098762,0.209514218365024
"solcap_snp_c1_2319",0.174785624944976,0.174368731635527
"solcap_snp_c1_233",0.763958346698652,0.764768859998131
"solcap_snp_c1_2333",0.0585547257836174,0.058336678364045
"solcap_snp_c1_2340",0.689468215656318,0.688910725152557
"solcap_snp_c1_2351",0.0669564397316337,0.0666238262588455
"solcap_snp_c1_2352",0.0778563615242255,0.0773332690128558
"solcap_snp_c1_2353",0.966250139003013,0.965807900101691
"solcap_snp_c1_2356",0.425480561841024,0.424534590931579
"solcap_snp_c1_237",0.608408196927548,0.608777628134634
"solcap_snp_c1_239",0.951042772915623,0.951309793989991
"solcap_snp_c1_2398",0.0974047275184261,0.0971518231877804
"solcap_snp_c1_2404",0.77683570246088,0.776322353377629
"solcap_snp_c1_2405",0.544866571376896,0.544702301729793
"solcap_snp_c1_241",0.89697515227293,0.897716146187523
"solcap_snp_c1_2417",0.195969070016166,0.195680014895525
"solcap_snp_c1_242",0.194022894764072,0.193567360956989
"solcap_snp_c1_2425",0.466354421701189,0.466280897415024
"solcap_snp_c1_2426",0.147292960733328,0.14691830182285
"solcap_snp_c1_2458",0.568276435956481,0.568685902834692
"solcap_snp_c1_2459",0.279706908136783,0.279645348640213
"solcap_snp_c1_2464",0.348522904113801,0.348330247839466
"solcap_snp_c1_2468",0.430240815674077,0.430270057962393
"solcap_snp_c1_2475",0.532806980943025,0.532887107426159
"solcap_snp_c1_2484",0.932875443647444,0.932869076923229
"solcap_snp_c1_2515",0.181684239844015,0.181895221814861
"solcap_snp_c1_2519",0.976144626805138,0.975350346827741
"solcap_snp_c1_2520",0.5628110290502,0.563020208550496
"solcap_snp_c1_2531",0.651522104784383,0.651488983801976
"solcap_snp_c1_2540",0.970763999005222,0.970496191079233
"solcap_snp_c1_2562",0.30951235559836,0.309266795059
"solcap_snp_c1_2563",0.346172270370643,0.345837857441009
"solcap_snp_c1_2574",0.386119177820077,0.386206185331552
"solcap_snp_c1_2587",0.948679806263539,0.94980395582957
"solcap_snp_c1_26",0.440940468990868,0.440590127301643
"solcap_snp_c1_2630",0.432763003012645,0.432970770307478
"solcap_snp_c1_2632",0.879414117626841,0.878669109096735
"solcap_snp_c1_2640",0.782917359011738,0.782040499761316
"solcap_snp_c1_2641",0.875962761458604,0.875887538339004
"solcap_snp_c1_2652",0.920380417444743,0.92071465441608
"solcap_snp_c1_2653",0.465862867055633,0.46651010705947
"solcap_snp_c1_2660",0.882791401524542,0.882578100645173
"solcap_snp_c1_2661",0.43013662836879,0.430277932231884
"solcap_snp_c1_2672",0.247213481386772,0.247115127202426
"solcap_snp_c1_2673",0.477700441435719,0.477541819353852
"solcap_snp_c1_2682",0.573138099781325,0.573624445410571
"solcap_snp_c1_2684",0.823207982917834,0.823532268249265
"solcap_snp_c1_2685",0.443922501870163,0.443574150643463
"solcap_snp_c1_2686",0.947254808699416,0.947277475487396
"solcap_snp_c1_2687",0.213203972292678,0.213060453882229
"solcap_snp_c1_2689",0.495542476114127,0.495441392267648
"solcap_snp_c1_2690",0.692322903940452,0.691906540137963
"solcap_snp_c1_2718",0.332146941089309,0.331804674153459
"solcap_snp_c1_2724",0.267478988514293,0.267105616604952
"solcap_snp_c1_274",0.345982038699047,0.345693374208799
"solcap_snp_c1_2778",0.767342707688479,0.768607096817375
"solcap_snp_c1_2780",0.875938486407444,0.876190014044613
"solcap_snp_c1_2786",0.226666595152334,0.226585121091846
"solcap_snp_c1_2790",0.86435882196725,0.865332146521531
"solcap_snp_c1_2791",0.214335679452087,0.214105657584892
"solcap_snp_c1_2792",0.671195630065687,0.671882858419005
"solcap_snp_c1_2793",0.923915805712473,0.92440695809762
"solcap_snp_c1_2795",0.587934603397261,0.587438413138094
"solcap_snp_c1_2865",0.903883991510568,0.90421848501331
"solcap_snp_c1_2917",0.849505509070464,0.848924565919508
"solcap_snp_c1_2944",0.849003730362486,0.849250228162812
"solcap_snp_c1_2953",0.483485416770003,0.483113352308187
"solcap_snp_c1_2960",0.776817783883097,0.776039041904033
"solcap_snp_c1_2978",0.364860077484334,0.364463344830243
"solcap_snp_c1_3001",0.868802028334455,0.869518583949775
"solcap_snp_c1_3003",0.354087463140855,0.35359279706172
"solcap_snp_c1_3011",0.951525753995361,0.951015115978968
"solcap_snp_c1_304",0.691934833113725,0.692050304910504
"solcap_snp_c1_3049",0.757059460554701,0.756403798167838
"solcap_snp_c1_305",0.907442382814524,0.908403816226114
"solcap_snp_c1_3050",0.563506484776597,0.563064290060596
"solcap_snp_c1_3051",0.432142592770113,0.431843136746883
"solcap_snp_c1_3052",0.829669204251347,0.829845111954646
"solcap_snp_c1_3054",0.673234592485687,0.672542700372374
"solcap_snp_c1_3055",0.796253069603794,0.796401516715107
"solcap_snp_c1_3057",0.974353508059453,0.974398187786174
"solcap_snp_c1_3060",0.423403863156776,0.422984481183463
"solcap_snp_c1_307",0.0350397649038665,0.0346693063447018
"solcap_snp_c1_3074",0.0757963067134109,0.0753853204734929
"solcap_snp_c1_3080",0.306640140611868,0.306410899642182
"solcap_snp_c1_3081",0.618111671150464,0.617976791249127
"solcap_snp_c1_3090",0.45223445036677,0.451718337971269
"solcap_snp_c1_3098",0.0752557334369267,0.0749130151747436
"solcap_snp_c1_3118",0.580917315816557,0.580845016093989
"solcap_snp_c1_3125",0.366135481475006,0.366183083731054
"solcap_snp_c1_3126",0.379947842540318,0.379556629730576
"solcap_snp_c1_3130",0.697359597917121,0.69687195310855
"solcap_snp_c1_3141",0.934111521038646,0.933216557994585
"solcap_snp_c1_3142",0.369351995657238,0.368816278028697
"solcap_snp_c1_3147",0.548763844454476,0.548913580025561
"solcap_snp_c1_3150",0.445395666978006,0.444820629929636
"solcap_snp_c1_3153",0.754835394834314,0.754313173001388
"solcap_snp_c1_3166",0.881101046920353,0.881570512063173
"solcap_snp_c1_3210",0.405024667834104,0.405408806849958
"solcap_snp_c1_3221",0.265323816264108,0.265326516631063
"solcap_snp_c1_3227",0.629974867224921,0.630609350654076
"solcap_snp_c1_3234",0.829101911646997,0.829144239380415
"solcap_snp_c1_3241",0.649509958129593,0.649430384911642
"solcap_snp_c1_3255",0.91529121277824,0.91544795803417
"solcap_snp_c1_3268",0.4476762269273,0.447271153880405
"solcap_snp_c1_3273",0.447548457314574,0.447036210269937
"solcap_snp_c1_3275",0.324274759642529,0.32390104594123
"solcap_snp_c1_3278",0.236708473112721,0.236778050655212
"solcap_snp_c1_329",0.154574598112175,0.154179743675392
"solcap_snp_c1_3292",0.367174648581209,0.366677123791426
"solcap_snp_c1_3306",0.939356410604557,0.938842497307743
"solcap_snp_c1_3311",0.00230274336625361,0.0022229971544615
"solcap_snp_c1_3316",0.697713232727692,0.697939143684172
"solcap_snp_c1_3317",0.0926208520379945,0.0921924301645248
"solcap_snp_c1_3319",0.217971452583371,0.218233861559692
"solcap_snp_c1_3321",0.561325421967313,0.562672520035512
"solcap_snp_c1_3336",0.51812576080125,0.517743090995496
"solcap_snp_c1_3346",0.603421188645573,0.602848843370303
"solcap_snp_c1_3347",0.490259532668471,0.489934092024723
"solcap_snp_c1_335",0.366175538376144,0.365842261199781
"solcap_snp_c1_3352",0.124629947636475,0.124275901521139
"solcap_snp_c1_3353",0.45952149363057,0.458613422946188
"solcap_snp_c1_3371",0.395400690569114,0.394583495488356
"solcap_snp_c1_3374",0.272196695434196,0.271655458946465
"solcap_snp_c1_3392",0.79415862389797,0.794513177981024
"solcap_snp_c1_3436",0.458856816594627,0.459486674596339
"solcap_snp_c1_3444",0.289824449490764,0.289526698726378
"solcap_snp_c1_3450",0.278274118510604,0.278457300023937
"solcap_snp_c1_3458",0.428075768996753,0.428171739720193
"solcap_snp_c1_3460",0.661907020352446,0.661310203601593
"solcap_snp_c1_3461",0.455993961268941,0.456310177109907
"solcap_snp_c1_3476",0.603641759679852,0.603707484617085
"solcap_snp_c1_3478",0.0933414315893742,0.0927818110052822
"solcap_snp_c1_3484",0.0324342722680413,0.0320883825863214
"solcap_snp_c1_3495",0.0653493555887498,0.0650829547047652
"solcap_snp_c1_3497",0.322579892207198,0.32263025466407
"solcap_snp_c1_3499",0.0496958124731122,0.049324225926603
"solcap_snp_c1_3514",0.0908104160401996,0.0906203834644003
"solcap_snp_c1_3522",0.65568621115511,0.655390320070651
"solcap_snp_c1_3525",0.633808218572846,0.63423088944852
"solcap_snp_c1_3526",0.811003012432463,0.81038244474463
"solcap_snp_c1_3544",0.503787001860948,0.50383210114115
"solcap_snp_c1_3546",0.691631693734176,0.692458634251467
"solcap_snp_c1_3553",0.00803265351787249,0.00785181045581395
"solcap_snp_c1_357",0.0943639759181972,0.0940021800862716
"solcap_snp_c1_3596",0.883409925150138,0.882944864685217
"solcap_snp_c1_3597",0.134577492172523,0.134078261802559
"solcap_snp_c1_3608",0.682283795375418,0.682730193874162
"solcap_snp_c1_3639",0.503807056769326,0.503793448027642
"solcap_snp_c1_3647",0.562077605238131,0.562243037834929
"solcap_snp_c1_3663",0.938756510772242,0.93875389219556
"solcap_snp_c1_3687",0.970546622389755,0.969402502886247
"solcap_snp_c1_3689",0.977261444428171,0.978061009665004
"solcap_snp_c1_3691",0.848167083762364,0.848104482187413
"solcap_snp_c1_3693",0.401261828759424,0.401034743614889
"solcap_snp_c1_3694",0.692274645147449,0.692489399154401
"solcap_snp_c1_3696",0.676351035105232,0.676902066267309
"solcap_snp_c1_3697",0.85791345597797,0.858589284913173
"solcap_snp_c1_3698",0.624933671720838,0.625513384886507
"solcap_snp_c1_370",0.842926822745085,0.843125917678959
"solcap_snp_c1_3707",0.00467349206751708,0.00455852691953979
"solcap_snp_c1_3740",0.140346863869776,0.140324671834154
"solcap_snp_c1_3746",0.67686459618439,0.676871007666276
"solcap_snp_c1_3747",0.286388043040547,0.286241252514581
"solcap_snp_c1_3750",0.286772552438113,0.286582831831278
"solcap_snp_c1_3753",0.149093839732487,0.149000767224392
"solcap_snp_c1_3754",0.668611848805298,0.669267030494912
"solcap_snp_c1_3761",0.951371666589561,0.951061831429507
"solcap_snp_c1_3784",0.199258422764957,0.198500088436382
"solcap_snp_c1_3786",0.221970759724235,0.220837927048394
"solcap_snp_c1_3793",0.202986919668518,0.20294696313224
"solcap_snp_c1_3798",0.447587437461434,0.448365896970066
"solcap_snp_c1_38",0.959619603344697,0.959085009945408
"solcap_snp_c1_3803",0.258718479490624,0.257879560522288
"solcap_snp_c1_3810",0.0308101722617576,0.0304880969087363
"solcap_snp_c1_3815",0.0402009507416868,0.0399273988217876
"solcap_snp_c1_3819",0.131838115108077,0.131553413208876
"solcap_snp_c1_3843",0.799218360430742,0.798741734569194
"solcap_snp_c1_3846",0.314858253980673,0.315009048850501
"solcap_snp_c1_3848",0.968396413506129,0.967982528238379
"solcap_snp_c1_3851",0.889489919732,0.889293316933727
"solcap_snp_c1_3852",0.730072722675211,0.72984268162384
"solcap_snp_c1_3853",0.407264279796021,0.407486594124942
"solcap_snp_c1_3867",0.83866110593767,0.838501720969438
"solcap_snp_c1_3868",0.79126070263326,0.791350575573017
"solcap_snp_c1_3874",0.315575984122921,0.315296459325201
"solcap_snp_c1_3892",0.379885293784339,0.379890621060673
"solcap_snp_c1_3894",0.626439793759118,0.626447584103846
"solcap_snp_c1_3895",0.833931390992301,0.833629855230265
"solcap_snp_c1_3901",0.995505067993939,0.99598723256391
"solcap_snp_c1_3922",0.96410341747453,0.964069863106034
"solcap_snp_c1_3928",0.559767578567794,0.560167531296502
"solcap_snp_c1_3933",0.504309983508265,0.504323027785012
"solcap_snp_c1_3936",0.758122247979838,0.758037580123064
"solcap_snp_c1_3945",0.369982536572892,0.370181925821528
"solcap_snp_c1_3992",0.941906776563806,0.941788750382718
"solcap_snp_c1_3993",0.715645897543809,0.715683758425055
"solcap_snp_c1_3996",0.563982095238936,0.564647655916392
"solcap_snp_c1_4000",0.904585390481096,0.904334587315556
"solcap_snp_c1_4010",0.834071698708268,0.834578126780506
"solcap_snp_c1_4029",0.856732390616578,0.857306823458721
"solcap_snp_c1_404",0.351292372208775,0.350925403144066
"solcap_snp_c1_4043",0.815543567459398,0.816759995046628
"solcap_snp_c1_4054",0.700356255710757,0.700373016158185
"solcap_snp_c1_4068",0.689610075818873,0.689917841683604
"solcap_snp_c1_4077",0.962481282481248,0.962509722393948
"solcap_snp_c1_4082",0.394843590295587,0.394205691618778
"solcap_snp_c1_4083",0.453600235678702,0.453230659998695
"solcap_snp_c1_4084",0.310839495572111,0.310429764184765
"solcap_snp_c1_4085",0.873229637922142,0.873425935057121
"solcap_snp_c1_4087",0.674159157591243,0.673907551451434
"solcap_snp_c1_4088",0.99001209170993,0.989579635635219
"solcap_snp_c1_4089",0.902607335566975,0.902981585189173
"solcap_snp_c1_4090",0.378525443083804,0.377986126637901
"solcap_snp_c1_4091",0.33615540919201,0.336041734135969
"solcap_snp_c1_4094",0.899883424948443,0.900746187247329
"solcap_snp_c1_41",0.767753880888214,0.767480387732324
"solcap_snp_c1_4140",0.738354143543389,0.739679383422834
"solcap_snp_c1_4171",0.230796808023767,0.230763100711723
"solcap_snp_c1_4172",0.548518771567699,0.54808976950515
"solcap_snp_c1_4178",0.677766879357517,0.677197159933526
"solcap_snp_c1_4180",0.33238545963773,0.33205701141262
"solcap_snp_c1_4192",0.118279472482849,0.117930448336218
"solcap_snp_c1_42",0.984803693745226,0.985178507585775
"solcap_snp_c1_4213",0.47368130928663,0.473776250494981
"solcap_snp_c1_4228",0.669075387956348,0.670108991019704
"solcap_snp_c1_4231",0.203925125929949,0.203874285137218
"solcap_snp_c1_4237",0.354239496007531,0.354715255757426
"solcap_snp_c1_4238",0.92068220270081,0.920091832342031
"solcap_snp_c1_4243",0.598679811493172,0.599024805251999
"solcap_snp_c1_4271",0.943708720609987,0.943545446123166
"solcap_snp_c1_4282",0.84652306074074,0.846755861623989
"solcap_snp_c1_4294",0.657760046738059,0.657889833150147
"solcap_snp_c1_4296",0.131610256342641,0.131299063845487
"solcap_snp_c1_4298",0.0107672315660808,0.0105799660200285
"solcap_snp_c1_4319",0.465926954346637,0.465550160531598
"solcap_snp_c1_4322",0.943472209508754,0.944156588283383
"solcap_snp_c1_4347",0.397286233403378,0.397595086844291
"solcap_snp_c1_4359",0.675670025108361,0.675694798164047
"solcap_snp_c1_4371",0.144056537072903,0.143639068049466
"solcap_snp_c1_4374",0.111163343951571,0.110865015013279
"solcap_snp_c1_4393",0.931423524856924,0.930884070302113
"solcap_snp_c1_4444",0.734046503778344,0.734541147530277
"solcap_snp_c1_4454",0.0879539636075644,0.0875510643450638
"solcap_snp_c1_4455",0.238515044436895,0.23806122807167
"solcap_snp_c1_4464",0.355129358714063,0.354803974750008
"solcap_snp_c1_4465",0.87206098516074,0.871940214610669
"solcap_snp_c1_448",0.967724909218428,0.968343594998644
"solcap_snp_c1_449",0.300324482000421,0.299954267361229
"solcap_snp_c1_450",0.132569166462333,0.132570590787421
"solcap_snp_c1_4542",0.703449918547471,0.703158472728396
"solcap_snp_c1_456",0.357705920431033,0.357593596713448
"solcap_snp_c1_4576",0.537084537346915,0.537673492952357
"solcap_snp_c1_4577",0.29458110125541,0.294504894082636
"solcap_snp_c1_4587",0.389700089815017,0.389968795285014
"solcap_snp_c1_459",0.964797320083378,0.964900051766469
"solcap_snp_c1_4595",0.922662404426418,0.923007541286978
"solcap_snp_c1_4596",0.38559823961383,0.385695499708856
"solcap_snp_c1_4604",0.636937012163315,0.637347047004285
"solcap_snp_c1_4615",0.687612078584803,0.68767086717708
"solcap_snp_c1_4617",0.724331353642972,0.724914927311926
"solcap_snp_c1_4622",0.364928834692039,0.364972292795768
"solcap_snp_c1_4624",0.597134138618576,0.597112822404654
"solcap_snp_c1_4625",0.328852081395961,0.329102988375705
"solcap_snp_c1_4643",0.508357738610491,0.508679692482364
"solcap_snp_c1_4666",0.863941628199928,0.86349305241672
"solcap_snp_c1_4667",0.0801236919471452,0.0800349705110074
"solcap_snp_c1_4680",0.615951074783757,0.616188081989568
"solcap_snp_c1_4706",0.542010589222258,0.542480759862519
"solcap_snp_c1_472",0.848398427016872,0.848224157437279
"solcap_snp_c1_4744",0.363865009938183,0.364165692366621
"solcap_snp_c1_4745",0.689314497818487,0.689101420404309
"solcap_snp_c1_4748",0.464563820295109,0.464774203652952
"solcap_snp_c1_4752",0.66811441687345,0.668524229825722
"solcap_snp_c1_4763",0.470833633159619,0.471802791861498
"solcap_snp_c1_4777",0.567993725608229,0.568197274462818
"solcap_snp_c1_4778",0.646815452605136,0.647006400563223
"solcap_snp_c1_4781",0.521438673146167,0.521646863028386
"solcap_snp_c1_4789",0.337534356946542,0.337925168722188
"solcap_snp_c1_4792",0.0492230724654885,0.0490292595977879
"solcap_snp_c1_4799",0.95405856668839,0.956241257834158
"solcap_snp_c1_4802",0.190035047219029,0.189931364492956
"solcap_snp_c1_4812",0.0760328968677378,0.0756060144263948
"solcap_snp_c1_482",0.994646921224366,0.995594673912142
"solcap_snp_c1_4824",0.00866009594529846,0.00849268472192428
"solcap_snp_c1_4826",0.440497986324482,0.441196579674835
"solcap_snp_c1_483",0.845365950494485,0.84472999365937
"solcap_snp_c1_4847",0.713597171910837,0.713416925455335
"solcap_snp_c1_4859",0.71742587113616,0.716425822560979
"solcap_snp_c1_4860",0.838258294699772,0.838398334870803
"solcap_snp_c1_4862",0.696143158012838,0.695179429506678
"solcap_snp_c1_4881",0.986368643027252,0.986116150277637
"solcap_snp_c1_4885",0.557195163627231,0.556639840173755
"solcap_snp_c1_4925",0.411244322309013,0.411006328504854
"solcap_snp_c1_4926",0.533056856077151,0.533315258808905
"solcap_snp_c1_4942",0.278428061008389,0.278220207348889
"solcap_snp_c1_4947",0.964291172556034,0.963848488357362
"solcap_snp_c1_4949",0.336101790342844,0.336685951627592
"solcap_snp_c1_4951",0.987209037168608,0.988322491533272
"solcap_snp_c1_4990",0.861048742524983,0.860959511192898
"solcap_snp_c1_5",0.442979275755978,0.442841942833445
"solcap_snp_c1_5001",0.692219835884019,0.691955556898022
"solcap_snp_c1_5010",0.3639330227849,0.364081298643442
"solcap_snp_c1_5029",0.259350232719185,0.258865816960429
"solcap_snp_c1_5042",0.453658768825491,0.453168779688683
"solcap_snp_c1_5044",0.638099266460032,0.638499565033738
"solcap_snp_c1_5058",0.35238187409382,0.352247803186012
"solcap_snp_c1_506",0.459618160961836,0.459542064195144
"solcap_snp_c1_5081",0.543147790435361,0.542639005415954
"solcap_snp_c1_5088",0.571644882216913,0.571792442190538
"solcap_snp_c1_51",0.727859457636975,0.727976112227607
"solcap_snp_c1_5113",0.0820089981513356,0.0815736137313762
"solcap_snp_c1_512",0.196923597250739,0.196313438230717
"solcap_snp_c1_5126",0.62414144208467,0.624025267455372
"solcap_snp_c1_513",0.980461340244749,0.979594739646791
"solcap_snp_c1_5137",0.0363476953818525,0.0360065682791509
"solcap_snp_c1_5145",0.0901014397215712,0.089788702519581
"solcap_snp_c1_516",0.203227543394579,0.203037090236576
"solcap_snp_c1_5198",0.471870052049339,0.472349981854408
"solcap_snp_c1_52",0.657940970772065,0.658189398583821
"solcap_snp_c1_5209",0.69372564395481,0.69427827310962
"solcap_snp_c1_5224",0.840248408187015,0.84103572887296
"solcap_snp_c1_5228",0.792880802858986,0.792532216993482
"solcap_snp_c1_5233",0.3281366966907,0.327981253022072
"solcap_snp_c1_5253",0.261807817620945,0.261781776351083
"solcap_snp_c1_5254",0.642303160434553,0.641717165547726
"solcap_snp_c1_5267",0.722997304606546,0.721620804275887
"solcap_snp_c1_5270",0.0563582311191065,0.0558263550043479
"solcap_snp_c1_5286",0.744832134133204,0.743778895460263
"solcap_snp_c1_5299",0.595936931847373,0.595200018518051
"solcap_snp_c1_5346",0.489529395314447,0.490249060542854
"solcap_snp_c1_5355",0.369052051603389,0.368140881469228
"solcap_snp_c1_5388",0.301825364075419,0.301356606382215
"solcap_snp_c1_5400",0.465905930141911,0.465728305576282
"solcap_snp_c1_5410",0.905848645705167,0.905113543112418
"solcap_snp_c1_5411",0.0211671952271771,0.0208566108807335
"solcap_snp_c1_5420",0.304870913987616,0.304321726143637
"solcap_snp_c1_543",0.260291230045154,0.26022769507187
"solcap_snp_c1_5431",0.634339005647783,0.634211491994205
"solcap_snp_c1_5440",0.0657341155520793,0.0654581867619482
"solcap_snp_c1_5443",0.936033840343491,0.935999647761573
"solcap_snp_c1_5452",0.196197029021686,0.195930984011254
"solcap_snp_c1_5459",0.751369790977538,0.752331797719155
"solcap_snp_c1_5468",0.75745774885177,0.75744536627386
"solcap_snp_c1_5477",0.987822483809653,0.988298189025856
"solcap_snp_c1_5483",0.499650071610523,0.499957029461496
"solcap_snp_c1_5499",0.587840720284486,0.588201333256732
"solcap_snp_c1_5546",0.124930635474404,0.124754565661485
"solcap_snp_c1_5559",0.199808058829412,0.199696672729742
"solcap_snp_c1_5560",0.90527014755578,0.905023202893825
"solcap_snp_c1_5566",0.732856404906455,0.733145250421513
"solcap_snp_c1_5567",0.712414785350193,0.712932510492579
"solcap_snp_c1_5578",0.602049620938045,0.602175083762012
"solcap_snp_c1_5580",0.407213596013059,0.406587328623826
"solcap_snp_c1_5653",0.791043285151612,0.791585072720409
"solcap_snp_c1_5667",0.461423412921197,0.461531744013103
"solcap_snp_c1_5669",0.878377338438397,0.877966120685994
"solcap_snp_c1_568",0.925381058849647,0.924887246252746
"solcap_snp_c1_5707",0.830040497475482,0.830349523133574
"solcap_snp_c1_5710",0.81345877508159,0.813781380213028
"solcap_snp_c1_5713",0.222252740897566,0.222116032068154
"solcap_snp_c1_5716",0.201789407791573,0.2013672565022
"solcap_snp_c1_5740",0.75434985381336,0.75476861405478
"solcap_snp_c1_5750",0.150580514502352,0.150286133956192
"solcap_snp_c1_5751",0.0664672611819617,0.0661398367207036
"solcap_snp_c1_5755",0.947894763790597,0.947726588761372
"solcap_snp_c1_5759",0.841089653167332,0.840867664331629
"solcap_snp_c1_5762",0.926560461347995,0.9268225416677
"solcap_snp_c1_5766",0.670606277883772,0.671574195379072
"solcap_snp_c1_5794",0.779348039908388,0.780299614651444
"solcap_snp_c1_5796",0.511927863671201,0.512203901770272
"solcap_snp_c1_5797",0.862976279492061,0.862884585194892
"solcap_snp_c1_58",0.684648110756194,0.684538328886321
"solcap_snp_c1_5844",0.910382193450917,0.910843745220035
"solcap_snp_c1_5895",0.632295152593353,0.632999150816973
"solcap_snp_c1_590",0.418961198050035,0.419002547632295
"solcap_snp_c1_5920",0.913675363969754,0.914104453121982
"solcap_snp_c1_5922",0.743532897687305,0.743273823304394
"solcap_snp_c1_5924",0.445170005392482,0.445963236553993
"solcap_snp_c1_5931",0.357158452209592,0.357289748236178
"solcap_snp_c1_5932",0.55864507340562,0.559298096123507
"solcap_snp_c1_5936",0.0321516495223859,0.0318460382693102
"solcap_snp_c1_5937",0.0150546827259933,0.0148376685494171
"solcap_snp_c1_594",0.620680070120406,0.620467492862471
"solcap_snp_c1_5940",0.039473308194635,0.0391665195439951
"solcap_snp_c1_5942",0.048703298422478,0.0483223959699116
"solcap_snp_c1_5951",0.59615224158183,0.596029852918713
"solcap_snp_c1_5955",0.187160120589489,0.186875450826659
"solcap_snp_c1_5965",0.11539150129484,0.115090375696295
"solcap_snp_c1_5970",0.106044991651578,0.105380516123311
"solcap_snp_c1_5981",0.0354950166978919,0.0351051136658403
"solcap_snp_c1_5995",0.249591129344147,0.249557779618118
"solcap_snp_c1_5996",0.0226242277546107,0.0223802893381427
"solcap_snp_c1_6006",0.635661422998463,0.635344432160539
"solcap_snp_c1_6033",0.79869037829212,0.798152431290445
"solcap_snp_c1_6036",0.0964733714067137,0.0961740648215232
"solcap_snp_c1_6037",0.100767968982786,0.100415274938172
"solcap_snp_c1_6040",0.00108416217730534,0.00103652914915951
"solcap_snp_c1_6046",0.273420242150957,0.273245197272197
"solcap_snp_c1_607",0.385311226848487,0.385360440811987
"solcap_snp_c1_6070",0.585541160289142,0.585325357140908
"solcap_snp_c1_6118",0.70528675756175,0.705302482573943
"solcap_snp_c1_6122",0.129688280962995,0.129337506197996
"solcap_snp_c1_6123",0.866752278717467,0.866557774454075
"solcap_snp_c1_6126",0.778091532038681,0.778271374883581
"solcap_snp_c1_6130",0.567277781139838,0.567557012384777
"solcap_snp_c1_6131",0.569945633550273,0.570233329328469
"solcap_snp_c1_6136",0.707473588238441,0.707678021582411
"solcap_snp_c1_6138",0.277004360021243,0.276846438393944
"solcap_snp_c1_6140",0.189835185441574,0.189520220896698
"solcap_snp_c1_6142",0.0979947648629249,0.097718277496965
"solcap_snp_c1_6148",0.755814155464684,0.755906365106999
"solcap_snp_c1_6166",0.859241108516856,0.858213625778863
"solcap_snp_c1_6183",0.176465491369609,0.176441909715514
"solcap_snp_c1_6192",0.050218204636648,0.0499028180170271
"solcap_snp_c1_6207",0.338243712866606,0.338240723856535
"solcap_snp_c1_6240",0.936795238621686,0.93679952604949
"solcap_snp_c1_6244",0.991796257906184,0.992445270022607
"solcap_snp_c1_6262",0.472315379732825,0.472201257367147
"solcap_snp_c1_6263",0.639891673452337,0.63987015169894
"solcap_snp_c1_6278",0.754326011009542,0.754660926007208
"solcap_snp_c1_6288",0.667907653091604,0.667694149060441
"solcap_snp_c1_6294",0.753488258964798,0.753863019569532
"solcap_snp_c1_6298",0.0928137875998371,0.0926635207729905
"solcap_snp_c1_6308",0.204851342169364,0.204898099679852
"solcap_snp_c1_6318",0.425385755898737,0.425692602396107
"solcap_snp_c1_6338",0.576950750534857,0.577053727254763
"solcap_snp_c1_6352",0.895450288287181,0.895425164358818
"solcap_snp_c1_641",0.57510944165094,0.574501372804624
"solcap_snp_c1_6411",0.774392654302335,0.773922305219482
"solcap_snp_c1_6427",0.216778018061318,0.216660225084264
"solcap_snp_c1_6461",0.155742276329738,0.15581519556233
"solcap_snp_c1_6476",0.345177096914021,0.344286910410057
"solcap_snp_c1_6518",0.921879350541799,0.9213287126166
"solcap_snp_c1_6523",0.120228768336045,0.119645341798993
"solcap_snp_c1_6533",0.717570000265833,0.717272843740701
"solcap_snp_c1_6534",0.872387193692757,0.872493869945168
"solcap_snp_c1_6546",0.23498369378312,0.235105360060398
"solcap_snp_c1_6571",0.616903319406174,0.617258413763651
"solcap_snp_c1_659",0.226401198016312,0.226138091952601
"solcap_snp_c1_6621",0.509907447315684,0.509448018415426
"solcap_snp_c1_6643",0.485864708453702,0.485194073028378
"solcap_snp_c1_6644",0.764057959039974,0.764740953186024
"solcap_snp_c1_6704",0.271755300564719,0.272195433565326
"solcap_snp_c1_6714",0.282193247684395,0.282417569074693
"solcap_snp_c1_6721",0.252895678269305,0.252527079682214
"solcap_snp_c1_6748",0.950649266801494,0.950302348727593
"solcap_snp_c1_6749",0.224562000493163,0.224062304087376
"solcap_snp_c1_6758",0.468053404847112,0.468230337119429
"solcap_snp_c1_6808",0.492648180198793,0.492025522004842
"solcap_snp_c1_6812",0.9339559579184,0.933641046111971
"solcap_snp_c1_6814",0.372226268477468,0.372811183357666
"solcap_snp_c1_6815",0.785160567430237,0.785500629869202
"solcap_snp_c1_6825",0.475889788460423,0.476185166951686
"solcap_snp_c1_683",0.747421512113151,0.748010590876007
"solcap_snp_c1_6850",0.854704738280198,0.85523916308109
"solcap_snp_c1_6853",0.141816016790818,0.141751247136141
"solcap_snp_c1_6864",0.292432665446196,0.292337549471601
"solcap_snp_c1_6869",0.626592103487889,0.626735957614888
"solcap_snp_c1_6894",0.288902086128654,0.288393297163644
"solcap_snp_c1_6930",0.915518022833865,0.916613024719412
"solcap_snp_c1_6936",0.673974591043775,0.673908569810606
"solcap_snp_c1_6967",0.89239449328423,0.893218106805052
"solcap_snp_c1_6972",0.924539942513146,0.92506505851546
"solcap_snp_c1_698",0.592412017441891,0.593027931828425
"solcap_snp_c1_6992",0.0825623870889604,0.0820461377621023
"solcap_snp_c1_6997",0.0550305002140444,0.0547230037750798
"solcap_snp_c1_7",0.981299508236049,0.981856801078904
"solcap_snp_c1_700",0.482891283540281,0.483467053324221
"solcap_snp_c1_7040",0.2418631584909,0.242207250631591
"solcap_snp_c1_7041",0.636467543104922,0.637541266696765
"solcap_snp_c1_705",0.82275070002991,0.821737391818381
"solcap_snp_c1_706",0.998391964136606,0.998754671435033
"solcap_snp_c1_7078",0.141324057613195,0.140918562309271
"solcap_snp_c1_7082",0.181461064970574,0.181055840262115
"solcap_snp_c1_7096",0.747643584911224,0.748159124484585
"solcap_snp_c1_7111",0.402064961904309,0.401927546713166
"solcap_snp_c1_7114",0.707584687524472,0.707566190450692
"solcap_snp_c1_7115",0.208275407636365,0.207834334468983
"solcap_snp_c1_7132",0.561518331489785,0.562165911711245
"solcap_snp_c1_7133",0.0889068683592196,0.0883926675364655
"solcap_snp_c1_7139",0.480945678678342,0.480622921112024
"solcap_snp_c1_7151",0.407549079455027,0.407623852976228
"solcap_snp_c1_7161",0.990318722088302,0.990635958527222
"solcap_snp_c1_7165",0.850634743434163,0.850744033495948
"solcap_snp_c1_7187",0.910024538247699,0.910559524553408
"solcap_snp_c1_7192",0.888723204691874,0.887966773461603
"solcap_snp_c1_7201",0.542861457820087,0.542681949243499
"solcap_snp_c1_7208",0.649701592026817,0.649336357122463
"solcap_snp_c1_7212",0.507342740961734,0.507863118553653
"solcap_snp_c1_7227",0.129661788762189,0.12942911093958
"solcap_snp_c1_7230",0.768650310791434,0.768505127747102
"solcap_snp_c1_7267",0.735049956531088,0.735500157612518
"solcap_snp_c1_7281",0.927355600204981,0.927292808863083
"solcap_snp_c1_73",0.808225948181784,0.808096019971115
"solcap_snp_c1_730",0.638892589077616,0.638427002410749
"solcap_snp_c1_7325",0.472333059028244,0.472305339237486
"solcap_snp_c1_7339",0.670579273758979,0.670725643150665
"solcap_snp_c1_7341",0.694759230382571,0.694688710673102
"solcap_snp_c1_7342",0.383734763166326,0.383674870115166
"solcap_snp_c1_7346",0.259867952691742,0.259552750744678
"solcap_snp_c1_7358",0.343457862037941,0.344560287133137
"solcap_snp_c1_7368",3.65241796379663e-05,3.20472279445466e-05
"solcap_snp_c1_7372",0.0115816862765633,0.0113235835158291
"solcap_snp_c1_7381",0.578284551051181,0.578362997269049
"solcap_snp_c1_7382",0.562241091015545,0.561706550880783
"solcap_snp_c1_7399",0.31689507835932,0.316076555783725
"solcap_snp_c1_7404",0.263439807431376,0.262836003341869
"solcap_snp_c1_7405",0.71435699779708,0.713585608581308
"solcap_snp_c1_7412",0.379640574153132,0.379773476280575
"solcap_snp_c1_7430",0.305181172364959,0.305287669239194
"solcap_snp_c1_7439",0.836383471320806,0.836805065227859
"solcap_snp_c1_749",0.558677424991767,0.559060536884249
"solcap_snp_c1_7505",0.953990822924183,0.953714440800345
"solcap_snp_c1_7514",0.778116725798425,0.778630872933238
"solcap_snp_c1_7515",0.48556066850532,0.485059750661344
"solcap_snp_c1_7516",0.835484331906277,0.83595099013015
"solcap_snp_c1_7517",0.480796629435331,0.480531146696413
"solcap_snp_c1_7520",0.297699726544555,0.29755723536453
"solcap_snp_c1_7521",0.769174352902965,0.769586520816168
"solcap_snp_c1_7530",0.598031818249155,0.597101211952825
"solcap_snp_c1_7567",0.439546998414256,0.439897964827369
"solcap_snp_c1_7568",0.616642894533529,0.616929908351999
"solcap_snp_c1_7569",0.596480927713115,0.596684262541903
"solcap_snp_c1_7570",0.382266488341751,0.382782244750041
"solcap_snp_c1_7571",0.6841900663083,0.684588765258071
"solcap_snp_c1_7574",0.498670236535673,0.498211488326392
"solcap_snp_c1_758",0.130918486227536,0.13095366836545
"solcap_snp_c1_7624",0.579110412923993,0.578505513075751
"solcap_snp_c1_7632",0.535850835742116,0.536276673981157
"solcap_snp_c1_7633",0.14657734899928,0.146349459065036
"solcap_snp_c1_7658",0.620699186165017,0.620702597321721
"solcap_snp_c1_7666",0.684201950274452,0.684503328953588
"solcap_snp_c1_7680",0.327363971872923,0.327044032298299
"solcap_snp_c1_7681",0.472936864007451,0.472745821010568
"solcap_snp_c1_7688",0.904583374636804,0.904608298514273
"solcap_snp_c1_7695",0.564205103563345,0.563977070257428
"solcap_snp_c1_77",0.703473731100188,0.703845947300286
"solcap_snp_c1_7700",0.889812543093285,0.89009319562613
"solcap_snp_c1_7716",0.381986686976404,0.382098698352272
"solcap_snp_c1_7739",0.896782541935487,0.896871890222345
"solcap_snp_c1_7744",0.726422755274168,0.725574008887073
"solcap_snp_c1_779",0.993611529421911,0.992910077960628
"solcap_snp_c1_7793",0.656353910228223,0.656412311000277
"solcap_snp_c1_7801",0.844925852296879,0.845311444443943
"solcap_snp_c1_7803",0.856242152228382,0.855842196243812
"solcap_snp_c1_7805",0.345413315430872,0.344787594419247
"solcap_snp_c1_7818",0.379164478818717,0.379287349578204
"solcap_snp_c1_7834",0.237060928413409,0.236677371108076
"solcap_snp_c1_7848",0.959140069225048,0.95885217755523
"solcap_snp_c1_7867",0.725883423881164,0.726067349220442
"solcap_snp_c1_7868",0.0956055010860064,0.0953711043661924
"solcap_snp_c1_7869",0.408524989786896,0.40813780898921
"solcap_snp_c1_7871",0.583855232823102,0.583987057033928
"solcap_snp_c1_7873",0.51715235199656,0.517195594473645
"solcap_snp_c1_7876",0.273397806885913,0.272934069767867
"solcap_snp_c1_7882",0.657748753849914,0.656968159328731
"solcap_snp_c1_7947",0.506885468731343,0.506642105854262
"solcap_snp_c1_7948",0.82588978843031,0.825917090113616
"solcap_snp_c1_7956",0.844231129613318,0.844996171673387
"solcap_snp_c1_7964",0.693030189057275,0.694195517855989
"solcap_snp_c1_7990",0.649722776947364,0.650027523851359
"solcap_snp_c1_8002",0.609689297865791,0.608984351206648
"solcap_snp_c1_8004",0.722791134403186,0.723406573846723
"solcap_snp_c1_8013",0.145631025043511,0.145275399847918
"solcap_snp_c1_8018",0.752381334606882,0.752271727819186
"solcap_snp_c1_8019",0.619811895271269,0.619270349324772
"solcap_snp_c1_8020",0.552428324529692,0.552186378617941
"solcap_snp_c1_8021",0.431341699243465,0.430843625198183
"solcap_snp_c1_803",0.691586346631276,0.692185152896059
"solcap_snp_c1_8036",0.541915122015758,0.541598689226329
"solcap_snp_c1_8058",0.5774333546168,0.577514892085121
"solcap_snp_c1_8079",0.797744362678705,0.797732422949295
"solcap_snp_c1_8084",0.569671990868772,0.569546163996766
"solcap_snp_c1_8091",0.215219147587338,0.215037192353622
"solcap_snp_c1_8113",0.881486856424767,0.881777767879667
"solcap_snp_c1_8118",0.675145197618093,0.674361244010965
"solcap_snp_c1_8124",0.982016798479252,0.981277445221844
"solcap_snp_c1_8129",0.19018181158694,0.190407117516391
"solcap_snp_c1_8131",0.668360812231865,0.668464837333197
"solcap_snp_c1_8136",0.581120212184194,0.58172928030175
"solcap_snp_c1_8150",0.8476655247719,0.847026903185255
"solcap_snp_c1_8164",0.887364389539705,0.886718407965118
"solcap_snp_c1_8186",0.632617299273753,0.632683084672441
"solcap_snp_c1_8203",0.461663790172656,0.461523784108778
"solcap_snp_c1_8215",0.232507405009339,0.231795832253806
"solcap_snp_c1_822",0.112638937868749,0.112322658229877
"solcap_snp_c1_823",0.392307116621214,0.392152085358666
"solcap_snp_c1_8235",0.68482037875118,0.684505373842023
"solcap_snp_c1_8282",0.576487394525144,0.576760172636249
"solcap_snp_c1_8293",0.215726920629853,0.215333249430386
"solcap_snp_c1_8297",0.573298387128087,0.573622731638294
"solcap_snp_c1_8316",0.554487077041271,0.553621643493695
"solcap_snp_c1_8319",0.246302707535864,0.246020740556191
"solcap_snp_c1_8328",0.0814573199344588,0.081202713904335
"solcap_snp_c1_8341",0.297360953647383,0.297371424702036
"solcap_snp_c1_8346",0.48969854801705,0.488937294572049
"solcap_snp_c1_8348",0.784257813731713,0.784300669034778
"solcap_snp_c1_8358",0.297726025867202,0.297195747986729
"solcap_snp_c1_836",0.879974355401695,0.880434070244891
"solcap_snp_c1_8367",0.647440998437618,0.64690818254716
"solcap_snp_c1_8368",0.501422384304839,0.501109975123517
"solcap_snp_c1_838",0.593611916492008,0.592899847959206
"solcap_snp_c1_8380",0.853896773668081,0.853844432952714
"solcap_snp_c1_8390",0.74409148959195,0.743184115060381
"solcap_snp_c1_8417",0.38473987880303,0.384609698725484
"solcap_snp_c1_844",0.384880854466209,0.384863971777768
"solcap_snp_c1_8442",0.172625039592398,0.17234358123806
"solcap_snp_c1_845",0.460393832645686,0.46073185470334
"solcap_snp_c1_846",0.486156609565899,0.486293117446631
"solcap_snp_c1_8490",0.567739300309197,0.56805397758873
"solcap_snp_c1_8518",0.290668710929708,0.290562594372699
"solcap_snp_c1_8520",0.150764413971661,0.150392584584489
"solcap_snp_c1_8522",0.456114504978041,0.456138541225588
"solcap_snp_c1_8535",0.478596615590203,0.477685472826714
"solcap_snp_c1_8541",0.233076148075726,0.232899128026105
"solcap_snp_c1_8542",0.398780007141976,0.397990115891371
"solcap_snp_c1_8549",0.655455403661206,0.655662191747878
"solcap_snp_c1_8560",0.367915095201365,0.368399358166502
"solcap_snp_c1_8566",0.677567044998053,0.677881727329301
"solcap_snp_c1_8574",0.146408817309701,0.145859854674463
"solcap_snp_c1_8579",0.598391943552477,0.597867405536362
"solcap_snp_c1_8593",0.429079519807763,0.428754322353093
"solcap_snp_c1_8594",0.225681281680856,0.225236410941822
"solcap_snp_c1_8597",0.289231708132579,0.28882621760741
"solcap_snp_c1_8599",0.593890180365659,0.594819674965685
"solcap_snp_c1_860",0.873485919646601,0.873582527323239
"solcap_snp_c1_8603",0.865048138752909,0.865258272251685
"solcap_snp_c1_8641",0.504947893617694,0.504402020272611
"solcap_snp_c1_8642",0.281044491821059,0.281518698631884
"solcap_snp_c1_8646",0.942623814835523,0.943511846859373
"solcap_snp_c1_8659",0.00441794961736889,0.00429457805074166
"solcap_snp_c1_8674",0.172511934670828,0.172524970105221
"solcap_snp_c1_868",0.890173927784747,0.890468128022445
"solcap_snp_c1_8682",0.0218821745692604,0.0216996785415831
"solcap_snp_c1_87",0.2047719172898,0.204295435081677
"solcap_snp_c1_8701",0.00470692799609426,0.00457162923601427
"solcap_snp_c1_8713",0.418685331328151,0.419093078380703
"solcap_snp_c1_8754",0.797512632442438,0.797329002438318
"solcap_snp_c1_8758",0.253057417516609,0.253011135272874
"solcap_snp_c1_8760",0.455901293444829,0.455722169879066
"solcap_snp_c1_8763",0.92559438531882,0.925356188760511
"solcap_snp_c1_8765",0.451656897936312,0.451432315902852
"solcap_snp_c1_8774",0.453129726487784,0.453255903568811
"solcap_snp_c1_8778",0.53545711155598,0.534735434099259
"solcap_snp_c1_8806",0.300579952604005,0.300667372293541
"solcap_snp_c1_881",0.252230798751664,0.251481127433739
"solcap_snp_c1_8814",0.444957195465566,0.444867963977241
"solcap_snp_c1_8821",0.757590576712626,0.756642158801434
"solcap_snp_c1_8829",0.495162213665194,0.49512258713845
"solcap_snp_c1_8834",0.767146737065601,0.767159412276438
"solcap_snp_c1_8863",0.605346472581832,0.605363546236824
"solcap_snp_c1_8864",0.887102043299036,0.887959346184027
"solcap_snp_c1_8890",0.584928312106016,0.585465735025046
"solcap_snp_c1_8891",0.250017002595301,0.249299291740843
"solcap_snp_c1_890",0.18649131258734,0.186664871029449
"solcap_snp_c1_8908",0.477663895753775,0.476878919955254
"solcap_snp_c1_8909",0.633714263596713,0.633680732938698
"solcap_snp_c1_8913",0.443478303693806,0.443160030846851
"solcap_snp_c1_8938",0.99244486167224,0.99291119313148
"solcap_snp_c1_8950",0.705727683249215,0.704822482290976
"solcap_snp_c1_8970",0.629354988561398,0.629613797408552
"solcap_snp_c1_898",0.0762357096130793,0.0758901773729504
"solcap_snp_c1_8982",0.656311744568805,0.655793385789949
"solcap_snp_c1_8983",0.10074624048039,0.100513106925833
"solcap_snp_c1_8987",0.738889702911343,0.739363917096878
"solcap_snp_c1_8998",0.413646085629381,0.413937296336031
"solcap_snp_c1_8999",0.790234405923338,0.790120099569431
"solcap_snp_c1_9014",0.0864376835768242,0.0862025651350004
"solcap_snp_c1_9027",0.768465854954529,0.768447194734652
"solcap_snp_c1_9056",0.850324637491777,0.850348237290626
"solcap_snp_c1_9058",0.900927078659882,0.901334217251216
"solcap_snp_c1_9059",0.184095149364949,0.184280550256262
"solcap_snp_c1_9060",0.834696251351551,0.834648736490708
"solcap_snp_c1_9066",0.340182114562323,0.340013218578709
"solcap_snp_c1_9103",0.429648660687187,0.429485339734904
"solcap_snp_c1_9111",0.643397962781954,0.642777637068441
"solcap_snp_c1_9120",0.917498733623781,0.917173528899747
"solcap_snp_c1_9129",0.61594968031599,0.616126858616255
"solcap_snp_c1_914",0.893639287067987,0.894212444701243
"solcap_snp_c1_9150",0.82932010559532,0.82832888522937
"solcap_snp_c1_9161",0.531194854921183,0.531029735829495
"solcap_snp_c1_9167",0.590018184110613,0.589095266837793
"solcap_snp_c1_9170",0.00887473479457821,0.00872048739224091
"solcap_snp_c1_9171",0.0122241746619214,0.012051178837347
"solcap_snp_c1_9183",0.115301078217535,0.114955409253982
"solcap_snp_c1_9204",0.4160668601336,0.415222819316769
"solcap_snp_c1_9206",0.935813000476088,0.936637733478694
"solcap_snp_c1_921",0.0221937641445018,0.0219331403870123
"solcap_snp_c1_9215",0.110843700580713,0.110492335085011
"solcap_snp_c1_9224",0.581156986116987,0.581425844995261
"solcap_snp_c1_9229",0.561886755734485,0.56216182355026
"solcap_snp_c1_925",0.954722743123373,0.955334659747519
"solcap_snp_c1_9250",0.779163073796805,0.779188844067683
"solcap_snp_c1_9268",0.401653450676613,0.400982880696012
"solcap_snp_c1_9292",0.0589809360272415,0.058623850682607
"solcap_snp_c1_9356",0.28618280420998,0.286046675542137
"solcap_snp_c1_9363",0.99063693560149,0.991084110650272
"solcap_snp_c1_9378",0.62607335917981,0.626359222154363
"solcap_snp_c1_9386",0.328105853085273,0.32801363832709
"solcap_snp_c1_9392",0.1726325732845,0.172382211324024
"solcap_snp_c1_9397",0.194745958043554,0.194247637396096
"solcap_snp_c1_9401",0.187338697687183,0.187007546125308
"solcap_snp_c1_9406",0.210919919093089,0.210756334466462
"solcap_snp_c1_9413",0.604508757342566,0.604597801396608
"solcap_snp_c1_9428",0.153789346667388,0.153308655567698
"solcap_snp_c1_9430",0.147408578001243,0.147029088858959
"solcap_snp_c1_9445",0.412952142181089,0.412855792065884
"solcap_snp_c1_9450",0.253747955097074,0.253412966848787
"solcap_snp_c1_946",0.431886862361994,0.432257130014767
"solcap_snp_c1_9474",0.696102907821657,0.695958229127149
"solcap_snp_c1_9476",0.800896848882936,0.799925905232027
"solcap_snp_c1_9477",0.216502137903405,0.216691753731956
"solcap_snp_c1_9478",0.600165739296645,0.59997419172174
"solcap_snp_c1_9490",0.542071509573204,0.54178607651701
"solcap_snp_c1_95",0.749923595685891,0.750941518608567
"solcap_snp_c1_9546",0.36273090519937,0.362390259480584
"solcap_snp_c1_9571",0.91161724007677,0.911185886478937
"solcap_snp_c1_9573",0.192376248445627,0.192303360288519
"solcap_snp_c1_958",0.572051802000781,0.572084487357932
"solcap_snp_c1_9587",0.991797039948138,0.991369178831366
"solcap_snp_c1_9601",0.782225350137277,0.782784660047148
"solcap_snp_c1_9603",0.717630290894087,0.717950476239684
"solcap_snp_c1_9613",0.272922196498065,0.272732368581846
"solcap_snp_c1_9644",0.769762966701103,0.768593686651844
"solcap_snp_c1_9645",0.274894181237889,0.274019612511772
"solcap_snp_c1_9651",0.175087978723369,0.174664501251765
"solcap_snp_c1_9652",0.449344307856642,0.449081466688008
"solcap_snp_c1_9655",0.33066980391505,0.33064059216082
"solcap_snp_c1_9663",0.847255876066289,0.847981262366209
"solcap_snp_c1_9667",0.0815262416750969,0.0812491524176687
"solcap_snp_c1_9679",0.036866915867472,0.0366268320989827
"solcap_snp_c1_9695",0.230058506500697,0.229494041408093
"solcap_snp_c1_9701",0.601145092091384,0.601247056822269
"solcap_snp_c1_9717",0.825262389837851,0.825390316012985
"solcap_snp_c1_9719",0.860898652460485,0.859975173632921
"solcap_snp_c1_9724",0.717728566744811,0.717777022275347
"solcap_snp_c1_9728",0.709896184161237,0.710006149398948
"solcap_snp_c1_973",0.000587540311589806,0.000553545476566067
"solcap_snp_c1_975",0.534590399799447,0.535228014151843
"solcap_snp_c1_9771",0.0260414896634409,0.0257801448568404
"solcap_snp_c1_9776",0.414318172792763,0.414019265150856
"solcap_snp_c1_9777",0.438504227619812,0.438213686483885
"solcap_snp_c1_9779",0.931462895487806,0.932351249745495
"solcap_snp_c1_9785",0.140957782719385,0.140732734425053
"solcap_snp_c1_9786",0.196571509161238,0.196504299326664
"solcap_snp_c1_9799",0.026057320237604,0.0257202895550285
"solcap_snp_c1_9837",0.746811559109597,0.746344604265166
"solcap_snp_c1_9839",0.659570131343841,0.658994013826751
"solcap_snp_c1_9846",0.932502844891943,0.933083627810697
"solcap_snp_c1_9865",0.516022448457405,0.515739806809553
"solcap_snp_c1_988",0.137190942380229,0.136869129533648
"solcap_snp_c1_9900",0.00170461170178592,0.00163188666352382
"solcap_snp_c1_9918",0.319388610183299,0.319504371529512
"solcap_snp_c1_992",0.285916941218749,0.285297468237236
"solcap_snp_c1_9944",0.753022149482499,0.752415290309099
"solcap_snp_c1_9958",0.551177164792988,0.551713786635424
"solcap_snp_c2_10007",0.286013022380979,0.285778062181341
"solcap_snp_c2_1001",0.386899996994125,0.387158418995528
"solcap_snp_c2_10015",0.283707499985957,0.283260838992044
"solcap_snp_c2_10021",0.0323554944591796,0.0320948544830177
"solcap_snp_c2_10025",0.450232596103208,0.44965709465744
"solcap_snp_c2_10026",0.82992160985155,0.829982658035171
"solcap_snp_c2_10042",0.315956271278259,0.31605507895421
"solcap_snp_c2_10047",0.998918020291811,0.997816451826558
"solcap_snp_c2_10055",0.870450002245042,0.870303872652335
"solcap_snp_c2_10059",0.791341340178544,0.790273883284199
"solcap_snp_c2_10060",0.740119559752566,0.739275214498525
"solcap_snp_c2_10088",0.434887848079143,0.434671759391002
"solcap_snp_c2_10179",0.270315958933776,0.270064868780155
"solcap_snp_c2_10269",0.842529120216036,0.842146903472415
"solcap_snp_c2_10287",0.624379823919341,0.62496249202773
"solcap_snp_c2_10291",0.971949429043603,0.971979755549791
"solcap_snp_c2_10292",0.320279859381235,0.32046250247844
"solcap_snp_c2_10311",0.791199655261882,0.790304720446392
"solcap_snp_c2_10338",0.569178036849169,0.569561161012023
"solcap_snp_c2_10341",0.667998121983523,0.66856192388738
"solcap_snp_c2_10342",0.423234290400683,0.423088654553407
"solcap_snp_c2_10378",0.326249066398156,0.326691221881855
"solcap_snp_c2_10381",0.273625649160673,0.273506882588148
"solcap_snp_c2_10409",0.986528412049253,0.985459316655333
"solcap_snp_c2_10437",0.699986440333986,0.699701295366047
"solcap_snp_c2_10442",0.31815209474101,0.318321745363622
"solcap_snp_c2_10443",0.577903743510115,0.57756816975333
"solcap_snp_c2_10446",0.328569399427446,0.32802978530871
"solcap_snp_c2_10449",0.701247005602568,0.700550044937305
"solcap_snp_c2_10452",0.216010061962214,0.215385702289636
"solcap_snp_c2_10523",0.621938906763301,0.622056174844319
"solcap_snp_c2_10539",0.286027353543546,0.285993813589335
"solcap_snp_c2_10540",0.720013930296171,0.720038590676408
"solcap_snp_c2_10545",0.300725961939707,0.301120311833455
"solcap_snp_c2_10546",0.0805569311671909,0.0801035347865499
"solcap_snp_c2_10547",0.663287192797352,0.663368143742283
"solcap_snp_c2_10548",0.561375683386241,0.561590122024434
"solcap_snp_c2_10566",0.674537331501103,0.674725941200981
"solcap_snp_c2_10612",0.272045321318755,0.272013807956358
"solcap_snp_c2_10613",0.665350163766868,0.665714167044429
"solcap_snp_c2_10614",0.544950992517836,0.545088011576725
"solcap_snp_c2_10615",0.0328843355935956,0.0325961074968929
"solcap_snp_c2_10616",0.10282400133518,0.10266069796638
"solcap_snp_c2_10617",0.0879290377639613,0.0877032524442492
"solcap_snp_c2_10618",0.0280924147254327,0.0278472746123407
"solcap_snp_c2_10626",0.0946981638531592,0.0942835001251166
"solcap_snp_c2_10635",0.226518341775565,0.22641421616483
"solcap_snp_c2_10656",0.878375591500003,0.878501635634959
"solcap_snp_c2_10658",0.388948538012707,0.389131933846457
"solcap_snp_c2_1066",0.295508215901902,0.295410564137798
"solcap_snp_c2_10683",0.225822421475128,0.225865995193086
"solcap_snp_c2_10686",0.383356791805828,0.383375968195037
"solcap_snp_c2_10687",0.697187766825147,0.697827883287545
"solcap_snp_c2_10688",0.965543369278895,0.965901536288037
"solcap_snp_c2_10690",0.82360048589446,0.824185738009869
"solcap_snp_c2_10693",0.134080239989822,0.134003260932534
"solcap_snp_c2_107",0.449387194834611,0.449306177012374
"solcap_snp_c2_10771",0.803469324743652,0.803360861572204
"solcap_snp_c2_10797",0.41763740119068,0.417539984910102
"solcap_snp_c2_10798",0.214648249636964,0.214550441267852
"solcap_snp_c2_10799",0.0727693706719074,0.0723229985645237
"solcap_snp_c2_10802",0.691653388385944,0.692225683451015
"solcap_snp_c2_10819",0.791048316818551,0.791097069154391
"solcap_snp_c2_10828",0.191931179968029,0.191797374937205
"solcap_snp_c2_10832",0.435924117810512,0.436250754618376
"solcap_snp_c2_10867",0.0340293649284897,0.0337179741211126
"solcap_snp_c2_10877",0.552929254119106,0.553729051725226
"solcap_snp_c2_10896",0.549749533515098,0.549656052874274
"solcap_snp_c2_109",0.501547644539243,0.501292791296083
"solcap_snp_c2_10906",0.0525428096438504,0.0521544512963329
"solcap_snp_c2_10956",0.402901003647429,0.402308215773628
"solcap_snp_c2_10958",0.229674370230265,0.229133573825366
"solcap_snp_c2_10960",0.805350383902518,0.805102381865267
"solcap_snp_c2_10963",0.340720151282677,0.341005207236051
"solcap_snp_c2_10966",0.133796421770612,0.133263631158212
"solcap_snp_c2_11005",0.956666237680691,0.957382193364512
"solcap_snp_c2_1101",0.879742753739246,0.880414102216864
"solcap_snp_c2_11018",0.722125144832969,0.72257902233635
"solcap_snp_c2_1102",0.592360997949013,0.592236715160322
"solcap_snp_c2_1103",0.392210522450373,0.392670679758366
"solcap_snp_c2_1104",0.835231553998783,0.835646425130289
"solcap_snp_c2_1108",0.347703556265574,0.347350020278582
"solcap_snp_c2_11087",0.643199510304825,0.642782027909707
"solcap_snp_c2_11101",0.980918870274321,0.981366489059904
"solcap_snp_c2_11104",0.115324128787294,0.115295483211077
"solcap_snp_c2_1113",0.879576789295931,0.879879677979188
"solcap_snp_c2_11162",0.497608627958615,0.497844501894099
"solcap_snp_c2_11211",0.42769800082493,0.427676153424379
"solcap_snp_c2_11244",0.874773053395675,0.875644539015575
"solcap_snp_c2_11253",0.989306564452744,0.989301669114739
"solcap_snp_c2_11258",0.326588217173187,0.326671512178936
"solcap_snp_c2_11260",0.356045390540356,0.356202903009278
"solcap_snp_c2_11262",0.473865443711075,0.473679088260786
"solcap_snp_c2_11267",0.263388897528953,0.263470060326192
"solcap_snp_c2_11269",0.130181615486268,0.129912508596544
"solcap_snp_c2_11270",0.27116677706465,0.27130155854715
"solcap_snp_c2_11286",0.326763916932161,0.3272102678052
"solcap_snp_c2_11287",0.719052269649011,0.718283821870998
"solcap_snp_c2_113",0.328123572664183,0.32780491565422
"solcap_snp_c2_11303",0.380627921043091,0.380644667641867
"solcap_snp_c2_11310",0.0942576344072659,0.0939397298339801
"solcap_snp_c2_11312",0.464548527700722,0.464077673328189
"solcap_snp_c2_11314",0.280885402104648,0.280639519118751
"solcap_snp_c2_11315",0.556842651237787,0.556347826466883
"solcap_snp_c2_11316",0.142128964048962,0.141786638531766
"solcap_snp_c2_11330",0.185060853310052,0.184700915697544
"solcap_snp_c2_11332",0.949280661516217,0.950221847718141
"solcap_snp_c2_11333",0.3700914942028,0.369633872425533
"solcap_snp_c2_11334",0.608396620156778,0.607762960215874
"solcap_snp_c2_11351",0.366286339334379,0.366026313621986
"solcap_snp_c2_11352",0.998590253808796,0.997752434392212
"solcap_snp_c2_11364",0.911241826027548,0.911459862687827
"solcap_snp_c2_11369",0.972333584816847,0.971759927476551
"solcap_snp_c2_11386",0.258696540616997,0.258454967167602
"solcap_snp_c2_11388",0.421063602077946,0.420285355093274
"solcap_snp_c2_11398",0.794243092070463,0.794639696953575
"solcap_snp_c2_11400",0.443276372929779,0.442781022139843
"solcap_snp_c2_11404",0.638943785271007,0.63950642187267
"solcap_snp_c2_11425",0.813390991575091,0.81348739651472
"solcap_snp_c2_11432",0.178165611309742,0.17786120579969
"solcap_snp_c2_11435",0.343611558354767,0.34315267970093
"solcap_snp_c2_11479",0.376961561482075,0.376573903840405
"solcap_snp_c2_11488",0.688192162321469,0.687606099164437
"solcap_snp_c2_11490",0.0396963476950097,0.0394039320896002
"solcap_snp_c2_11491",0.949191879517826,0.948795250291834
"solcap_snp_c2_11516",0.445458032779543,0.445871781055767
"solcap_snp_c2_11534",0.0424200806111511,0.0422508960896239
"solcap_snp_c2_11549",0.994034200906313,0.993409297300169
"solcap_snp_c2_1155",0.948715794733361,0.949338662209629
"solcap_snp_c2_11564",0.556398870580234,0.555911554332729
"solcap_snp_c2_11568",0.968629673639529,0.967510491924771
"solcap_snp_c2_11569",0.383554712167592,0.38346602600338
"solcap_snp_c2_1157",0.94677625083104,0.94625654753539
"solcap_snp_c2_11571",0.952981334205104,0.953189115101507
"solcap_snp_c2_11579",0.960600914458493,0.96104167308334
"solcap_snp_c2_11591",0.939575684017263,0.938302474607138
"solcap_snp_c2_11604",0.0483242963854407,0.0479960368518952
"solcap_snp_c2_11605",0.603521355947065,0.602546466358128
"solcap_snp_c2_11609",0.582164499143314,0.58203588940357
"solcap_snp_c2_11616",0.232274220822884,0.232415507761882
"solcap_snp_c2_11648",0.233727184362736,0.233282102226055
"solcap_snp_c2_11679",0.986822050804263,0.986747265830376
"solcap_snp_c2_11685",0.163188143809345,0.162874598633149
"solcap_snp_c2_11688",0.818369985205431,0.818421387569787
"solcap_snp_c2_11695",0.647779653852862,0.64754505177731
"solcap_snp_c2_117",0.86318220601224,0.863387758946385
"solcap_snp_c2_11712",0.75766417832914,0.757182938465554
"solcap_snp_c2_11725",0.736632113175605,0.736567727956621
"solcap_snp_c2_11726",0.623209161838354,0.623044961686527
"solcap_snp_c2_11747",0.00600923967115578,0.00584319242245153
"solcap_snp_c2_11758",0.272625568828101,0.271872790542529
"solcap_snp_c2_11766",0.0672705653098324,0.0668956658141011
"solcap_snp_c2_11771",0.0346961260404369,0.0344348064267909
"solcap_snp_c2_11803",0.32250931997533,0.322980344426384
"solcap_snp_c2_11829",0.258055407812232,0.257043180358607
"solcap_snp_c2_11851",0.000269289381115787,0.000249322641543752
"solcap_snp_c2_11881",0.140749057357667,0.140959080696919
"solcap_snp_c2_11896",0.115769732530333,0.115841062610933
"solcap_snp_c2_11899",0.237308780249558,0.237786535701139
"solcap_snp_c2_11923",0.204898550815252,0.205135199957277
"solcap_snp_c2_11924",0.621134601449567,0.621365260493328
"solcap_snp_c2_11949",0.890193323191412,0.890899320278995
"solcap_snp_c2_11952",0.162099456579716,0.161330485705687
"solcap_snp_c2_11954",0.116317299816156,0.115981897138946
"solcap_snp_c2_11961",0.125656894747161,0.124966772782493
"solcap_snp_c2_11996",0.60286843019194,0.603783643793247
"solcap_snp_c2_11999",0.395247763645993,0.396065874025442
"solcap_snp_c2_12078",0.958676919226195,0.958327899820323
"solcap_snp_c2_12087",0.770225962263992,0.770024396695247
"solcap_snp_c2_12088",0.7110271138539,0.711304510908958
"solcap_snp_c2_12093",0.921121265498425,0.921113131437602
"solcap_snp_c2_12098",0.811405683436141,0.811055511734502
"solcap_snp_c2_12107",0.954284075570226,0.954341137004649
"solcap_snp_c2_12111",0.839207383680459,0.83906643397088
"solcap_snp_c2_12113",0.804897410204926,0.804893703655962
"solcap_snp_c2_12116",0.404723747620003,0.40437368649463
"solcap_snp_c2_12126",0.439637858398321,0.439558262990647
"solcap_snp_c2_12139",0.752454497548284,0.752729332859372
"solcap_snp_c2_12171",0.940609404776378,0.940136486900027
"solcap_snp_c2_1220",0.467040210402956,0.46696364957384
"solcap_snp_c2_12204",0.685864131296858,0.686911645763503
"solcap_snp_c2_12216",0.654369768821232,0.654874177648694
"solcap_snp_c2_12217",0.908532487496221,0.908192098462177
"solcap_snp_c2_12256",0.850735852878281,0.850537984029662
"solcap_snp_c2_12257",0.149555286053846,0.149421390907684
"solcap_snp_c2_12267",0.942284521345162,0.943087982293759
"solcap_snp_c2_12268",0.336674151735936,0.337071977025072
"solcap_snp_c2_12270",0.213750058089458,0.213627033890085
"solcap_snp_c2_12276",0.606573882715808,0.607386483338779
"solcap_snp_c2_12297",0.167273349204105,0.167014153426193
"solcap_snp_c2_12333",0.854003460200537,0.854690838880508
"solcap_snp_c2_12334",0.534278948856592,0.534521982918257
"solcap_snp_c2_12368",0.57116124647508,0.571192992387059
"solcap_snp_c2_12402",0.560958705737114,0.560362407178981
"solcap_snp_c2_12403",0.941129255058368,0.941675285308049
"solcap_snp_c2_12404",0.107081375598394,0.106615940718304
"solcap_snp_c2_12411",0.064533397400596,0.0642628620009552
"solcap_snp_c2_12510",0.0262645107214954,0.0260442173334081
"solcap_snp_c2_12526",0.392297084986378,0.392702635604612
"solcap_snp_c2_12527",0.734504203539769,0.733396745684512
"solcap_snp_c2_12530",0.0966332067413994,0.0963979922127631
"solcap_snp_c2_12531",0.802956453278544,0.803998938182589
"solcap_snp_c2_12549",0.364793862863218,0.364398338967343
"solcap_snp_c2_12553",0.208928407219784,0.208483013078547
"solcap_snp_c2_12567",0.0276471869075051,0.0273329656194478
"solcap_snp_c2_12573",0.224521037860689,0.224135166537024
"solcap_snp_c2_12596",0.0882980133968861,0.0877789102492266
"solcap_snp_c2_12597",0.393426782480436,0.393713451296307
"solcap_snp_c2_12599",0.9227186498288,0.922822149328656
"solcap_snp_c2_126",0.33007209913444,0.329871308942696
"solcap_snp_c2_12603",0.0573238883704027,0.0568098067894978
"solcap_snp_c2_12618",0.399045644296324,0.399244329662569
"solcap_snp_c2_12622",0.0329429937248214,0.0326018900079542
"solcap_snp_c2_1263",0.557101267573306,0.556977275325954
"solcap_snp_c2_12696",0.55902887590501,0.558268202810558
"solcap_snp_c2_12742",0.498112397937455,0.499121534356728
"solcap_snp_c2_12746",0.0775422539690005,0.0773457631279376
"solcap_snp_c2_12747",0.163924695874346,0.163905935799441
"solcap_snp_c2_12748",0.983405978201208,0.982084101830031
"solcap_snp_c2_12751",0.20480523745198,0.204965089607308
"solcap_snp_c2_12765",0.97016834012947,0.970379768661344
"solcap_snp_c2_12770",0.0337666539404543,0.0333821585891318
"solcap_snp_c2_12780",0.474169117018721,0.473719769776338
"solcap_snp_c2_12781",0.130663134165245,0.130023386646867
"solcap_snp_c2_12783",0.936799302919152,0.936724982625246
"solcap_snp_c2_12784",0.047422754217002,0.0470997817653979
"solcap_snp_c2_12785",0.69417059422799,0.6933625006786
"solcap_snp_c2_12786",0.97736261478066,0.977614428758231
"solcap_snp_c2_12787",0.891211600298499,0.891197202410114
"solcap_snp_c2_12788",0.497868285259813,0.497623690312755
"solcap_snp_c2_12789",0.402195596714813,0.401784881258502
"solcap_snp_c2_12790",0.844551587084875,0.844313423337003
"solcap_snp_c2_12796",0.981977498663853,0.981921909513371
"solcap_snp_c2_12803",0.591903108117175,0.592736445152591
"solcap_snp_c2_12808",0.168140900719652,0.167565850314189
"solcap_snp_c2_12817",0.689671580917443,0.689865372857394
"solcap_snp_c2_129",0.367935356575685,0.367429865555294
"solcap_snp_c2_1290",0.364886022471562,0.365011766189583
"solcap_snp_c2_12904",0.220279142181518,0.220188194959876
"solcap_snp_c2_12913",0.220857952814767,0.220808222986426
"solcap_snp_c2_12921",0.589928746884622,0.590704329284763
"solcap_snp_c2_12924",0.237874641366398,0.237877335130332
"solcap_snp_c2_12928",0.413412509469864,0.413327649892238
"solcap_snp_c2_12930",0.529151904725895,0.528908844788146
"solcap_snp_c2_12937",0.725687630083344,0.726262391137773
"solcap_snp_c2_12947",0.138823092775839,0.138273832748366
"solcap_snp_c2_12953",0.724733743049989,0.726103658455088
"solcap_snp_c2_12955",0.454936571016186,0.454414662558421
"solcap_snp_c2_12957",0.583585063861966,0.582811268996984
"solcap_snp_c2_1296",0.0766295544688331,0.0761439787449185
"solcap_snp_c2_12976",0.831293192036796,0.831031947728144
"solcap_snp_c2_130",0.395807215357895,0.395381578671531
"solcap_snp_c2_13035",0.653957122346487,0.654183544930233
"solcap_snp_c2_13133",0.784415049659562,0.7839379222053
"solcap_snp_c2_13135",0.757281078074358,0.758316360308973
"solcap_snp_c2_13138",0.841817250570566,0.842746819108423
"solcap_snp_c2_13177",0.944196687977101,0.943774093499829
"solcap_snp_c2_13180",0.688170576805678,0.688017858231262
"solcap_snp_c2_13188",0.332460274692046,0.332494356994478
"solcap_snp_c2_13195",0.48770152283735,0.487950383079324
"solcap_snp_c2_13242",0.573252832538925,0.573595614056443
"solcap_snp_c2_13281",0.0128651357639442,0.0126763318447714
"solcap_snp_c2_13304",0.774871463146235,0.775153733144659
"solcap_snp_c2_13316",0.787195948252795,0.787140861273197
"solcap_snp_c2_13317",0.0373558149107827,0.037075535294392
"solcap_snp_c2_13345",0.769100473902439,0.768404317688775
"solcap_snp_c2_13350",0.955606724229839,0.955745279932418
"solcap_snp_c2_13355",0.333875870841633,0.333153232977877
"solcap_snp_c2_13385",0.982804845934928,0.9828138945344
"solcap_snp_c2_13392",0.377284177534958,0.377170439000893
"solcap_snp_c2_13414",0.00875031726424693,0.00858139032574676
"solcap_snp_c2_13419",0.753012272363125,0.753360041438599
"solcap_snp_c2_13432",0.363664511579773,0.362868958915083
"solcap_snp_c2_13590",0.223520055717244,0.222959117969731
"solcap_snp_c2_13591",0.0532516308477388,0.0528816523718475
"solcap_snp_c2_13593",0.833314790976413,0.833434704880805
"solcap_snp_c2_13594",0.162188047498145,0.162091842210679
"solcap_snp_c2_13595",0.200232121547431,0.200054946448294
"solcap_snp_c2_13604",0.424788300996919,0.424622211169189
"solcap_snp_c2_13606",0.104559022806977,0.104359662119852
"solcap_snp_c2_13613",0.0660262251378276,0.0657933144999285
"solcap_snp_c2_13617",0.233123438387172,0.232452374574058
"solcap_snp_c2_13620",0.57405933196935,0.574588989431357
"solcap_snp_c2_13625",0.0580221214741676,0.0575377648254706
"solcap_snp_c2_13628",0.105439185967072,0.104839155647121
"solcap_snp_c2_13633",0.662319316147355,0.662516687632533
"solcap_snp_c2_13635",0.197129395154038,0.196347536673907
"solcap_snp_c2_13636",0.0954853912017846,0.0950746775101674
"solcap_snp_c2_13640",0.146269460516258,0.145972322569352
"solcap_snp_c2_13645",0.0513440729101948,0.0511566913032456
"solcap_snp_c2_13671",0.386014230129981,0.38554434588782
"solcap_snp_c2_137",0.234362034469067,0.233934974071943
"solcap_snp_c2_13751",0.613407019552482,0.613592714408432
"solcap_snp_c2_13758",0.926016022099341,0.926387899266222
"solcap_snp_c2_13766",0.343566874633433,0.34296742360545
"solcap_snp_c2_13818",0.465655172347527,0.46513258549371
"solcap_snp_c2_13821",0.117563690087808,0.117415986579288
"solcap_snp_c2_13887",0.736535233720538,0.736864805748916
"solcap_snp_c2_13888",0.844508037512298,0.844439033467337
"solcap_snp_c2_13889",0.837387352743904,0.83733608585107
"solcap_snp_c2_13907",0.898748885245539,0.897880630334773
"solcap_snp_c2_13933",0.432187766259851,0.432190438318857
"solcap_snp_c2_13946",0.959959773614325,0.95928200783353
"solcap_snp_c2_13951",0.964456427106739,0.963639560647276
"solcap_snp_c2_14017",0.746666024659072,0.746199049649349
"solcap_snp_c2_14060",0.255243134494842,0.254845645080405
"solcap_snp_c2_14064",0.186983744950777,0.186758823217983
"solcap_snp_c2_14139",0.64799160601903,0.647937612241001
"solcap_snp_c2_14258",0.925994424500914,0.926524315559364
"solcap_snp_c2_14274",0.41976486001482,0.419701213362501
"solcap_snp_c2_14278",0.970032494437532,0.969953636140748
"solcap_snp_c2_14283",0.706094018443477,0.706501394599394
"solcap_snp_c2_14285",0.74893274768298,0.749146650271702
"solcap_snp_c2_14286",0.752034800120049,0.752403251209773
"solcap_snp_c2_14289",0.682554519235226,0.682937128947874
"solcap_snp_c2_14306",0.538196226270353,0.538138502518982
"solcap_snp_c2_14330",0.0702980761040259,0.0700381575265252
"solcap_snp_c2_14333",0.636241849768249,0.636242256784389
"solcap_snp_c2_14365",0.688289451820806,0.688584557820777
"solcap_snp_c2_14366",0.214721714399617,0.214771134593828
"solcap_snp_c2_14397",0.970189883349428,0.971133437675701
"solcap_snp_c2_14402",0.301622096127441,0.30101215587055
"solcap_snp_c2_14411",0.679469303166471,0.679380754159571
"solcap_snp_c2_14415",0.570868358736202,0.570431737677885
"solcap_snp_c2_14424",0.3418659860642,0.341633083049433
"solcap_snp_c2_14467",0.556219197771663,0.556125910651273
"solcap_snp_c2_1447",0.218220299121982,0.218589672037792
"solcap_snp_c2_14474",0.279412533284221,0.279595558907536
"solcap_snp_c2_14491",0.98420373664347,0.984343175743
"solcap_snp_c2_14492",0.529676936265628,0.529789517265395
"solcap_snp_c2_14493",0.882332828929144,0.881824596294124
"solcap_snp_c2_14495",0.422711699398099,0.423349774436927
"solcap_snp_c2_14517",0.380432412513326,0.380485003085367
"solcap_snp_c2_14580",0.208170095902152,0.208342531158987
"solcap_snp_c2_14608",0.54421308697289,0.544292575695912
"solcap_snp_c2_14616",0.87126515300067,0.871964411243463
"solcap_snp_c2_14623",0.61638691646021,0.61732216098398
"solcap_snp_c2_14635",0.647052861810361,0.647407156102891
"solcap_snp_c2_14636",0.151594706689751,0.151277428762232
"solcap_snp_c2_14637",0.480057630590505,0.480139896071418
"solcap_snp_c2_14640",0.441051272137519,0.441162440736466
"solcap_snp_c2_14648",0.823996652872286,0.824238984336067
"solcap_snp_c2_14652",0.794473211519274,0.794890236488679
"solcap_snp_c2_14657",0.0665999536464921,0.0662516858690151
"solcap_snp_c2_14690",0.52387737061639,0.524174389127445
"solcap_snp_c2_147",0.472006122927935,0.471440806590757
"solcap_snp_c2_14704",0.243430051077068,0.24344137223836
"solcap_snp_c2_14706",0.960242785309733,0.960886757828641
"solcap_snp_c2_14707",0.654093590853173,0.652802469463296
"solcap_snp_c2_14708",0.168055106961846,0.167182170075238
"solcap_snp_c2_14709",0.188699771351641,0.187786345982244
"solcap_snp_c2_14718",0.0929363388085386,0.092524357682481
"solcap_snp_c2_14719",0.309273489823112,0.309074240548689
"solcap_snp_c2_14722",0.115747590174275,0.115167459016641
"solcap_snp_c2_14724",0.195261109474869,0.195375891598242
"solcap_snp_c2_14730",0.165012583366575,0.164515958309981
"solcap_snp_c2_14731",0.729661047941566,0.728914921069245
"solcap_snp_c2_14733",0.161001024433126,0.160511299756887
"solcap_snp_c2_14746",0.633216359384781,0.633495629361467
"solcap_snp_c2_1475",0.321510162252169,0.321964562605473
"solcap_snp_c2_14750",0.206700203362409,0.206157983200173
"solcap_snp_c2_14760",0.507976309094615,0.508239779084506
"solcap_snp_c2_14761",0.0579265518168839,0.0574351728545805
"solcap_snp_c2_14762",0.116436542529752,0.11573588862622
"solcap_snp_c2_14763",0.37660593693283,0.375378641901694
"solcap_snp_c2_14772",0.0896791546006193,0.0891417839016657
"solcap_snp_c2_14783",0.766360343399572,0.766651201437219
"solcap_snp_c2_14794",0.549906671145347,0.549783742937558
"solcap_snp_c2_14795",0.467289615729282,0.466766151566348
"solcap_snp_c2_148",0.810584013196679,0.810039652576555
"solcap_snp_c2_14804",0.208398452005296,0.208208428229293
"solcap_snp_c2_14809",0.382045936573337,0.38219869576338
"solcap_snp_c2_1483",0.844640556143364,0.844246017113971
"solcap_snp_c2_14838",0.169944282341602,0.16988920960361
"solcap_snp_c2_14839",0.387905905361118,0.387531285056805
"solcap_snp_c2_14840",0.207025714118748,0.207037696435768
"solcap_snp_c2_14841",0.0846274489400224,0.0840296240020578
"solcap_snp_c2_14843",0.305958932771836,0.306101915626654
"solcap_snp_c2_1485",0.465610782654649,0.465579664503219
"solcap_snp_c2_1486",0.425718612097316,0.425031919747828
"solcap_snp_c2_149",0.297483541716068,0.297120035582005
"solcap_snp_c2_14903",0.777964538350781,0.777748315132718
"solcap_snp_c2_14914",0.56558491873094,0.565230721573549
"solcap_snp_c2_14924",0.241952831911451,0.242250497058636
"solcap_snp_c2_1493",0.270843837803563,0.270387664462141
"solcap_snp_c2_14930",0.498659295113966,0.498143859043323
"solcap_snp_c2_1494",0.319882479647801,0.320177748133857
"solcap_snp_c2_14946",0.235050291578284,0.234653222302264
"solcap_snp_c2_14947",0.408073229861224,0.40800260096709
"solcap_snp_c2_14952",0.324303287794818,0.323936497582931
"solcap_snp_c2_14954",0.112145192705289,0.111773329069736
"solcap_snp_c2_1498",0.500976351700987,0.500963849642481
"solcap_snp_c2_14980",0.806967103839642,0.807303010954135
"solcap_snp_c2_14981",0.325976150893268,0.326037818450596
"solcap_snp_c2_1499",0.0355476619302905,0.0351966120022953
"solcap_snp_c2_15018",0.98643705527449,0.986736566642879
"solcap_snp_c2_15042",0.859524031388682,0.859499742189079
"solcap_snp_c2_15047",0.702272963249061,0.701723621400075
"solcap_snp_c2_15065",0.955401970462813,0.955384248941903
"solcap_snp_c2_1511",0.0860628627002179,0.0857298212647107
"solcap_snp_c2_1512",0.803262744790393,0.803799334048311
"solcap_snp_c2_1514",0.290097222641573,0.289595323930468
"solcap_snp_c2_15215",0.522284121002189,0.522494648645365
"solcap_snp_c2_15255",0.471195061232197,0.471418028358614
"solcap_snp_c2_15257",0.681431308164546,0.681156528243951
"solcap_snp_c2_15268",0.681421333686064,0.68167114310132
"solcap_snp_c2_15279",0.343245061517494,0.343686729390195
"solcap_snp_c2_15287",0.478442724140555,0.4779546547528
"solcap_snp_c2_15288",0.906283804665739,0.906170326048308
"solcap_snp_c2_15291",0.110614297323605,0.110567233030823
"solcap_snp_c2_15307",0.272055883259493,0.272219414879357
"solcap_snp_c2_15314",0.741315135701186,0.74169343673633
"solcap_snp_c2_15315",0.278384511706283,0.278442021080145
"solcap_snp_c2_1533",0.662754332116227,0.662147600031768
"solcap_snp_c2_15332",0.444971435883941,0.445221402930695
"solcap_snp_c2_15333",0.529948849732177,0.530781828268682
"solcap_snp_c2_15334",0.32480779103837,0.325027646835824
"solcap_snp_c2_15336",0.891041217950624,0.890558232538753
"solcap_snp_c2_15337",0.613118507374348,0.613590825434619
"solcap_snp_c2_15338",0.808881922176637,0.809315370637222
"solcap_snp_c2_15340",0.880360177427322,0.879876596786849
"solcap_snp_c2_15353",0.200599065202779,0.200681528008201
"solcap_snp_c2_15356",0.43690441561235,0.436570012793062
"solcap_snp_c2_15358",0.967564352341545,0.967595203715891
"solcap_snp_c2_15359",0.0830276974626051,0.0828906774666923
"solcap_snp_c2_1536",0.993602677319327,0.993795958470897
"solcap_snp_c2_15363",0.686883392815009,0.687387780424056
"solcap_snp_c2_15364",0.578731551792547,0.577976936731705
"solcap_snp_c2_15365",0.995082455509565,0.995955080611608
"solcap_snp_c2_15385",0.325424210114692,0.325525692483351
"solcap_snp_c2_15386",0.668003921688211,0.667934393013212
"solcap_snp_c2_15388",0.391871924061774,0.391148080486384
"solcap_snp_c2_15393",0.188848463719646,0.188456059269274
"solcap_snp_c2_1542",0.13679338506436,0.136473085113047
"solcap_snp_c2_15420",0.891274455799319,0.891870395702706
"solcap_snp_c2_15427",0.510477000094495,0.510888173606098
"solcap_snp_c2_15444",0.597600765609019,0.597267215945543
"solcap_snp_c2_15452",0.854917529157084,0.854453963885237
"solcap_snp_c2_15456",0.499192955162375,0.499469625836843
"solcap_snp_c2_15470",0.269227428582893,0.268967894497478
"solcap_snp_c2_15483",0.337656486502657,0.337612524078562
"solcap_snp_c2_15521",0.100358164589981,0.0999912613003682
"solcap_snp_c2_15528",0.575936015227842,0.575944822741397
"solcap_snp_c2_15529",0.155148438552858,0.154741852667682
"solcap_snp_c2_15530",0.954565310026251,0.954220019474304
"solcap_snp_c2_15534",0.110282732991111,0.109979339636607
"solcap_snp_c2_15537",0.101116330624033,0.101067839796765
"solcap_snp_c2_15544",0.559197061988135,0.55906417463024
"solcap_snp_c2_1556",0.702864035969139,0.702467076930446
"solcap_snp_c2_15563",0.996863068933197,0.996592815410161
"solcap_snp_c2_15577",0.776221888427462,0.776568772668315
"solcap_snp_c2_15590",0.885303826201349,0.884719036076197
"solcap_snp_c2_15595",0.733741274729172,0.733033969197518
"solcap_snp_c2_15596",0.19744294317946,0.197126126597328
"solcap_snp_c2_15607",0.934887971961164,0.934690794045045
"solcap_snp_c2_15632",0.329591523736876,0.329396534981934
"solcap_snp_c2_15635",0.991882483408598,0.991816252815382
"solcap_snp_c2_15648",0.375428009980648,0.375101368529631
"solcap_snp_c2_15660",0.845934057024177,0.845962520455723
"solcap_snp_c2_1567",0.552945068110085,0.552502500117416
"solcap_snp_c2_15679",0.172772928843231,0.172010581592659
"solcap_snp_c2_15681",0.576028174544714,0.5755527879817
"solcap_snp_c2_15682",0.970300049073917,0.9703905636014
"solcap_snp_c2_15701",0.7385602310955,0.738652276453789
"solcap_snp_c2_15720",0.749620658542819,0.749749333643825
"solcap_snp_c2_15722",0.321285772741118,0.32090005755441
"solcap_snp_c2_15723",0.294531950189752,0.294005710047035
"solcap_snp_c2_15730",0.232865998612262,0.23248944743338
"solcap_snp_c2_15739",0.245496636788595,0.245240088591731
"solcap_snp_c2_15742",0.8016146620259,0.801009928304755
"solcap_snp_c2_15745",0.999339658220527,0.9991772082388
"solcap_snp_c2_15749",0.750881551891933,0.750920445421474
"solcap_snp_c2_15789",0.443317067493808,0.443471922077595
"solcap_snp_c2_1579",0.565648953611328,0.565180406617839
"solcap_snp_c2_15796",0.728106993412529,0.728195703081155
"solcap_snp_c2_158",0.499181338123477,0.498834822830067
"solcap_snp_c2_15803",0.620902261858405,0.620230340225303
"solcap_snp_c2_15818",0.703535404691223,0.703423116141968
"solcap_snp_c2_15824",0.516614821008874,0.516645840009713
"solcap_snp_c2_15825",0.79066201484772,0.790512619933856
"solcap_snp_c2_15826",0.737239767419648,0.737216454937129
"solcap_snp_c2_15827",0.928118440360459,0.927999423922386
"solcap_snp_c2_15829",0.594069785918073,0.594091041714627
"solcap_snp_c2_15835",0.95499406793437,0.955533582228394
"solcap_snp_c2_15836",0.565226331080225,0.565815496592544
"solcap_snp_c2_15839",0.905967995988699,0.906541270753029
"solcap_snp_c2_15840",0.239971465770868,0.239505973519831
"solcap_snp_c2_15846",0.75357881476533,0.753375884251052
"solcap_snp_c2_15857",0.884659902575425,0.885040622819521
"solcap_snp_c2_15859",0.694616542089149,0.694776920131176
"solcap_snp_c2_15929",0.161474850575278,0.161482093422137
"solcap_snp_c2_15973",0.880701755566323,0.880703531331248
"solcap_snp_c2_160",0.498560509101142,0.498320867973847
"solcap_snp_c2_16004",0.015727279736189,0.015574418239411
"solcap_snp_c2_1603",0.866240052810675,0.865550151629052
"solcap_snp_c2_16033",0.082455335037278,0.0819746352776897
"solcap_snp_c2_16037",0.172447500549122,0.172139527940018
"solcap_snp_c2_16039",0.917296373545618,0.916255568138241
"solcap_snp_c2_16068",0.522286645748323,0.522548776962392
"solcap_snp_c2_161",0.750673364056471,0.750136116175732
"solcap_snp_c2_16135",0.769579933956826,0.769313415344205
"solcap_snp_c2_16159",0.638398303098832,0.637947007098054
"solcap_snp_c2_1616",0.98830637550766,0.987777187187842
"solcap_snp_c2_16169",0.337379980919733,0.337913993685538
"solcap_snp_c2_16170",0.353153166993122,0.353440526873917
"solcap_snp_c2_16182",0.638229143405578,0.638180128092514
"solcap_snp_c2_16200",0.344552424631682,0.34432376955997
"solcap_snp_c2_16204",0.964445603490056,0.965333063489458
"solcap_snp_c2_16238",0.341680728953903,0.341622823522836
"solcap_snp_c2_16247",0.909776031937125,0.909293967809006
"solcap_snp_c2_16260",0.452773647883596,0.452704086576813
"solcap_snp_c2_16269",0.90815371103361,0.908028283078496
"solcap_snp_c2_16274",0.725975601036242,0.725404823522329
"solcap_snp_c2_16294",0.375409276264517,0.375532854580325
"solcap_snp_c2_16298",0.382784643863222,0.382892246720412
"solcap_snp_c2_16299",0.850632713473156,0.849873045701495
"solcap_snp_c2_163",0.287913599196824,0.287437095820876
"solcap_snp_c2_16305",0.539480925363407,0.540308787607001
"solcap_snp_c2_1634",0.368075961925379,0.367836806085404
"solcap_snp_c2_16346",0.598459206003165,0.598204177448686
"solcap_snp_c2_16348",0.294371445388728,0.294355093775141
"solcap_snp_c2_16350",0.627094730107213,0.627064481139215
"solcap_snp_c2_16362",0.263493603830652,0.263351778246894
"solcap_snp_c2_16369",0.294614932386447,0.294216792409495
"solcap_snp_c2_16383",0.991442718460784,0.990058304989888
"solcap_snp_c2_164",0.309214658006477,0.308621983329339
"solcap_snp_c2_16409",0.495313648615056,0.494826576597556
"solcap_snp_c2_16412",0.391204824301814,0.390570398971703
"solcap_snp_c2_16424",0.799415891374735,0.798173113600662
"solcap_snp_c2_16431",0.24875848006806,0.24831001661921
"solcap_snp_c2_16435",0.530532639553438,0.531241946013199
"solcap_snp_c2_16441",0.562169800457253,0.561461632623389
"solcap_snp_c2_16444",0.493453144767335,0.494652858348161
"solcap_snp_c2_16466",0.981287762501199,0.979755883514189
"solcap_snp_c2_16470",0.317563459754398,0.316952488220006
"solcap_snp_c2_16478",0.552668441913874,0.552015578513511
"solcap_snp_c2_16479",0.626756893198422,0.627110636656429
"solcap_snp_c2_16530",0.0616616147048811,0.061517875871624
"solcap_snp_c2_16571",0.187879174402769,0.188122664062761
"solcap_snp_c2_16634",0.668527839546801,0.667804957519807
"solcap_snp_c2_16675",0.367525252841674,0.366921553339427
"solcap_snp_c2_16676",0.362882414516486,0.36230981334593
"solcap_snp_c2_16677",0.224282771394726,0.223758840500346
"solcap_snp_c2_16679",0.378772316322895,0.378275375807572
"solcap_snp_c2_16680",0.431969321235816,0.431374173710224
"solcap_snp_c2_16681",0.359363260093439,0.358633361696749
"solcap_snp_c2_16682",0.600991886302377,0.600386015307489
"solcap_snp_c2_16688",0.532866416708561,0.532076461082584
"solcap_snp_c2_16709",0.0338836899398373,0.0335302302395408
"solcap_snp_c2_1671",0.445215259146276,0.445874995018458
"solcap_snp_c2_16712",0.99645968997051,0.99685987288078
"solcap_snp_c2_16713",0.110895908741546,0.110521592340454
"solcap_snp_c2_16718",0.908575824807631,0.908675231215214
"solcap_snp_c2_16720",0.193400183372371,0.192954845674951
"solcap_snp_c2_16722",0.0490207494857576,0.0485388605617619
"solcap_snp_c2_16738",0.942989202607909,0.943150673961552
"solcap_snp_c2_16744",0.194027671365941,0.194266609517812
"solcap_snp_c2_16764",0.0129483870102418,0.0127500115877502
"solcap_snp_c2_16767",0.00323831800402029,0.00313830716218868
"solcap_snp_c2_16777",0.809935382487484,0.810380829724445
"solcap_snp_c2_16778",0.398564169080988,0.398591950873462
"solcap_snp_c2_16780",0.343533332118692,0.343481197892314
"solcap_snp_c2_16784",0.465398687588588,0.465565740011925
"solcap_snp_c2_16785",0.860563444994753,0.86069552800022
"solcap_snp_c2_16804",0.746921339669655,0.747039168841758
"solcap_snp_c2_1681",0.953895015551997,0.953918936015371
"solcap_snp_c2_16817",0.587687483182927,0.58755777279748
"solcap_snp_c2_16818",0.158527127698358,0.158515267592561
"solcap_snp_c2_16823",0.701940406556154,0.701813073556853
"solcap_snp_c2_16824",0.727131123516585,0.726273918290933
"solcap_snp_c2_16831",0.89481060940209,0.894637290249266
"solcap_snp_c2_16843",0.0339945745462553,0.0336771082035033
"solcap_snp_c2_16846",0.0891593252021146,0.0888242508441776
"solcap_snp_c2_16863",0.652683042042828,0.652428987733257
"solcap_snp_c2_1688",0.798160660418069,0.799292726108276
"solcap_snp_c2_16908",0.905042068131834,0.903780032880286
"solcap_snp_c2_16911",0.833186909052287,0.834687248070472
"solcap_snp_c2_16912",0.600309123833918,0.599933329515393
"solcap_snp_c2_16915",0.795081049388556,0.79653882372387
"solcap_snp_c2_16920",0.648353657833347,0.647833905195808
"solcap_snp_c2_16922",0.916816749590139,0.91548376477073
"solcap_snp_c2_16962",0.110912642684673,0.110381667290056
"solcap_snp_c2_16994",0.825620815712149,0.825302694370577
"solcap_snp_c2_16995",0.287817400836344,0.287672174345698
"solcap_snp_c2_16996",0.288152702638012,0.287628074785354
"solcap_snp_c2_16997",0.324774452938021,0.324102710287526
"solcap_snp_c2_16998",0.324987825589882,0.324910092915551
"solcap_snp_c2_17010",0.984482546498128,0.984314933793913
"solcap_snp_c2_17025",0.800881981117488,0.801515515141382
"solcap_snp_c2_17060",0.861914048446245,0.861630544713715
"solcap_snp_c2_17094",0.587708517415247,0.588543430215709
"solcap_snp_c2_17096",0.692527650994793,0.692445318583407
"solcap_snp_c2_17133",0.385009661634625,0.385461487254043
"solcap_snp_c2_17145",0.971149651246884,0.971963258677911
"solcap_snp_c2_17156",0.752642435744077,0.75314101159181
"solcap_snp_c2_17157",0.248008299579737,0.248223354365053
"solcap_snp_c2_1716",0.824293034025544,0.82448206031128
"solcap_snp_c2_1718",0.963273767919486,0.963844059545993
"solcap_snp_c2_17185",0.582854919890271,0.583038679366435
"solcap_snp_c2_1719",0.901349505948122,0.901370131108552
"solcap_snp_c2_17191",0.782723827648097,0.782671702958901
"solcap_snp_c2_17204",0.280158693150147,0.280455517761828
"solcap_snp_c2_17218",0.374335949860371,0.374255993372193
"solcap_snp_c2_1725",0.345281150120923,0.34537527905517
"solcap_snp_c2_17279",0.685752312515679,0.685554624399944
"solcap_snp_c2_17281",0.806398545829853,0.806641241171669
"solcap_snp_c2_17283",0.561880292705536,0.561254106947952
"solcap_snp_c2_17284",0.741027250946189,0.740179635985475
"solcap_snp_c2_17289",0.748722284936792,0.74891466790785
"solcap_snp_c2_17290",0.821758207862541,0.821324081546778
"solcap_snp_c2_17294",0.418174115738605,0.417990710916321
"solcap_snp_c2_17297",0.358334364094883,0.35822895317875
"solcap_snp_c2_17301",0.0548382621339252,0.0545528166859757
"solcap_snp_c2_17305",0.181251895966929,0.181149030624282
"solcap_snp_c2_17318",0.75092933792639,0.751000222826188
"solcap_snp_c2_17321",0.887060987635633,0.887029565909142
"solcap_snp_c2_17323",0.0302287557117068,0.0299533777938788
"solcap_snp_c2_17332",0.785059623155939,0.786042418964081
"solcap_snp_c2_17356",0.637426900287943,0.638485895951389
"solcap_snp_c2_17371",0.28112400753743,0.281421339674664
"solcap_snp_c2_17377",0.403140141564143,0.402911281198046
"solcap_snp_c2_17380",0.369675280580154,0.369323512719389
"solcap_snp_c2_17400",0.933491116328134,0.933694367599553
"solcap_snp_c2_17415",0.403866217871909,0.40337306448577
"solcap_snp_c2_17419",0.736137916069317,0.736196452956591
"solcap_snp_c2_17424",0.367479850906173,0.366955803824401
"solcap_snp_c2_17427",0.0334117952908929,0.0331264448704204
"solcap_snp_c2_17429",0.91866817969734,0.91839935034753
"solcap_snp_c2_17449",0.240833849875893,0.240579768189385
"solcap_snp_c2_17455",0.374781484032445,0.374931160539513
"solcap_snp_c2_1748",0.810557159552467,0.810264148721556
"solcap_snp_c2_17489",0.616616489083598,0.616562394857027
"solcap_snp_c2_17529",0.39618075519242,0.39595687760473
"solcap_snp_c2_17531",0.828150110331328,0.827524073237161
"solcap_snp_c2_17537",0.735906739140666,0.735532607178728
"solcap_snp_c2_17539",0.697401763050804,0.698675805789625
"solcap_snp_c2_17567",0.270450635295946,0.270296540664881
"solcap_snp_c2_17581",0.176066205528026,0.176331429744007
"solcap_snp_c2_17592",0.923064447195604,0.922927736354333
"solcap_snp_c2_17612",0.544894915696169,0.544650576217821
"solcap_snp_c2_17613",0.631978776852936,0.632146065481018
"solcap_snp_c2_17617",0.492903575766838,0.492425875017923
"solcap_snp_c2_17623",0.41268369618016,0.412385085972847
"solcap_snp_c2_17631",0.88349486014464,0.883716150390099
"solcap_snp_c2_17737",0.0383453405609061,0.038029280497055
"solcap_snp_c2_17793",0.977183261851895,0.97684211611548
"solcap_snp_c2_178",0.923642059614976,0.923188515009503
"solcap_snp_c2_17807",0.933810508913468,0.932881565033332
"solcap_snp_c2_17809",0.933474958096278,0.933390484545594
"solcap_snp_c2_17814",0.352768033148736,0.352396597962953
"solcap_snp_c2_17816",0.910334410915729,0.909820356578909
"solcap_snp_c2_17858",0.754788891014568,0.754304922938495
"solcap_snp_c2_17864",0.83241114544425,0.832106344864554
"solcap_snp_c2_17867",0.363748589171305,0.363392119588805
"solcap_snp_c2_17887",0.835380289796371,0.836232961215339
"solcap_snp_c2_17896",0.548600085318685,0.54820035699907
"solcap_snp_c2_17897",0.998278708291688,0.998579797898688
"solcap_snp_c2_17898",0.491422194406114,0.491635459951842
"solcap_snp_c2_17899",0.998080336432032,0.998648383756952
"solcap_snp_c2_1790",0.697485390407095,0.698318331705918
"solcap_snp_c2_17900",0.950614047366353,0.95017367465415
"solcap_snp_c2_1791",0.247513943730822,0.246913776124278
"solcap_snp_c2_17914",0.544671571936356,0.544073790565117
"solcap_snp_c2_17921",0.244874704402421,0.24456831061139
"solcap_snp_c2_17922",0.943979045315194,0.943728022233853
"solcap_snp_c2_17926",0.209277128951936,0.209018487685696
"solcap_snp_c2_17930",0.327960158682201,0.327617818499171
"solcap_snp_c2_17931",0.504269253200586,0.504807662009806
"solcap_snp_c2_17932",0.941634529568443,0.942035417644078
"solcap_snp_c2_17935",0.23560491974332,0.235271734097889
"solcap_snp_c2_17937",0.374839865332094,0.374496468247501
"solcap_snp_c2_17938",0.915409247799813,0.91584789281897
"solcap_snp_c2_17951",0.824438800161539,0.823759929252873
"solcap_snp_c2_17973",0.366022795370273,0.365638096975086
"solcap_snp_c2_18065",0.251018894091136,0.251121970259522
"solcap_snp_c2_18113",0.955802025967577,0.954796774292366
"solcap_snp_c2_18115",0.660470208496448,0.660918531081984
"solcap_snp_c2_1813",0.402238877597247,0.402728975999044
"solcap_snp_c2_18221",0.527588269644295,0.527203561660607
"solcap_snp_c2_18223",0.887816507745473,0.887034137541321
"solcap_snp_c2_18240",0.317625283877623,0.317551949418847
"solcap_snp_c2_18241",0.412813143370644,0.412402539368804
"solcap_snp_c2_18242",0.440628553317828,0.440412793739285
"solcap_snp_c2_18245",0.529695695198615,0.529394333069789
"solcap_snp_c2_18267",0.873663717402874,0.874177490404303
"solcap_snp_c2_18269",0.669912142687242,0.670625061745444
"solcap_snp_c2_18271",0.0527327079413219,0.0523644413728498
"solcap_snp_c2_18272",0.748119405629313,0.747687054817549
"solcap_snp_c2_18273",0.197065742950549,0.196868818509046
"solcap_snp_c2_18308",0.907952231368519,0.907438502373984
"solcap_snp_c2_1835",0.532663684126809,0.533296896953726
"solcap_snp_c2_18407",0.707260072041674,0.706945627422789
"solcap_snp_c2_18409",0.872113833379921,0.871813299076089
"solcap_snp_c2_18428",0.397445922753363,0.397395885818745
"solcap_snp_c2_18457",0.10520593048484,0.104888573894487
"solcap_snp_c2_18459",0.990332492507898,0.990858639384432
"solcap_snp_c2_18463",0.963110695753789,0.962302960890957
"solcap_snp_c2_18490",0.32319728248911,0.323275909982356
"solcap_snp_c2_185",0.842373390114054,0.842013561765597
"solcap_snp_c2_18502",0.454237740090315,0.453925087834704
"solcap_snp_c2_18503",0.960967775291191,0.960092008717654
"solcap_snp_c2_18504",0.577593364856069,0.577752990135163
"solcap_snp_c2_18505",0.123585225178147,0.123465157831645
"solcap_snp_c2_18506",0.60394770613004,0.603662719534956
"solcap_snp_c2_18507",0.855268451163675,0.854668291539897
"solcap_snp_c2_18524",0.740130834384097,0.739932225490864
"solcap_snp_c2_18526",0.687194031329496,0.686881947316882
"solcap_snp_c2_18528",0.282517693357024,0.282336981561455
"solcap_snp_c2_18530",0.145474488554042,0.145567661777171
"solcap_snp_c2_18532",0.795959963198164,0.796267857845233
"solcap_snp_c2_18548",0.268508427371524,0.268112609019698
"solcap_snp_c2_18549",0.0718680902033964,0.0713749388545582
"solcap_snp_c2_18552",0.166531223324214,0.165760672973911
"solcap_snp_c2_18554",0.0074356841514665,0.00726100506824047
"solcap_snp_c2_18570",0.848060236197277,0.84767393861118
"solcap_snp_c2_18573",0.117313619514343,0.116725171354636
"solcap_snp_c2_18590",0.364339340165905,0.363838262781106
"solcap_snp_c2_18662",0.0183539323113739,0.0181304753514811
"solcap_snp_c2_18665",0.598678070471938,0.598495035981041
"solcap_snp_c2_18666",0.574872300238831,0.57535441404182
"solcap_snp_c2_18667",0.437777190180521,0.437587454086358
"solcap_snp_c2_18682",0.274433995863099,0.274274727998456
"solcap_snp_c2_18685",0.0353146550481263,0.0351291360510891
"solcap_snp_c2_18745",0.032918869527928,0.0327406813086698
"solcap_snp_c2_18759",0.00833280696428014,0.00815384596454074
"solcap_snp_c2_18788",0.212221587319626,0.211967823556652
"solcap_snp_c2_18791",0.210263001429635,0.210261881262247
"solcap_snp_c2_18803",0.220588539230868,0.220512317454337
"solcap_snp_c2_18822",0.681167057475202,0.681760438404753
"solcap_snp_c2_18834",0.269228474923566,0.269676936023236
"solcap_snp_c2_18836",0.344943871481247,0.345359482413952
"solcap_snp_c2_18838",0.477586399496491,0.478122197751794
"solcap_snp_c2_18841",0.0923408519698874,0.092039287874345
"solcap_snp_c2_18842",0.00382834337985076,0.00371665463771278
"solcap_snp_c2_18846",0.0477818840187669,0.047510921388093
"solcap_snp_c2_18848",0.303237713806744,0.302836278928761
"solcap_snp_c2_18849",0.477241119134947,0.476794810332844
"solcap_snp_c2_18859",0.329370008450758,0.329295176697502
"solcap_snp_c2_18872",0.781886164584509,0.781959528850547
"solcap_snp_c2_18873",0.544020202567632,0.544255129980927
"solcap_snp_c2_18895",0.538245506251934,0.538338122830375
"solcap_snp_c2_18918",0.114987810623121,0.114730453884469
"solcap_snp_c2_18924",0.713148675579607,0.713598890245737
"solcap_snp_c2_18926",0.549469795421595,0.549789706622708
"solcap_snp_c2_18945",0.80913390566225,0.809745783936565
"solcap_snp_c2_18964",0.839405569303629,0.839613944610393
"solcap_snp_c2_1898",0.658055386628085,0.657887344623347
"solcap_snp_c2_18983",0.90913817295797,0.909861854499308
"solcap_snp_c2_18994",0.735488649120212,0.734794965252193
"solcap_snp_c2_18995",0.417024042139671,0.416946616593498
"solcap_snp_c2_1901",0.532889053243523,0.532763088518483
"solcap_snp_c2_19013",0.88544327485812,0.885515782717621
"solcap_snp_c2_19017",0.136312478071499,0.135947124638695
"solcap_snp_c2_19020",0.770773645229572,0.770636678341614
"solcap_snp_c2_1903",0.984888878343357,0.984564112851368
"solcap_snp_c2_1905",0.667749334473311,0.667510805590895
"solcap_snp_c2_1906",0.438022981245622,0.437960139589221
"solcap_snp_c2_19075",0.934858738094369,0.935789641712227
"solcap_snp_c2_19076",0.61545385746134,0.615726879682823
"solcap_snp_c2_19078",0.44889351655962,0.449076662969338
"solcap_snp_c2_19079",0.261350900404256,0.261033668347995
"solcap_snp_c2_1908",0.33159535793121,0.330984797293211
"solcap_snp_c2_19080",0.379468548682728,0.378987957266725
"solcap_snp_c2_19085",0.373456882943623,0.372660967992123
"solcap_snp_c2_1912",0.0302659364500455,0.0299691747928564
"solcap_snp_c2_19125",0.656246236415866,0.655603458762682
"solcap_snp_c2_19135",0.26429524233783,0.264006820849136
"solcap_snp_c2_19144",0.287416462437734,0.287069119815265
"solcap_snp_c2_1915",0.340099014356252,0.340163170250843
"solcap_snp_c2_1918",0.26605987063833,0.266180704224361
"solcap_snp_c2_1919",0.458926115010386,0.458948871912858
"solcap_snp_c2_19215",0.212857042621484,0.21257675705639
"solcap_snp_c2_19220",0.0505266886432494,0.0501356993591191
"solcap_snp_c2_19222",0.19151671790369,0.191361380500515
"solcap_snp_c2_19223",0.950517696761022,0.951070790321633
"solcap_snp_c2_19224",0.151717794220114,0.1515087982221
"solcap_snp_c2_19251",0.656415087809649,0.656438971448888
"solcap_snp_c2_19252",0.974092023997014,0.974026594005168
"solcap_snp_c2_19261",0.313775351616964,0.314408732942936
"solcap_snp_c2_19268",0.451369897226928,0.45206352011723
"solcap_snp_c2_1929",0.0265431465203905,0.0263526616195973
"solcap_snp_c2_1930",0.26176478240885,0.261980143364079
"solcap_snp_c2_19302",0.740357633389321,0.740478146262006
"solcap_snp_c2_19325",0.517713547380453,0.51630894078234
"solcap_snp_c2_1933",0.418665332543375,0.419121925583575
"solcap_snp_c2_19353",0.578452012685876,0.579016793573128
"solcap_snp_c2_19355",0.868373609269179,0.869417443524993
"solcap_snp_c2_19384",0.258495230818255,0.25826678873394
"solcap_snp_c2_19396",0.152366467819604,0.15199667934878
"solcap_snp_c2_19414",0.748295683118631,0.747700285539335
"solcap_snp_c2_19415",0.770953026504102,0.770999841830576
"solcap_snp_c2_19422",0.772291997562094,0.771483985680983
"solcap_snp_c2_19426",0.528315396064043,0.52851730302335
"solcap_snp_c2_19429",0.847951322458519,0.848644484353505
"solcap_snp_c2_19431",0.514977181169826,0.515156699402455
"solcap_snp_c2_19432",0.653761453614632,0.653853576827774
"solcap_snp_c2_19433",0.38965483272376,0.390029289917462
"solcap_snp_c2_19437",0.591435390882838,0.591660801908934
"solcap_snp_c2_19442",0.807087756236004,0.807460927570154
"solcap_snp_c2_19444",0.414856798191598,0.414964682066066
"solcap_snp_c2_19458",0.319652564182897,0.319883236888205
"solcap_snp_c2_19466",0.707866147127659,0.707061878681766
"solcap_snp_c2_1950",0.481874983798002,0.482695110657671
"solcap_snp_c2_19533",0.705189675464194,0.705324834715824
"solcap_snp_c2_19534",0.87512793158612,0.875347165539154
"solcap_snp_c2_19536",0.317192035223533,0.317634131556865
"solcap_snp_c2_19537",0.412892267882587,0.413090312879463
"solcap_snp_c2_19556",0.569933862729552,0.569172664013729
"solcap_snp_c2_19565",0.808968187213045,0.80904041103758
"solcap_snp_c2_19569",0.0725346726968156,0.0722099445738312
"solcap_snp_c2_19584",0.164113223964871,0.163573215323173
"solcap_snp_c2_196",0.396530344180653,0.396186782133677
"solcap_snp_c2_1962",0.865978333173163,0.865549358237727
"solcap_snp_c2_19627",0.574672158984263,0.574997298647541
"solcap_snp_c2_1963",0.200803777063434,0.20057984480087
"solcap_snp_c2_19630",0.309599280411945,0.309649170052117
"solcap_snp_c2_19632",0.479794077252044,0.479591764056428
"solcap_snp_c2_19638",0.785306663138369,0.784538558886794
"solcap_snp_c2_19639",0.702362839015151,0.701810192060489
"solcap_snp_c2_19645",0.61602931529365,0.616686934151032
"solcap_snp_c2_19646",0.784353382680984,0.783300891703245
"solcap_snp_c2_19647",0.898802319968669,0.898207093189013
"solcap_snp_c2_19658",0.66832753569281,0.6683554969852
"solcap_snp_c2_1967",0.900121187195795,0.900162690627989
"solcap_snp_c2_19670",0.929563967516418,0.928490791674543
"solcap_snp_c2_1968",0.439444254701369,0.438983420908838
"solcap_snp_c2_19692",0.718911746821776,0.719093360522336
"solcap_snp_c2_19701",0.944553833000553,0.944077363445442
"solcap_snp_c2_19704",0.693574043746413,0.694429743949428
"solcap_snp_c2_19707",0.433333986930791,0.433866552030534
"solcap_snp_c2_19716",0.904336237922289,0.904719172299435
"solcap_snp_c2_19717",0.214335679451715,0.214105657585793
"solcap_snp_c2_19722",0.398886697550481,0.399032771437674
"solcap_snp_c2_19727",0.649320724914315,0.648876447543502
"solcap_snp_c2_19741",0.420598456702374,0.420415433256799
"solcap_snp_c2_19746",0.0532640363037794,0.0529944368445826
"solcap_snp_c2_19748",0.365984448520544,0.366041680201639
"solcap_snp_c2_19749",0.792107485790492,0.792020539162531
"solcap_snp_c2_1975",0.620558156001353,0.621103471878376
"solcap_snp_c2_19759",0.277202452408384,0.276812351858057
"solcap_snp_c2_19803",0.221763718545624,0.221441892357436
"solcap_snp_c2_19804",0.858557842232903,0.858510282094909
"solcap_snp_c2_19854",0.272990739885466,0.272623115273943
"solcap_snp_c2_19897",0.782410570792378,0.781817295679454
"solcap_snp_c2_19898",0.919610476978973,0.920196608313687
"solcap_snp_c2_199",0.739863570958171,0.739228849088862
"solcap_snp_c2_1993",0.964360906835799,0.962676165367948
"solcap_snp_c2_19939",0.296097598490479,0.29600054840325
"solcap_snp_c2_19940",0.333409001269433,0.333286330995019
"solcap_snp_c2_19942",0.163718647556613,0.16360017724119
"solcap_snp_c2_19946",0.557613129767334,0.55795247757061
"solcap_snp_c2_19948",0.31751585877773,0.317299773737985
"solcap_snp_c2_19949",0.170866753350713,0.170613104936789
"solcap_snp_c2_1995",0.120274275112889,0.119961831518917
"solcap_snp_c2_19951",0.620826219991538,0.620677255775345
"solcap_snp_c2_19958",0.643688051319759,0.64438524696965
"solcap_snp_c2_19968",0.422860478786961,0.423494571643569
"solcap_snp_c2_19974",0.23457756018373,0.234781298546329
"solcap_snp_c2_19975",0.696752935894276,0.697005080782793
"solcap_snp_c2_19984",0.878331843114158,0.878156553983572
"solcap_snp_c2_19991",0.889575147808693,0.89035094378725
"solcap_snp_c2_19998",0.839671582560974,0.83917610552884
"solcap_snp_c2_200",0.704323693160185,0.703698508720816
"solcap_snp_c2_2000",0.0804526374244201,0.0801257080756003
"solcap_snp_c2_20001",0.843742498182694,0.843161718968094
"solcap_snp_c2_2002",0.816221142065915,0.814731105345633
"solcap_snp_c2_20032",0.687609093027633,0.687841526642696
"solcap_snp_c2_20043",0.274517132234561,0.274803513124863
"solcap_snp_c2_20053",0.969256474633421,0.96898311666037
"solcap_snp_c2_20065",0.395429441934782,0.395672475703412
"solcap_snp_c2_20069",0.311596024862827,0.311741428654516
"solcap_snp_c2_20089",0.51388993681982,0.514079737431362
"solcap_snp_c2_20117",0.625101300041984,0.625895234600578
"solcap_snp_c2_20130",0.982059686406582,0.982927397398658
"solcap_snp_c2_20135",0.289210804540185,0.289199845314317
"solcap_snp_c2_20175",0.693638486034006,0.693715532530053
"solcap_snp_c2_20176",0.968626837324186,0.968239273570609
"solcap_snp_c2_202",0.144690666440027,0.144434060148755
"solcap_snp_c2_20203",0.541838184412975,0.541886530285133
"solcap_snp_c2_20259",0.845070934398064,0.84495722872346
"solcap_snp_c2_20282",0.319278962121184,0.319522563222644
"solcap_snp_c2_20299",0.181843802744268,0.181501674774052
"solcap_snp_c2_203",0.244747719232835,0.24454054505977
"solcap_snp_c2_20307",0.929714477936932,0.929852026430909
"solcap_snp_c2_2031",0.614347331639292,0.613960597186917
"solcap_snp_c2_20333",0.451042808144926,0.450096764968293
"solcap_snp_c2_2034",0.236822872554004,0.236394359848805
"solcap_snp_c2_20347",0.355758080889956,0.356061614193325
"solcap_snp_c2_20428",0.510119537667805,0.509852347450209
"solcap_snp_c2_20454",0.00834328914521989,0.0081671126910678
"solcap_snp_c2_20469",0.421655432572412,0.422029802508099
"solcap_snp_c2_20473",0.839490533977086,0.840450793111507
"solcap_snp_c2_20479",0.15659034755727,0.1560030912516
"solcap_snp_c2_20481",0.216097996611122,0.215590333134507
"solcap_snp_c2_205",0.782021788040192,0.781501233942868
"solcap_snp_c2_20506",0.489032480407901,0.488743306686678
"solcap_snp_c2_20513",0.811027775653618,0.810936874327717
"solcap_snp_c2_20517",0.0661629091204408,0.0658045004981673
"solcap_snp_c2_20521",0.277134922854095,0.276632402620273
"solcap_snp_c2_20522",0.769486427834862,0.769587957959624
"solcap_snp_c2_20569",0.514664703228128,0.515359685411857
"solcap_snp_c2_20577",0.963434028541553,0.962753516965923
"solcap_snp_c2_20588",0.735843925862032,0.73592611291356
"solcap_snp_c2_20589",0.857681458371127,0.858280836213544
"solcap_snp_c2_20606",0.302301517375899,0.30220659597418
"solcap_snp_c2_20640",0.973034469363502,0.972223985359972
"solcap_snp_c2_2067",0.539351570733439,0.539203358677983
"solcap_snp_c2_20698",0.562010829584589,0.561958691731834
"solcap_snp_c2_2074",0.40420566106443,0.404079881331994
"solcap_snp_c2_20755",0.511960548426612,0.512386583305963
"solcap_snp_c2_20798",0.606415230881294,0.606921913786505
"solcap_snp_c2_20799",0.644308130883863,0.6448133972649
"solcap_snp_c2_20803",0.334338459144797,0.334194378731603
"solcap_snp_c2_2082",0.595268449151063,0.595855729869011
"solcap_snp_c2_20823",0.331956372515787,0.332601732900838
"solcap_snp_c2_20829",0.551266995775548,0.551277460631948
"solcap_snp_c2_2083",0.974175276439413,0.975250709796139
"solcap_snp_c2_20834",0.257481997119816,0.257487351416545
"solcap_snp_c2_20858",0.549006014913788,0.550247660896011
"solcap_snp_c2_20879",0.233894771070941,0.233951434824875
"solcap_snp_c2_20926",0.102554156768327,0.10206045489114
"solcap_snp_c2_20941",0.729430861715072,0.730189770618068
"solcap_snp_c2_20944",0.107180586083556,0.10699406466436
"solcap_snp_c2_20945",0.322656107088836,0.322752435275492
"solcap_snp_c2_20946",0.760491011908428,0.759975212920303
"solcap_snp_c2_20947",0.661280694574758,0.661642693180259
"solcap_snp_c2_20948",0.442805448547885,0.443168186429379
"solcap_snp_c2_20952",0.110119250009748,0.109801665376959
"solcap_snp_c2_20961",0.154333589813866,0.15405731902516
"solcap_snp_c2_20970",0.534968839707167,0.535082050943235
"solcap_snp_c2_20989",0.347857712789871,0.34815273964152
"solcap_snp_c2_21015",0.44971340482332,0.449359930191478
"solcap_snp_c2_21017",0.617540482173072,0.617557876462232
"solcap_snp_c2_21020",0.931932553875821,0.932533730836254
"solcap_snp_c2_21028",0.808211495730788,0.807320838718196
"solcap_snp_c2_21041",0.22546079350706,0.225159921400312
"solcap_snp_c2_21053",0.670916016439172,0.671576100815706
"solcap_snp_c2_21058",0.717737629109751,0.717600696391364
"solcap_snp_c2_21071",0.620424380220806,0.619968083497153
"solcap_snp_c2_21078",0.0858576220481985,0.0854504476045868
"solcap_snp_c2_21090",0.401313202500215,0.40115167277119
"solcap_snp_c2_21098",0.703397670973087,0.7033759122263
"solcap_snp_c2_21109",0.131208748137308,0.131115946823676
"solcap_snp_c2_21174",0.657494670765855,0.658116145650485
"solcap_snp_c2_21176",0.294745486358631,0.294813902275269
"solcap_snp_c2_21178",0.856807571581163,0.856543477516114
"solcap_snp_c2_2121",0.545064466685296,0.54456941404427
"solcap_snp_c2_21216",0.518738157772198,0.517939091012866
"solcap_snp_c2_2122",0.920993497363221,0.921035887307873
"solcap_snp_c2_21234",0.925072659995639,0.925238831007568
"solcap_snp_c2_21236",0.705279272533185,0.705494501630689
"solcap_snp_c2_21247",0.038332134907773,0.0380138428791458
"solcap_snp_c2_21262",0.435690700665161,0.435818141153532
"solcap_snp_c2_21309",0.634167437725285,0.633209576257385
"solcap_snp_c2_21313",0.823172197966511,0.822789689148885
"solcap_snp_c2_21316",0.245200784224521,0.244841340425191
"solcap_snp_c2_21317",0.34615704773271,0.34601601353702
"solcap_snp_c2_2132",0.577929000019124,0.577089901236417
"solcap_snp_c2_21326",0.216875768172383,0.216549974460473
"solcap_snp_c2_21332",0.429506215934256,0.429446941891265
"solcap_snp_c2_21336",0.24367432930029,0.243082678785957
"solcap_snp_c2_21367",0.627132331815615,0.627540730409187
"solcap_snp_c2_21388",0.832136417150398,0.832501554916975
"solcap_snp_c2_2143",0.843265235818505,0.842636771851507
"solcap_snp_c2_21463",0.541434153836475,0.541534838518401
"solcap_snp_c2_21479",0.202542233929105,0.202222888552466
"solcap_snp_c2_21573",0.234524452182189,0.234549249288059
"solcap_snp_c2_21576",0.976295627644689,0.975689077205736
"solcap_snp_c2_21578",0.785756750033483,0.786047060705935
"solcap_snp_c2_21580",0.586990658152872,0.58714425611886
"solcap_snp_c2_21590",0.985448413682712,0.98590129344346
"solcap_snp_c2_21595",0.830456379292778,0.830433724219326
"solcap_snp_c2_21637",0.90519300686,0.905688128887013
"solcap_snp_c2_21650",0.177074015576808,0.176954214868075
"solcap_snp_c2_21677",0.522516893155796,0.522428493955347
"solcap_snp_c2_21682",0.785337455600721,0.786261637987785
"solcap_snp_c2_21717",0.415054841247188,0.414767619463041
"solcap_snp_c2_21721",0.52615499659425,0.526102953130527
"solcap_snp_c2_21732",0.328641323338417,0.32885895220978
"solcap_snp_c2_21736",0.914221967915844,0.914521328636448
"solcap_snp_c2_21746",0.183172769393302,0.183127105217469
"solcap_snp_c2_21759",0.133052968199698,0.132823123230649
"solcap_snp_c2_2178",0.694333125209008,0.695130732329332
"solcap_snp_c2_2183",0.56790754870266,0.568773623763278
"solcap_snp_c2_21842",0.553285687841961,0.553071708670109
"solcap_snp_c2_21860",0.0968631767129694,0.0966608289961823
"solcap_snp_c2_21875",0.709798779499304,0.70953413609763
"solcap_snp_c2_21896",0.153817902759007,0.154174348794282
"solcap_snp_c2_21914",0.900127586001977,0.900289856432835
"solcap_snp_c2_21915",0.225374169835484,0.224982416290449
"solcap_snp_c2_21930",0.475060152471654,0.475189459317974
"solcap_snp_c2_21934",0.689996792934486,0.690304147588709
"solcap_snp_c2_21936",0.42564327254527,0.425861467982277
"solcap_snp_c2_21937",0.531782543427194,0.532066344560499
"solcap_snp_c2_21992",0.810714752086458,0.810474023187303
"solcap_snp_c2_22003",0.630969130852304,0.630196314843148
"solcap_snp_c2_2201",0.314694899817361,0.314518548195698
"solcap_snp_c2_22024",0.705128434520918,0.705647004007297
"solcap_snp_c2_22041",0.258129705671098,0.257645194453759
"solcap_snp_c2_22049",0.365185929953064,0.364111424054766
"solcap_snp_c2_22069",0.413431479551432,0.413201546601732
"solcap_snp_c2_22070",0.47274944939302,0.471465335867927
"solcap_snp_c2_22073",0.0624954291856887,0.0619245333538975
"solcap_snp_c2_22076",0.622204450039711,0.622463316595314
"solcap_snp_c2_22094",0.409001566324214,0.40813424260175
"solcap_snp_c2_22118",0.914580485016165,0.914425671760239
"solcap_snp_c2_2213",0.20669900070956,0.206581717511338
"solcap_snp_c2_22130",0.0714145621337883,0.0712426121201402
"solcap_snp_c2_2215",0.787793191283712,0.787931540411859
"solcap_snp_c2_22165",0.864449750707785,0.863952983844491
"solcap_snp_c2_22184",0.570378617132186,0.570848905785707
"solcap_snp_c2_22185",0.0704838406215416,0.0702713729023219
"solcap_snp_c2_22186",0.928814883442847,0.929519703760092
"solcap_snp_c2_22189",0.997364263923622,0.997506431404425
"solcap_snp_c2_2220",0.0675377065006395,0.0672182717832078
"solcap_snp_c2_22205",0.504072338318884,0.504397412845444
"solcap_snp_c2_22219",0.693532598044657,0.69400783230501
"solcap_snp_c2_22244",0.461350115525567,0.461731101801681
"solcap_snp_c2_22247",0.805980498596677,0.80658682314961
"solcap_snp_c2_2225",0.255977856354513,0.256187321896005
"solcap_snp_c2_22289",0.500927280751589,0.50054296202198
"solcap_snp_c2_22336",0.145246747632133,0.144774523687632
"solcap_snp_c2_22393",0.243781360559647,0.243542034641486
"solcap_snp_c2_22404",0.761139108191898,0.7611611915312
"solcap_snp_c2_22431",0.224156889528595,0.224449870375639
"solcap_snp_c2_22456",0.974927588565742,0.974456538731244
"solcap_snp_c2_2246",0.97487291001195,0.975520073487125
"solcap_snp_c2_22512",0.394332597081624,0.394270441214236
"solcap_snp_c2_22530",0.402965883704922,0.402619204342151
"solcap_snp_c2_22546",0.185718744539512,0.185448131828084
"solcap_snp_c2_22558",0.757199542828692,0.756707551423495
"solcap_snp_c2_22559",0.630344599356661,0.629976055456078
"solcap_snp_c2_22563",0.909784105888483,0.91006634684871
"solcap_snp_c2_22564",0.767411210184075,0.767610958612765
"solcap_snp_c2_22566",0.412595823366204,0.41245285533754
"solcap_snp_c2_22576",0.88044364449392,0.881804170640113
"solcap_snp_c2_22580",0.309388428371408,0.309755503545192
"solcap_snp_c2_22582",0.873082358108065,0.87311152815536
"solcap_snp_c2_22585",0.884493060258521,0.884903292443667
"solcap_snp_c2_22586",0.969674254308791,0.969350645396067
"solcap_snp_c2_22588",0.685949325738817,0.685433067015926
"solcap_snp_c2_22591",0.889058528655359,0.888382334294658
"solcap_snp_c2_22594",0.925876915606905,0.925436188288441
"solcap_snp_c2_22611",0.936956659764135,0.937021637796853
"solcap_snp_c2_22612",0.886926747800776,0.886353378311798
"solcap_snp_c2_22613",0.151534651781814,0.151533501163612
"solcap_snp_c2_2262",0.621058394484909,0.620354517337368
"solcap_snp_c2_22624",0.975868701050947,0.975157337993919
"solcap_snp_c2_22626",0.247073828909899,0.246756620637616
"solcap_snp_c2_22630",0.923376172179838,0.923757180796593
"solcap_snp_c2_22642",0.859357090451491,0.860195976916876
"solcap_snp_c2_22645",0.45482074864382,0.454407130317217
"solcap_snp_c2_22649",0.433433719542827,0.433816384053578
"solcap_snp_c2_22664",0.758648523326891,0.759090760176806
"solcap_snp_c2_22703",0.411398882674573,0.411434876366081
"solcap_snp_c2_2273",0.556102187112168,0.55619465375903
"solcap_snp_c2_22733",0.436437173159292,0.436854328523052
"solcap_snp_c2_22736",0.694394287674729,0.694917573979181
"solcap_snp_c2_22741",0.94063134766553,0.941746896090028
"solcap_snp_c2_22743",0.585020473671352,0.58483813140413
"solcap_snp_c2_22744",0.369967414311793,0.370178405353744
"solcap_snp_c2_22758",0.198793637787572,0.198282723863607
"solcap_snp_c2_22759",0.926309716407513,0.926624481400875
"solcap_snp_c2_22761",0.36664929611124,0.366046083865668
"solcap_snp_c2_22853",0.766020530221419,0.765846043280187
"solcap_snp_c2_22894",0.663072555338664,0.663059385519599
"solcap_snp_c2_22939",0.67528422915296,0.675670871802365
"solcap_snp_c2_22959",0.350951621938144,0.352225250904872
"solcap_snp_c2_22964",2.21890998360428e-15,4.06040894168049e-16
"solcap_snp_c2_22986",0.114019073479137,0.113859408936237
"solcap_snp_c2_23014",0.0228707496369446,0.0225053477378281
"solcap_snp_c2_23017",0.131667271857846,0.131056223177121
"solcap_snp_c2_23030",0.729931143011377,0.729651298222699
"solcap_snp_c2_23032",4.99544008795856e-06,4.13573670392876e-06
"solcap_snp_c2_23052",0.531352709773285,0.530939599971488
"solcap_snp_c2_23055",0.043370410092772,0.0428502509362388
"solcap_snp_c2_23056",5.29970244901737e-05,4.72500024897013e-05
"solcap_snp_c2_2307",0.096031026163648,0.0955949540509629
"solcap_snp_c2_2308",0.124665945127832,0.12423530595448
"solcap_snp_c2_23091",0.891257317834725,0.891682061710138
"solcap_snp_c2_23094",0.139240454244474,0.139054017743038
"solcap_snp_c2_23097",0.993387972587244,0.99383612493506
"solcap_snp_c2_23135",0.948517851900457,0.947843092534888
"solcap_snp_c2_23178",0.381311097907681,0.381468632268403
"solcap_snp_c2_23188",0.238476821382101,0.238445251458222
"solcap_snp_c2_23192",0.792539136269719,0.792684256108376
"solcap_snp_c2_23235",0.459139898637125,0.458794406319021
"solcap_snp_c2_23250",0.115036106939464,0.114677976423662
"solcap_snp_c2_23251",0.324510028348811,0.323913880292613
"solcap_snp_c2_23252",0.437741539948361,0.437460825749019
"solcap_snp_c2_23256",0.561968863362091,0.561988532027982
"solcap_snp_c2_23259",0.953393969255698,0.952930070274427
"solcap_snp_c2_23284",0.598429733746545,0.599183907288745
"solcap_snp_c2_23308",0.703308385710359,0.702522887973894
"solcap_snp_c2_2332",0.356264094136421,0.355568654301503
"solcap_snp_c2_23320",0.482421431205616,0.481848141344301
"solcap_snp_c2_23335",0.200304089285035,0.200349848323794
"solcap_snp_c2_23337",0.929276057647958,0.928153495874082
"solcap_snp_c2_2334",0.0791560399248241,0.0789482686449467
"solcap_snp_c2_23347",0.560396137895962,0.560548410827703
"solcap_snp_c2_23355",0.629045659293645,0.629152743427234
"solcap_snp_c2_23372",0.764012773715151,0.765251604167918
"solcap_snp_c2_23382",0.939843271497558,0.938811862300814
"solcap_snp_c2_23387",0.210036728383299,0.209913383083884
"solcap_snp_c2_23388",0.470617856011415,0.470441691644927
"solcap_snp_c2_23389",0.122481878441257,0.122184209482902
"solcap_snp_c2_23390",0.783027772805813,0.782635021340305
"solcap_snp_c2_23391",0.761178528269242,0.761369810408172
"solcap_snp_c2_23395",0.114338456667639,0.113965143398661
"solcap_snp_c2_23396",0.657962004608245,0.658526367097423
"solcap_snp_c2_23431",0.0629248093405898,0.0627191091238677
"solcap_snp_c2_23439",0.894464893983013,0.894614907872202
"solcap_snp_c2_235",0.325317583680961,0.325070795075421
"solcap_snp_c2_2358",0.983015903754702,0.983302037457332
"solcap_snp_c2_23596",0.963540208578675,0.963198993093212
"solcap_snp_c2_2360",0.518950159289242,0.518779628279801
"solcap_snp_c2_23601",0.667936881890935,0.668532727183059
"solcap_snp_c2_23602",0.00963705354212725,0.00945535267430103
"solcap_snp_c2_23603",0.703728526403829,0.704213803908755
"solcap_snp_c2_2364",0.108557668955867,0.108286562323578
"solcap_snp_c2_23669",0.023618573021621,0.0233561534886867
"solcap_snp_c2_23678",0.00830935123179069,0.00814159604733085
"solcap_snp_c2_2368",0.141574069911072,0.141280135776762
"solcap_snp_c2_23717",0.118297089657993,0.117846893293354
"solcap_snp_c2_23727",0.586528094013423,0.586716064255735
"solcap_snp_c2_23728",0.276130600326749,0.275576021212074
"solcap_snp_c2_23729",0.935314015507138,0.935937692632625
"solcap_snp_c2_23739",0.267625774379476,0.267216237092475
"solcap_snp_c2_23741",0.180979863048925,0.18063902378787
"solcap_snp_c2_23780",0.283223533686564,0.283732030760196
"solcap_snp_c2_23781",0.512364350173402,0.512625601766021
"solcap_snp_c2_23786",0.344783350096362,0.344440942585688
"solcap_snp_c2_23803",0.100396686880706,0.100076647154993
"solcap_snp_c2_23804",0.72002532274005,0.719912819699083
"solcap_snp_c2_23805",0.626229537139606,0.626389203046952
"solcap_snp_c2_23829",0.215386881658288,0.214707031846382
"solcap_snp_c2_23831",0.319805160816353,0.319569317022101
"solcap_snp_c2_23833",0.521564476087765,0.520950743616104
"solcap_snp_c2_23834",0.458489284423039,0.457774565464067
"solcap_snp_c2_23835",0.395981433720313,0.395471178773812
"solcap_snp_c2_23836",0.244541892448502,0.244312395635167
"solcap_snp_c2_2384",0.626484467962568,0.625705869779928
"solcap_snp_c2_23841",0.497027658904292,0.496597175843728
"solcap_snp_c2_23842",0.385530608096981,0.385268287656601
"solcap_snp_c2_23843",0.927544373690921,0.926655534933436
"solcap_snp_c2_23915",0.825888247382636,0.826798662573183
"solcap_snp_c2_23921",0.24996302261176,0.250181917488269
"solcap_snp_c2_23923",0.706839593413823,0.707275949140079
"solcap_snp_c2_23929",0.231988602627644,0.232130204995649
"solcap_snp_c2_23944",0.629646135794202,0.630048893852969
"solcap_snp_c2_23975",0.835867076703183,0.835558286193838
"solcap_snp_c2_23988",0.535553004415366,0.535736640384172
"solcap_snp_c2_24050",0.388485464415783,0.388971596480362
"solcap_snp_c2_24064",0.167143447869974,0.166933561656612
"solcap_snp_c2_24115",0.754966653319804,0.7552610309873
"solcap_snp_c2_242",0.493795783890467,0.493575883609361
"solcap_snp_c2_2421",0.568068173651609,0.56765626385072
"solcap_snp_c2_24229",0.422905716020234,0.422251605469699
"solcap_snp_c2_2423",0.864745341405993,0.865719530726715
"solcap_snp_c2_24244",0.745780924976722,0.746125413870717
"solcap_snp_c2_24245",0.768320820956432,0.768623977435741
"solcap_snp_c2_24256",0.041275388707629,0.0409863415627299
"solcap_snp_c2_24258",0.627179566451096,0.626610576868076
"solcap_snp_c2_24266",0.50533547982665,0.505321263403096
"solcap_snp_c2_24279",0.114342866586884,0.114092064367066
"solcap_snp_c2_24280",0.324529922774875,0.324469021384608
"solcap_snp_c2_24287",0.472400132742117,0.47235480712656
"solcap_snp_c2_24297",0.634462581969305,0.63393398823307
"solcap_snp_c2_243",0.801368352956355,0.801210960424886
"solcap_snp_c2_2431",0.728766320404589,0.728908712942528
"solcap_snp_c2_24311",0.0877663287970718,0.0874563606223685
"solcap_snp_c2_24318",0.479426597747155,0.479647620715402
"solcap_snp_c2_24321",0.814812199798557,0.814074017428605
"solcap_snp_c2_24322",0.337834390333616,0.337262465524277
"solcap_snp_c2_24323",0.10850879285428,0.108142175371643
"solcap_snp_c2_24329",0.288418676424893,0.288555310569036
"solcap_snp_c2_24381",0.645874943214509,0.645723526252654
"solcap_snp_c2_244",0.478780855169146,0.478812858084192
"solcap_snp_c2_24405",0.880387617808409,0.880064833406898
"solcap_snp_c2_24446",0.120118239938493,0.119812827586154
"solcap_snp_c2_245",0.658516298031238,0.658038752568801
"solcap_snp_c2_2450",0.609370926740108,0.609294555156379
"solcap_snp_c2_2451",0.846106299071119,0.846739971720633
"solcap_snp_c2_24534",0.373452637312947,0.373105872917169
"solcap_snp_c2_24552",0.485847663815043,0.486410696663453
"solcap_snp_c2_24556",0.226178050546606,0.226336390492404
"solcap_snp_c2_24557",0.688128640505541,0.688980711485858
"solcap_snp_c2_24558",0.782685428746697,0.782308899160248
"solcap_snp_c2_24560",0.237418845098867,0.237660025553429
"solcap_snp_c2_24563",0.057123032349409,0.056967972546877
"solcap_snp_c2_24565",0.996128181092519,0.995889800399732
"solcap_snp_c2_24570",0.168931950479646,0.168982199045373
"solcap_snp_c2_24586",0.898351098696393,0.898212022874013
"solcap_snp_c2_24595",0.168628476007335,0.168481194284727
"solcap_snp_c2_2463",0.901240798262378,0.901702286769245
"solcap_snp_c2_2464",0.539988125814102,0.540715324725187
"solcap_snp_c2_24645",0.00631404540463096,0.00617881456222162
"solcap_snp_c2_24646",0.134560949098096,0.134181736271821
"solcap_snp_c2_2465",0.932085727241707,0.93148002248409
"solcap_snp_c2_2466",0.733822639090448,0.734459803157964
"solcap_snp_c2_2467",0.981168729882228,0.980647877266393
"solcap_snp_c2_24674",0.533903452392344,0.533259415580699
"solcap_snp_c2_24678",0.740751899903604,0.74100268879282
"solcap_snp_c2_24680",0.389900257009332,0.390050779424222
"solcap_snp_c2_24711",0.156146785065899,0.156060943124616
"solcap_snp_c2_24739",0.647188419759149,0.646758946624285
"solcap_snp_c2_24746",0.0146353039284698,0.014407686928821
"solcap_snp_c2_24747",0.585348053619859,0.58581070596511
"solcap_snp_c2_24755",0.339884762189254,0.339825014962588
"solcap_snp_c2_24789",0.832762028718483,0.833005410428044
"solcap_snp_c2_24864",0.786748034876322,0.787427758251137
"solcap_snp_c2_24869",0.959001499354609,0.959210047323986
"solcap_snp_c2_2487",0.950326701513662,0.950809826712146
"solcap_snp_c2_2494",0.658033782333389,0.659185850045484
"solcap_snp_c2_2505",0.564666159944389,0.564986831138657
"solcap_snp_c2_2506",0.502958037122926,0.503262495682595
"solcap_snp_c2_2508",0.925274534158494,0.925445065413927
"solcap_snp_c2_25080",0.747980685010556,0.747655568197561
"solcap_snp_c2_2509",0.924489290049521,0.924027530310083
"solcap_snp_c2_25143",0.993164308205655,0.992500198184494
"solcap_snp_c2_25205",0.238225425677283,0.238333544537374
"solcap_snp_c2_25207",0.262491097298135,0.262666706560798
"solcap_snp_c2_25212",0.0773544498301453,0.0771801886000539
"solcap_snp_c2_25216",0.206478319258973,0.206575337146515
"solcap_snp_c2_25219",0.259330862563357,0.259600600732563
"solcap_snp_c2_25233",0.736785960437621,0.736215143318407
"solcap_snp_c2_25250",0.908002024819851,0.908166445330685
"solcap_snp_c2_25256",0.525154623277991,0.525725252992432
"solcap_snp_c2_25265",0.0144030651398274,0.0141680283302654
"solcap_snp_c2_25280",0.0689701360518436,0.0685619152120273
"solcap_snp_c2_25283",0.904747774163455,0.904597457058028
"solcap_snp_c2_25284",0.798001513166876,0.798181232441448
"solcap_snp_c2_25289",0.0316233296645142,0.0312827890707923
"solcap_snp_c2_25304",0.623863702580147,0.62395280359825
"solcap_snp_c2_2531",0.2683294118602,0.268314676222861
"solcap_snp_c2_25327",0.697971992103699,0.698297993977952
"solcap_snp_c2_25331",0.140125273551157,0.13984967204046
"solcap_snp_c2_2538",0.193832435661789,0.193857193519639
"solcap_snp_c2_25469",0.337262208393131,0.336600012138599
"solcap_snp_c2_25471",0.443657183550891,0.443020975405243
"solcap_snp_c2_255",0.214965783088077,0.214486546796501
"solcap_snp_c2_25510",0.141103597259927,0.140658279056386
"solcap_snp_c2_25522",0.0850609023473336,0.0847560070833391
"solcap_snp_c2_25523",0.488801017596342,0.488671516779457
"solcap_snp_c2_25527",0.185790592689928,0.18542999079019
"solcap_snp_c2_25528",0.171876488037642,0.171614645810484
"solcap_snp_c2_25529",0.226458364582151,0.226179380374001
"solcap_snp_c2_25530",0.397771930102622,0.397141888320645
"solcap_snp_c2_25532",0.128982534346504,0.128723206569658
"solcap_snp_c2_25576",0.77494925299618,0.774125863442887
"solcap_snp_c2_2565",0.508112156972609,0.508590507274011
"solcap_snp_c2_25653",0.868348583532556,0.868014622783574
"solcap_snp_c2_25654",0.831868594941136,0.831349857331282
"solcap_snp_c2_25662",0.52410637974069,0.523494769289291
"solcap_snp_c2_2567",0.910102573798878,0.910184399267825
"solcap_snp_c2_257",0.479371516771396,0.479627890914422
"solcap_snp_c2_25733",0.411495954596152,0.411593720236278
"solcap_snp_c2_25760",0.610725823859882,0.610877733670973
"solcap_snp_c2_25766",0.248576919784703,0.248122350665974
"solcap_snp_c2_25878",0.203379842406132,0.202873347810423
"solcap_snp_c2_25896",0.996239030130201,0.994949036920392
"solcap_snp_c2_25897",0.5219916644855,0.521847432914792
"solcap_snp_c2_2591",0.0647899427772883,0.0645872991245298
"solcap_snp_c2_25925",0.525111839685385,0.525258745594855
"solcap_snp_c2_25926",0.743797812204893,0.744204105624919
"solcap_snp_c2_25929",0.743119233560055,0.742301711842359
"solcap_snp_c2_25947",0.455030320462368,0.454805849796151
"solcap_snp_c2_25959",0.9430878240716,0.943563358820554
"solcap_snp_c2_26003",0.612780152260844,0.612845922925537
"solcap_snp_c2_26004",0.583267062379685,0.582722679141003
"solcap_snp_c2_26005",0.615155153030159,0.614854482517782
"solcap_snp_c2_26006",0.0277613774500757,0.0275767904027591
"solcap_snp_c2_26008",0.745873800788656,0.745799951851615
"solcap_snp_c2_26012",0.665385820850777,0.665374304619695
"solcap_snp_c2_26013",0.724432756431914,0.72361631704592
"solcap_snp_c2_26041",0.569431938342941,0.570154629147921
"solcap_snp_c2_26119",0.0884688678500802,0.0882215105320677
"solcap_snp_c2_26121",0.614811993772114,0.613977150931088
"solcap_snp_c2_26145",0.488497193006995,0.487792792238993
"solcap_snp_c2_26154",0.608919017672572,0.608309732022292
"solcap_snp_c2_26162",0.593067850461471,0.592911856866444
"solcap_snp_c2_26197",0.445577920526588,0.445063460278918
"solcap_snp_c2_262",0.474151047168697,0.47392422417962
"solcap_snp_c2_26210",0.62535006322863,0.625225074077845
"solcap_snp_c2_26211",0.221806965656724,0.222058289699086
"solcap_snp_c2_26238",0.958952813044371,0.959020039577343
"solcap_snp_c2_26239",0.0947097028027335,0.0944022619759317
"solcap_snp_c2_26248",0.703761300934297,0.703996967012051
"solcap_snp_c2_26369",0.0648349326488204,0.0646734662356137
"solcap_snp_c2_2637",0.708152287659622,0.708069541170726
"solcap_snp_c2_26375",0.993107051976509,0.993292498346476
"solcap_snp_c2_26382",0.785881020303347,0.785229489974997
"solcap_snp_c2_26398",0.512396743630387,0.512446681373955
"solcap_snp_c2_26402",0.852577847622829,0.852269040519117
"solcap_snp_c2_26403",0.0907207603249354,0.0903074071002396
"solcap_snp_c2_26408",0.485968418920772,0.485972743816705
"solcap_snp_c2_26417",0.403986130902768,0.404005200894345
"solcap_snp_c2_26426",0.116630913793465,0.116526152113715
"solcap_snp_c2_26454",0.805896265129372,0.805032649401045
"solcap_snp_c2_26466",0.928684959035604,0.928681208144864
"solcap_snp_c2_26474",0.687333723811141,0.686545839098634
"solcap_snp_c2_2649",0.874587864835035,0.874589740724766
"solcap_snp_c2_26498",0.489436407871505,0.489033085062182
"solcap_snp_c2_26499",0.973998074453337,0.974517700431778
"solcap_snp_c2_26500",0.804502875450438,0.805351663693993
"solcap_snp_c2_26501",0.439759597116837,0.439657724465358
"solcap_snp_c2_26504",0.336221244502295,0.336277794196256
"solcap_snp_c2_26509",0.242544625751298,0.242248584159374
"solcap_snp_c2_26515",0.905397402734602,0.905462868900721
"solcap_snp_c2_26516",0.415375372193564,0.415193563269747
"solcap_snp_c2_26517",0.162058117678965,0.161992527584067
"solcap_snp_c2_26519",0.0762960522410981,0.0759433876711703
"solcap_snp_c2_2653",0.142846653537024,0.142736992763457
"solcap_snp_c2_26631",0.747985378021692,0.747577869975933
"solcap_snp_c2_26653",0.844418374258416,0.844089392975635
"solcap_snp_c2_26654",0.16654773019954,0.166029850166164
"solcap_snp_c2_26675",0.260169148186104,0.259842864391107
"solcap_snp_c2_26681",0.0995351201897495,0.0992462035310016
"solcap_snp_c2_26688",0.107743994517261,0.107419523576126
"solcap_snp_c2_26713",0.297824493007821,0.2973878879611
"solcap_snp_c2_26731",0.118931017500745,0.118611294668914
"solcap_snp_c2_26744",0.39326460132452,0.392644303726496
"solcap_snp_c2_26758",0.156463543583369,0.156318486922255
"solcap_snp_c2_26771",0.974958752742619,0.975842462595788
"solcap_snp_c2_26773",0.0422273557494449,0.0418458811224126
"solcap_snp_c2_26779",0.631851996093516,0.632614201746974
"solcap_snp_c2_26780",0.235043040433987,0.23474109941673
"solcap_snp_c2_26790",0.185992660412997,0.185805909947165
"solcap_snp_c2_26791",0.323434398937174,0.323136390937344
"solcap_snp_c2_26794",0.905788342925198,0.905345374147677
"solcap_snp_c2_26796",0.943988446152661,0.944383779806502
"solcap_snp_c2_26797",0.187280659489977,0.187349109776297
"solcap_snp_c2_26799",0.961180805120629,0.962378951789655
"solcap_snp_c2_268",0.809897297045707,0.810939404263904
"solcap_snp_c2_26800",0.939026700545173,0.939416488360706
"solcap_snp_c2_26802",0.383663362901503,0.38363957532841
"solcap_snp_c2_26811",0.515963176343868,0.515748594064434
"solcap_snp_c2_26812",0.601925062431359,0.602205505969998
"solcap_snp_c2_26813",0.959153048256028,0.958279292200665
"solcap_snp_c2_26814",0.0531541588850552,0.0528755727239533
"solcap_snp_c2_26826",0.392095861366582,0.392210027033813
"solcap_snp_c2_26837",0.0818430091638988,0.0814308240609382
"solcap_snp_c2_26842",0.666406075591132,0.667280148157016
"solcap_snp_c2_26843",0.811567175926488,0.811995223452264
"solcap_snp_c2_26844",0.95352352040767,0.954403817363837
"solcap_snp_c2_26884",0.872473414121797,0.871754081369008
"solcap_snp_c2_26888",0.483711062509997,0.483326888537437
"solcap_snp_c2_26893",0.511072906690775,0.510516347792814
"solcap_snp_c2_26919",0.164357404572002,0.164013938867813
"solcap_snp_c2_26935",0.415380627001435,0.415682928455286
"solcap_snp_c2_26936",0.351926870241335,0.352084269230413
"solcap_snp_c2_26945",0.882493902015012,0.883233240319534
"solcap_snp_c2_26948",0.46893230810226,0.468381184419054
"solcap_snp_c2_27003",0.729821948418436,0.729513140569262
"solcap_snp_c2_27048",0.746343697371512,0.746591662954585
"solcap_snp_c2_2719",0.231400470945678,0.231467361948166
"solcap_snp_c2_27218",0.321133632187629,0.321229396334863
"solcap_snp_c2_2723",0.452363166001157,0.452156487594968
"solcap_snp_c2_27372",0.681540822851786,0.681272990832661
"solcap_snp_c2_27379",0.631619123072281,0.630397264885997
"solcap_snp_c2_27387",0.468794592673103,0.469188926185792
"solcap_snp_c2_27400",0.774770657144825,0.775037616360928
"solcap_snp_c2_27403",0.352242002794473,0.352756378620257
"solcap_snp_c2_27414",0.551291559297257,0.551670958075923
"solcap_snp_c2_2743",0.216684647233875,0.216419437182592
"solcap_snp_c2_27452",0.922582763931808,0.922332227869693
"solcap_snp_c2_2747",0.708143942196015,0.708244984169851
"solcap_snp_c2_2748",0.413502105006963,0.413391497061954
"solcap_snp_c2_27485",0.00484031304555529,0.00473247755741864
"solcap_snp_c2_2754",0.123087950045398,0.12270385593881
"solcap_snp_c2_27559",0.122555295431479,0.122081883225013
"solcap_snp_c2_27561",0.107422867006452,0.106938748978697
"solcap_snp_c2_27563",0.18125444320274,0.180762173646195
"solcap_snp_c2_2757",0.143515718143514,0.143146441526604
"solcap_snp_c2_27570",0.393606857330735,0.393359442948311
"solcap_snp_c2_27571",0.120420557029377,0.120076547606346
"solcap_snp_c2_27574",0.334334331844573,0.334197057089692
"solcap_snp_c2_27582",0.155249510730757,0.154748117033167
"solcap_snp_c2_27587",0.188139859719163,0.187667158016115
"solcap_snp_c2_27588",0.885118014766458,0.885397292886942
"solcap_snp_c2_27590",0.0382825493785601,0.0379431601963987
"solcap_snp_c2_27620",0.837174958888373,0.837063344374449
"solcap_snp_c2_27635",0.0384138668570743,0.0380340666179795
"solcap_snp_c2_27643",0.328588980170105,0.328711462313807
"solcap_snp_c2_27644",0.135927442265081,0.135593415130875
"solcap_snp_c2_27648",0.89945135567269,0.899605256964567
"solcap_snp_c2_27657",0.647559938678559,0.646861751693228
"solcap_snp_c2_27658",0.612690239618609,0.612936466507615
"solcap_snp_c2_27666",0.491620078631313,0.491363838621006
"solcap_snp_c2_27674",0.532807527279359,0.532355944178366
"solcap_snp_c2_27680",0.263187313302957,0.262797090259599
"solcap_snp_c2_2769",0.242576505508204,0.242387504389321
"solcap_snp_c2_27705",0.722507263639932,0.723211866518386
"solcap_snp_c2_27715",0.640777650955015,0.641090097988105
"solcap_snp_c2_27716",0.480870868779115,0.481580888097547
"solcap_snp_c2_27719",0.0899654945160447,0.0892712619597717
"solcap_snp_c2_27757",0.0841997204018691,0.0838003155773571
"solcap_snp_c2_27762",0.119906233917642,0.119757817108562
"solcap_snp_c2_27764",0.248469932203404,0.24774849884171
"solcap_snp_c2_27765",0.216224033552911,0.215890247749098
"solcap_snp_c2_27769",0.472125362412482,0.471803367452564
"solcap_snp_c2_27771",0.659791843197651,0.659447989062808
"solcap_snp_c2_27772",0.703389448644775,0.70275994103435
"solcap_snp_c2_27773",0.572788682919999,0.572510819853615
"solcap_snp_c2_27774",0.77228945840956,0.772616407847465
"solcap_snp_c2_27779",0.150415514135073,0.149963711047576
"solcap_snp_c2_27795",0.458441256883691,0.458311985208298
"solcap_snp_c2_2780",0.219130449390526,0.218907073672183
"solcap_snp_c2_27806",0.67584834523994,0.676067973248879
"solcap_snp_c2_27808",0.487386428496455,0.487542764144229
"solcap_snp_c2_27821",0.306493377798773,0.306407043503321
"solcap_snp_c2_27827",0.0523134734175947,0.0519168701286197
"solcap_snp_c2_27831",0.357393887543839,0.357153389355744
"solcap_snp_c2_27845",0.329667052774013,0.329299028042331
"solcap_snp_c2_27846",0.271249677708644,0.270862480451773
"solcap_snp_c2_27863",0.451139452357145,0.450751408494235
"solcap_snp_c2_27865",0.719394741340436,0.720665295357634
"solcap_snp_c2_27867",0.585117189438956,0.584913648184582
"solcap_snp_c2_27876",0.773228559810106,0.772408655240961
"solcap_snp_c2_27877",0.388717512985218,0.389166918213702
"solcap_snp_c2_27878",0.304673825682584,0.304513918793123
"solcap_snp_c2_27879",0.644602968267915,0.644231585075289
"solcap_snp_c2_27882",0.188785238861862,0.1889277509073
"solcap_snp_c2_27883",0.677396412663129,0.676690304807608
"solcap_snp_c2_27885",0.462484679201066,0.462762945303644
"solcap_snp_c2_27896",0.314323837909837,0.314471088271911
"solcap_snp_c2_27897",0.175758258403839,0.17521758063456
"solcap_snp_c2_27899",0.963308788946485,0.963093748943606
"solcap_snp_c2_27902",0.379270209497876,0.379550397951542
"solcap_snp_c2_27903",0.627760244178722,0.627341511383166
"solcap_snp_c2_27918",0.821116314674844,0.820740002841506
"solcap_snp_c2_27923",0.938303478300438,0.939040144308846
"solcap_snp_c2_27926",0.150695680253915,0.150647557269369
"solcap_snp_c2_27928",0.886857227897011,0.885562596265015
"solcap_snp_c2_27930",0.141543972642409,0.14139803175294
"solcap_snp_c2_27961",0.310933955377617,0.310816873168406
"solcap_snp_c2_27962",0.735042389395972,0.736171707120382
"solcap_snp_c2_27992",0.881320296042768,0.880481293923574
"solcap_snp_c2_28006",0.977112290944851,0.976324709018516
"solcap_snp_c2_28007",0.545147257030194,0.546105039892855
"solcap_snp_c2_28009",0.203998086113307,0.203588370258042
"solcap_snp_c2_28012",0.56564539760859,0.567088700593148
"solcap_snp_c2_28013",0.318761892229631,0.319221759648507
"solcap_snp_c2_28141",0.257219979888203,0.257018720965111
"solcap_snp_c2_28167",0.575400541445375,0.575810334348116
"solcap_snp_c2_28171",0.00171095192571275,0.00164048019947385
"solcap_snp_c2_28174",0.331330562507969,0.33003909845497
"solcap_snp_c2_28176",0.983195199709847,0.983586687455781
"solcap_snp_c2_28186",0.00246447708208595,0.00237305635860321
"solcap_snp_c2_28195",0.930555385902475,0.931027965190509
"solcap_snp_c2_282",0.233821403685647,0.233512279020278
"solcap_snp_c2_28212",0.934204793568148,0.933826570257911
"solcap_snp_c2_28217",0.00930066861746323,0.00908842625827512
"solcap_snp_c2_28222",0.377038703949312,0.377432913934592
"solcap_snp_c2_28227",0.831401167615734,0.831297692468874
"solcap_snp_c2_28228",0.0969831287038412,0.0968448868193259
"solcap_snp_c2_28238",0.682363431686447,0.683165339574197
"solcap_snp_c2_28252",0.529331798802309,0.529618805303925
"solcap_snp_c2_2826",0.188725888677809,0.188557142521053
"solcap_snp_c2_2830",0.329484488230131,0.329887627363555
"solcap_snp_c2_28306",0.0920935529075493,0.0913974905920912
"solcap_snp_c2_28309",0.450122423869902,0.450499321029074
"solcap_snp_c2_28310",0.760842412797721,0.760490839913419
"solcap_snp_c2_2832",0.271105772318555,0.27102457481122
"solcap_snp_c2_2839",0.872206100591898,0.872265717179694
"solcap_snp_c2_2840",0.894836812516226,0.895180865127544
"solcap_snp_c2_2842",0.643349629915991,0.643514026219054
"solcap_snp_c2_28426",0.495495173776558,0.495247025896831
"solcap_snp_c2_28428",0.211035044100823,0.210847335129677
"solcap_snp_c2_2843",0.127206167901899,0.127224031538872
"solcap_snp_c2_28433",0.906950001663832,0.907139953250373
"solcap_snp_c2_2844",0.887941630784029,0.887960275863261
"solcap_snp_c2_28442",0.676520282887799,0.676422206649152
"solcap_snp_c2_28474",0.404705510294383,0.404758508607166
"solcap_snp_c2_28476",0.520300965781333,0.519964198122502
"solcap_snp_c2_28478",0.53363765438107,0.533657002358124
"solcap_snp_c2_28481",0.522355331223155,0.52207769653446
"solcap_snp_c2_28482",0.49400545845322,0.493763861173462
"solcap_snp_c2_2850",0.267028853955519,0.266906012923378
"solcap_snp_c2_28508",0.467705503901786,0.467399076304993
"solcap_snp_c2_28511",0.104949630811798,0.104685141465576
"solcap_snp_c2_28516",0.35596735273665,0.356164190740854
"solcap_snp_c2_2852",0.740329191709165,0.740700079194259
"solcap_snp_c2_28521",0.462204543576415,0.461835847044499
"solcap_snp_c2_28535",0.55888791799957,0.558667348485721
"solcap_snp_c2_28549",0.968418973270615,0.96902239047185
"solcap_snp_c2_28550",0.40992309488509,0.40921414385749
"solcap_snp_c2_28555",0.823041678944436,0.823423473447604
"solcap_snp_c2_28561",0.231203923065933,0.231129258896707
"solcap_snp_c2_28563",0.277907888135057,0.277405493530182
"solcap_snp_c2_28572",0.776390434559116,0.776412159818688
"solcap_snp_c2_28580",0.469086020071141,0.469399717092328
"solcap_snp_c2_28609",0.243963504275322,0.244215215011921
"solcap_snp_c2_28610",0.192971481771749,0.192661366676907
"solcap_snp_c2_28615",0.229701789939253,0.229739980110141
"solcap_snp_c2_28632",0.362171029170966,0.362293938894535
"solcap_snp_c2_28633",0.292738592952903,0.292544870875891
"solcap_snp_c2_28634",0.338637933040096,0.338473430176482
"solcap_snp_c2_28635",0.112394056734998,0.111953146437945
"solcap_snp_c2_2864",0.631948695908972,0.631276656617859
"solcap_snp_c2_28697",0.295785345360034,0.295926558292992
"solcap_snp_c2_28725",0.163120542196912,0.162534539755187
"solcap_snp_c2_28726",0.279056447346793,0.279146681359192
"solcap_snp_c2_2873",0.785704802226333,0.785370047404142
"solcap_snp_c2_2874",0.102601446424282,0.10210884453284
"solcap_snp_c2_28740",0.298776292731292,0.298478009124813
"solcap_snp_c2_28749",0.90132604985969,0.900423272693613
"solcap_snp_c2_28756",0.503273403631341,0.502946382430402
"solcap_snp_c2_28761",0.786871007366241,0.786570581519013
"solcap_snp_c2_28770",0.710610816109898,0.711272472226248
"solcap_snp_c2_28771",0.50403330293734,0.503947806734613
"solcap_snp_c2_28786",0.271892525858173,0.271725243484559
"solcap_snp_c2_28789",0.489311058244065,0.489702261414675
"solcap_snp_c2_28840",0.634012765522231,0.633396187050431
"solcap_snp_c2_28845",0.846846111987073,0.846786734847249
"solcap_snp_c2_28846",0.39552630874079,0.395197746662318
"solcap_snp_c2_28847",0.986017769195241,0.987244139934698
"solcap_snp_c2_28850",0.248306431322538,0.247702179063244
"solcap_snp_c2_28851",0.0328427031890072,0.0324966135878805
"solcap_snp_c2_28852",0.954599614425346,0.954758563181045
"solcap_snp_c2_28872",0.259404822710895,0.259263275263549
"solcap_snp_c2_289",0.369165586181437,0.369282303091188
"solcap_snp_c2_28903",0.667752301469765,0.667482976792861
"solcap_snp_c2_2896",0.0573830787724424,0.0570214767332827
"solcap_snp_c2_29015",0.149444726134964,0.149262466944102
"solcap_snp_c2_29020",0.341181113705347,0.341182418858985
"solcap_snp_c2_29022",0.488090518599728,0.487807341506264
"solcap_snp_c2_29043",0.171948328111313,0.171971397723334
"solcap_snp_c2_29047",0.243915841274537,0.24394761814128
"solcap_snp_c2_29083",0.95979603013597,0.960064981242979
"solcap_snp_c2_29084",0.315801126791126,0.31562855518985
"solcap_snp_c2_29088",0.804145429398345,0.804673914757679
"solcap_snp_c2_29089",0.345697156675309,0.345434277468711
"solcap_snp_c2_29096",0.800064273598064,0.800409398560414
"solcap_snp_c2_29097",0.620571299533088,0.62118732971874
"solcap_snp_c2_2910",0.217999616264278,0.217443097323923
"solcap_snp_c2_29111",0.0801018836748533,0.0797509039711176
"solcap_snp_c2_29112",0.557238452738306,0.557435916857274
"solcap_snp_c2_29113",0.692449566790598,0.691678660621292
"solcap_snp_c2_29139",0.933404172004703,0.932731669494409
"solcap_snp_c2_29143",0.745522772601315,0.74584395847428
"solcap_snp_c2_29144",0.965738240295101,0.964639124942253
"solcap_snp_c2_29151",0.399996570245876,0.40003041520665
"solcap_snp_c2_29155",0.854137660701405,0.854412748671346
"solcap_snp_c2_2916",0.907428620582887,0.907738760136072
"solcap_snp_c2_29169",0.857767036390217,0.85667903617175
"solcap_snp_c2_29186",0.326260322890894,0.326684982203024
"solcap_snp_c2_292",0.980560035024159,0.979874767830483
"solcap_snp_c2_29204",0.357353905782365,0.357763218469034
"solcap_snp_c2_29205",0.0297360914408909,0.0294461251424248
"solcap_snp_c2_29254",0.678872675801998,0.679371383394979
"solcap_snp_c2_29255",0.637597833550614,0.638071014645835
"solcap_snp_c2_29261",0.866068732054374,0.866383066003109
"solcap_snp_c2_29265",0.349714156804155,0.349397951165016
"solcap_snp_c2_2927",0.92688261697727,0.926786650316741
"solcap_snp_c2_29276",0.214335679452087,0.214105657584892
"solcap_snp_c2_29280",0.12009394565356,0.119807887399175
"solcap_snp_c2_29282",0.654398060240976,0.654985499624323
"solcap_snp_c2_29283",0.306045571731281,0.306372726429095
"solcap_snp_c2_29284",0.393833447188995,0.394187783043352
"solcap_snp_c2_29286",0.44360826675159,0.443556864189361
"solcap_snp_c2_29293",0.792634133764793,0.793143817574588
"solcap_snp_c2_29296",0.955391954216871,0.95573901913713
"solcap_snp_c2_29310",0.554972856740406,0.554971257326791
"solcap_snp_c2_29319",0.919447734708462,0.919253712342512
"solcap_snp_c2_29320",0.864159475858483,0.864648812845516
"solcap_snp_c2_29323",0.672884200134245,0.673005160680007
"solcap_snp_c2_29344",0.500950235800303,0.500993735899062
"solcap_snp_c2_29350",0.629985754037869,0.63040061966949
"solcap_snp_c2_29365",0.568922387476432,0.56928801224164
"solcap_snp_c2_29387",0.29829785890905,0.298530915816104
"solcap_snp_c2_2940",0.578250221819907,0.578825224845593
"solcap_snp_c2_29433",0.437515191756856,0.436988556874171
"solcap_snp_c2_29434",0.98066803182131,0.980771563582171
"solcap_snp_c2_29435",0.249832649547954,0.250098438989255
"solcap_snp_c2_29438",0.124701450636662,0.124561572568779
"solcap_snp_c2_29441",0.422450109596435,0.422468016745996
"solcap_snp_c2_2947",0.816385804971322,0.816675650338184
"solcap_snp_c2_29476",0.481468157013337,0.481085128495271
"solcap_snp_c2_29478",0.626270471278459,0.625785022462221
"solcap_snp_c2_29479",0.918360267165158,0.918459399792407
"solcap_snp_c2_29481",0.28963659989503,0.289783949555759
"solcap_snp_c2_29489",0.48937529173361,0.489808730458446
"solcap_snp_c2_29490",0.447434298259719,0.447646928417323
"solcap_snp_c2_29491",0.675053503686514,0.675264160547539
"solcap_snp_c2_29492",0.830696867992628,0.831126946328354
"solcap_snp_c2_29494",0.938936246428583,0.939983264300537
"solcap_snp_c2_29496",0.296847777721855,0.296766051092222
"solcap_snp_c2_29498",0.244965088980313,0.244859905713227
"solcap_snp_c2_295",0.22445463772175,0.224109253531105
"solcap_snp_c2_29506",0.956563987126018,0.955927127362516
"solcap_snp_c2_2957",0.308439770738316,0.308357846681596
"solcap_snp_c2_29628",0.372384880916341,0.372479118439796
"solcap_snp_c2_29639",0.0819205174721815,0.0816022145126293
"solcap_snp_c2_29643",0.0682465758529188,0.0679526820950317
"solcap_snp_c2_29644",0.698570809487801,0.698840537333385
"solcap_snp_c2_29645",0.435835553042057,0.436449519714665
"solcap_snp_c2_29665",0.20569492851571,0.20558190393283
"solcap_snp_c2_29669",0.638251117596989,0.638388482157083
"solcap_snp_c2_2968",0.459512812751664,0.459999405956712
"solcap_snp_c2_29690",0.890527379098012,0.891000694139993
"solcap_snp_c2_29705",0.630708532816921,0.631308057970843
"solcap_snp_c2_29720",0.880657418633588,0.880448895474305
"solcap_snp_c2_2973",0.376141208643785,0.375673514483855
"solcap_snp_c2_29732",0.613285552232162,0.613830719423894
"solcap_snp_c2_29741",0.916306397774375,0.916638829394136
"solcap_snp_c2_29742",0.810874581445082,0.811356346276253
"solcap_snp_c2_29743",0.485145596398346,0.485914728303443
"solcap_snp_c2_29744",0.737063615335384,0.736786077023937
"solcap_snp_c2_29745",0.893353048789144,0.893878724913913
"solcap_snp_c2_29746",0.486605110948194,0.486759763739761
"solcap_snp_c2_29749",0.709938980784582,0.709813246226654
"solcap_snp_c2_2975",0.10952174667197,0.109318264971532
"solcap_snp_c2_29752",0.666240789471195,0.666912290046111
"solcap_snp_c2_29767",0.283108896098209,0.283625554362151
"solcap_snp_c2_29775",0.635733949893709,0.637114633696921
"solcap_snp_c2_29780",0.349583133128736,0.349536432991854
"solcap_snp_c2_29783",0.138899831237044,0.139045354976702
"solcap_snp_c2_29786",0.134168595816504,0.13383975936073
"solcap_snp_c2_29788",0.397517085555641,0.397703056873378
"solcap_snp_c2_29799",0.817351693608504,0.817581409073657
"solcap_snp_c2_29805",0.37208559049832,0.372576639583551
"solcap_snp_c2_29850",0.575658629926367,0.576130688983188
"solcap_snp_c2_29899",0.996075568442853,0.996125939226669
"solcap_snp_c2_2992",0.0206774312821315,0.0203743153351226
"solcap_snp_c2_29945",0.319738180386363,0.31991620140829
"solcap_snp_c2_2998",0.54878395737103,0.548396260467967
"solcap_snp_c2_30008",0.463683490009993,0.4635788100494
"solcap_snp_c2_30037",0.305726581402258,0.305875089110961
"solcap_snp_c2_30054",0.280993765397162,0.280975897648075
"solcap_snp_c2_3010",0.131896620316345,0.131636639253526
"solcap_snp_c2_30104",0.67436504828231,0.674404457520478
"solcap_snp_c2_30114",0.714885677273379,0.713931099760225
"solcap_snp_c2_30160",0.926076162273788,0.926259497597446
"solcap_snp_c2_30164",0.725391572642539,0.724691585831612
"solcap_snp_c2_30200",0.226533236435241,0.226043482383115
"solcap_snp_c2_3021",0.385147058488097,0.385244904522657
"solcap_snp_c2_30254",0.182839966581069,0.183025288409069
"solcap_snp_c2_30255",0.43787239280902,0.437711546253696
"solcap_snp_c2_30256",0.491298664968515,0.490590369780383
"solcap_snp_c2_30269",0.892198088700676,0.89210274323019
"solcap_snp_c2_30272",0.70285788342554,0.70302761601713
"solcap_snp_c2_30288",0.240687194882163,0.240847462772249
"solcap_snp_c2_30293",0.553646818670329,0.553567797127088
"solcap_snp_c2_30296",0.95589359799975,0.956561488411823
"solcap_snp_c2_30302",0.923804934922447,0.922857758960052
"solcap_snp_c2_30306",0.55230233894946,0.552771317344047
"solcap_snp_c2_30339",0.950986214943683,0.950485284415343
"solcap_snp_c2_30361",0.209850576672176,0.21009253397647
"solcap_snp_c2_30363",0.813875400168327,0.814030244056387
"solcap_snp_c2_30365",0.144876857725747,0.144866780472929
"solcap_snp_c2_30367",0.361658062660131,0.361826307777203
"solcap_snp_c2_30368",0.38300087022304,0.383237553132852
"solcap_snp_c2_30384",0.3288106911825,0.32814350163426
"solcap_snp_c2_30392",0.153994572353129,0.153549008890061
"solcap_snp_c2_30416",0.866949236572322,0.866093923028631
"solcap_snp_c2_30427",0.62564146180831,0.62652953148455
"solcap_snp_c2_30428",0.0804471366128608,0.0799259601553851
"solcap_snp_c2_30475",0.888065405292328,0.886581755032509
"solcap_snp_c2_30492",0.921547426641428,0.921584176149391
"solcap_snp_c2_30501",0.956642567487152,0.956569211752238
"solcap_snp_c2_30507",0.0094250662419045,0.00923961799265693
"solcap_snp_c2_30508",0.659346448940782,0.659505822838058
"solcap_snp_c2_30509",0.892774179502897,0.892789492104164
"solcap_snp_c2_30534",0.746671386749037,0.746745610222258
"solcap_snp_c2_30566",0.545741728416176,0.54595690293122
"solcap_snp_c2_30585",0.238880481866386,0.239024461075395
"solcap_snp_c2_30595",0.677198845995884,0.676811278287609
"solcap_snp_c2_30612",0.022627764478612,0.0224083431814767
"solcap_snp_c2_3063",0.415787481577111,0.41613158398066
"solcap_snp_c2_30633",0.563724602483216,0.5636323490722
"solcap_snp_c2_30634",0.670431457735992,0.670444485856024
"solcap_snp_c2_30652",0.288154996962547,0.288302428970191
"solcap_snp_c2_30682",0.587311544587695,0.587803909084677
"solcap_snp_c2_30685",0.401823111325221,0.401117433003029
"solcap_snp_c2_30690",0.140306524719101,0.139987068823725
"solcap_snp_c2_30708",0.92271515061175,0.923236684951914
"solcap_snp_c2_30741",0.335192265114175,0.335226646012728
"solcap_snp_c2_3078",0.0616385558508643,0.0613229401733247
"solcap_snp_c2_3079",0.752082438214954,0.752204702785168
"solcap_snp_c2_30799",0.818294989546888,0.819194921967738
"solcap_snp_c2_30904",0.560078799237377,0.560894071337936
"solcap_snp_c2_30905",0.930319717863168,0.930746818373051
"solcap_snp_c2_30907",0.646684456087258,0.647383844366315
"solcap_snp_c2_30911",0.670426784566179,0.671316859558828
"solcap_snp_c2_30914",0.59697332862353,0.597061603815713
"solcap_snp_c2_30915",0.55379130583849,0.553748010413829
"solcap_snp_c2_3092",0.830344506072809,0.829953169221321
"solcap_snp_c2_30926",0.901384329849145,0.901189786751543
"solcap_snp_c2_30936",0.577269583278229,0.5771052922755
"solcap_snp_c2_30937",0.939311650822513,0.939440652244748
"solcap_snp_c2_30939",0.954497002908554,0.955016837617478
"solcap_snp_c2_30950",0.705569498983858,0.706146674709873
"solcap_snp_c2_30952",0.786823178820033,0.786600621317932
"solcap_snp_c2_30957",0.580210143113838,0.579816469884969
"solcap_snp_c2_30961",0.413447156207538,0.413792583554401
"solcap_snp_c2_30963",0.445790852271338,0.445972674226662
"solcap_snp_c2_30973",0.74594161706576,0.745718435039216
"solcap_snp_c2_31041",0.661663268058967,0.66174813052387
"solcap_snp_c2_31042",0.846256473531701,0.847024945599672
"solcap_snp_c2_31066",0.190289965195916,0.189969794777998
"solcap_snp_c2_3108",0.733695680992774,0.733533009294892
"solcap_snp_c2_31082",0.517959129046077,0.518372054560821
"solcap_snp_c2_31115",0.794456309387384,0.794599822673941
"solcap_snp_c2_31139",0.473539264707854,0.473683318423443
"solcap_snp_c2_31144",0.386596656462971,0.386833756903792
"solcap_snp_c2_31180",0.409994415580975,0.409678950562936
"solcap_snp_c2_31181",0.972135562119626,0.971587513629523
"solcap_snp_c2_31182",0.569636936106565,0.569509986673432
"solcap_snp_c2_31214",0.63885092241922,0.639441198900763
"solcap_snp_c2_31334",0.284981367833438,0.284617667196211
"solcap_snp_c2_31336",0.766844398003729,0.765303966479093
"solcap_snp_c2_31358",0.207364676069986,0.20751670966811
"solcap_snp_c2_31359",0.772921826013592,0.772502430265031
"solcap_snp_c2_31361",0.870038782885244,0.869685194188566
"solcap_snp_c2_31367",0.887163852302998,0.886166818621702
"solcap_snp_c2_31368",0.236376832954499,0.236112151297716
"solcap_snp_c2_31371",0.167046531288741,0.166772320423968
"solcap_snp_c2_31373",0.950087768912519,0.949099204094384
"solcap_snp_c2_31374",0.314468979096967,0.314236872137824
"solcap_snp_c2_31375",0.878524907293784,0.878434388580517
"solcap_snp_c2_31376",0.386132797629405,0.385320527697055
"solcap_snp_c2_314",0.775663713991806,0.775725065639305
"solcap_snp_c2_31403",0.331291191355006,0.331635259153298
"solcap_snp_c2_3142",0.790977498357636,0.792115381050009
"solcap_snp_c2_31428",0.980465024984538,0.979025906084159
"solcap_snp_c2_31439",0.530984541804713,0.530719365188129
"solcap_snp_c2_31443",0.508486601654989,0.508300311760697
"solcap_snp_c2_31459",0.823573550788148,0.823170846423772
"solcap_snp_c2_3146",0.0142270117738364,0.0140380225960787
"solcap_snp_c2_31472",0.540192558841459,0.540746870345882
"solcap_snp_c2_31477",0.135511558578679,0.135401654225285
"solcap_snp_c2_31479",0.54668621009826,0.546610656663132
"solcap_snp_c2_31480",0.366575988553563,0.366827253122532
"solcap_snp_c2_31484",0.938894226117181,0.937766140302565
"solcap_snp_c2_3152",0.19134360831578,0.191027059706282
"solcap_snp_c2_3153",0.739937753755852,0.738972067913779
"solcap_snp_c2_3155",0.105400473777753,0.105071817995715
"solcap_snp_c2_31553",0.724938491104393,0.723879178532447
"solcap_snp_c2_31564",0.705753726710052,0.704936809758431
"solcap_snp_c2_31579",0.17469971884794,0.174271474189546
"solcap_snp_c2_3158",0.543369765333132,0.544693143851881
"solcap_snp_c2_31585",0.399094034250959,0.398979373314116
"solcap_snp_c2_31586",0.248824973967816,0.248505105839238
"solcap_snp_c2_31592",0.115059642753174,0.114907870239012
"solcap_snp_c2_31600",0.219935109955736,0.220274925629493
"solcap_snp_c2_31605",0.604634647135115,0.604683352082699
"solcap_snp_c2_3162",0.614904321592444,0.613955900876669
"solcap_snp_c2_3163",0.383326093921151,0.382988884412351
"solcap_snp_c2_31648",0.640261757174331,0.641289266759427
"solcap_snp_c2_3165",0.0214987752000377,0.0211729454277167
"solcap_snp_c2_3166",0.886364368450953,0.885580062248342
"solcap_snp_c2_3167",0.485854674625287,0.485382637393825
"solcap_snp_c2_31688",0.401248780819941,0.401216166992335
"solcap_snp_c2_31693",0.375019597306262,0.37523985073089
"solcap_snp_c2_317",0.532405656197078,0.532716927959554
"solcap_snp_c2_31712",0.745407375799043,0.744612675084448
"solcap_snp_c2_31713",0.522582632310211,0.522395994868753
"solcap_snp_c2_31716",0.742121936378816,0.741746616092203
"solcap_snp_c2_31717",0.269728472930126,0.269527505261677
"solcap_snp_c2_3172",0.396547462410709,0.395997756191671
"solcap_snp_c2_31732",0.341041644951432,0.340668280761186
"solcap_snp_c2_31733",0.771163678050954,0.770778316544535
"solcap_snp_c2_3174",0.0582168683218888,0.0578232811691421
"solcap_snp_c2_31779",0.496396020485491,0.496215740058661
"solcap_snp_c2_31783",0.715124894568731,0.715394976364349
"solcap_snp_c2_31802",0.949799987571525,0.949901402177694
"solcap_snp_c2_31804",0.861122571851821,0.860838507423369
"solcap_snp_c2_31820",0.721300830605233,0.721809672429383
"solcap_snp_c2_31821",0.186241481099491,0.186294939671284
"solcap_snp_c2_31824",0.913306535669686,0.913487054437953
"solcap_snp_c2_31828",0.857032828976799,0.856671558479829
"solcap_snp_c2_31836",0.103547704521459,0.103414295539826
"solcap_snp_c2_3185",0.4778467220945,0.477325649338967
"solcap_snp_c2_31850",0.80329600995955,0.803891925904535
"solcap_snp_c2_31857",0.575928834129471,0.575596167275022
"solcap_snp_c2_3186",0.350958546494211,0.351230712693303
"solcap_snp_c2_31873",0.110374617632987,0.110308056866625
"solcap_snp_c2_31887",0.565825029039805,0.565958574462981
"solcap_snp_c2_31893",0.105212686385081,0.105077051117498
"solcap_snp_c2_31913",0.120517731650108,0.120198546178682
"solcap_snp_c2_3193",0.198984586852031,0.198487032975757
"solcap_snp_c2_3196",0.355005754182069,0.355260061195644
"solcap_snp_c2_31981",0.678249348077678,0.678230213265666
"solcap_snp_c2_31988",0.834029597047053,0.83428556184833
"solcap_snp_c2_31989",0.0637091890860343,0.0635582502804516
"solcap_snp_c2_31991",0.299209878457834,0.29896961787813
"solcap_snp_c2_3202",0.697208860450759,0.697201546177374
"solcap_snp_c2_3203",0.762680618952971,0.762535212113669
"solcap_snp_c2_32036",0.733918389705254,0.734510291665603
"solcap_snp_c2_3204",0.473963834616574,0.474250709031592
"solcap_snp_c2_3205",0.60961484156992,0.608756013664568
"solcap_snp_c2_32056",0.84889412452122,0.848393147588101
"solcap_snp_c2_32066",0.457959784973167,0.458807631411892
"solcap_snp_c2_32068",0.668908092392537,0.668987721134243
"solcap_snp_c2_3207",0.470765987162831,0.470565301200915
"solcap_snp_c2_32072",0.69887851011337,0.699626591958975
"solcap_snp_c2_32073",0.635469822356299,0.635010761802396
"solcap_snp_c2_32074",0.744227678884518,0.743576603615154
"solcap_snp_c2_32077",0.125846468053591,0.125704667076172
"solcap_snp_c2_3208",0.366127914807193,0.366364781543841
"solcap_snp_c2_32080",0.474592197092254,0.474660891227069
"solcap_snp_c2_32082",0.0298156088626299,0.0296360413195347
"solcap_snp_c2_32094",0.659494668163946,0.659611508280598
"solcap_snp_c2_32099",0.506399077927483,0.505919513188613
"solcap_snp_c2_3211",0.660643474569063,0.660814188659296
"solcap_snp_c2_32110",0.457931118345126,0.458419873368592
"solcap_snp_c2_32111",0.373598745828894,0.372816724734586
"solcap_snp_c2_32112",0.970263856156675,0.970435972079986
"solcap_snp_c2_32131",0.917538059119066,0.917649845969423
"solcap_snp_c2_32140",0.790551074587675,0.790658199913299
"solcap_snp_c2_3215",0.585922174609386,0.585287726028689
"solcap_snp_c2_32189",0.172825814728866,0.172757288394645
"solcap_snp_c2_32198",0.61956238961655,0.619353033611612
"solcap_snp_c2_322",0.355296853855437,0.355100477402635
"solcap_snp_c2_32200",0.790497601950467,0.78975572495903
"solcap_snp_c2_32211",0.0873997764820231,0.0871181385072591
"solcap_snp_c2_32227",0.288436063403825,0.288221479555609
"solcap_snp_c2_32240",0.68724842681146,0.687307372881188
"solcap_snp_c2_32243",0.72600364548582,0.725505026075877
"solcap_snp_c2_32244",0.358497127221738,0.358862000856408
"solcap_snp_c2_32249",0.50347641406369,0.503708283866866
"solcap_snp_c2_32253",0.960423791909951,0.959936560532201
"solcap_snp_c2_32254",0.318059737340105,0.318571919019413
"solcap_snp_c2_32257",0.206131316541712,0.205707148986744
"solcap_snp_c2_32262",0.529352052980218,0.528535251479074
"solcap_snp_c2_32272",0.522129977685911,0.522386848004269
"solcap_snp_c2_32274",0.965417083549237,0.965085803203194
"solcap_snp_c2_32280",0.308558667389268,0.308332157228378
"solcap_snp_c2_32282",0.812814703308967,0.813432940148706
"solcap_snp_c2_32287",0.267203329999841,0.267014944450434
"solcap_snp_c2_323",0.458740648944005,0.45856097555019
"solcap_snp_c2_32300",0.136278475444214,0.136191039817372
"solcap_snp_c2_32302",0.563440574971464,0.563999245030453
"solcap_snp_c2_32309",0.405287612684558,0.404952465788851
"solcap_snp_c2_32317",0.41463061683227,0.414261579459917
"solcap_snp_c2_32334",0.417326022131595,0.417435201666416
"solcap_snp_c2_32339",0.569872119770619,0.570622750885948
"solcap_snp_c2_32341",0.567707176164598,0.567064580931092
"solcap_snp_c2_32342",0.279424172740762,0.279212084294579
"solcap_snp_c2_324",0.55465869535303,0.555014368269124
"solcap_snp_c2_32400",0.870804791567693,0.870382526826046
"solcap_snp_c2_32406",0.681265444213895,0.680695976924007
"solcap_snp_c2_32413",0.657440896312875,0.657249957176743
"solcap_snp_c2_32415",0.275437868454781,0.274884736169947
"solcap_snp_c2_32421",0.383565321268993,0.383615027800624
"solcap_snp_c2_32425",0.894371118452042,0.895047103818784
"solcap_snp_c2_32426",0.54513107013005,0.54437314822256
"solcap_snp_c2_32437",0.597948208300738,0.598354623821123
"solcap_snp_c2_32440",0.711188189502497,0.71061598310485
"solcap_snp_c2_32460",0.314492237599674,0.31428068025173
"solcap_snp_c2_32462",0.888051112995092,0.887937035195991
"solcap_snp_c2_32466",0.394089467963554,0.39489838916058
"solcap_snp_c2_3247",0.313276217736255,0.31326674821126
"solcap_snp_c2_32481",0.70469924318645,0.705804800654271
"solcap_snp_c2_32482",0.900716131660927,0.900709115288432
"solcap_snp_c2_32498",0.273936604089713,0.274622227360051
"solcap_snp_c2_32505",0.802039294941272,0.801661169616477
"solcap_snp_c2_3251",0.719568648906203,0.72024483221083
"solcap_snp_c2_32512",0.343561242540874,0.344334464114667
"solcap_snp_c2_32514",0.587043547655404,0.587340824253888
"solcap_snp_c2_32522",0.56517124899704,0.565846528536773
"solcap_snp_c2_32528",0.347753712862103,0.347362335829711
"solcap_snp_c2_32529",0.707535147804063,0.708331051086187
"solcap_snp_c2_32535",0.622480875754291,0.62224967215177
"solcap_snp_c2_32536",0.304443884616458,0.304023223895925
"solcap_snp_c2_32539",0.371324681120144,0.372194883149318
"solcap_snp_c2_32543",0.4916076470344,0.491195499222578
"solcap_snp_c2_3255",0.477322981610588,0.477452773826971
"solcap_snp_c2_3258",0.662564317740212,0.661913571547163
"solcap_snp_c2_3259",0.277234278000368,0.27740271311335
"solcap_snp_c2_32601",0.964452904371635,0.964267537940079
"solcap_snp_c2_32644",0.120109929141762,0.119719884085882
"solcap_snp_c2_32667",0.0494496624153284,0.049164334116312
"solcap_snp_c2_32677",0.241265840750543,0.241151245135599
"solcap_snp_c2_32710",0.254874492369737,0.254690279019023
"solcap_snp_c2_32739",0.630035241252848,0.629617037508605
"solcap_snp_c2_32740",0.461217927793665,0.460893085261138
"solcap_snp_c2_32768",0.1324891129835,0.131973169805942
"solcap_snp_c2_32790",0.891100270767053,0.890649236789
"solcap_snp_c2_32802",0.921896883963811,0.923289639201262
"solcap_snp_c2_32809",0.574536011421207,0.574693884237463
"solcap_snp_c2_32847",0.192517512379273,0.192366225867895
"solcap_snp_c2_32854",0.854716333349448,0.8548613064631
"solcap_snp_c2_32877",0.344702180719195,0.344770202224819
"solcap_snp_c2_32894",0.321429055052022,0.321046575115906
"solcap_snp_c2_32900",0.7667902967513,0.766002011694514
"solcap_snp_c2_32901",0.141092673159138,0.140583538502309
"solcap_snp_c2_32904",0.440178387171761,0.439910499598516
"solcap_snp_c2_32905",0.0673524752797482,0.0669494452259678
"solcap_snp_c2_32906",0.583019521475453,0.582797937707112
"solcap_snp_c2_32912",0.352912187579724,0.352428747278881
"solcap_snp_c2_32917",0.112588546432358,0.112266462619364
"solcap_snp_c2_32918",0.275100727232599,0.274728903790614
"solcap_snp_c2_32940",0.33493233067094,0.334805797864572
"solcap_snp_c2_32941",0.615506907493012,0.615327669260032
"solcap_snp_c2_32952",0.27543776336587,0.275204438591982
"solcap_snp_c2_32954",0.136962505022623,0.136853800514913
"solcap_snp_c2_32961",0.767004400547098,0.766746594784278
"solcap_snp_c2_32963",0.155825892155978,0.155757011358978
"solcap_snp_c2_32964",0.491377646281248,0.491762409723167
"solcap_snp_c2_32976",0.832785299647966,0.833847739158197
"solcap_snp_c2_32980",0.0678065114268802,0.0674959844733513
"solcap_snp_c2_32993",0.343778178708943,0.3442326210614
"solcap_snp_c2_32994",0.255419157961152,0.255643326056521
"solcap_snp_c2_32999",0.201545759471959,0.201661803892165
"solcap_snp_c2_33000",0.04485701355027,0.0445716874154091
"solcap_snp_c2_33001",0.129365757834928,0.129205909408422
"solcap_snp_c2_33002",0.745167702360394,0.745437811188696
"solcap_snp_c2_33005",0.154709907136165,0.154316673151214
"solcap_snp_c2_33008",0.697094580831687,0.697603907257766
"solcap_snp_c2_33019",0.868807739407838,0.868522333318885
"solcap_snp_c2_33108",0.888409466322689,0.88816947386758
"solcap_snp_c2_33141",0.162109831276001,0.161592474227761
"solcap_snp_c2_33223",0.534803436188766,0.535022659716002
"solcap_snp_c2_33226",0.464742268435481,0.465127290714587
"solcap_snp_c2_33228",0.780149368612592,0.779866865015398
"solcap_snp_c2_3323",0.224064708000525,0.2230781952077
"solcap_snp_c2_33243",0.264247378918186,0.263970991984554
"solcap_snp_c2_3325",0.676035315944224,0.675758661057696
"solcap_snp_c2_33273",0.316624955824618,0.316415024832936
"solcap_snp_c2_33276",0.0758605312051532,0.075555610257639
"solcap_snp_c2_33278",0.063050395135354,0.0627839826270042
"solcap_snp_c2_33294",0.671554802436215,0.670964581491224
"solcap_snp_c2_33302",0.0190951811440543,0.0188758327478883
"solcap_snp_c2_33314",0.206434609128449,0.206458106038193
"solcap_snp_c2_33354",0.0373942517785436,0.0371830429982395
"solcap_snp_c2_33364",0.0472872482468133,0.0470782412582907
"solcap_snp_c2_33365",0.246119292015357,0.246251551198004
"solcap_snp_c2_3337",0.771466243082087,0.77070047704609
"solcap_snp_c2_33372",0.0102310410207798,0.0100696397889576
"solcap_snp_c2_33381",0.274438941820901,0.274090436482291
"solcap_snp_c2_33386",0.853553576059438,0.85345378811138
"solcap_snp_c2_33403",0.767025420795078,0.767252756550867
"solcap_snp_c2_33405",0.580933811366461,0.581395522121516
"solcap_snp_c2_33429",0.0897399646764599,0.0893145519595881
"solcap_snp_c2_33473",0.305016762409091,0.304714500435506
"solcap_snp_c2_33488",0.160674865312147,0.160664285595167
"solcap_snp_c2_33489",0.465616500870059,0.466507678152516
"solcap_snp_c2_33493",0.605306901345498,0.605323870814241
"solcap_snp_c2_33495",0.0494694701268883,0.0492210204190464
"solcap_snp_c2_33509",0.610447202767328,0.609529673447221
"solcap_snp_c2_33511",0.387801343958525,0.387939489904635
"solcap_snp_c2_33512",0.259704597828524,0.259159524388798
"solcap_snp_c2_33514",0.88490801507289,0.885449866916491
"solcap_snp_c2_33515",0.142048884083244,0.141487398105506
"solcap_snp_c2_33517",0.446236190663228,0.44635569584203
"solcap_snp_c2_33518",0.743224983257543,0.742913155405645
"solcap_snp_c2_33519",0.882543338213124,0.882881011324787
"solcap_snp_c2_33520",0.163397557700738,0.163433751304067
"solcap_snp_c2_3353",0.716128203727131,0.716987413654954
"solcap_snp_c2_33532",0.437551218024908,0.436984410865935
"solcap_snp_c2_33563",0.0198684116444202,0.0195854469993388
"solcap_snp_c2_33598",0.139056774739371,0.13867578371145
"solcap_snp_c2_33619",0.436391975938972,0.436326856698648
"solcap_snp_c2_33626",0.580797471997123,0.580305561713998
"solcap_snp_c2_33627",0.692521438173392,0.691898635453455
"solcap_snp_c2_3363",0.0844933301073246,0.084182384138119
"solcap_snp_c2_33630",0.280488964703788,0.280640166882246
"solcap_snp_c2_33635",0.47771887881101,0.478159575839322
"solcap_snp_c2_33653",0.173542248030314,0.173326825591239
"solcap_snp_c2_33657",0.380147012743174,0.380223057965259
"solcap_snp_c2_33673",0.260753132100572,0.260377369132552
"solcap_snp_c2_33677",0.186492019245688,0.186078771189419
"solcap_snp_c2_33678",0.528780727525097,0.529128223271846
"solcap_snp_c2_3368",0.796347048978135,0.79517328513606
"solcap_snp_c2_33683",0.807701582250596,0.807709740558453
"solcap_snp_c2_33709",0.281461828247115,0.280962328317243
"solcap_snp_c2_33712",0.38163352413133,0.38117665482192
"solcap_snp_c2_33766",0.557407223851087,0.557707343252804
"solcap_snp_c2_3377",0.734784570194574,0.734719395654998
"solcap_snp_c2_33771",0.184168433688057,0.184092496537389
"solcap_snp_c2_33772",0.288998988650551,0.288474329481486
"solcap_snp_c2_33777",0.695560667887482,0.695719158281912
"solcap_snp_c2_33866",0.641207888718812,0.641130254191157
"solcap_snp_c2_33871",0.888707835583699,0.888405288345283
"solcap_snp_c2_33891",0.866130445590151,0.866309571454191
"solcap_snp_c2_33892",0.294134314359231,0.293837484113126
"solcap_snp_c2_33905",0.543480823566926,0.543066867141829
"solcap_snp_c2_33906",0.228984520684817,0.228889812223103
"solcap_snp_c2_33914",0.399377303311036,0.400283535901437
"solcap_snp_c2_33917",0.466375291656597,0.466375064038806
"solcap_snp_c2_33919",0.87557137177555,0.876327275071434
"solcap_snp_c2_33924",0.399610891600883,0.399656670608596
"solcap_snp_c2_33926",0.212922398922706,0.212770151956561
"solcap_snp_c2_33932",0.687246855290004,0.687053797514312
"solcap_snp_c2_33996",0.0704763982706255,0.0702112666271089
"solcap_snp_c2_34",0.608220855369387,0.6080985717334
"solcap_snp_c2_340",0.412472734314074,0.412605946848656
"solcap_snp_c2_34002",0.878511646625802,0.878833695846322
"solcap_snp_c2_34003",0.786960532539072,0.787236735048079
"solcap_snp_c2_34017",0.963843617285433,0.964494090080214
"solcap_snp_c2_34019",0.739299913810285,0.739035811583745
"solcap_snp_c2_34051",0.425942097373273,0.426084029306846
"solcap_snp_c2_34065",0.260562060481907,0.260792030347158
"solcap_snp_c2_34069",0.63304091750525,0.633699232552465
"solcap_snp_c2_34072",0.0778056614643662,0.0775056263216086
"solcap_snp_c2_34075",0.408588679283904,0.408574737506715
"solcap_snp_c2_34078",0.408457821565422,0.409110094325645
"solcap_snp_c2_34079",0.227353483283093,0.227197874823477
"solcap_snp_c2_34082",0.482285928174371,0.481689775465761
"solcap_snp_c2_34085",0.417802326284321,0.418322501763805
"solcap_snp_c2_34087",0.987348365674464,0.987511114129543
"solcap_snp_c2_34090",0.644427622817913,0.644995596047186
"solcap_snp_c2_34097",0.279224937873441,0.278929813589022
"solcap_snp_c2_34109",0.82805636918144,0.827960233753797
"solcap_snp_c2_34110",0.535605060388938,0.53587498273459
"solcap_snp_c2_34121",0.451131429972139,0.451381626351865
"solcap_snp_c2_34191",0.0791735530859529,0.0787005921131821
"solcap_snp_c2_34192",0.343784841993067,0.343507141613609
"solcap_snp_c2_34194",0.659316605586272,0.658789297749874
"solcap_snp_c2_34195",0.3223171574703,0.321969521782421
"solcap_snp_c2_34196",0.610396803514392,0.610995474988805
"solcap_snp_c2_34197",0.170607385361399,0.17035515657894
"solcap_snp_c2_34200",0.166383912236574,0.166025020201605
"solcap_snp_c2_34203",0.553438129368697,0.55352341590806
"solcap_snp_c2_34204",0.793125858993361,0.79228591295477
"solcap_snp_c2_34274",0.577132360268358,0.576950662404764
"solcap_snp_c2_34325",0.104039125969128,0.103724561304095
"solcap_snp_c2_34329",0.58948566806793,0.589770017654897
"solcap_snp_c2_34332",0.905557826137796,0.905346575227765
"solcap_snp_c2_34335",0.598771038173825,0.599227091425927
"solcap_snp_c2_34339",0.823900824938191,0.823712126106857
"solcap_snp_c2_34342",0.996357581091555,0.996457254961492
"solcap_snp_c2_34352",0.644569919901406,0.644828557619633
"solcap_snp_c2_34356",0.330839293656215,0.330953291439332
"solcap_snp_c2_34366",0.553536124249357,0.553914008001191
"solcap_snp_c2_34389",0.714909770804458,0.715120192104924
"solcap_snp_c2_34395",0.97860886592051,0.978236212211971
"solcap_snp_c2_34449",0.562826618212223,0.563224885748133
"solcap_snp_c2_34478",0.527012721346858,0.526469648417239
"solcap_snp_c2_3449",0.741143215571015,0.74140674155906
"solcap_snp_c2_34490",0.24045593796212,0.240697898290225
"solcap_snp_c2_34513",0.773576740204345,0.77365480704414
"solcap_snp_c2_34516",0.566361427961599,0.567015385903709
"solcap_snp_c2_3452",0.570810727356283,0.56973609918503
"solcap_snp_c2_34547",0.768153315022339,0.768087631851378
"solcap_snp_c2_34548",0.64141562049094,0.640818386726336
"solcap_snp_c2_34551",0.952286506578801,0.952656848292928
"solcap_snp_c2_34553",0.415780496831422,0.414877642297193
"solcap_snp_c2_34559",0.184918602599852,0.184558135053075
"solcap_snp_c2_34562",0.585718950220974,0.585729548114777
"solcap_snp_c2_34563",0.46784270749588,0.46762742923318
"solcap_snp_c2_34564",0.47913999736009,0.479651618553679
"solcap_snp_c2_34565",0.986596261809328,0.986659768667566
"solcap_snp_c2_34566",0.192569710797541,0.192599911318356
"solcap_snp_c2_34590",0.606088925034997,0.605402940511252
"solcap_snp_c2_34604",0.263536227926629,0.263497086968939
"solcap_snp_c2_34608",0.214636989985341,0.214222259627644
"solcap_snp_c2_34632",0.85937036188207,0.859042106946845
"solcap_snp_c2_34635",0.0990660910971584,0.0987031477595518
"solcap_snp_c2_34639",0.223960538211358,0.223763294426247
"solcap_snp_c2_34640",0.505106248300976,0.505066633686277
"solcap_snp_c2_34698",0.470420705591396,0.470554006048736
"solcap_snp_c2_34717",0.396617608742626,0.396740097133915
"solcap_snp_c2_34762",0.3706832088442,0.370906066464258
"solcap_snp_c2_34774",0.00410200918569773,0.00400597170278689
"solcap_snp_c2_34781",0.507220928480459,0.507795212928424
"solcap_snp_c2_34789",0.524179707234047,0.523990729760985
"solcap_snp_c2_34800",0.27096414751412,0.270587829132827
"solcap_snp_c2_34806",0.311425534917254,0.311775032427329
"solcap_snp_c2_34812",0.996559047607515,0.996029172790292
"solcap_snp_c2_34819",0.405419228360636,0.404842122149677
"solcap_snp_c2_34861",0.155044934111651,0.154788821396276
"solcap_snp_c2_34862",0.657252510991974,0.656618912626125
"solcap_snp_c2_34866",0.465481793289466,0.465272173345174
"solcap_snp_c2_34869",0.485418894993682,0.485701709567293
"solcap_snp_c2_34872",0.796519044624862,0.79589385598702
"solcap_snp_c2_34873",0.39545736907365,0.394809581063792
"solcap_snp_c2_34874",0.774589793644739,0.77474718751301
"solcap_snp_c2_34875",0.816159838460163,0.815228414917255
"solcap_snp_c2_34876",0.054490073575228,0.0540871218562533
"solcap_snp_c2_34913",0.664469018448519,0.663949094615961
"solcap_snp_c2_34915",0.551255849796475,0.55102070590188
"solcap_snp_c2_34938",0.374051836773011,0.373369734131906
"solcap_snp_c2_34940",0.632900258229066,0.632185882528822
"solcap_snp_c2_34948",0.798475594850868,0.798323431832804
"solcap_snp_c2_34957",0.232107712347442,0.232036229125008
"solcap_snp_c2_34958",0.00551825859014164,0.00538659041150109
"solcap_snp_c2_3502",0.0438149902314059,0.0434209119300906
"solcap_snp_c2_3504",0.38074754420608,0.380411267266776
"solcap_snp_c2_35049",0.670085957850306,0.669792788423083
"solcap_snp_c2_35050",0.422226278898608,0.422116006536144
"solcap_snp_c2_35051",0.814955762597913,0.815433483107315
"solcap_snp_c2_35053",0.431073011371358,0.430503577293786
"solcap_snp_c2_35054",0.509156325257567,0.508693287116569
"solcap_snp_c2_35055",0.224157960294478,0.224275804090667
"solcap_snp_c2_35058",0.18512941244238,0.184811345998072
"solcap_snp_c2_35059",0.917671042730565,0.918157820910999
"solcap_snp_c2_35061",0.183786966637686,0.183491496927161
"solcap_snp_c2_35062",0.255534392094937,0.255685480535084
"solcap_snp_c2_35067",0.136047319883149,0.135568784753843
"solcap_snp_c2_35075",0.314285700263928,0.314396909277293
"solcap_snp_c2_35078",0.838408037298827,0.839269163995709
"solcap_snp_c2_35094",0.945014594062938,0.945035853760564
"solcap_snp_c2_35110",0.791234493813438,0.791480639624459
"solcap_snp_c2_35113",0.736764067371508,0.735609656760203
"solcap_snp_c2_3512",0.683353523474049,0.683359299791788
"solcap_snp_c2_35139",0.318199773686808,0.317371353603928
"solcap_snp_c2_35165",0.365586271644809,0.364946494704184
"solcap_snp_c2_35210",0.063429303172545,0.0632941443316677
"solcap_snp_c2_35218",0.650805589954898,0.649795731264493
"solcap_snp_c2_35219",0.496818969904215,0.497047482827222
"solcap_snp_c2_35220",0.803018423187203,0.802517653649544
"solcap_snp_c2_35234",0.527024480065142,0.527201592888325
"solcap_snp_c2_35341",0.695014486022413,0.695310911956056
"solcap_snp_c2_35358",0.221719268612895,0.221479954356434
"solcap_snp_c2_35372",0.4232996529265,0.423293091864892
"solcap_snp_c2_35374",0.341594171849023,0.342011414796963
"solcap_snp_c2_35406",0.196288422019232,0.195993764328695
"solcap_snp_c2_35411",0.718703548901886,0.718478331117027
"solcap_snp_c2_35421",0.0182016869237844,0.0179867907795227
"solcap_snp_c2_35422",0.257376746691656,0.257137122347141
"solcap_snp_c2_35424",0.27862844506849,0.27836839940995
"solcap_snp_c2_35433",0.110249119510554,0.109778197340776
"solcap_snp_c2_35437",0.185341271670225,0.185013212709925
"solcap_snp_c2_35446",0.671366958210487,0.670704906406016
"solcap_snp_c2_35462",0.622069395787381,0.621956654715909
"solcap_snp_c2_35465",0.375614835086042,0.375385832255144
"solcap_snp_c2_35470",0.0682034362432874,0.0679212141594395
"solcap_snp_c2_35483",0.540282408349415,0.540141469268772
"solcap_snp_c2_35518",0.0800185194272817,0.0795772075650805
"solcap_snp_c2_35536",0.361951867609037,0.361968937621335
"solcap_snp_c2_35537",0.533135349073448,0.53327711031955
"solcap_snp_c2_35539",0.555251709720103,0.555125536027356
"solcap_snp_c2_35544",0.467665402730526,0.467490511634436
"solcap_snp_c2_35551",0.908356689546821,0.908321307807402
"solcap_snp_c2_35552",0.666137619247222,0.666136657824756
"solcap_snp_c2_35553",0.211976293939764,0.211990125596663
"solcap_snp_c2_35572",0.46368960363642,0.464401265825109
"solcap_snp_c2_35590",0.506294094674841,0.506709385763256
"solcap_snp_c2_35592",0.309532575347786,0.309463998757214
"solcap_snp_c2_35601",0.633867605280014,0.633610970034158
"solcap_snp_c2_35689",0.334805651084145,0.334584298911112
"solcap_snp_c2_35690",0.0894163507022777,0.0893689190660623
"solcap_snp_c2_35692",0.345887524519425,0.345471271783534
"solcap_snp_c2_35693",0.35630056079761,0.356169587473242
"solcap_snp_c2_35694",0.498731719874567,0.498886851554678
"solcap_snp_c2_35695",0.517904559875985,0.517975563687949
"solcap_snp_c2_35698",0.353258831341034,0.353089989990049
"solcap_snp_c2_35699",0.926585483186922,0.927251173549813
"solcap_snp_c2_357",0.261494766130943,0.261058749359773
"solcap_snp_c2_35701",0.438123531637339,0.438551190416927
"solcap_snp_c2_35810",0.130473149348196,0.13037690162191
"solcap_snp_c2_3585",0.420491093490074,0.4199761691026
"solcap_snp_c2_35868",0.117522271254962,0.117586501187353
"solcap_snp_c2_35893",0.868168990083634,0.867225861067389
"solcap_snp_c2_35897",0.591410489463464,0.590807614611901
"solcap_snp_c2_35958",0.42957514243077,0.429705382264715
"solcap_snp_c2_35959",0.45475107110989,0.454799980971873
"solcap_snp_c2_35970",0.724107649026158,0.724935839591536
"solcap_snp_c2_35995",0.14101994600809,0.140817471606995
"solcap_snp_c2_35996",0.183349262476497,0.183105858192208
"solcap_snp_c2_35999",0.0775874595200253,0.0774221519804714
"solcap_snp_c2_36014",0.252941382953879,0.252799905606161
"solcap_snp_c2_36018",0.0833082841000799,0.0831908569292718
"solcap_snp_c2_36021",0.859577506390084,0.859367670889023
"solcap_snp_c2_36027",0.121713955351413,0.121212523789125
"solcap_snp_c2_36031",0.0253870599597386,0.0250923360651066
"solcap_snp_c2_36033",0.146550934731344,0.146007638495162
"solcap_snp_c2_36037",0.234483998288694,0.234062519221574
"solcap_snp_c2_36045",0.487192979097083,0.487235780057504
"solcap_snp_c2_36061",0.385380285117763,0.385103898380126
"solcap_snp_c2_36123",0.0697741219327311,0.0696441299967391
"solcap_snp_c2_36151",0.0389696602477825,0.0386854028989137
"solcap_snp_c2_36161",0.794411996562526,0.794216073091269
"solcap_snp_c2_36170",0.117602124547151,0.117182166437277
"solcap_snp_c2_36174",0.854000383214897,0.853808633445866
"solcap_snp_c2_36181",0.0427743930060444,0.0424771314548033
"solcap_snp_c2_36185",0.834781098742572,0.834124215046696
"solcap_snp_c2_36186",0.258846975978582,0.258245924476046
"solcap_snp_c2_36232",0.259870665034015,0.259896964856354
"solcap_snp_c2_36253",0.403832208598928,0.40398069583879
"solcap_snp_c2_36264",0.429812980971315,0.430510954232125
"solcap_snp_c2_36284",0.110333105114663,0.10996154089206
"solcap_snp_c2_36334",0.494292115293468,0.494432408559254
"solcap_snp_c2_36370",0.0772742340456708,0.0769694654602056
"solcap_snp_c2_36388",0.724819806000833,0.723936858808691
"solcap_snp_c2_36390",0.256611845240792,0.256385373525533
"solcap_snp_c2_36391",0.956629678083528,0.9558515481227
"solcap_snp_c2_36400",0.356083980666375,0.356284557320928
"solcap_snp_c2_36427",0.369243389062568,0.36941392971447
"solcap_snp_c2_36443",0.94524267584144,0.944262494194321
"solcap_snp_c2_36454",0.00492143766547116,0.0048017260036216
"solcap_snp_c2_36466",0.343057497693377,0.342421840841909
"solcap_snp_c2_36469",0.754813898769,0.755977434467304
"solcap_snp_c2_36495",0.839787313448041,0.839977001921316
"solcap_snp_c2_36512",0.348068894938016,0.347785533347705
"solcap_snp_c2_36548",0.348274306247574,0.347945796713894
"solcap_snp_c2_36554",0.756592179822056,0.755730052453054
"solcap_snp_c2_36561",0.392295454247789,0.39188451219086
"solcap_snp_c2_36562",0.220899896306089,0.220617772129183
"solcap_snp_c2_36571",0.678990538685254,0.679276702373961
"solcap_snp_c2_36577",0.138362309974599,0.138107294670634
"solcap_snp_c2_36580",0.461297004153224,0.460593750945711
"solcap_snp_c2_36581",0.177827730348562,0.177946911509926
"solcap_snp_c2_36584",0.204110186218161,0.203676078904319
"solcap_snp_c2_36586",0.542688578032999,0.541887390574984
"solcap_snp_c2_36587",0.243487278688291,0.243736786486441
"solcap_snp_c2_36595",0.117134820633078,0.116878205905236
"solcap_snp_c2_36599",0.665909728405931,0.666044395805867
"solcap_snp_c2_36608",0.152291809657671,0.152035646526535
"solcap_snp_c2_36629",0.490828259832357,0.490747534883726
"solcap_snp_c2_36639",0.33604185171575,0.335464259428355
"solcap_snp_c2_36640",0.0923420599107095,0.0919253492353029
"solcap_snp_c2_36658",0.443905798537514,0.443788838175682
"solcap_snp_c2_36659",0.659010429416062,0.658583704398654
"solcap_snp_c2_36660",0.241338777840936,0.241324616356946
"solcap_snp_c2_36661",0.846185996767937,0.845193765831697
"solcap_snp_c2_36664",0.950700233435597,0.950072958475628
"solcap_snp_c2_36665",0.731066012931228,0.730570195211974
"solcap_snp_c2_36672",0.899616046227143,0.90009522143777
"solcap_snp_c2_36675",0.303600856085304,0.303544725501586
"solcap_snp_c2_36703",0.701964245828177,0.702094918133206
"solcap_snp_c2_36706",0.632334946332855,0.632973216389595
"solcap_snp_c2_36708",0.344345774085275,0.34514412546769
"solcap_snp_c2_36709",0.672160883181742,0.673109313467837
"solcap_snp_c2_36712",0.413246830609811,0.41359636529934
"solcap_snp_c2_36736",0.72752849389329,0.727816520840924
"solcap_snp_c2_36737",0.801227281753406,0.80128538175242
"solcap_snp_c2_36748",0.850026670956882,0.850021335981325
"solcap_snp_c2_36760",0.798858712588338,0.799349795734424
"solcap_snp_c2_36763",0.910644963190837,0.910978165188675
"solcap_snp_c2_36777",0.386168748593874,0.385815383081387
"solcap_snp_c2_36779",0.611137183125675,0.611365908685203
"solcap_snp_c2_36781",0.445745722333611,0.445340047986314
"solcap_snp_c2_3680",0.659923782195022,0.660390979434046
"solcap_snp_c2_36806",0.57511111753091,0.575775341420362
"solcap_snp_c2_36810",0.757413093498763,0.757436530991062
"solcap_snp_c2_36818",0.711520147083495,0.711561429071657
"solcap_snp_c2_3683",0.318396463652184,0.318412120416598
"solcap_snp_c2_36833",0.954016777311394,0.954027255869589
"solcap_snp_c2_3684",0.770941584818135,0.770578325201297
"solcap_snp_c2_36859",0.923962076746823,0.924361579857122
"solcap_snp_c2_3686",0.640062372507047,0.640325277911423
"solcap_snp_c2_36872",0.488557113120511,0.48878119962195
"solcap_snp_c2_36882",0.818915282798409,0.819083277877871
"solcap_snp_c2_3691",0.285436723980168,0.285572466194598
"solcap_snp_c2_36941",0.792849838923551,0.792127208423885
"solcap_snp_c2_36942",0.0460057695177106,0.04560149622725
"solcap_snp_c2_36956",0.00202344648271127,0.0019529508418853
"solcap_snp_c2_36976",0.0944070441566317,0.0939998167890937
"solcap_snp_c2_37",0.94343749771786,0.94309276529695
"solcap_snp_c2_37012",0.465322280718552,0.465382915582819
"solcap_snp_c2_37027",0.740654323027481,0.739990033125142
"solcap_snp_c2_37034",0.0781058978883417,0.0777497345604344
"solcap_snp_c2_37065",0.975846041654112,0.977132243398487
"solcap_snp_c2_37115",0.973819247843,0.973900818974146
"solcap_snp_c2_37116",0.724239161761878,0.72412988423335
"solcap_snp_c2_37137",0.730188934137876,0.72994726557284
"solcap_snp_c2_37139",0.841573187405027,0.841521891232965
"solcap_snp_c2_37164",0.268317767435848,0.268056470359515
"solcap_snp_c2_37179",0.961536060343512,0.961561045501061
"solcap_snp_c2_37185",0.87726056357128,0.876863371882302
"solcap_snp_c2_37189",0.144339141205229,0.143941531984822
"solcap_snp_c2_37194",0.437184263044955,0.437580150499534
"solcap_snp_c2_37201",0.287932664552671,0.287923744086387
"solcap_snp_c2_37227",0.207635113906806,0.207531356638625
"solcap_snp_c2_37232",0.651570650125238,0.650601487823593
"solcap_snp_c2_37248",0.541132483637887,0.540793388360651
"solcap_snp_c2_37254",0.977077411535779,0.976639355492803
"solcap_snp_c2_3726",0.491952532751611,0.491321901450991
"solcap_snp_c2_37323",0.991346291486389,0.991680912110266
"solcap_snp_c2_37329",0.571465491743982,0.571697868997559
"solcap_snp_c2_37339",0.839995208779165,0.840454793850906
"solcap_snp_c2_37350",0.327545891035397,0.327456144510667
"solcap_snp_c2_37358",0.500501836479221,0.500491954124809
"solcap_snp_c2_37362",0.751162949241631,0.751097271831223
"solcap_snp_c2_3737",0.723474893619562,0.722859303173308
"solcap_snp_c2_3738",0.271226643682349,0.271197231285939
"solcap_snp_c2_37389",0.580250080139444,0.580819148089699
"solcap_snp_c2_3739",0.706812010347448,0.707263741055646
"solcap_snp_c2_37404",0.0316629584044906,0.031352515016315
"solcap_snp_c2_37406",0.594706824608014,0.594773113468882
"solcap_snp_c2_37407",0.382569473913615,0.382583210999741
"solcap_snp_c2_37411",0.615978889366595,0.615627421339802
"solcap_snp_c2_37412",0.693367914973534,0.693504610004646
"solcap_snp_c2_37414",0.819120387955522,0.819700088299421
"solcap_snp_c2_37445",0.637179724531722,0.637425497363629
"solcap_snp_c2_37448",0.890668032845457,0.891094434705001
"solcap_snp_c2_37472",0.720869045855256,0.722694477754802
"solcap_snp_c2_37574",0.357468973244405,0.357090916212705
"solcap_snp_c2_37575",0.528070959408435,0.528127712389253
"solcap_snp_c2_37580",0.386523584896241,0.386879807322538
"solcap_snp_c2_37596",0.878397416942172,0.877388071675677
"solcap_snp_c2_37598",0.51704415758563,0.516637793409162
"solcap_snp_c2_37599",0.331890129015521,0.331878857913101
"solcap_snp_c2_37600",0.462510900418934,0.462689913938307
"solcap_snp_c2_37603",0.523306744204566,0.522507955238363
"solcap_snp_c2_37615",0.796018876767794,0.795015320251134
"solcap_snp_c2_37623",0.679862118528779,0.681096418648809
"solcap_snp_c2_37638",0.153979657543417,0.154034634779732
"solcap_snp_c2_37657",0.311111506873579,0.310891651736981
"solcap_snp_c2_37697",0.968109517351952,0.968591480959091
"solcap_snp_c2_37759",0.0216760053267549,0.0214131397952013
"solcap_snp_c2_37762",0.520763844649605,0.520556905095915
"solcap_snp_c2_37766",0.0527839290480161,0.0524423141163494
"solcap_snp_c2_37767",0.887096262884112,0.886404219178199
"solcap_snp_c2_37774",0.0766591026473343,0.0762389748145969
"solcap_snp_c2_37783",0.0579717374746249,0.057627813722434
"solcap_snp_c2_37794",0.762885672475886,0.763061779439669
"solcap_snp_c2_37816",0.474800537274676,0.47379977981614
"solcap_snp_c2_37820",0.413409808915531,0.413689679183812
"solcap_snp_c2_37830",0.757973316382257,0.757378934980149
"solcap_snp_c2_37836",0.538905464678868,0.539394310845105
"solcap_snp_c2_37850",0.257915779613994,0.257267111829765
"solcap_snp_c2_37872",0.839553284125354,0.839848026884921
"solcap_snp_c2_37901",0.437467461931627,0.437950840320444
"solcap_snp_c2_37982",0.133292788904051,0.132857536015736
"solcap_snp_c2_37989",0.993486043965394,0.993520455302004
"solcap_snp_c2_37991",0.160814518464305,0.160514251047939
"solcap_snp_c2_37993",0.0589129530399154,0.0584323562607382
"solcap_snp_c2_38015",0.644073709053047,0.644289766335668
"solcap_snp_c2_38022",0.242161166860994,0.242274126350427
"solcap_snp_c2_38047",0.764367202037061,0.764303306715838
"solcap_snp_c2_3805",0.770953607348992,0.771216327025591
"solcap_snp_c2_38054",0.751022567910257,0.750828813271343
"solcap_snp_c2_38058",0.139753145741441,0.139401800527332
"solcap_snp_c2_38068",0.146180206227345,0.146025646766671
"solcap_snp_c2_381",0.408210636625894,0.40760642118036
"solcap_snp_c2_38116",0.722857753426576,0.72253536011874
"solcap_snp_c2_38163",0.121881741957334,0.121147251058833
"solcap_snp_c2_38167",0.00458627593177743,0.00445511028123638
"solcap_snp_c2_38193",0.00137661313193965,0.00131233003097691
"solcap_snp_c2_38197",0.0198012944835604,0.0195075743982181
"solcap_snp_c2_38229",0.0113219511893972,0.0111228379975667
"solcap_snp_c2_3823",0.187345471867904,0.187151198520617
"solcap_snp_c2_38242",0.684208086115784,0.684309546037765
"solcap_snp_c2_38246",0.894563343768342,0.893630876067454
"solcap_snp_c2_38247",0.648638336872849,0.649389617633651
"solcap_snp_c2_38252",0.0019812788350359,0.00190039665932744
"solcap_snp_c2_38260",0.778928419123969,0.779417716320268
"solcap_snp_c2_38330",0.725249643112184,0.72597784010644
"solcap_snp_c2_38333",0.515646191592613,0.515412206609693
"solcap_snp_c2_38335",0.356511332402331,0.356146481484353
"solcap_snp_c2_38350",0.96291423643819,0.961682620368983
"solcap_snp_c2_38375",0.188280242875855,0.188324581799738
"solcap_snp_c2_38379",0.522631814051329,0.522184965682738
"solcap_snp_c2_38404",0.467628535977625,0.467945370006875
"solcap_snp_c2_38405",0.657113116174011,0.657258706681946
"solcap_snp_c2_3841",0.409201705965845,0.409029240122035
"solcap_snp_c2_38417",0.0541092418487776,0.0538028075781511
"solcap_snp_c2_38436",0.217446640477503,0.2178390521009
"solcap_snp_c2_38503",0.152423432364352,0.152020489884002
"solcap_snp_c2_38515",0.231222905765167,0.230781146350285
"solcap_snp_c2_38526",0.743962702922655,0.742631025067979
"solcap_snp_c2_38555",0.624887976710802,0.625362129549556
"solcap_snp_c2_38556",0.55194673710869,0.552249777965935
"solcap_snp_c2_38575",0.49254040196193,0.492726046639138
"solcap_snp_c2_38611",0.608422273498545,0.608344946215783
"solcap_snp_c2_38635",0.04210960873501,0.0418428580998686
"solcap_snp_c2_38643",0.152279680236601,0.152176310400704
"solcap_snp_c2_38663",0.905753286703205,0.905131245075996
"solcap_snp_c2_38667",0.83596000853968,0.836806703810988
"solcap_snp_c2_387",0.933539381965037,0.933999792027045
"solcap_snp_c2_38704",0.70683025657411,0.70662169001176
"solcap_snp_c2_38721",0.109742576630223,0.1094868020042
"solcap_snp_c2_38723",0.367213517581031,0.367264684172746
"solcap_snp_c2_38737",0.173120445959702,0.173188895148095
"solcap_snp_c2_38738",0.175914220737891,0.175848822294409
"solcap_snp_c2_38739",0.322075286885233,0.322147731291437
"solcap_snp_c2_38764",0.837743267187085,0.838266539513828
"solcap_snp_c2_38828",0.848032519517428,0.848738726201238
"solcap_snp_c2_38830",0.835550047686838,0.835920740077426
"solcap_snp_c2_38867",0.723660139865259,0.723887992995306
"solcap_snp_c2_38871",0.0564952343788176,0.0560868587408402
"solcap_snp_c2_38893",0.0887235879862738,0.0884108232693765
"solcap_snp_c2_38900",0.265579633150865,0.265381156781389
"solcap_snp_c2_38930",0.567676376092664,0.567654073534101
"solcap_snp_c2_38938",0.309658073555691,0.309378284103884
"solcap_snp_c2_38939",0.965543695245609,0.966190687234016
"solcap_snp_c2_38940",0.984845466022441,0.984404200765738
"solcap_snp_c2_38941",0.71739833268171,0.716832711881723
"solcap_snp_c2_38942",0.927608416381688,0.927767611315433
"solcap_snp_c2_38952",0.509310726212177,0.509189474303843
"solcap_snp_c2_38953",0.538641895555072,0.538862744815133
"solcap_snp_c2_39",0.37905104154303,0.378998943831562
"solcap_snp_c2_390",0.788907770118527,0.789061836682281
"solcap_snp_c2_39029",0.190131589183385,0.189561010216291
"solcap_snp_c2_39031",0.168550232632005,0.167949843840889
"solcap_snp_c2_39034",0.0547014369727219,0.0542762062240366
"solcap_snp_c2_39081",0.0684028607466738,0.0680712496149801
"solcap_snp_c2_39084",0.822276519888375,0.822007566264385
"solcap_snp_c2_39085",0.633938039687734,0.634267057067409
"solcap_snp_c2_39086",0.69770660303955,0.697423894506604
"solcap_snp_c2_39091",0.00431775876545528,0.00419964882368976
"solcap_snp_c2_39100",0.00320983258266959,0.00310304213330623
"solcap_snp_c2_39105",0.0855949853561259,0.0853738381073246
"solcap_snp_c2_39107",0.923659438675762,0.924471211162401
"solcap_snp_c2_39155",0.610461872405683,0.610318817450185
"solcap_snp_c2_39191",0.778298540334363,0.778213621625955
"solcap_snp_c2_392",0.599867764141428,0.59990616041724
"solcap_snp_c2_39216",0.892791891583558,0.892610347685539
"solcap_snp_c2_39244",0.368990092943893,0.368868543773209
"solcap_snp_c2_39251",0.625888937906742,0.625840937836697
"solcap_snp_c2_39253",0.996702312826686,0.996350819083774
"solcap_snp_c2_39254",0.31835378185055,0.318197645600427
"solcap_snp_c2_39265",0.587119161296848,0.58720075383898
"solcap_snp_c2_39282",0.790848160062365,0.791421041016772
"solcap_snp_c2_39322",0.444180576335709,0.444061434478489
"solcap_snp_c2_39341",0.11803456131924,0.117628202064531
"solcap_snp_c2_39343",0.171989384009482,0.171562703772242
"solcap_snp_c2_39374",0.984857985886712,0.984782503968975
"solcap_snp_c2_39384",0.0880184252944087,0.0875981961937772
"solcap_snp_c2_39392",0.868786423165149,0.868988123451392
"solcap_snp_c2_394",0.612939264567063,0.613030266610263
"solcap_snp_c2_3941",0.132138351012085,0.131531897898774
"solcap_snp_c2_39412",0.191307332620097,0.191148956637389
"solcap_snp_c2_39441",0.919442539348697,0.920184199868869
"solcap_snp_c2_39442",0.322080950488002,0.322036919584972
"solcap_snp_c2_39443",0.230491753140767,0.230311252955672
"solcap_snp_c2_39447",0.0818404930109241,0.0814470848884981
"solcap_snp_c2_39450",0.0471754549823056,0.0468407516571557
"solcap_snp_c2_39453",0.479803681865315,0.479385599641865
"solcap_snp_c2_39463",0.019544880055238,0.0192744259509478
"solcap_snp_c2_39499",0.610641973420677,0.610519576086382
"solcap_snp_c2_395",0.299756926456068,0.300061619264632
"solcap_snp_c2_3952",0.549669548697551,0.54922592751645
"solcap_snp_c2_3953",0.183064931390229,0.182623566421726
"solcap_snp_c2_39571",0.702393079532518,0.702452149491169
"solcap_snp_c2_39576",0.224278585539855,0.223899310010056
"solcap_snp_c2_3959",0.914461309270912,0.915745255053269
"solcap_snp_c2_39590",0.58623492853857,0.586772809517828
"solcap_snp_c2_39597",0.803622526921019,0.803141303679523
"solcap_snp_c2_3960",0.311254384545022,0.311169210532095
"solcap_snp_c2_39624",0.344022108863395,0.344080875373151
"solcap_snp_c2_39626",0.113470087101648,0.113160844595193
"solcap_snp_c2_39627",0.269445430929481,0.269151314004951
"solcap_snp_c2_39671",0.877431269248167,0.876437520037968
"solcap_snp_c2_3970",0.807952591424124,0.80849482870138
"solcap_snp_c2_39707",0.471983394992502,0.472019573526735
"solcap_snp_c2_39708",0.758549599023143,0.759290690509652
"solcap_snp_c2_39718",0.813589805105369,0.813695324212327
"solcap_snp_c2_39741",0.658959522821763,0.659065870883212
"solcap_snp_c2_39765",0.669014711275972,0.668911716289137
"solcap_snp_c2_3980",0.277100252962841,0.276845574051281
"solcap_snp_c2_39801",0.506122620498528,0.506349505516229
"solcap_snp_c2_39802",0.17853132294732,0.178199552435413
"solcap_snp_c2_3981",0.428612440394924,0.428320331378517
"solcap_snp_c2_39816",0.331615862942743,0.331561553444858
"solcap_snp_c2_39817",0.532999661750426,0.53295936157449
"solcap_snp_c2_3983",0.274071169605023,0.27370790873705
"solcap_snp_c2_39834",0.161631231507423,0.161214007726398
"solcap_snp_c2_3984",0.0251413629957033,0.0248067476547541
"solcap_snp_c2_39840",0.640662789728505,0.640970572429918
"solcap_snp_c2_39847",0.347631415583327,0.347912608306656
"solcap_snp_c2_39852",0.673355853575537,0.674610671489973
"solcap_snp_c2_39856",0.690348695117787,0.690552237615152
"solcap_snp_c2_39889",0.0519723142553949,0.0514737228229639
"solcap_snp_c2_39890",0.880256088855921,0.880657201809428
"solcap_snp_c2_39892",0.0150939598171463,0.0148788793281755
"solcap_snp_c2_39895",0.085739124662205,0.0852139879438424
"solcap_snp_c2_39912",0.283987722113714,0.283246999452265
"solcap_snp_c2_39917",0.177096614640364,0.176771788470414
"solcap_snp_c2_39928",0.0535313924709957,0.0530875523882946
"solcap_snp_c2_39931",0.171402007478536,0.171102504932805
"solcap_snp_c2_39978",0.87844035268115,0.877769797112279
"solcap_snp_c2_39979",0.961517482761679,0.961261094710437
"solcap_snp_c2_4000",0.297856409312702,0.297662721209042
"solcap_snp_c2_40078",0.736230832831833,0.735767875087052
"solcap_snp_c2_40084",0.479386128317828,0.48003824339164
"solcap_snp_c2_40085",0.966341589450332,0.965811452515239
"solcap_snp_c2_40092",0.0182093539422818,0.0179768172892446
"solcap_snp_c2_401",0.369820093251278,0.370180260214485
"solcap_snp_c2_40111",0.87992453901673,0.879800407441628
"solcap_snp_c2_40112",0.405606283882691,0.405716143320825
"solcap_snp_c2_40131",0.971516232631363,0.971986876614315
"solcap_snp_c2_40133",0.0682298136476956,0.067764385587711
"solcap_snp_c2_40134",0.0813887678829331,0.0811981405216534
"solcap_snp_c2_40135",0.500910295958058,0.501461824303229
"solcap_snp_c2_40167",0.263990896129987,0.263346460877947
"solcap_snp_c2_40168",0.610755747659483,0.610715829959844
"solcap_snp_c2_40170",0.157445635787043,0.157310207898138
"solcap_snp_c2_4021",0.170602123058901,0.170146708914673
"solcap_snp_c2_40239",0.495931438960644,0.49543432420992
"solcap_snp_c2_40242",0.518343628520319,0.517383919196671
"solcap_snp_c2_40260",0.282034947780943,0.282502861282886
"solcap_snp_c2_40266",0.660695439666222,0.660352008995449
"solcap_snp_c2_40290",0.622372933117704,0.621928391569446
"solcap_snp_c2_4030",0.357683889640221,0.35713020101572
"solcap_snp_c2_40320",0.0970255185913966,0.0968450589958176
"solcap_snp_c2_40336",0.773808715655112,0.773299124046396
"solcap_snp_c2_4034",0.58638487137579,0.58631011125572
"solcap_snp_c2_40379",0.452224813984197,0.451670495851344
"solcap_snp_c2_4041",0.0224879758966284,0.0221811605645264
"solcap_snp_c2_40435",0.841617320137702,0.841459638651327
"solcap_snp_c2_4048",0.0576983462096856,0.0572486253585133
"solcap_snp_c2_40523",0.797301390447773,0.796624634878002
"solcap_snp_c2_40524",0.526010412716356,0.526200087574062
"solcap_snp_c2_4054",0.694803050000186,0.694187708497735
"solcap_snp_c2_40638",0.605406645864194,0.605188386247108
"solcap_snp_c2_40695",0.598751637466479,0.598805578737702
"solcap_snp_c2_40699",0.704964569271085,0.704936490694526
"solcap_snp_c2_40736",0.584430358382586,0.584713947351734
"solcap_snp_c2_40739",0.482018741968179,0.481820088523871
"solcap_snp_c2_40745",0.505536572523466,0.505100283130769
"solcap_snp_c2_40751",0.250971474536587,0.251342146866558
"solcap_snp_c2_40757",0.129253141634469,0.128854419138383
"solcap_snp_c2_40762",0.753104086453794,0.753537282922762
"solcap_snp_c2_40763",0.797741417562577,0.798186982880595
"solcap_snp_c2_40765",0.647092650223771,0.647525576856915
"solcap_snp_c2_40766",0.773352408484329,0.773779826578307
"solcap_snp_c2_40773",0.344231614500116,0.344845254227732
"solcap_snp_c2_40775",0.9900729075747,0.98985928300451
"solcap_snp_c2_40821",0.770783627809549,0.770349946158763
"solcap_snp_c2_40822",0.983798025485415,0.984257195277176
"solcap_snp_c2_40824",0.934795021867358,0.935885689155886
"solcap_snp_c2_40826",0.98742309513452,0.987575768799702
"solcap_snp_c2_40833",0.811755727859008,0.8110076202754
"solcap_snp_c2_40848",0.17929138425514,0.178951054930769
"solcap_snp_c2_40858",0.852382242550254,0.853146758599984
"solcap_snp_c2_40863",0.711138414082379,0.711780146776667
"solcap_snp_c2_40867",0.463797133506747,0.462999010308296
"solcap_snp_c2_4092",0.350389085791449,0.350422486142943
"solcap_snp_c2_40954",0.586847560211533,0.586167242525442
"solcap_snp_c2_40956",0.0484935394141371,0.0482146814667368
"solcap_snp_c2_4100",0.826118945184359,0.82612708484369
"solcap_snp_c2_41048",0.974870115300445,0.974768473108369
"solcap_snp_c2_41058",0.23779273783874,0.237776124154741
"solcap_snp_c2_41066",0.975267780426035,0.975368647421939
"solcap_snp_c2_41071",0.352180368338095,0.352310130029283
"solcap_snp_c2_41083",0.0908091372543385,0.0904055599441368
"solcap_snp_c2_41084",0.219356740160137,0.21919432211661
"solcap_snp_c2_41086",0.492801778733647,0.492545593784543
"solcap_snp_c2_41096",0.48691832321042,0.486753621745628
"solcap_snp_c2_41100",0.313963846030539,0.314133595723539
"solcap_snp_c2_41104",0.31573018456785,0.316472038157115
"solcap_snp_c2_41106",0.985808580209023,0.985028900063101
"solcap_snp_c2_41108",0.741502036953525,0.741199057774399
"solcap_snp_c2_41123",0.168553371324494,0.168272202582688
"solcap_snp_c2_41124",0.722145612587098,0.722286834563623
"solcap_snp_c2_41128",0.597385824310053,0.59743843229502
"solcap_snp_c2_41163",0.354233601011643,0.354285165076271
"solcap_snp_c2_41178",0.306019056477877,0.306219659197095
"solcap_snp_c2_41210",0.561391388422326,0.562770340058874
"solcap_snp_c2_4123",0.807848220722113,0.808261657338967
"solcap_snp_c2_41237",0.29945687889899,0.298760775880269
"solcap_snp_c2_41258",0.143435045928826,0.143261577416001
"solcap_snp_c2_41262",0.201743167408934,0.201722987246902
"solcap_snp_c2_41335",0.613638583540358,0.613192045621802
"solcap_snp_c2_41337",0.552942039651731,0.553367502480787
"solcap_snp_c2_41339",0.247525397798487,0.247410037027845
"solcap_snp_c2_41363",0.637903504826245,0.638047109757398
"solcap_snp_c2_41364",0.415668733457502,0.415958932848756
"solcap_snp_c2_41391",0.927626968545873,0.92699024202396
"solcap_snp_c2_41393",0.623547119257832,0.623428515761604
"solcap_snp_c2_41394",0.0606991442071209,0.0602605883317618
"solcap_snp_c2_41395",0.638121163567444,0.637888841449498
"solcap_snp_c2_41405",0.171944097755838,0.171443696429357
"solcap_snp_c2_41406",0.0768306999095993,0.0763541687002715
"solcap_snp_c2_41412",0.181228631602314,0.18071670483995
"solcap_snp_c2_41424",0.0281925807087219,0.0279039715586653
"solcap_snp_c2_41427",0.402608799952879,0.403002009278537
"solcap_snp_c2_41431",0.188248759972412,0.187804243288406
"solcap_snp_c2_41463",0.862109540679957,0.861876331802019
"solcap_snp_c2_41533",0.604737061295152,0.605325144399997
"solcap_snp_c2_41541",0.960784948586577,0.961238884500295
"solcap_snp_c2_4157",0.602088576534281,0.60170552126114
"solcap_snp_c2_4158",0.18890949911972,0.188560068519147
"solcap_snp_c2_41610",0.662130891182859,0.661538950610441
"solcap_snp_c2_4165",0.197587681781216,0.197266811892077
"solcap_snp_c2_41690",0.947807047288392,0.94779546018793
"solcap_snp_c2_41693",0.492270093641252,0.492559924570793
"solcap_snp_c2_4175",0.216607214808055,0.216465002459368
"solcap_snp_c2_41768",0.502046970212356,0.502298193201228
"solcap_snp_c2_41780",0.242078424512569,0.241779360303388
"solcap_snp_c2_4181",0.255195904274092,0.254717709213505
"solcap_snp_c2_41837",0.770295205702845,0.770909833450514
"solcap_snp_c2_4187",0.729634747615039,0.72930353155129
"solcap_snp_c2_41874",0.511968041222414,0.512208954337899
"solcap_snp_c2_41877",0.0599062795982138,0.0595039729061795
"solcap_snp_c2_41878",0.788705226284254,0.788807797551574
"solcap_snp_c2_41884",0.902263274432556,0.902228442670258
"solcap_snp_c2_41888",0.948186343394851,0.948298900227797
"solcap_snp_c2_41904",0.889708805935854,0.889597858508491
"solcap_snp_c2_41905",0.934322784523923,0.933655166864531
"solcap_snp_c2_41906",0.857596201074654,0.857721042259962
"solcap_snp_c2_41926",0.0897736166430128,0.0896018154609741
"solcap_snp_c2_41927",0.790941014851846,0.791151434831283
"solcap_snp_c2_41930",0.601682715479041,0.601703587197193
"solcap_snp_c2_41951",0.389368508349927,0.389772293718567
"solcap_snp_c2_4197",0.375629205615564,0.37561821977505
"solcap_snp_c2_41975",0.858284082610954,0.858568774578679
"solcap_snp_c2_42042",0.684063142088147,0.685143889077941
"solcap_snp_c2_4205",0.162152030886165,0.161988178734163
"solcap_snp_c2_42059",0.869212161633718,0.869444751936126
"solcap_snp_c2_4208",0.300359185257604,0.300584725066626
"solcap_snp_c2_42090",0.299804773816755,0.299463639136693
"solcap_snp_c2_42127",0.934993706139288,0.934289881726054
"solcap_snp_c2_42128",0.870710867199439,0.870093764753385
"solcap_snp_c2_42129",0.422996368293626,0.422191902732108
"solcap_snp_c2_4214",0.165141249304911,0.164838706338443
"solcap_snp_c2_42166",0.169003743560366,0.16904858153866
"solcap_snp_c2_42168",0.218278225291854,0.218772419536531
"solcap_snp_c2_42169",0.679133450738197,0.678382439946275
"solcap_snp_c2_42172",0.38568996913789,0.385220167990793
"solcap_snp_c2_42189",0.537807471072453,0.537750923381964
"solcap_snp_c2_422",0.528792037493272,0.529193855224405
"solcap_snp_c2_4222",0.890572908660031,0.891049642072979
"solcap_snp_c2_4224",0.719271759915457,0.719613462812768
"solcap_snp_c2_42244",0.478395545678313,0.478126140571024
"solcap_snp_c2_4226",0.341652329325141,0.341600079723305
"solcap_snp_c2_42265",0.877697609784496,0.877708636587125
"solcap_snp_c2_4227",0.433367739107824,0.433571689909033
"solcap_snp_c2_4228",0.140120338758683,0.139758057828588
"solcap_snp_c2_4229",0.166055758008328,0.166110834297205
"solcap_snp_c2_42290",0.111334971395236,0.111114238551292
"solcap_snp_c2_42293",0.552139782665628,0.552166243023213
"solcap_snp_c2_42297",0.87318828433505,0.873642641792357
"solcap_snp_c2_42298",0.413870808406962,0.414422356562916
"solcap_snp_c2_4230",0.274980729094328,0.275240937975197
"solcap_snp_c2_42312",0.613385866134673,0.61364686117648
"solcap_snp_c2_42328",0.303015274156914,0.302573538465379
"solcap_snp_c2_42342",0.206409105875971,0.206068041036183
"solcap_snp_c2_42347",0.178103127031245,0.177649110211858
"solcap_snp_c2_42348",0.200937891772029,0.200380120567234
"solcap_snp_c2_42351",0.753900832816139,0.752610123747239
"solcap_snp_c2_42353",0.0599175747371438,0.0595311318019281
"solcap_snp_c2_42354",0.983545851474705,0.98355171965088
"solcap_snp_c2_42355",0.443796148664034,0.442979348053157
"solcap_snp_c2_42374",0.70238126935024,0.701996279762976
"solcap_snp_c2_4238",0.798084932514541,0.79835123494497
"solcap_snp_c2_42382",0.568164876391337,0.56799053466224
"solcap_snp_c2_42384",0.866497225582313,0.865959539521525
"solcap_snp_c2_42405",0.368970313102326,0.368667385455222
"solcap_snp_c2_42406",0.149987968888836,0.149716940050771
"solcap_snp_c2_42407",0.0954125731022358,0.0951946941366308
"solcap_snp_c2_4245",0.286832835936192,0.286413383679654
"solcap_snp_c2_42451",0.905896051613864,0.906307029097164
"solcap_snp_c2_42452",0.651216079428769,0.651330616636576
"solcap_snp_c2_42461",0.014716697051375,0.0144780864126825
"solcap_snp_c2_42473",0.223009050764319,0.222768467316488
"solcap_snp_c2_42475",0.626204187005052,0.625051462454192
"solcap_snp_c2_42481",0.727567877863851,0.72770567386761
"solcap_snp_c2_42495",0.90471810547865,0.904913081121124
"solcap_snp_c2_4253",0.135045839640779,0.134716995632523
"solcap_snp_c2_42542",0.0110809861863138,0.0108763735330672
"solcap_snp_c2_42570",0.637761793759154,0.63805163717762
"solcap_snp_c2_4262",0.0971057748217923,0.0969962093752645
"solcap_snp_c2_42640",0.643497303071739,0.642911302508106
"solcap_snp_c2_42655",0.930610261811633,0.930346676389765
"solcap_snp_c2_4267",0.227541807565559,0.227684321491713
"solcap_snp_c2_42675",0.840357009364494,0.840405554666839
"solcap_snp_c2_4268",0.20825207447442,0.207726402665216
"solcap_snp_c2_42685",0.445088903438168,0.445294954089494
"solcap_snp_c2_42733",0.136445471102005,0.135928603485718
"solcap_snp_c2_42734",0.957243076027619,0.956317553762928
"solcap_snp_c2_42739",0.652907082709048,0.65276943346131
"solcap_snp_c2_4274",0.181051104090768,0.18032171177706
"solcap_snp_c2_4275",0.862814978299733,0.86313165505296
"solcap_snp_c2_42753",0.159640017235483,0.15903175224474
"solcap_snp_c2_42757",0.48723637417199,0.487104889904084
"solcap_snp_c2_42758",0.148929891526977,0.148506333076929
"solcap_snp_c2_42759",0.580900664545828,0.581465340699317
"solcap_snp_c2_4276",0.3448896302144,0.345146509906649
"solcap_snp_c2_42760",0.0649209140831656,0.0645069947783014
"solcap_snp_c2_42761",0.673471659732997,0.674101839557343
"solcap_snp_c2_42762",0.00492272812115615,0.00477815441627428
"solcap_snp_c2_42763",0.0659890365525804,0.0656626033789386
"solcap_snp_c2_42765",0.921150410256812,0.921750614220284
"solcap_snp_c2_4280",0.668476139969953,0.668527278096058
"solcap_snp_c2_42829",0.0677439486328555,0.0673300497824711
"solcap_snp_c2_429",0.628593352579202,0.629210781858667
"solcap_snp_c2_42904",0.536719766023123,0.536955694490685
"solcap_snp_c2_42925",0.623708315338203,0.623810496598175
"solcap_snp_c2_42928",0.877357923687833,0.878473436399859
"solcap_snp_c2_42938",0.877842056584613,0.876919251402619
"solcap_snp_c2_42940",0.338679533973862,0.338949162549078
"solcap_snp_c2_42943",0.681928160514595,0.683296344558191
"solcap_snp_c2_42948",0.468437162083708,0.467989506630294
"solcap_snp_c2_42951",0.266730954059111,0.266701947141381
"solcap_snp_c2_42961",0.437672791580956,0.437547922016135
"solcap_snp_c2_42964",0.462684328420111,0.461460779627794
"solcap_snp_c2_43032",0.518560573175655,0.517989026826779
"solcap_snp_c2_43049",0.440691497179978,0.440103050874367
"solcap_snp_c2_43056",0.433609772750036,0.433356052655773
"solcap_snp_c2_43064",0.801776144240362,0.800360174707845
"solcap_snp_c2_43068",0.772482154989509,0.772044813752398
"solcap_snp_c2_43093",0.821058448329331,0.822043952383528
"solcap_snp_c2_43096",0.0712204141818532,0.0709514217126044
"solcap_snp_c2_43104",0.609443089896379,0.610697036580263
"solcap_snp_c2_43106",0.675870865612627,0.67408399953819
"solcap_snp_c2_43107",0.537237234324471,0.537710143531812
"solcap_snp_c2_43109",0.859115220233544,0.858431242565796
"solcap_snp_c2_43121",0.386090207330853,0.385724012000301
"solcap_snp_c2_43123",0.294104117840118,0.293746998218573
"solcap_snp_c2_43124",0.961252674392405,0.960327829424064
"solcap_snp_c2_43127",0.258505671826901,0.258070103436539
"solcap_snp_c2_43135",0.761831157039912,0.76153787079614
"solcap_snp_c2_43141",0.836120582870469,0.835257192963689
"solcap_snp_c2_43145",0.43216125409175,0.431713514571844
"solcap_snp_c2_43152",0.713013667757886,0.712800904506997
"solcap_snp_c2_4316",0.606806945249629,0.606146444887001
"solcap_snp_c2_43165",0.152847120236774,0.152791665879608
"solcap_snp_c2_43169",0.752962912854562,0.752807942168523
"solcap_snp_c2_43221",0.725089548855907,0.724697797457685
"solcap_snp_c2_43223",0.0904585244468148,0.0899752376497007
"solcap_snp_c2_43227",0.448795182063778,0.448565764175728
"solcap_snp_c2_43229",0.873656456180607,0.873172290992689
"solcap_snp_c2_43230",0.593595704648651,0.59350466227496
"solcap_snp_c2_43241",0.542082294582989,0.541459928110012
"solcap_snp_c2_43243",0.857178595104883,0.856280111933705
"solcap_snp_c2_43252",0.618092331417752,0.618100470863058
"solcap_snp_c2_43253",0.364909337758479,0.36543350665672
"solcap_snp_c2_43256",0.438375577035166,0.438885330109535
"solcap_snp_c2_43260",0.989644393796131,0.989350779398864
"solcap_snp_c2_43262",0.273415274123067,0.273418277643235
"solcap_snp_c2_4327",0.545911975729277,0.546457054215973
"solcap_snp_c2_43285",0.450871606066753,0.45032282486814
"solcap_snp_c2_43288",0.679004903030519,0.679777623869838
"solcap_snp_c2_43347",0.663773175473482,0.663729737851997
"solcap_snp_c2_43348",0.990936015226907,0.99114254570476
"solcap_snp_c2_43350",0.76618868574184,0.766106937365568
"solcap_snp_c2_43352",0.695109927439694,0.694907498320352
"solcap_snp_c2_43408",0.19661492251174,0.196457409221066
"solcap_snp_c2_4342",0.972117257737606,0.972735478547366
"solcap_snp_c2_43434",0.186627661992011,0.186281581110412
"solcap_snp_c2_43437",0.259989394472177,0.259535533656861
"solcap_snp_c2_43444",0.242267646785453,0.24190990206092
"solcap_snp_c2_4347",0.536573999035199,0.536316458182634
"solcap_snp_c2_43470",0.424888741055226,0.424407228281093
"solcap_snp_c2_4349",0.330279308845162,0.330266123906948
"solcap_snp_c2_4353",0.639556899262456,0.639218187093013
"solcap_snp_c2_43535",0.862161225113229,0.86130701192839
"solcap_snp_c2_4354",0.74095368551159,0.740902904980716
"solcap_snp_c2_4355",0.222710741989769,0.222557862554602
"solcap_snp_c2_43568",0.732553168214411,0.733010216298808
"solcap_snp_c2_43574",0.277669563013015,0.277462727734917
"solcap_snp_c2_4360",0.523033820449531,0.522761875919135
"solcap_snp_c2_43630",0.957239048699521,0.958164181588939
"solcap_snp_c2_43644",0.0899134477447596,0.0894664374150964
"solcap_snp_c2_43645",0.667198159759447,0.666938487833203
"solcap_snp_c2_43663",0.122140060647149,0.121902959604271
"solcap_snp_c2_4372",0.342492368485146,0.342538333835868
"solcap_snp_c2_43722",0.54524417944887,0.545779643994109
"solcap_snp_c2_43735",0.519251254264588,0.519151203641581
"solcap_snp_c2_43736",0.979535864913648,0.978667606885859
"solcap_snp_c2_43743",0.602028757302635,0.60254342837643
"solcap_snp_c2_43748",0.817012968134292,0.818093505468233
"solcap_snp_c2_43763",0.598224605652882,0.597745680771285
"solcap_snp_c2_43765",0.359200652233261,0.358863738396461
"solcap_snp_c2_4377",0.0826422912110701,0.0824137831407882
"solcap_snp_c2_43770",0.352455467360249,0.352998406132404
"solcap_snp_c2_43774",0.753713074579904,0.753521056296865
"solcap_snp_c2_4378",0.243095781451005,0.243080009732914
"solcap_snp_c2_43789",0.242721346674546,0.242731743941098
"solcap_snp_c2_4383",0.900059264479498,0.89961264906212
"solcap_snp_c2_4385",0.175771438490871,0.175716784241646
"solcap_snp_c2_4388",0.282480410888813,0.282314869623234
"solcap_snp_c2_43880",0.237155429896374,0.237020429603683
"solcap_snp_c2_43886",0.685743996595217,0.687259213658869
"solcap_snp_c2_43887",0.645273072439851,0.645418416016078
"solcap_snp_c2_43895",0.166336305370938,0.166128628692489
"solcap_snp_c2_43899",0.529527656757342,0.530140752697385
"solcap_snp_c2_43910",0.698977223787612,0.698661224176452
"solcap_snp_c2_43911",0.54660639784068,0.546302808970627
"solcap_snp_c2_43913",0.933752747311809,0.933414543119242
"solcap_snp_c2_43914",0.722101413327156,0.722413828221377
"solcap_snp_c2_43916",0.830202348773353,0.829969589853166
"solcap_snp_c2_4392",0.598937973599968,0.599352253064152
"solcap_snp_c2_43922",0.413171388256824,0.413182286185803
"solcap_snp_c2_43926",0.611159057850333,0.610921545734132
"solcap_snp_c2_4393",0.473298761472377,0.472906374655704
"solcap_snp_c2_43931",0.35393491981108,0.35385766082567
"solcap_snp_c2_43935",0.944439131668877,0.944522435394273
"solcap_snp_c2_43937",0.849654212193548,0.849722108506975
"solcap_snp_c2_4397",0.55234239298436,0.551699834310836
"solcap_snp_c2_43973",0.862705052821001,0.862922693069856
"solcap_snp_c2_43981",0.927458238128021,0.929043568953829
"solcap_snp_c2_43984",0.761697484779137,0.760241950986285
"solcap_snp_c2_43998",0.94323854749776,0.942985855461074
"solcap_snp_c2_43999",0.37782495849429,0.377742075149406
"solcap_snp_c2_4400",0.434702163241979,0.434635684293969
"solcap_snp_c2_44000",0.986022299717248,0.985737010753228
"solcap_snp_c2_4404",0.715432022301291,0.714738538299535
"solcap_snp_c2_4405",0.642442983989017,0.641916970126509
"solcap_snp_c2_4407",0.722097042803368,0.722477160191911
"solcap_snp_c2_44073",0.953654624390905,0.954082301417346
"solcap_snp_c2_44095",0.806187191383925,0.807138069351837
"solcap_snp_c2_44105",0.335518893818242,0.335675266621578
"solcap_snp_c2_44120",0.340972259561689,0.341128204367363
"solcap_snp_c2_44145",0.86911886771746,0.869115676436419
"solcap_snp_c2_44148",0.948412175494347,0.948713473867171
"solcap_snp_c2_4415",0.49891874166146,0.499136463273811
"solcap_snp_c2_44150",0.839109751243767,0.838923348687608
"solcap_snp_c2_44152",0.488820742004264,0.489110369638433
"solcap_snp_c2_44154",0.961440700976524,0.961923699052039
"solcap_snp_c2_44168",0.5860032535194,0.586011044186429
"solcap_snp_c2_44171",0.906090905719399,0.905994564158928
"solcap_snp_c2_44177",0.401636088497841,0.401927685004857
"solcap_snp_c2_44193",0.108334803802078,0.107994552236081
"solcap_snp_c2_44194",0.751913249591944,0.751746794461569
"solcap_snp_c2_44196",0.985556313398261,0.985682778983459
"solcap_snp_c2_44205",0.980838071578165,0.980787674453055
"solcap_snp_c2_44207",0.773991664515504,0.774173086848073
"solcap_snp_c2_44227",0.991522730349586,0.991643794353381
"solcap_snp_c2_44237",0.765649787863314,0.765275540671625
"solcap_snp_c2_44240",0.247661329551115,0.247325629700056
"solcap_snp_c2_44264",0.132981875319887,0.132794613473674
"solcap_snp_c2_44269",0.6080864215214,0.607750860068887
"solcap_snp_c2_44270",0.259757818285783,0.259354564510334
"solcap_snp_c2_44274",0.549130167986024,0.549086211476204
"solcap_snp_c2_4428",0.268290973567349,0.268651267669536
"solcap_snp_c2_44289",0.557458119840485,0.557329412188264
"solcap_snp_c2_44294",0.0870024225081226,0.0868949431673038
"solcap_snp_c2_4430",0.723450967427713,0.722453494716188
"solcap_snp_c2_44303",0.522619619275477,0.522996692976362
"solcap_snp_c2_44304",0.465229991148919,0.464367648972484
"solcap_snp_c2_44305",0.250835886240597,0.250276538313933
"solcap_snp_c2_4431",0.25237822180605,0.252006051860741
"solcap_snp_c2_44319",0.616003719293175,0.615578433394995
"solcap_snp_c2_4433",0.472790374853137,0.472500887406848
"solcap_snp_c2_44334",0.240355646682849,0.240309888997261
"solcap_snp_c2_44361",0.83969457645528,0.839779206706176
"solcap_snp_c2_44369",0.375220256069224,0.374902245592996
"solcap_snp_c2_4437",0.6697639585285,0.669565113570408
"solcap_snp_c2_44373",0.994895852390592,0.994517927563854
"solcap_snp_c2_44375",0.82215190085735,0.821473515341688
"solcap_snp_c2_4438",0.54679789405219,0.547728170107224
"solcap_snp_c2_44385",0.285194839109595,0.28517986652943
"solcap_snp_c2_4445",0.949345129027254,0.948609930448997
"solcap_snp_c2_4446",0.91852076620747,0.918203336076052
"solcap_snp_c2_44472",0.864598918752238,0.864227959802631
"solcap_snp_c2_4452",0.714048304114417,0.713427280695358
"solcap_snp_c2_44522",0.496894920976609,0.49737356664406
"solcap_snp_c2_44529",0.445591773455515,0.446057693023287
"solcap_snp_c2_44545",0.608123721087413,0.608236715887101
"solcap_snp_c2_4455",0.494472540023585,0.494678564844076
"solcap_snp_c2_44583",0.75344352769063,0.753185832398418
"solcap_snp_c2_4459",0.393181108332526,0.392953208474685
"solcap_snp_c2_44609",0.651975224436629,0.652074544834696
"solcap_snp_c2_44629",0.47462086532333,0.475131681244751
"solcap_snp_c2_44633",0.0505020784685537,0.0501025135432992
"solcap_snp_c2_44634",0.145726252163756,0.145303686205661
"solcap_snp_c2_44635",0.570412229542883,0.570054114013472
"solcap_snp_c2_44637",0.59207981719484,0.591684170413284
"solcap_snp_c2_44640",0.224439338507389,0.22441162544011
"solcap_snp_c2_4466",0.478042503854028,0.477999273379409
"solcap_snp_c2_4468",0.643392745692947,0.643488843458455
"solcap_snp_c2_4469",0.717993066298248,0.718971742210715
"solcap_snp_c2_44712",0.0771516058332271,0.0770234813155765
"solcap_snp_c2_4472",0.851450446208957,0.853012021510974
"solcap_snp_c2_4473",0.450062468249601,0.449779770064854
"solcap_snp_c2_4476",0.254353553121555,0.254068975875015
"solcap_snp_c2_44766",0.00794426728271521,0.00780488534960752
"solcap_snp_c2_44768",0.748463651319982,0.748684596538552
"solcap_snp_c2_44769",0.392809893587744,0.392442171959359
"solcap_snp_c2_44771",0.595995131548209,0.595584624465181
"solcap_snp_c2_44774",0.449086394076395,0.449086370050978
"solcap_snp_c2_44776",0.417647394624054,0.417661630251598
"solcap_snp_c2_44777",0.815077314475255,0.814816290491649
"solcap_snp_c2_44778",0.320467375520588,0.320388774656816
"solcap_snp_c2_44788",0.495719907488201,0.49565886986623
"solcap_snp_c2_4479",0.170253132617182,0.169782667855913
"solcap_snp_c2_4480",0.428088452315008,0.428722253531412
"solcap_snp_c2_44804",0.351576451259007,0.351353144393287
"solcap_snp_c2_44805",0.200646674765922,0.200450658072041
"solcap_snp_c2_44811",0.336872393023054,0.336703716928134
"solcap_snp_c2_44812",0.504104140787318,0.503836052255051
"solcap_snp_c2_44815",0.797259601998567,0.797823408314428
"solcap_snp_c2_44816",0.857820451498952,0.858584516566229
"solcap_snp_c2_44817",0.707322289925204,0.707313214348231
"solcap_snp_c2_44818",0.869112417759393,0.868905181738027
"solcap_snp_c2_44820",0.99999831055639,0.999045488889566
"solcap_snp_c2_44822",0.447887046610641,0.448138287323458
"solcap_snp_c2_44827",0.206752395194671,0.206175501949525
"solcap_snp_c2_44828",0.56783745845294,0.567086039937935
"solcap_snp_c2_44833",0.988318215798548,0.988350086796997
"solcap_snp_c2_44835",0.544271258378358,0.544183250142878
"solcap_snp_c2_44836",0.172860032145894,0.172640572721343
"solcap_snp_c2_44845",0.339189686953664,0.338413547349102
"solcap_snp_c2_44847",0.690845722586795,0.69114906194975
"solcap_snp_c2_44855",0.775190581161928,0.77568345020684
"solcap_snp_c2_44869",0.540529606809379,0.539990144747346
"solcap_snp_c2_4489",0.477714151754281,0.477956116062563
"solcap_snp_c2_4490",0.273588764040385,0.273752769786639
"solcap_snp_c2_44924",0.848199527971779,0.848895687205539
"solcap_snp_c2_44926",0.468140550153848,0.467864378070425
"solcap_snp_c2_44928",0.404838148058325,0.404267487712737
"solcap_snp_c2_44932",0.687612167512613,0.687966933907855
"solcap_snp_c2_44951",0.339167545917197,0.33881746633524
"solcap_snp_c2_44982",0.129102515128216,0.128973666308806
"solcap_snp_c2_45",0.899743070539333,0.900131318928716
"solcap_snp_c2_45003",0.845007544309458,0.844872884209358
"solcap_snp_c2_45013",0.856009133136041,0.85574986204414
"solcap_snp_c2_4502",0.522129977685304,0.52238684800497
"solcap_snp_c2_45023",0.438096815782879,0.438188598200026
"solcap_snp_c2_45034",0.67781517220513,0.677518264642402
"solcap_snp_c2_45035",0.797414885785693,0.79739247986462
"solcap_snp_c2_45040",0.788560026903633,0.789140316168879
"solcap_snp_c2_45043",0.955915261202688,0.955561955280858
"solcap_snp_c2_45044",0.104268640099006,0.103869042564092
"solcap_snp_c2_45045",0.207521168885886,0.207015844357665
"solcap_snp_c2_4505",0.157907739510942,0.157823904012157
"solcap_snp_c2_45051",0.175556971124835,0.175108800997013
"solcap_snp_c2_45061",0.502084000986877,0.502202110890394
"solcap_snp_c2_45064",0.156467491725241,0.156107027802655
"solcap_snp_c2_45070",0.267215387042965,0.267080694250101
"solcap_snp_c2_45071",0.568362961054217,0.568506521503636
"solcap_snp_c2_45072",0.457990909080795,0.457877024926634
"solcap_snp_c2_45080",0.716938832313782,0.717550615907345
"solcap_snp_c2_45122",0.562118350033268,0.561562790588164
"solcap_snp_c2_4515",0.995895747648245,0.995824770445868
"solcap_snp_c2_45155",0.288735956848129,0.288596279297643
"solcap_snp_c2_45157",0.913240227438178,0.913163862038811
"solcap_snp_c2_45161",0.885784310958359,0.885347782680426
"solcap_snp_c2_45176",0.290319876792542,0.289723129913755
"solcap_snp_c2_45177",0.821496670803184,0.822979202498243
"solcap_snp_c2_45179",0.123440429040583,0.122967797081956
"solcap_snp_c2_45182",0.934698211998485,0.93533812424206
"solcap_snp_c2_45188",0.919404328931934,0.91985350304329
"solcap_snp_c2_45202",0.368889187797769,0.3687548868267
"solcap_snp_c2_45205",0.542849432214239,0.543462357885863
"solcap_snp_c2_45206",0.108554570545121,0.108055891690272
"solcap_snp_c2_45208",0.730689770960593,0.731093395078852
"solcap_snp_c2_45213",0.234842277387855,0.234785341962638
"solcap_snp_c2_45215",0.610410467356126,0.61112840007471
"solcap_snp_c2_4522",0.382432890346966,0.382812160917318
"solcap_snp_c2_45239",0.533917962318862,0.533903097893619
"solcap_snp_c2_45240",0.805605364648965,0.806267182734004
"solcap_snp_c2_45242",0.283232652192978,0.283094819136996
"solcap_snp_c2_45244",0.344482476356963,0.344357782840837
"solcap_snp_c2_45251",0.384014417907174,0.384268294593003
"solcap_snp_c2_45256",0.977099366709117,0.977124139981364
"solcap_snp_c2_45269",0.101451883279282,0.101180934088209
"solcap_snp_c2_45276",0.536613492532475,0.537359561915487
"solcap_snp_c2_45283",0.0353373556928101,0.0351725867378615
"solcap_snp_c2_45289",0.462748154063833,0.462975869500347
"solcap_snp_c2_45291",0.324897047733252,0.325152077440269
"solcap_snp_c2_45299",0.0777252412674227,0.0775216928285592
"solcap_snp_c2_4530",0.0828982205047737,0.0826813362313856
"solcap_snp_c2_45302",0.793246114506475,0.793171424161383
"solcap_snp_c2_45310",0.189435718764798,0.18930582776647
"solcap_snp_c2_45311",0.471672721373247,0.472482652199072
"solcap_snp_c2_45316",0.604253115046803,0.60353987007489
"solcap_snp_c2_45322",0.228199699649301,0.22776195549909
"solcap_snp_c2_45323",0.90677882828151,0.907728738014034
"solcap_snp_c2_45380",0.723877312963731,0.723878260090184
"solcap_snp_c2_45395",0.913872094531569,0.914362133092994
"solcap_snp_c2_4540",0.40871520788453,0.408403708919468
"solcap_snp_c2_4543",0.926081638745329,0.925805372549276
"solcap_snp_c2_45448",0.342578501372379,0.342029363314945
"solcap_snp_c2_4545",0.971287530116896,0.971342655571507
"solcap_snp_c2_45472",0.590232389106057,0.589894109731622
"solcap_snp_c2_45474",0.249643337935545,0.249754633981818
"solcap_snp_c2_45477",0.217339851614636,0.216791079730964
"solcap_snp_c2_45503",0.0550153110159901,0.054908787619689
"solcap_snp_c2_45517",0.286370211911896,0.285982908944027
"solcap_snp_c2_45522",0.0169693207222901,0.0166639972930183
"solcap_snp_c2_45553",0.0388472976827017,0.0383990198397061
"solcap_snp_c2_45570",0.353868412674068,0.354035347180276
"solcap_snp_c2_45600",0.479526586115511,0.478654590008922
"solcap_snp_c2_45602",0.773257514154013,0.772242803544577
"solcap_snp_c2_45603",0.485580943795662,0.485148396830131
"solcap_snp_c2_45606",0.196242633802401,0.195867537968392
"solcap_snp_c2_45611",0.28091248480789,0.280524028334211
"solcap_snp_c2_45612",0.214621054851513,0.214200865503175
"solcap_snp_c2_45616",0.942124953812231,0.94133424721222
"solcap_snp_c2_45621",0.0529932557367534,0.0527436482485076
"solcap_snp_c2_45622",0.858974833324171,0.858992781711775
"solcap_snp_c2_45623",0.905155944112169,0.9053989612369
"solcap_snp_c2_45625",0.0110626986543207,0.0108893879101668
"solcap_snp_c2_45631",0.506663658270289,0.505778009941902
"solcap_snp_c2_45643",0.881677084447026,0.881579468036607
"solcap_snp_c2_45672",0.205017833184884,0.204366948297322
"solcap_snp_c2_45686",0.997147074994683,0.996864535635367
"solcap_snp_c2_45698",0.924000082972625,0.923794676436603
"solcap_snp_c2_45699",0.884677807256661,0.885470642348627
"solcap_snp_c2_45700",0.767422812505071,0.767903240443325
"solcap_snp_c2_45701",0.939278582678845,0.939541663545905
"solcap_snp_c2_45702",0.707034280886115,0.707967331970921
"solcap_snp_c2_45703",0.934653503405756,0.933928134174308
"solcap_snp_c2_45743",0.37956953689454,0.379286727120651
"solcap_snp_c2_4575",0.173975175927789,0.173661943987434
"solcap_snp_c2_45751",0.797450403185183,0.797024212611769
"solcap_snp_c2_45770",0.112773499734844,0.112572472591056
"solcap_snp_c2_45787",0.942820119197253,0.942311262415765
"solcap_snp_c2_4579",0.162035310834179,0.16172755827174
"solcap_snp_c2_45795",0.190471061594095,0.189814642661733
"solcap_snp_c2_45797",0.360333645557781,0.360586062957633
"solcap_snp_c2_45798",0.554611047737099,0.554668546155306
"solcap_snp_c2_45800",0.666777414263514,0.667080640837495
"solcap_snp_c2_45803",0.417284006496132,0.416862681382526
"solcap_snp_c2_45807",0.398371538098681,0.397722346359757
"solcap_snp_c2_45808",0.534014447285451,0.534964769249998
"solcap_snp_c2_45812",0.343907105195218,0.343290524886945
"solcap_snp_c2_45813",0.393315775987378,0.394010801710881
"solcap_snp_c2_45818",0.342997620989665,0.342685369791557
"solcap_snp_c2_45819",0.512710525795782,0.512327555602052
"solcap_snp_c2_45825",0.490490838538776,0.491148773243832
"solcap_snp_c2_45827",0.845813150635059,0.84491751682067
"solcap_snp_c2_45828",0.910486955046994,0.909701746645024
"solcap_snp_c2_4583",0.554214082718816,0.554208891160482
"solcap_snp_c2_45833",0.830312025870568,0.83051954311219
"solcap_snp_c2_45837",0.824048555770809,0.82453636619937
"solcap_snp_c2_45881",0.681735553591698,0.68190624491814
"solcap_snp_c2_45883",0.745087201083177,0.74537042573008
"solcap_snp_c2_45896",0.159775509401019,0.15971001609728
"solcap_snp_c2_45914",0.619408740773543,0.619048463121874
"solcap_snp_c2_4593",0.259909179528604,0.260118449078
"solcap_snp_c2_45936",0.117352582129147,0.117123986433507
"solcap_snp_c2_45940",0.180529058980848,0.180412339784027
"solcap_snp_c2_4596",0.800125654215521,0.801176285047965
"solcap_snp_c2_45971",0.908220966410734,0.907683698427734
"solcap_snp_c2_45974",0.744349067232779,0.744113538147574
"solcap_snp_c2_46002",0.788998489499896,0.789116495483034
"solcap_snp_c2_4601",0.344113681305026,0.344739815757477
"solcap_snp_c2_46028",0.274988427509762,0.274951718635035
"solcap_snp_c2_4604",0.991077042472142,0.990866033347902
"solcap_snp_c2_46048",0.712231645982686,0.712779690766073
"solcap_snp_c2_4608",0.980361516610417,0.979559611709678
"solcap_snp_c2_4609",0.884863571525555,0.885346381978137
"solcap_snp_c2_46102",0.791035192800097,0.791228047373581
"solcap_snp_c2_46107",0.0379610283365171,0.0376947738781577
"solcap_snp_c2_46108",0.514409594962287,0.515090898201764
"solcap_snp_c2_46109",0.599339532321911,0.599798102188881
"solcap_snp_c2_46110",0.00821988204764943,0.0080571836884736
"solcap_snp_c2_46113",0.841017888499234,0.840897557382583
"solcap_snp_c2_46144",0.524391893101502,0.523985762944057
"solcap_snp_c2_46146",0.981224007724604,0.981340346478093
"solcap_snp_c2_46155",0.917131259602969,0.917205737855127
"solcap_snp_c2_46171",0.806167009396483,0.805300140747319
"solcap_snp_c2_4618",0.933602746675035,0.934412061658724
"solcap_snp_c2_46184",0.0359710324979205,0.0356628963259244
"solcap_snp_c2_46195",0.191456227917361,0.191015160604774
"solcap_snp_c2_46207",0.506537676339001,0.506364019593174
"solcap_snp_c2_46213",0.728843735969557,0.728292816143061
"solcap_snp_c2_46231",0.698947052371432,0.699659762991073
"solcap_snp_c2_46239",0.981361711177022,0.981963423555074
"solcap_snp_c2_46251",0.841109097634741,0.841567976970531
"solcap_snp_c2_46266",0.874349075413739,0.874445710153416
"solcap_snp_c2_46289",0.109779152373992,0.109680419962634
"solcap_snp_c2_46292",0.565511910907156,0.565726073796811
"solcap_snp_c2_46295",0.0692593927316654,0.0689913837279801
"solcap_snp_c2_46296",0.97408616889559,0.974761526537183
"solcap_snp_c2_46299",0.265217262708396,0.265492659596714
"solcap_snp_c2_46329",0.54423459846719,0.544423885050447
"solcap_snp_c2_46398",0.741459268246884,0.740895913651282
"solcap_snp_c2_46405",0.406709448653928,0.406726794915612
"solcap_snp_c2_46413",0.241577402153975,0.242109001868629
"solcap_snp_c2_46427",0.919910063109621,0.919844833781502
"solcap_snp_c2_46446",0.691063864227863,0.691315337849134
"solcap_snp_c2_46448",0.70667638308328,0.707786602262509
"solcap_snp_c2_46460",0.33086122438605,0.330959861110748
"solcap_snp_c2_46461",0.783421917399695,0.784112918292387
"solcap_snp_c2_46462",0.732513169980307,0.733238874979071
"solcap_snp_c2_46464",0.742146032304515,0.74290108849404
"solcap_snp_c2_46465",0.47347625601866,0.473995250998567
"solcap_snp_c2_46502",0.953514381504526,0.953163395360253
"solcap_snp_c2_46520",0.248045801039829,0.247663087832661
"solcap_snp_c2_46522",0.402089790190597,0.401905322814127
"solcap_snp_c2_46540",0.946444540216222,0.945472130318058
"solcap_snp_c2_46546",0.190567323239402,0.190339102726249
"solcap_snp_c2_4655",0.575427765815713,0.575288120003298
"solcap_snp_c2_46567",0.572436919351369,0.573057828611736
"solcap_snp_c2_46570",0.223439615034214,0.223664147660466
"solcap_snp_c2_46592",0.642727234489399,0.642141336265303
"solcap_snp_c2_46603",0.540284389066854,0.540643066892805
"solcap_snp_c2_46604",0.529345284940042,0.5296766468111
"solcap_snp_c2_46605",0.0800053216383653,0.0798742340871593
"solcap_snp_c2_4661",0.769641158420089,0.769177662342973
"solcap_snp_c2_4664",0.967208541640645,0.966848849063518
"solcap_snp_c2_4666",0.857651409162284,0.858212184035249
"solcap_snp_c2_46706",0.33379371331275,0.334148988214152
"solcap_snp_c2_46707",0.712945555475757,0.713751354367311
"solcap_snp_c2_46709",0.920694490790223,0.921239847844869
"solcap_snp_c2_46715",0.77658029779159,0.777153142558759
"solcap_snp_c2_46776",0.397744453181884,0.397734327775717
"solcap_snp_c2_46777",0.788553508235659,0.788043466923785
"solcap_snp_c2_4678",0.997444138950816,0.996478318531526
"solcap_snp_c2_46795",0.825770923969359,0.824134090354286
"solcap_snp_c2_46836",0.150446474405966,0.149772693733911
"solcap_snp_c2_46858",0.250246191826951,0.249918474886628
"solcap_snp_c2_46887",0.989798667911092,0.989721214142413
"solcap_snp_c2_46890",0.587137027375454,0.587334620429521
"solcap_snp_c2_46898",0.567255106704166,0.567619677557713
"solcap_snp_c2_46903",0.670336493027834,0.670588181564338
"solcap_snp_c2_46904",0.496978199167792,0.497227690580744
"solcap_snp_c2_46905",0.837650564418332,0.837773479143022
"solcap_snp_c2_46906",0.83025214783929,0.830799918502968
"solcap_snp_c2_46909",0.262791802851923,0.262780090639204
"solcap_snp_c2_46915",0.914841993556652,0.914936982062939
"solcap_snp_c2_46921",0.779277968999569,0.779278175418878
"solcap_snp_c2_4694",0.305508273844443,0.305359608186546
"solcap_snp_c2_46993",0.273880479179419,0.273611127334591
"solcap_snp_c2_46994",0.530134232918536,0.531204882723986
"solcap_snp_c2_46995",0.221521283002716,0.221214842793897
"solcap_snp_c2_47",0.468479371576289,0.468436217673777
"solcap_snp_c2_47004",0.567435324160596,0.567373396354178
"solcap_snp_c2_47037",0.371475387984589,0.371396966844624
"solcap_snp_c2_4705",0.638426354357056,0.637998669486783
"solcap_snp_c2_4706",0.363151855929532,0.362817726112058
"solcap_snp_c2_47087",0.588194760348641,0.588166728063772
"solcap_snp_c2_4709",0.901029879766302,0.901362420116806
"solcap_snp_c2_47090",0.977715463353687,0.97773275367743
"solcap_snp_c2_47096",0.990305913234135,0.989803049540876
"solcap_snp_c2_4710",0.094636720964129,0.0945480904960862
"solcap_snp_c2_47105",0.505117807792332,0.504507914411289
"solcap_snp_c2_47106",0.247582108569608,0.247330905854548
"solcap_snp_c2_47163",0.899247230179605,0.898351286767627
"solcap_snp_c2_47195",0.110340278451563,0.110045151348996
"solcap_snp_c2_47197",0.663829137257106,0.66376328091011
"solcap_snp_c2_47199",0.0392521940548546,0.0390429811307509
"solcap_snp_c2_47200",0.285106233814388,0.285549386412748
"solcap_snp_c2_47202",0.147983640045806,0.147879105648833
"solcap_snp_c2_47227",0.895261001442074,0.89504492506736
"solcap_snp_c2_47242",0.915600961837832,0.914806496735598
"solcap_snp_c2_47252",0.11436347118455,0.113947214523014
"solcap_snp_c2_47284",0.017686779498427,0.0174168648669168
"solcap_snp_c2_47302",0.0919896497844423,0.0916569632184558
"solcap_snp_c2_4732",0.984545209920959,0.984985058401698
"solcap_snp_c2_47320",0.889267977040982,0.889591537265878
"solcap_snp_c2_47357",0.99124639521606,0.991605972367919
"solcap_snp_c2_47366",0.107133658752898,0.106816904408613
"solcap_snp_c2_47378",0.651418498318735,0.651566331946581
"solcap_snp_c2_47386",0.561502316665194,0.56166347228269
"solcap_snp_c2_47389",0.0239157748004228,0.0236100925766245
"solcap_snp_c2_4739",0.65594254123877,0.655820443475701
"solcap_snp_c2_47390",0.0424556859116279,0.0420250236537151
"solcap_snp_c2_47392",0.123820600628807,0.123277303992863
"solcap_snp_c2_47393",0.0553183815894773,0.0549083212348976
"solcap_snp_c2_47394",0.205166336458816,0.20456545441082
"solcap_snp_c2_47396",0.117664370584385,0.11713640868946
"solcap_snp_c2_47399",0.122913842872048,0.122367331172531
"solcap_snp_c2_47413",0.63559874751028,0.636535757894534
"solcap_snp_c2_47414",0.799980094931842,0.800410337543309
"solcap_snp_c2_47427",0.449203879487726,0.449290165936019
"solcap_snp_c2_47429",0.942020134317725,0.942410359753031
"solcap_snp_c2_47484",0.421100204763223,0.420952025876057
"solcap_snp_c2_47495",0.00648329742220553,0.00634776919074442
"solcap_snp_c2_47510",0.527990732631622,0.52769091609952
"solcap_snp_c2_47522",0.949373949920833,0.94910984892444
"solcap_snp_c2_4754",0.817086231602449,0.816791736253521
"solcap_snp_c2_47583",0.510143147298533,0.510489195197173
"solcap_snp_c2_47597",0.484608916728478,0.484267834481625
"solcap_snp_c2_47598",0.0305774018101042,0.0302646195177932
"solcap_snp_c2_47607",0.121100091617455,0.120488372125188
"solcap_snp_c2_47608",0.0356542709761379,0.0352828114520588
"solcap_snp_c2_47610",0.0939925951466335,0.0935340349424581
"solcap_snp_c2_47619",0.163362655793432,0.163355153775398
"solcap_snp_c2_47625",0.151763091563945,0.151152554562181
"solcap_snp_c2_47644",0.867303524804533,0.866738927273463
"solcap_snp_c2_47646",0.205438272878987,0.205386122445682
"solcap_snp_c2_47648",0.853546397020869,0.853496427681713
"solcap_snp_c2_47649",0.0582899354547043,0.0578476820632372
"solcap_snp_c2_47658",0.0475640486140998,0.0472751097135303
"solcap_snp_c2_47659",0.0370784404928642,0.0367996664555823
"solcap_snp_c2_47660",0.291627755665166,0.291828356542235
"solcap_snp_c2_47671",0.313498509117734,0.313681500754017
"solcap_snp_c2_47775",0.844662128045438,0.845414741623684
"solcap_snp_c2_47782",0.824797762154789,0.824259006288825
"solcap_snp_c2_47792",0.899398280085935,0.899503963694117
"solcap_snp_c2_47801",0.699334029266404,0.699574675236952
"solcap_snp_c2_47802",0.59944198940048,0.599646118011478
"solcap_snp_c2_47843",0.763749472134898,0.763468085692865
"solcap_snp_c2_47900",0.412422503595142,0.412432904526871
"solcap_snp_c2_47901",0.119224039770353,0.119143051584578
"solcap_snp_c2_47904",0.898658897369937,0.899191059797626
"solcap_snp_c2_47905",0.924980252644429,0.925437256803783
"solcap_snp_c2_47906",0.306073971746953,0.305742164936383
"solcap_snp_c2_47917",0.102911761064661,0.102775517865495
"solcap_snp_c2_47920",0.616530462924718,0.616460630067236
"solcap_snp_c2_47921",0.604484476435826,0.604944368663298
"solcap_snp_c2_47922",0.792150804753941,0.792336092175562
"solcap_snp_c2_47924",0.585196056646982,0.584651187445862
"solcap_snp_c2_47929",0.834196355713928,0.834087519307521
"solcap_snp_c2_47932",0.0667335077575097,0.0662735167191441
"solcap_snp_c2_47939",0.661620217922798,0.661472948096582
"solcap_snp_c2_47943",0.0813392362627916,0.0808926530385864
"solcap_snp_c2_47967",0.160513712165677,0.160136752462977
"solcap_snp_c2_47976",0.404300654782521,0.403873296949053
"solcap_snp_c2_47980",0.349262353441684,0.348774995490707
"solcap_snp_c2_4799",0.994906219258814,0.99407137045472
"solcap_snp_c2_48008",0.340631915308735,0.340336203893213
"solcap_snp_c2_48010",0.332760526503004,0.332203288083379
"solcap_snp_c2_48013",0.156111157369815,0.155672471934982
"solcap_snp_c2_48033",0.0860430644321604,0.0855984471212768
"solcap_snp_c2_48041",0.780600961283472,0.781451517436472
"solcap_snp_c2_48054",0.831917511005259,0.832088616534542
"solcap_snp_c2_48073",0.803948644026942,0.804223311775381
"solcap_snp_c2_48087",0.320318700227667,0.320392863601476
"solcap_snp_c2_48091",0.410749391591727,0.410672337080885
"solcap_snp_c2_48098",0.808965385207606,0.80931910496824
"solcap_snp_c2_48117",0.482725338107617,0.482394605635031
"solcap_snp_c2_48118",0.586873732170141,0.587914127170627
"solcap_snp_c2_48125",0.927811342949598,0.92673181447969
"solcap_snp_c2_48126",0.35940442639445,0.359303160083219
"solcap_snp_c2_48127",0.333334373248732,0.333247001544663
"solcap_snp_c2_48133",0.930084174493983,0.929736217924698
"solcap_snp_c2_48138",0.904547945012209,0.903779699841613
"solcap_snp_c2_48144",0.705871352320091,0.706921582878952
"solcap_snp_c2_4815",0.807861019058795,0.807696983859897
"solcap_snp_c2_4816",0.708603772931904,0.70847884510534
"solcap_snp_c2_48161",0.0761280834967949,0.075653299032199
"solcap_snp_c2_48162",0.551758351334495,0.551779976153256
"solcap_snp_c2_48166",0.518982838518562,0.519146324195025
"solcap_snp_c2_48182",0.357671756278473,0.358280966970424
"solcap_snp_c2_48184",0.278527958621101,0.278163057668986
"solcap_snp_c2_48194",0.853371295451165,0.854032547301165
"solcap_snp_c2_48195",0.259952512807922,0.26005822581365
"solcap_snp_c2_48198",0.381922022023022,0.381548499481417
"solcap_snp_c2_48199",0.817610317957566,0.817836685541059
"solcap_snp_c2_48310",0.0345279204791866,0.0341895952820024
"solcap_snp_c2_4835",0.577439777504253,0.577291305959777
"solcap_snp_c2_48355",0.183371642698863,0.183084264945422
"solcap_snp_c2_48358",0.950925830540461,0.950723386349362
"solcap_snp_c2_48359",0.129030056675928,0.128506068922133
"solcap_snp_c2_48360",0.637936968689621,0.638205178918596
"solcap_snp_c2_48362",0.422257928290824,0.422484714612171
"solcap_snp_c2_48364",0.131530880566373,0.131040045491578
"solcap_snp_c2_48365",0.174472220061561,0.17391160070053
"solcap_snp_c2_48367",0.390055903389129,0.38970412468745
"solcap_snp_c2_48369",0.609860580093464,0.609976966676104
"solcap_snp_c2_48370",0.65909129349593,0.659339327887746
"solcap_snp_c2_48371",0.796789338682295,0.796551773868695
"solcap_snp_c2_48381",0.955413740365572,0.956131836973015
"solcap_snp_c2_48383",0.479204690783125,0.479286021907485
"solcap_snp_c2_48390",0.257602209879663,0.257688927325144
"solcap_snp_c2_48391",0.821561095417746,0.820347580690464
"solcap_snp_c2_4840",0.215573724464946,0.215343255328777
"solcap_snp_c2_4843",0.108074767684338,0.107815083869382
"solcap_snp_c2_4844",0.222504977381529,0.222200186217308
"solcap_snp_c2_48444",0.749211755241009,0.748741027056647
"solcap_snp_c2_48447",0.593720661328118,0.593509658192443
"solcap_snp_c2_4845",0.911183449942804,0.911314367455701
"solcap_snp_c2_48477",0.400293498497126,0.400571489950379
"solcap_snp_c2_48482",0.983700850135108,0.983429036922098
"solcap_snp_c2_48483",0.900255984696513,0.900971281088784
"solcap_snp_c2_48500",0.196233415029927,0.19637925299044
"solcap_snp_c2_48529",0.404691181715638,0.404788276496006
"solcap_snp_c2_48549",0.459411851467803,0.459923092330999
"solcap_snp_c2_48570",0.213613621786373,0.213376219424108
"solcap_snp_c2_48573",0.924463223503518,0.923665689808014
"solcap_snp_c2_48581",0.388320612321004,0.388104955264512
"solcap_snp_c2_48584",0.309456410256735,0.308665136143728
"solcap_snp_c2_48587",0.226975316069917,0.226535918816274
"solcap_snp_c2_48590",0.435656922561347,0.435377806298776
"solcap_snp_c2_48597",4.52993259710873e-06,3.76181136397614e-06
"solcap_snp_c2_4860",0.597838387329839,0.598635470878582
"solcap_snp_c2_4864",0.963307451082086,0.963112040863086
"solcap_snp_c2_48672",0.366023080623182,0.365588862585528
"solcap_snp_c2_48673",0.494884604933976,0.494684897418405
"solcap_snp_c2_48686",0.83186734001248,0.833017924992658
"solcap_snp_c2_48687",0.495086349382379,0.495453334240839
"solcap_snp_c2_48691",0.87889008419957,0.878783837669112
"solcap_snp_c2_48693",0.352046814428853,0.351600954679842
"solcap_snp_c2_48694",0.373236900180924,0.372865577528219
"solcap_snp_c2_48724",0.696403380451109,0.69575241905921
"solcap_snp_c2_48725",0.809119499293849,0.809003179809922
"solcap_snp_c2_48735",0.752396977772676,0.752319891976943
"solcap_snp_c2_48784",0.184845229092718,0.184486482342359
"solcap_snp_c2_48808",0.0157533602002417,0.0155713774805573
"solcap_snp_c2_48810",0.200569895289102,0.200074848454453
"solcap_snp_c2_48817",0.840527865925977,0.839515062470719
"solcap_snp_c2_48818",0.949970877889636,0.949797657917526
"solcap_snp_c2_48820",0.801455409413382,0.801446617079789
"solcap_snp_c2_4883",0.775038079911881,0.775216254846216
"solcap_snp_c2_4884",0.290771724610932,0.290668111033114
"solcap_snp_c2_48864",0.0928290385336672,0.0924994056642535
"solcap_snp_c2_4888",0.954306192435933,0.954491037199547
"solcap_snp_c2_48886",0.960111083450376,0.960055323532369
"solcap_snp_c2_48892",0.367122518168585,0.367530744046021
"solcap_snp_c2_48896",0.175679769478927,0.175532982881211
"solcap_snp_c2_48898",0.50667712956544,0.506897643159473
"solcap_snp_c2_48900",0.0882683766325432,0.0878440105668819
"solcap_snp_c2_48901",0.298337903594018,0.29752664214326
"solcap_snp_c2_48902",0.680969432693658,0.681437386514872
"solcap_snp_c2_48927",0.147999222949993,0.147513237096295
"solcap_snp_c2_48928",0.816891092200166,0.817624869626258
"solcap_snp_c2_48929",0.978889553171061,0.979543128011525
"solcap_snp_c2_48951",0.895528768218266,0.895736784285283
"solcap_snp_c2_48953",0.797685832010354,0.797589132908288
"solcap_snp_c2_4896",0.851010815946935,0.850516781867225
"solcap_snp_c2_48963",0.407122488368595,0.406453583224622
"solcap_snp_c2_48964",0.826385983067006,0.825341266367031
"solcap_snp_c2_48968",0.789996707469955,0.789151017139517
"solcap_snp_c2_48972",0.105325011162387,0.104947653764336
"solcap_snp_c2_48978",0.471480391211526,0.471280696855576
"solcap_snp_c2_4898",0.174558720783104,0.174440977877764
"solcap_snp_c2_48989",0.359662713732752,0.359506572715661
"solcap_snp_c2_49001",0.806333981287571,0.80596764572605
"solcap_snp_c2_49010",0.376237505452294,0.376020503365024
"solcap_snp_c2_49014",0.47595977998473,0.475375704987587
"solcap_snp_c2_49017",0.350500407156904,0.35058334890334
"solcap_snp_c2_49018",0.512158096483829,0.51162382943754
"solcap_snp_c2_49031",0.126656497671239,0.126341302939271
"solcap_snp_c2_4904",0.647225400905197,0.647378001042988
"solcap_snp_c2_49042",0.120360094013376,0.119724630093501
"solcap_snp_c2_49044",0.112955025490119,0.112658934719284
"solcap_snp_c2_49048",0.530201561865656,0.530099683167968
"solcap_snp_c2_4905",0.768502756961968,0.768844039189071
"solcap_snp_c2_49052",0.629977087480122,0.630540486101548
"solcap_snp_c2_4906",0.896726080919288,0.896611643025232
"solcap_snp_c2_49068",0.85958934483017,0.859740493494509
"solcap_snp_c2_4907",0.803386258844851,0.803624536375465
"solcap_snp_c2_49090",0.817342579065323,0.817736589770698
"solcap_snp_c2_4910",0.991263837894762,0.991139966859569
"solcap_snp_c2_49116",0.699376682297207,0.698641805392871
"solcap_snp_c2_49117",0.381551074240244,0.381270427785055
"solcap_snp_c2_49124",0.302448591251689,0.301956352172802
"solcap_snp_c2_49128",0.986051197621444,0.985831483311974
"solcap_snp_c2_49140",0.180727661370472,0.180406794668528
"solcap_snp_c2_49147",0.454660172513082,0.453767705625002
"solcap_snp_c2_49184",0.785444178107676,0.785988602320792
"solcap_snp_c2_49186",0.59427908558209,0.595100546165125
"solcap_snp_c2_49199",0.20603963520747,0.206057436512631
"solcap_snp_c2_4920",0.915987931391643,0.916756520808588
"solcap_snp_c2_49206",0.697843561129966,0.698370441194908
"solcap_snp_c2_49209",0.838945124687611,0.839595035742926
"solcap_snp_c2_49243",0.10115656986032,0.100945175228506
"solcap_snp_c2_49245",0.874930340159375,0.875076442145389
"solcap_snp_c2_49246",0.32352880889546,0.323289318869828
"solcap_snp_c2_49249",0.1307962444064,0.130603363740159
"solcap_snp_c2_49280",0.798988589139626,0.799294022476178
"solcap_snp_c2_49286",0.298273109927819,0.298264765849027
"solcap_snp_c2_49296",0.520411954431364,0.520036732991341
"solcap_snp_c2_49298",0.640471156906118,0.640421761458392
"solcap_snp_c2_49299",0.472722120204507,0.472344767749319
"solcap_snp_c2_4930",0.565761642228683,0.565635803739456
"solcap_snp_c2_49302",0.707418997440454,0.707660907884587
"solcap_snp_c2_49303",0.224061995521284,0.223962963179877
"solcap_snp_c2_49304",0.26523286395595,0.265843815640106
"solcap_snp_c2_49306",0.945102125181049,0.944203807210107
"solcap_snp_c2_49308",0.735823273245171,0.736827041223468
"solcap_snp_c2_49310",0.216907986944256,0.217037476156846
"solcap_snp_c2_49311",0.352668359375072,0.353362443194241
"solcap_snp_c2_49313",0.254625873038896,0.254189886169003
"solcap_snp_c2_49315",0.656495594085171,0.656075563704877
"solcap_snp_c2_49316",0.755519346419359,0.755084813115607
"solcap_snp_c2_49321",0.81590236098621,0.815259078867613
"solcap_snp_c2_49322",0.103400007498738,0.102784294707553
"solcap_snp_c2_49323",0.044042581852148,0.0435719658677791
"solcap_snp_c2_49349",0.260322481845632,0.260001333841877
"solcap_snp_c2_49354",0.654319758792557,0.654523272172309
"solcap_snp_c2_49361",0.461560219010448,0.461398886512718
"solcap_snp_c2_49375",0.889738634336888,0.889571183457405
"solcap_snp_c2_49377",0.104004787740798,0.103818217516713
"solcap_snp_c2_49379",0.476305086876117,0.476447096546373
"solcap_snp_c2_49384",0.732604921165361,0.732864869568083
"solcap_snp_c2_49385",0.879813046232105,0.878838953696967
"solcap_snp_c2_4939",0.63495007880317,0.635444617151184
"solcap_snp_c2_4943",0.873329651546277,0.873510772977686
"solcap_snp_c2_49473",0.125392741594158,0.125146875103047
"solcap_snp_c2_49476",0.570572761206805,0.570787596740658
"solcap_snp_c2_49477",0.344446266946054,0.344020294768702
"solcap_snp_c2_49480",0.274295574090415,0.273855043744491
"solcap_snp_c2_49495",0.230493009095372,0.22981579997702
"solcap_snp_c2_49532",0.340442970244339,0.33988724584715
"solcap_snp_c2_4956",0.458721346292925,0.458531121267128
"solcap_snp_c2_4957",0.503053659838341,0.502392167938802
"solcap_snp_c2_49581",0.959385901221687,0.959801145970266
"solcap_snp_c2_49587",0.301639113254611,0.301064794978155
"solcap_snp_c2_49592",0.247348321591607,0.24726588594549
"solcap_snp_c2_49596",0.530980596798763,0.530569518585277
"solcap_snp_c2_49598",0.931388790200835,0.930416163042164
"solcap_snp_c2_49604",0.136167441354666,0.135969379667223
"solcap_snp_c2_49619",0.360169541793915,0.36020364821636
"solcap_snp_c2_49638",0.938303729383118,0.938835307373006
"solcap_snp_c2_49642",0.76368078642136,0.764291454771779
"solcap_snp_c2_49651",0.17296253943608,0.173191240031677
"solcap_snp_c2_49666",0.91922967228045,0.919598982057913
"solcap_snp_c2_49677",0.487579053218557,0.487523879749313
"solcap_snp_c2_49683",0.573928020608727,0.573694286091166
"solcap_snp_c2_49720",0.0265485888647711,0.0263502994837448
"solcap_snp_c2_49724",0.510585612019247,0.509917874339659
"solcap_snp_c2_49726",0.749192051158334,0.750500999753754
"solcap_snp_c2_49728",0.951931059595733,0.952857529990912
"solcap_snp_c2_49729",0.0162215675023392,0.0160045889310649
"solcap_snp_c2_49732",0.787031958578316,0.787699506477548
"solcap_snp_c2_49758",0.106616720258465,0.106133506465419
"solcap_snp_c2_49759",0.238276813018502,0.237711158045373
"solcap_snp_c2_49764",0.596196431776426,0.5955711851302
"solcap_snp_c2_49770",0.357294191848557,0.357165036546251
"solcap_snp_c2_4978",0.068811822277128,0.0684318177826199
"solcap_snp_c2_49808",0.809590299938519,0.81003932454347
"solcap_snp_c2_49809",0.381456023164273,0.381539079381457
"solcap_snp_c2_49832",0.231260984529734,0.231077945621028
"solcap_snp_c2_49833",0.169003876952544,0.168610957078019
"solcap_snp_c2_49834",0.441968958164002,0.441798451331574
"solcap_snp_c2_49837",0.181770441292983,0.18192763144167
"solcap_snp_c2_49842",0.478409419648482,0.479235276258242
"solcap_snp_c2_49843",0.0771174476597888,0.0769659693008551
"solcap_snp_c2_49853",0.442413741022808,0.442355578454065
"solcap_snp_c2_49855",0.95032185470486,0.950803391807257
"solcap_snp_c2_49859",0.272185246906001,0.27199752365812
"solcap_snp_c2_4986",0.289386755619147,0.289370838992232
"solcap_snp_c2_49860",0.188590100043475,0.188368276649465
"solcap_snp_c2_49867",0.0556225162545776,0.0552418051442458
"solcap_snp_c2_49873",0.314627112205175,0.314316286489653
"solcap_snp_c2_49883",0.295823411701029,0.295760637805441
"solcap_snp_c2_49885",0.54989890231297,0.549477661939283
"solcap_snp_c2_49889",0.883444314819807,0.883936941699883
"solcap_snp_c2_4989",0.00803283133374746,0.00786551748079914
"solcap_snp_c2_49905",0.345158384833664,0.344964236896924
"solcap_snp_c2_49906",0.00684002817851059,0.00669271780211978
"solcap_snp_c2_49911",0.799625045579259,0.799174543669076
"solcap_snp_c2_49914",0.736163457128022,0.736023317485699
"solcap_snp_c2_49917",0.37470785861539,0.374737678909813
"solcap_snp_c2_49925",0.0423319084852738,0.0419786418076499
"solcap_snp_c2_49933",0.913981901656973,0.914454110230844
"solcap_snp_c2_49935",0.354546098229834,0.35418503275627
"solcap_snp_c2_49936",0.271902456449385,0.272180639254759
"solcap_snp_c2_4994",0.917523807977789,0.916911218224146
"solcap_snp_c2_4996",0.416929744975907,0.416424806097052
"solcap_snp_c2_49970",0.178512755359843,0.178088033716611
"solcap_snp_c2_49976",0.633317101444551,0.633502794842383
"solcap_snp_c2_49991",0.190352652287454,0.190385820588508
"solcap_snp_c2_50017",0.658580779679614,0.658901479250058
"solcap_snp_c2_5003",0.269940276507134,0.269724456891989
"solcap_snp_c2_50035",0.683098239522828,0.683532278730417
"solcap_snp_c2_50036",0.214901240391212,0.214961015875166
"solcap_snp_c2_50041",0.335014018366045,0.335107567079923
"solcap_snp_c2_50057",0.634734609748006,0.634961554105968
"solcap_snp_c2_5006",0.176670679311217,0.176021645746632
"solcap_snp_c2_50073",0.904568219523145,0.904698235334697
"solcap_snp_c2_5009",0.157026910396565,0.156735782721107
"solcap_snp_c2_50135",0.568734781467208,0.568398218197547
"solcap_snp_c2_50136",0.886938270958333,0.88782655911328
"solcap_snp_c2_50139",0.373843226578539,0.373621422144238
"solcap_snp_c2_50140",0.854639963819566,0.853780024660387
"solcap_snp_c2_50150",0.577310745991259,0.577123475578109
"solcap_snp_c2_50151",0.841376461043381,0.841693355473016
"solcap_snp_c2_50153",0.471053160105953,0.470869867065569
"solcap_snp_c2_50176",0.537516347007629,0.537718964598633
"solcap_snp_c2_50179",0.737616210196163,0.737092823877618
"solcap_snp_c2_50180",0.1252122185196,0.125301967992463
"solcap_snp_c2_50182",0.611567071473606,0.611178295540837
"solcap_snp_c2_50183",0.342618352628847,0.343171999091595
"solcap_snp_c2_50186",0.973558881151173,0.972873705575407
"solcap_snp_c2_50188",0.889883102837475,0.889161788796502
"solcap_snp_c2_50190",0.0643269706270099,0.064271781098024
"solcap_snp_c2_50199",0.742537773267147,0.742987556676408
"solcap_snp_c2_50206",0.222411320361014,0.22268668368985
"solcap_snp_c2_50220",0.74523658231265,0.744504795792691
"solcap_snp_c2_50226",0.207991893572362,0.207534058900664
"solcap_snp_c2_50231",0.665458507429508,0.665229282765228
"solcap_snp_c2_50234",0.519200765435355,0.519523393094476
"solcap_snp_c2_50247",0.142535869557085,0.142316383908195
"solcap_snp_c2_50259",0.79684237143412,0.796090992682777
"solcap_snp_c2_50275",0.132994658662554,0.132425250333079
"solcap_snp_c2_50299",0.0406887167564473,0.0404822901095353
"solcap_snp_c2_5030",0.770280041196932,0.770056853940897
"solcap_snp_c2_50300",0.314023504425737,0.313700048042444
"solcap_snp_c2_50301",0.000103729578212812,9.46167969325078e-05
"solcap_snp_c2_50303",0.00136327072590229,0.00130129818148911
"solcap_snp_c2_50304",0.0417112546826548,0.0413742114506394
"solcap_snp_c2_50305",0.270496348541956,0.271051120745324
"solcap_snp_c2_50308",0.0126774117687926,0.0124549383040304
"solcap_snp_c2_50309",0.959443296945018,0.960375347746595
"solcap_snp_c2_50332",0.672679594153373,0.672415291646659
"solcap_snp_c2_50338",0.857033388792651,0.857030828608847
"solcap_snp_c2_50362",0.14737760729212,0.1472320200438
"solcap_snp_c2_50372",0.890471853204076,0.890323819787314
"solcap_snp_c2_50391",0.667935884935789,0.668020478569643
"solcap_snp_c2_50394",0.832950346784771,0.832915347824186
"solcap_snp_c2_50405",0.780697319942315,0.780059181656156
"solcap_snp_c2_50415",0.861467561042965,0.862034086968918
"solcap_snp_c2_50421",0.0959761744242906,0.0954893470172265
"solcap_snp_c2_50432",0.822031555979846,0.822365368255538
"solcap_snp_c2_50449",0.0075494434842524,0.00738725580951347
"solcap_snp_c2_50483",0.718036093166881,0.717833828425403
"solcap_snp_c2_50485",0.629190855656296,0.628507113412963
"solcap_snp_c2_50486",0.252679737344815,0.252437154590266
"solcap_snp_c2_50489",0.190281480060134,0.190023278766338
"solcap_snp_c2_50502",0.236310154614651,0.236171160572277
"solcap_snp_c2_50522",0.866963949187511,0.867216791265663
"solcap_snp_c2_50523",0.77452686405623,0.774083887498599
"solcap_snp_c2_50543",0.0106467504528814,0.0104577113371063
"solcap_snp_c2_50570",0.0743087279452014,0.0741883562570695
"solcap_snp_c2_50589",0.475395610699059,0.475207513533911
"solcap_snp_c2_5059",0.611342710144258,0.611420184951457
"solcap_snp_c2_50595",0.472940457094578,0.472766655873287
"solcap_snp_c2_50596",0.270197809217959,0.27001826098715
"solcap_snp_c2_50605",0.561791922692373,0.561579702837011
"solcap_snp_c2_50620",0.405180982826392,0.405280461304776
"solcap_snp_c2_50635",0.975682919483516,0.976223213533309
"solcap_snp_c2_50636",0.415092220733647,0.414680225418793
"solcap_snp_c2_50702",0.766832176087946,0.766219724277973
"solcap_snp_c2_5077",0.579066881161649,0.579457638101369
"solcap_snp_c2_50773",0.121836805431636,0.121563212187227
"solcap_snp_c2_5078",0.623557036384664,0.623076041349229
"solcap_snp_c2_50783",0.267224966407079,0.267363060343219
"solcap_snp_c2_50795",0.638485013755044,0.639155428583278
"solcap_snp_c2_50796",0.682909047042194,0.683288126925735
"solcap_snp_c2_50797",0.866213730922575,0.867278491752682
"solcap_snp_c2_50798",0.292956536931103,0.292274673038846
"solcap_snp_c2_50799",0.751749197286424,0.751965313243034
"solcap_snp_c2_50801",0.838585417310869,0.83933208403672
"solcap_snp_c2_50802",0.936728301667452,0.93594018178555
"solcap_snp_c2_50821",0.919996177911113,0.919218948766451
"solcap_snp_c2_50838",0.847786133963441,0.848011865360306
"solcap_snp_c2_50840",0.946151688241145,0.945337652993368
"solcap_snp_c2_50849",0.504724862927718,0.505018661978672
"solcap_snp_c2_50859",0.719974587556295,0.719626247459373
"solcap_snp_c2_50878",0.483540831467122,0.482910362758598
"solcap_snp_c2_50885",0.622115296523308,0.621364038708233
"solcap_snp_c2_5091",0.960608139923988,0.959696446267291
"solcap_snp_c2_50926",0.483476539697162,0.483855178554797
"solcap_snp_c2_50977",0.54966713916798,0.549249078420639
"solcap_snp_c2_51",0.610069676960627,0.609913384875898
"solcap_snp_c2_51003",0.449003324525988,0.449483168998234
"solcap_snp_c2_51019",0.787620504060445,0.787628816713463
"solcap_snp_c2_5102",0.582458501093161,0.582681648335057
"solcap_snp_c2_51020",0.895138638317703,0.895917012910183
"solcap_snp_c2_51027",0.0356039136680713,0.0353327464068906
"solcap_snp_c2_51046",0.689999795247431,0.689644682876493
"solcap_snp_c2_51047",0.503233999387676,0.503483506468356
"solcap_snp_c2_51049",0.815102681599882,0.8155501524655
"solcap_snp_c2_51051",0.0342783888673346,0.0340024766594333
"solcap_snp_c2_51052",0.737571612493144,0.738848635301045
"solcap_snp_c2_51053",0.00553212347663254,0.00540588666235737
"solcap_snp_c2_51055",0.273251422887693,0.272897934329362
"solcap_snp_c2_51063",0.281161337971069,0.2806790965239
"solcap_snp_c2_51083",0.78324922071884,0.78329815484137
"solcap_snp_c2_51091",0.800846066729824,0.801044946537829
"solcap_snp_c2_51093",0.211197227461563,0.211218099226567
"solcap_snp_c2_51096",0.184151451851323,0.183832459150125
"solcap_snp_c2_51098",0.719175115723722,0.719099183709213
"solcap_snp_c2_51099",0.62357149443691,0.623819467903351
"solcap_snp_c2_51109",0.632726522071984,0.633206134723067
"solcap_snp_c2_51140",0.90448404066425,0.903770108511278
"solcap_snp_c2_51155",0.567255871482036,0.56714620834846
"solcap_snp_c2_51176",0.340674111151342,0.340162572068894
"solcap_snp_c2_51190",0.793387228509367,0.794045339197452
"solcap_snp_c2_51192",0.0530863102840117,0.0528436416642257
"solcap_snp_c2_51202",0.364824112745068,0.364670326104842
"solcap_snp_c2_51214",0.578539166457986,0.578318265684123
"solcap_snp_c2_51215",0.767750435873,0.768033236900067
"solcap_snp_c2_51216",0.237155740453142,0.237025971753967
"solcap_snp_c2_51220",0.204771396787328,0.204413353351638
"solcap_snp_c2_51244",0.0979277342837058,0.0973855639740279
"solcap_snp_c2_51249",0.0201263778936711,0.0198545691975627
"solcap_snp_c2_51320",0.417135513405879,0.417073577223995
"solcap_snp_c2_51346",0.779768034981964,0.780082299188053
"solcap_snp_c2_5137",0.74925630050695,0.749896218539045
"solcap_snp_c2_51372",0.50595107947563,0.505298089980224
"solcap_snp_c2_51374",0.168765159472181,0.168334244023755
"solcap_snp_c2_51375",0.441794433932517,0.44142261371029
"solcap_snp_c2_51376",0.411907647154197,0.411576209398383
"solcap_snp_c2_51389",0.714617537682889,0.714459211943042
"solcap_snp_c2_51418",0.79900845373768,0.799689700640088
"solcap_snp_c2_51428",0.326171332788007,0.32633002904806
"solcap_snp_c2_51430",0.0790322003556769,0.0786164407883432
"solcap_snp_c2_51464",0.322853402550219,0.322299837719743
"solcap_snp_c2_51470",0.527730076345136,0.527392109540285
"solcap_snp_c2_51473",0.149466092622983,0.149021601756339
"solcap_snp_c2_51478",0.0254624010162017,0.0251852469000416
"solcap_snp_c2_5148",0.659214618787187,0.657278027756221
"solcap_snp_c2_51480",0.0804305021876188,0.080223138651738
"solcap_snp_c2_5149",0.736426091256118,0.734338423336278
"solcap_snp_c2_51513",0.103826401294593,0.103516948761449
"solcap_snp_c2_5152",0.214905239986963,0.214198735493474
"solcap_snp_c2_5153",0.709525763484099,0.709721920672942
"solcap_snp_c2_51532",0.23532089352877,0.235181073227336
"solcap_snp_c2_51533",0.0787500014933498,0.0784419504270295
"solcap_snp_c2_51534",0.440502315778533,0.439865103154029
"solcap_snp_c2_51536",0.177947645415229,0.177624760011791
"solcap_snp_c2_5154",0.973352821813737,0.973944495790556
"solcap_snp_c2_51544",0.192515250143055,0.192236223509518
"solcap_snp_c2_51545",0.13015888546159,0.129868803747799
"solcap_snp_c2_51548",0.0924667393452094,0.0923132418119786
"solcap_snp_c2_51549",0.861083695897784,0.862291694559595
"solcap_snp_c2_51559",0.695229042973035,0.694755888177355
"solcap_snp_c2_5156",0.241781391548487,0.241730802008201
"solcap_snp_c2_51560",0.71623685055569,0.716589783943184
"solcap_snp_c2_51582",0.376195551573251,0.377566893804552
"solcap_snp_c2_51605",0.404226526591999,0.403758044116115
"solcap_snp_c2_51637",0.64716849449188,0.647058172818624
"solcap_snp_c2_51639",0.566400523526033,0.565536282147393
"solcap_snp_c2_51647",0.15581619954345,0.155398716165137
"solcap_snp_c2_51650",0.259113943510155,0.258779518936313
"solcap_snp_c2_51684",0.832076293853755,0.8315506562421
"solcap_snp_c2_51689",0.346610340337821,0.346444084301931
"solcap_snp_c2_51713",0.236180506307835,0.235487950270079
"solcap_snp_c2_51728",0.235342508448287,0.235075968930993
"solcap_snp_c2_51738",0.273474817139262,0.273365479650733
"solcap_snp_c2_51756",0.860232250740034,0.859549158856943
"solcap_snp_c2_51757",0.0499672426481554,0.0495739859970542
"solcap_snp_c2_51758",0.394613632905654,0.394048557456619
"solcap_snp_c2_51760",0.393268219271095,0.392542749688688
"solcap_snp_c2_51761",0.0366869533082868,0.0363392980664664
"solcap_snp_c2_51764",0.846679070989933,0.844920176209042
"solcap_snp_c2_51768",0.281149984407601,0.281416042385727
"solcap_snp_c2_51769",0.2570012437005,0.256466609958941
"solcap_snp_c2_51771",0.232490095956961,0.232096682906731
"solcap_snp_c2_51772",0.0123888693191549,0.0121650850233192
"solcap_snp_c2_51774",0.336486357986214,0.335576242142827
"solcap_snp_c2_51791",0.703700077619646,0.703365852456758
"solcap_snp_c2_51800",0.796026506514365,0.795467117074302
"solcap_snp_c2_51806",0.360944070816021,0.360096617415116
"solcap_snp_c2_51807",0.532874062783465,0.533058297335923
"solcap_snp_c2_51808",0.498987367003791,0.498163853180869
"solcap_snp_c2_51810",0.429536100315256,0.430073336534455
"solcap_snp_c2_51811",0.776737965746742,0.776616720629688
"solcap_snp_c2_51821",0.467660969741088,0.466733300657352
"solcap_snp_c2_51827",0.517971054067934,0.516958705642948
"solcap_snp_c2_5187",0.714919200800042,0.714576998523295
"solcap_snp_c2_51887",0.780882867400897,0.779595579878191
"solcap_snp_c2_51899",0.775617730151798,0.775060683295916
"solcap_snp_c2_51957",0.45905625137324,0.458719536101455
"solcap_snp_c2_51980",0.926106036637066,0.926227517540089
"solcap_snp_c2_51986",0.0262635972643126,0.025923801627732
"solcap_snp_c2_51990",0.224506186964743,0.224324911369363
"solcap_snp_c2_51998",0.444147255917384,0.444032550540719
"solcap_snp_c2_52042",0.20965619714026,0.209329237801932
"solcap_snp_c2_52044",0.400257891961244,0.399759911199186
"solcap_snp_c2_52053",0.355341663296427,0.354984380977944
"solcap_snp_c2_52055",0.261958748818981,0.261813583454842
"solcap_snp_c2_52058",0.175845230753683,0.17552665147656
"solcap_snp_c2_52066",0.317615270662885,0.317454985635715
"solcap_snp_c2_52067",0.470949951876684,0.470517999975221
"solcap_snp_c2_52069",0.262600188706471,0.262635612957854
"solcap_snp_c2_52070",0.445019428162062,0.444288075040694
"solcap_snp_c2_52087",0.66451781542493,0.66435598099286
"solcap_snp_c2_52104",0.945021485901203,0.945593612728823
"solcap_snp_c2_52105",0.01118815563538,0.0109957500829376
"solcap_snp_c2_52106",0.529598048682842,0.530015661904697
"solcap_snp_c2_52110",0.377435904043256,0.376944261704359
"solcap_snp_c2_5212",0.0716681385125028,0.0711964324983952
"solcap_snp_c2_5213",0.953975052529759,0.954541216163979
"solcap_snp_c2_52131",0.2390695136664,0.23886352928324
"solcap_snp_c2_5214",0.724853215605209,0.725495503078783
"solcap_snp_c2_5217",0.630912023632097,0.630744236591549
"solcap_snp_c2_52196",0.348414417607377,0.348196010178306
"solcap_snp_c2_52203",0.403688462819468,0.403331298167787
"solcap_snp_c2_52205",0.968942044103126,0.967866403211287
"solcap_snp_c2_52206",0.118692690125729,0.118289494133109
"solcap_snp_c2_5221",0.555019752474318,0.554417151425928
"solcap_snp_c2_52240",0.152366574042683,0.151980937147309
"solcap_snp_c2_52241",0.208167826087296,0.207778759379648
"solcap_snp_c2_52253",0.844415232708501,0.844322838556143
"solcap_snp_c2_5226",0.133358875727418,0.132906714147078
"solcap_snp_c2_52274",0.290009601718779,0.289776462154868
"solcap_snp_c2_52277",0.390807642881717,0.390350851822099
"solcap_snp_c2_52320",0.581201658016272,0.581424412088967
"solcap_snp_c2_5234",0.500404142912258,0.50077379929495
"solcap_snp_c2_52374",0.38625995368098,0.386982059411474
"solcap_snp_c2_52376",0.987446898509266,0.987510739537313
"solcap_snp_c2_5238",0.394202017975877,0.394337938335578
"solcap_snp_c2_5239",0.664425659048428,0.664878964376029
"solcap_snp_c2_52391",0.876780793825735,0.876723934707828
"solcap_snp_c2_52397",0.188432702540184,0.18796187969953
"solcap_snp_c2_52398",0.339252446486409,0.33882578383853
"solcap_snp_c2_52455",0.0653042650046228,0.0649565228349532
"solcap_snp_c2_52467",0.359266388770099,0.358596120748587
"solcap_snp_c2_52473",0.249653712420956,0.249128274466791
"solcap_snp_c2_52477",0.581412895512749,0.582092077126633
"solcap_snp_c2_52484",0.848523192193585,0.847706053749725
"solcap_snp_c2_52492",0.215908747874276,0.215586865475567
"solcap_snp_c2_52494",0.67960983589591,0.679176450912551
"solcap_snp_c2_52505",0.147450756611436,0.146583543683183
"solcap_snp_c2_52507",0.182762697045301,0.182629928347857
"solcap_snp_c2_52515",0.393510563037608,0.392903295856754
"solcap_snp_c2_52517",0.707421012844628,0.707348918684802
"solcap_snp_c2_52518",0.265628074012365,0.265325064924793
"solcap_snp_c2_52519",0.49379969048338,0.492964831662299
"solcap_snp_c2_52521",0.196520222306908,0.196213844887065
"solcap_snp_c2_52532",0.218621511232753,0.218385828665188
"solcap_snp_c2_52543",0.576816066726784,0.576958284574529
"solcap_snp_c2_52544",0.974130400786389,0.97359982269345
"solcap_snp_c2_5256",0.488201114799288,0.488678456869899
"solcap_snp_c2_52567",0.0758056864239286,0.0754982066355092
"solcap_snp_c2_52568",0.0480413298368717,0.0477509089335814
"solcap_snp_c2_52569",0.645705925250125,0.645813136525512
"solcap_snp_c2_52575",0.638889221242919,0.638819113653122
"solcap_snp_c2_52584",0.470824769445611,0.470632305370596
"solcap_snp_c2_52591",0.690598684564189,0.690249337223222
"solcap_snp_c2_52615",0.832311114493415,0.832304294648518
"solcap_snp_c2_52622",0.29555757487516,0.295750339033734
"solcap_snp_c2_5263",0.639233602187562,0.639793901815538
"solcap_snp_c2_52656",0.626097888852865,0.625493633509748
"solcap_snp_c2_5269",0.885872372710531,0.885822740502048
"solcap_snp_c2_52694",0.491348072618911,0.491573186868741
"solcap_snp_c2_52702",0.107165782130832,0.1071577702047
"solcap_snp_c2_52704",0.371132307436746,0.370216339156816
"solcap_snp_c2_52705",0.278285587844484,0.277825566355683
"solcap_snp_c2_52709",0.756653071077234,0.755305762504184
"solcap_snp_c2_52722",0.655927851436419,0.656186765564161
"solcap_snp_c2_52724",0.967974175878783,0.967251429168406
"solcap_snp_c2_52749",0.420299848380433,0.41989090994154
"solcap_snp_c2_52767",0.530891609141706,0.530470294887833
"solcap_snp_c2_52768",0.30979518807124,0.309359783258486
"solcap_snp_c2_52789",0.130418093732989,0.130556587314979
"solcap_snp_c2_52793",0.963367302389155,0.963701929754798
"solcap_snp_c2_52794",0.804541771682575,0.804046760499038
"solcap_snp_c2_52795",0.395641828146549,0.39561961990453
"solcap_snp_c2_52800",0.324541040467637,0.323986909675551
"solcap_snp_c2_52809",0.118115842596506,0.117690451019762
"solcap_snp_c2_52811",0.293706062161585,0.293162762815378
"solcap_snp_c2_52813",0.938099360569934,0.938864754721025
"solcap_snp_c2_52837",0.634972855130064,0.635314590070704
"solcap_snp_c2_52838",0.0962932901074384,0.0959522119001352
"solcap_snp_c2_52857",0.687786125656268,0.687147302524508
"solcap_snp_c2_5286",0.120364207258207,0.120274532164564
"solcap_snp_c2_52866",0.624043554972412,0.62363553502835
"solcap_snp_c2_52867",0.575069519631188,0.575259889631512
"solcap_snp_c2_52872",0.424208092859934,0.424756130366362
"solcap_snp_c2_5289",0.0766092313219432,0.0763773239597138
"solcap_snp_c2_52890",0.602688035196127,0.602574541691127
"solcap_snp_c2_52905",0.0517226034815192,0.0514259996840176
"solcap_snp_c2_5300",0.110496522265167,0.11000617691195
"solcap_snp_c2_53032",0.960326213145138,0.960977477190486
"solcap_snp_c2_53033",0.831398244237163,0.830332418269004
"solcap_snp_c2_53034",0.446306933956672,0.445773232008573
"solcap_snp_c2_53035",0.563328977904175,0.563575843285994
"solcap_snp_c2_53036",0.498321771810219,0.499112077658358
"solcap_snp_c2_53037",0.139172234269356,0.138858952008656
"solcap_snp_c2_53041",0.584450093706174,0.584842850037411
"solcap_snp_c2_53046",0.652209439995467,0.652359096277433
"solcap_snp_c2_53053",0.838728608185613,0.83805733823417
"solcap_snp_c2_53055",0.322844543078041,0.322502300597706
"solcap_snp_c2_53064",0.215504329814278,0.215049005937806
"solcap_snp_c2_53075",0.289030280944117,0.289559012168372
"solcap_snp_c2_53088",0.950170529785762,0.949914774523225
"solcap_snp_c2_53091",0.0388041224065986,0.0384450154924147
"solcap_snp_c2_53175",0.14008526315584,0.140166534300845
"solcap_snp_c2_53176",0.7735423665617,0.774142963465506
"solcap_snp_c2_53205",0.816990943186917,0.816028160992034
"solcap_snp_c2_53225",0.282357874568899,0.28219051086798
"solcap_snp_c2_53227",0.552961033088146,0.552638888839381
"solcap_snp_c2_53239",0.349559309390529,0.348921758630477
"solcap_snp_c2_53244",0.368912510316924,0.368375960787427
"solcap_snp_c2_53246",0.52315522736799,0.523022677116403
"solcap_snp_c2_53249",0.571693536299415,0.571196763732001
"solcap_snp_c2_53250",0.083528293902687,0.0833008361519641
"solcap_snp_c2_53275",0.194234535428312,0.19458069512647
"solcap_snp_c2_53276",0.634482653026627,0.634053292677161
"solcap_snp_c2_53280",0.862849197740929,0.863483833678981
"solcap_snp_c2_53296",0.327707101717424,0.327383340320374
"solcap_snp_c2_53298",0.530613953336281,0.530214907707576
"solcap_snp_c2_533",0.362931043849818,0.362570167370876
"solcap_snp_c2_53306",0.288190953123471,0.288192910319701
"solcap_snp_c2_53307",0.946777129897919,0.946879079274114
"solcap_snp_c2_5331",0.0202864199773497,0.0200142020879248
"solcap_snp_c2_5332",0.908878839783354,0.909515757436572
"solcap_snp_c2_53324",0.552351598259599,0.552835210834673
"solcap_snp_c2_5333",0.456436784136813,0.455942609281567
"solcap_snp_c2_53334",0.273711997434622,0.273419442618228
"solcap_snp_c2_53347",0.629596906250206,0.62951757273842
"solcap_snp_c2_53348",0.537745602891849,0.537385811167737
"solcap_snp_c2_53350",0.345677926118589,0.345850066057832
"solcap_snp_c2_53357",0.539736171166973,0.539809374223595
"solcap_snp_c2_53370",0.399605802213359,0.399455635160074
"solcap_snp_c2_53375",0.852326461566624,0.851749096716728
"solcap_snp_c2_53383",0.544641680663961,0.544022940972474
"solcap_snp_c2_534",0.525307847401916,0.525402927288744
"solcap_snp_c2_53420",0.0147655556753363,0.0145303158023668
"solcap_snp_c2_5343",0.238169355337833,0.237913280239559
"solcap_snp_c2_53432",0.0850794765545689,0.0846748559260741
"solcap_snp_c2_53448",0.927518624281674,0.927336174355464
"solcap_snp_c2_53455",0.0777734188206187,0.0773599141687964
"solcap_snp_c2_53460",0.800477214864775,0.800722748523726
"solcap_snp_c2_53462",0.389375295985228,0.389346489174942
"solcap_snp_c2_53480",0.742989654186746,0.743211373065622
"solcap_snp_c2_53509",0.564211655614292,0.564575295101578
"solcap_snp_c2_53521",0.192374024101354,0.191620905693945
"solcap_snp_c2_53545",0.431116433421397,0.430614752866721
"solcap_snp_c2_53553",0.860923582376797,0.860706594517865
"solcap_snp_c2_53559",0.645534193430578,0.645820773295408
"solcap_snp_c2_5356",0.948522023484502,0.948906303148386
"solcap_snp_c2_53565",0.907242057676639,0.90771197223559
"solcap_snp_c2_53566",0.626773413471542,0.626993834074563
"solcap_snp_c2_53573",0.414015080440859,0.413944270614787
"solcap_snp_c2_53584",0.45467296199846,0.454297531116167
"solcap_snp_c2_53595",0.421174217346386,0.421262113689989
"solcap_snp_c2_536",0.826758588336153,0.826619045216466
"solcap_snp_c2_53676",0.578417605315734,0.579132553436544
"solcap_snp_c2_53680",0.924194505944278,0.923831176886861
"solcap_snp_c2_53683",0.363031506559876,0.363736228333045
"solcap_snp_c2_53684",0.48871280163392,0.489592359395609
"solcap_snp_c2_53685",0.000251572579365156,0.000234849664621286
"solcap_snp_c2_53687",0.929718227826933,0.930261072528328
"solcap_snp_c2_53688",0.473407367653997,0.473321610234772
"solcap_snp_c2_53693",0.801815529806,0.802773800767264
"solcap_snp_c2_53696",0.165606199191077,0.16572527383144
"solcap_snp_c2_53708",0.216413808652738,0.215949642306813
"solcap_snp_c2_53718",0.199713570894665,0.199862797950443
"solcap_snp_c2_53724",0.769347841760705,0.76833390424064
"solcap_snp_c2_53730",0.490713479818807,0.490829805344513
"solcap_snp_c2_53737",0.962960820365402,0.962730225428383
"solcap_snp_c2_53759",0.746468115920741,0.746375462706594
"solcap_snp_c2_53771",0.61928671230355,0.62042583468026
"solcap_snp_c2_53818",0.112008881717663,0.111661266789719
"solcap_snp_c2_53842",0.564478186656184,0.565201990404291
"solcap_snp_c2_53854",0.0553581388350235,0.0551056599791829
"solcap_snp_c2_53878",0.268390651291963,0.268854291857566
"solcap_snp_c2_53879",0.348993805816588,0.348825203635889
"solcap_snp_c2_53880",0.754225522348557,0.754642546574015
"solcap_snp_c2_53881",0.578381674013717,0.579155896180906
"solcap_snp_c2_53882",0.947120663592964,0.947413419833823
"solcap_snp_c2_53884",0.905193720158307,0.905693912178119
"solcap_snp_c2_53903",0.828896639067763,0.829223935808372
"solcap_snp_c2_53914",0.427767682491983,0.427636941018303
"solcap_snp_c2_53918",0.859265044107062,0.859338225006164
"solcap_snp_c2_53932",0.312228931101036,0.311849924553457
"solcap_snp_c2_53943",0.551573916962956,0.551732784664002
"solcap_snp_c2_53946",0.749640292110207,0.749854513199838
"solcap_snp_c2_53947",0.978798178715594,0.978764369334489
"solcap_snp_c2_53948",0.773486694017005,0.773914290894416
"solcap_snp_c2_53950",0.443096650098213,0.443193857154201
"solcap_snp_c2_53951",0.015456956811881,0.0152202451667753
"solcap_snp_c2_54",0.919397320721406,0.919322567436615
"solcap_snp_c2_54010",0.924286969634794,0.924254654905152
"solcap_snp_c2_54029",0.254830165578932,0.254513060926136
"solcap_snp_c2_54033",0.177483756314033,0.177067822664546
"solcap_snp_c2_54035",0.0167799836286085,0.01648754168077
"solcap_snp_c2_54070",0.790242163696478,0.789827888477917
"solcap_snp_c2_54077",0.832815735096727,0.833561147459536
"solcap_snp_c2_54083",0.142381238503325,0.142358433311351
"solcap_snp_c2_54090",0.276906134261232,0.276634904469281
"solcap_snp_c2_541",0.272692636654126,0.272392392498253
"solcap_snp_c2_54122",0.174264576611198,0.174140338771747
"solcap_snp_c2_54134",0.767689364012725,0.768866097764643
"solcap_snp_c2_54139",0.180007209576861,0.179823804995075
"solcap_snp_c2_54140",0.469597443277076,0.46905022436775
"solcap_snp_c2_54142",0.263216541983454,0.262831476298828
"solcap_snp_c2_54192",0.700493045563528,0.700207188173061
"solcap_snp_c2_54193",0.306963353182995,0.306848147198108
"solcap_snp_c2_54194",0.665192982678497,0.665691712193146
"solcap_snp_c2_542",0.247269709209811,0.246699268692137
"solcap_snp_c2_54204",0.151661811915051,0.151717699083556
"solcap_snp_c2_54220",0.0133247118714246,0.0131508700850049
"solcap_snp_c2_54229",0.686913678512337,0.686554935496824
"solcap_snp_c2_54243",0.134958389974115,0.13464152994018
"solcap_snp_c2_54286",0.629715566239404,0.628625523270775
"solcap_snp_c2_54288",0.920563105347593,0.919391256834082
"solcap_snp_c2_54290",0.582694748644454,0.581666109530167
"solcap_snp_c2_54304",0.744789854554153,0.744771702129535
"solcap_snp_c2_54306",0.351654779023066,0.351375740879961
"solcap_snp_c2_54307",0.456701870840317,0.455665912399322
"solcap_snp_c2_54311",0.354297563883992,0.353859841099142
"solcap_snp_c2_54325",0.850993665756708,0.852063894842884
"solcap_snp_c2_54335",0.000950628025713026,0.000902988399481829
"solcap_snp_c2_54340",0.546987471100035,0.547212261941044
"solcap_snp_c2_54353",0.6237443798848,0.624385248648127
"solcap_snp_c2_54355",0.487044831962984,0.486887466227684
"solcap_snp_c2_54364",0.529043297540391,0.52904314020845
"solcap_snp_c2_54366",0.579982477740675,0.580444708937255
"solcap_snp_c2_54371",0.48391342992459,0.48438732470187
"solcap_snp_c2_54382",0.597659942255909,0.598498543162816
"solcap_snp_c2_5440",0.989074383481685,0.989105281469405
"solcap_snp_c2_54415",0.889437476308604,0.889262308973276
"solcap_snp_c2_54418",0.301186964163715,0.30107070356142
"solcap_snp_c2_5443",0.745912982275279,0.745860939257155
"solcap_snp_c2_54446",0.386520190321092,0.386162728923301
"solcap_snp_c2_54456",0.582907506963113,0.583518093769074
"solcap_snp_c2_54473",0.227174111559991,0.227005777386602
"solcap_snp_c2_54513",0.432816035638205,0.433774079462077
"solcap_snp_c2_54532",0.246010024814861,0.2454048400445
"solcap_snp_c2_54533",0.0118061631332313,0.0116224925997436
"solcap_snp_c2_54547",0.526131357517752,0.526204745317878
"solcap_snp_c2_54561",0.569555286829617,0.569931368655021
"solcap_snp_c2_54566",0.488503653559742,0.488105207770388
"solcap_snp_c2_54570",0.0613298345821269,0.0609504501056785
"solcap_snp_c2_54574",0.634890470479585,0.635304398549904
"solcap_snp_c2_54579",0.469116499913356,0.469576259783849
"solcap_snp_c2_5458",0.856143482467553,0.856385958345836
"solcap_snp_c2_54581",0.396145317613074,0.396628218025142
"solcap_snp_c2_54586",0.268051094722587,0.268111558944369
"solcap_snp_c2_54598",0.736641970267915,0.736340479262798
"solcap_snp_c2_54605",0.607692055340936,0.607350002919369
"solcap_snp_c2_54609",0.213045839723423,0.212937175391761
"solcap_snp_c2_5461",0.816388426119866,0.81684226235424
"solcap_snp_c2_54613",0.826571227093955,0.825663314811639
"solcap_snp_c2_54624",0.95883305639341,0.958343208429516
"solcap_snp_c2_54652",0.14472876562583,0.144684750374378
"solcap_snp_c2_5474",0.299098570998342,0.299340391623032
"solcap_snp_c2_54743",0.706957109175187,0.707139477524115
"solcap_snp_c2_54749",0.924833725350044,0.925471483486629
"solcap_snp_c2_54760",0.216027151683697,0.216372490695037
"solcap_snp_c2_54785",0.342541444619005,0.342199773163322
"solcap_snp_c2_54797",0.161829894034983,0.16144953051037
"solcap_snp_c2_54804",0.292556061052719,0.292254296896294
"solcap_snp_c2_54811",0.693997751089419,0.693926400505593
"solcap_snp_c2_54812",0.487732864519727,0.48707016469522
"solcap_snp_c2_54817",0.588839169109227,0.588772431660836
"solcap_snp_c2_54821",0.8176448673017,0.8180133715703
"solcap_snp_c2_54825",0.373194527894272,0.372998580140514
"solcap_snp_c2_54867",0.694243736796399,0.694061740150167
"solcap_snp_c2_54872",0.264993553425313,0.265617970559932
"solcap_snp_c2_54873",0.186061825544052,0.186471468486113
"solcap_snp_c2_549",0.393810265190824,0.393958191694756
"solcap_snp_c2_54930",0.829915074075093,0.83011926192476
"solcap_snp_c2_54932",0.921821129842174,0.922353840423094
"solcap_snp_c2_54953",0.761182362447835,0.761416031512999
"solcap_snp_c2_54955",0.720501808349168,0.721516563318286
"solcap_snp_c2_54992",0.657504638408798,0.657228401368126
"solcap_snp_c2_54997",0.108016539203528,0.107641772934038
"solcap_snp_c2_54998",0.822377216826167,0.822214496287754
"solcap_snp_c2_55",0.473700608600587,0.473278458283193
"solcap_snp_c2_55008",0.262567903512086,0.262571652136879
"solcap_snp_c2_55020",0.321368206563018,0.321358761259141
"solcap_snp_c2_55022",0.858945711216893,0.859248996909473
"solcap_snp_c2_55033",0.629226417229367,0.628991471243646
"solcap_snp_c2_55036",0.485912124588081,0.48620071501614
"solcap_snp_c2_55042",0.462787727867552,0.462361516179401
"solcap_snp_c2_55065",0.155282379344803,0.154775499841262
"solcap_snp_c2_55071",0.418372482849686,0.418131721919846
"solcap_snp_c2_55083",0.524990656370899,0.524494280408511
"solcap_snp_c2_55085",0.388988972023095,0.388834413756524
"solcap_snp_c2_55090",0.121532849409096,0.121076832247918
"solcap_snp_c2_55113",0.245741243920637,0.244782961202131
"solcap_snp_c2_55124",0.563322330088961,0.562587984239289
"solcap_snp_c2_55129",0.0614434816955147,0.0612731461688071
"solcap_snp_c2_55138",0.27970269319849,0.279908433277687
"solcap_snp_c2_55144",0.874962636985281,0.874352009611711
"solcap_snp_c2_55151",0.164317276831971,0.163992574482418
"solcap_snp_c2_55204",0.595359382870371,0.595185919037527
"solcap_snp_c2_55206",0.859421660482853,0.860567765060607
"solcap_snp_c2_55227",0.32941125392515,0.328877969494781
"solcap_snp_c2_55239",0.337588086455966,0.337671781326449
"solcap_snp_c2_5524",0.175258546432655,0.174926293625045
"solcap_snp_c2_55263",0.419440002738187,0.419742154834897
"solcap_snp_c2_55264",0.190060411743848,0.189963918471114
"solcap_snp_c2_55265",0.809051981647768,0.809980040729079
"solcap_snp_c2_55276",0.243216022410003,0.242972560950784
"solcap_snp_c2_55277",0.0101605246206235,0.0100059874945014
"solcap_snp_c2_55278",0.343492841425252,0.343712879020063
"solcap_snp_c2_55279",0.333955171542869,0.334253319175387
"solcap_snp_c2_55280",0.538760097526737,0.539922284004291
"solcap_snp_c2_55281",0.881595131478817,0.880444282870298
"solcap_snp_c2_55283",0.747796454565926,0.747974745255718
"solcap_snp_c2_55285",0.786009288228434,0.785967264064241
"solcap_snp_c2_55342",0.630955548160793,0.6309491345003
"solcap_snp_c2_55452",0.0677599410300589,0.0675251086075639
"solcap_snp_c2_55460",0.195805581959865,0.195610882213955
"solcap_snp_c2_55461",0.965078719047599,0.964561813325264
"solcap_snp_c2_55463",0.744976900111709,0.744824288376832
"solcap_snp_c2_55464",0.922467344097456,0.922052820468052
"solcap_snp_c2_55483",0.209755938613576,0.209344258959029
"solcap_snp_c2_55484",0.723614891531259,0.723969239496728
"solcap_snp_c2_555",0.441329155055697,0.44079848903153
"solcap_snp_c2_55535",0.104287658648908,0.103773079058129
"solcap_snp_c2_55536",0.534553968130158,0.534375414729247
"solcap_snp_c2_55552",0.767230911810356,0.767821643650882
"solcap_snp_c2_55554",0.0643112262220594,0.0642559232524894
"solcap_snp_c2_55596",0.530238376545441,0.53058885401311
"solcap_snp_c2_556",0.408763349863601,0.408036596436049
"solcap_snp_c2_55646",0.194022894764481,0.193567360956989
"solcap_snp_c2_55656",0.87487115663624,0.874925299263041
"solcap_snp_c2_55660",0.0740999262801776,0.0739791537346101
"solcap_snp_c2_55661",0.608679272889697,0.609495473032294
"solcap_snp_c2_55664",0.304440436562147,0.304325390820455
"solcap_snp_c2_55675",0.87284219321243,0.873588648727437
"solcap_snp_c2_55677",0.787230031694361,0.786968459482552
"solcap_snp_c2_55684",0.624472887523185,0.625309638142417
"solcap_snp_c2_55707",0.700244729600137,0.699787031602529
"solcap_snp_c2_55708",0.786029081371112,0.785688990045089
"solcap_snp_c2_55711",0.119156496692852,0.118665700736728
"solcap_snp_c2_55729",0.855802481828088,0.855697332253066
"solcap_snp_c2_55737",0.162893376116413,0.162534166106336
"solcap_snp_c2_5574",0.424085616106625,0.423865424818957
"solcap_snp_c2_55747",0.966019192129846,0.965311914852275
"solcap_snp_c2_55772",0.089903740897863,0.0894176132571978
"solcap_snp_c2_55774",0.888235644017168,0.887743582194615
"solcap_snp_c2_55775",0.63876273120018,0.638673627423891
"solcap_snp_c2_55777",0.651408466055211,0.650972322786495
"solcap_snp_c2_55780",0.19524589975372,0.194880846205204
"solcap_snp_c2_55781",0.0527673879515299,0.0523566393508796
"solcap_snp_c2_55783",0.553271836902942,0.553224185558028
"solcap_snp_c2_55785",0.311490813463341,0.311494211246885
"solcap_snp_c2_55786",0.287892760448384,0.287522420962782
"solcap_snp_c2_55789",0.0913758761124178,0.0911024102966368
"solcap_snp_c2_55791",0.891775256794158,0.891691166535818
"solcap_snp_c2_55795",0.0193905998819286,0.0191309182841757
"solcap_snp_c2_55796",0.350371893703974,0.349973095396451
"solcap_snp_c2_55827",0.838971708961881,0.838980877061035
"solcap_snp_c2_55830",0.83542415684497,0.835421141888198
"solcap_snp_c2_55832",0.852207493394724,0.852239282203068
"solcap_snp_c2_55834",0.380987537033403,0.380293790735177
"solcap_snp_c2_55835",0.8317906503543,0.831785684401604
"solcap_snp_c2_55837",0.752460216773536,0.753017496203064
"solcap_snp_c2_55849",0.168751845556405,0.168623037223393
"solcap_snp_c2_55854",0.235472449711922,0.235090476401403
"solcap_snp_c2_55882",0.897491063094785,0.897753761146798
"solcap_snp_c2_55885",0.577109507673948,0.577096200040861
"solcap_snp_c2_55903",0.212725440189395,0.212208767717571
"solcap_snp_c2_55906",0.603945256043633,0.603137816167564
"solcap_snp_c2_5594",0.669073000172524,0.669725737920947
"solcap_snp_c2_55949",0.848908860137567,0.849611253667932
"solcap_snp_c2_55957",0.49648737265875,0.49585635968243
"solcap_snp_c2_55959",0.24827655148678,0.247315462524641
"solcap_snp_c2_55963",0.347897161446795,0.347208542655827
"solcap_snp_c2_55969",0.852813847227306,0.853017230778964
"solcap_snp_c2_55972",0.198216761324804,0.197718646894145
"solcap_snp_c2_55985",0.238621942238668,0.2387132651128
"solcap_snp_c2_55986",0.327499417976502,0.327708748318362
"solcap_snp_c2_56",0.510120659339728,0.509517127759255
"solcap_snp_c2_56059",0.607873023421624,0.606685610958626
"solcap_snp_c2_56074",0.4483555020933,0.448053437688439
"solcap_snp_c2_56094",0.752768821560428,0.752809337116846
"solcap_snp_c2_56114",0.804853664042415,0.804825133096087
"solcap_snp_c2_56132",0.018444491725757,0.0182405184953154
"solcap_snp_c2_56145",0.231197956140408,0.230863578169367
"solcap_snp_c2_56163",0.84318568512178,0.842002202994619
"solcap_snp_c2_56168",0.494506238335651,0.493627428954806
"solcap_snp_c2_56183",0.0966583318532915,0.0964360689308019
"solcap_snp_c2_562",0.71961309085955,0.719392885671496
"solcap_snp_c2_56223",0.880883087459657,0.880381187167484
"solcap_snp_c2_56227",0.145725960176193,0.145527363445324
"solcap_snp_c2_56247",0.536518479373731,0.535327587075851
"solcap_snp_c2_56248",0.37064544254443,0.370246722868135
"solcap_snp_c2_56250",0.277592537378342,0.278002644466742
"solcap_snp_c2_56253",0.557544516058827,0.558033612933369
"solcap_snp_c2_56254",0.746057841234144,0.746575223552907
"solcap_snp_c2_56255",0.692397377768798,0.692872464867333
"solcap_snp_c2_56258",0.453039337691255,0.453404371490159
"solcap_snp_c2_56259",0.862017445170454,0.863263683109273
"solcap_snp_c2_56267",0.811495770583076,0.811228723395917
"solcap_snp_c2_56304",0.980041387083476,0.980774916182984
"solcap_snp_c2_56307",0.632440028871511,0.632171016753303
"solcap_snp_c2_56322",0.624850476628401,0.625035877997368
"solcap_snp_c2_56356",0.477838848898036,0.478228383474323
"solcap_snp_c2_56359",0.82914449101113,0.82958994985982
"solcap_snp_c2_56386",0.631425993968966,0.631566914149777
"solcap_snp_c2_56416",0.715963068012713,0.714867117790463
"solcap_snp_c2_56418",0.271365463065501,0.271031076065422
"solcap_snp_c2_56433",0.544728792712904,0.544099166059425
"solcap_snp_c2_56464",0.926767210461638,0.926766295680025
"solcap_snp_c2_56514",0.848162194003634,0.848091256139358
"solcap_snp_c2_5652",0.374415040164656,0.374222881968597
"solcap_snp_c2_56547",0.610108287600535,0.608886107411051
"solcap_snp_c2_56548",0.819584166042085,0.819824135632809
"solcap_snp_c2_56553",0.831169486812807,0.831869744132269
"solcap_snp_c2_56561",0.229125652094024,0.22891008640233
"solcap_snp_c2_56590",0.831858696636107,0.83252828911602
"solcap_snp_c2_56594",0.31492915125411,0.314495602370679
"solcap_snp_c2_56602",0.779930111827306,0.780065225784674
"solcap_snp_c2_56612",0.433873639011713,0.433913047943122
"solcap_snp_c2_56617",0.887851855260127,0.88756712203538
"solcap_snp_c2_56623",0.132454057907428,0.132338112215768
"solcap_snp_c2_56627",0.552006078846631,0.552332440658245
"solcap_snp_c2_56629",0.525224566709506,0.525495359551537
"solcap_snp_c2_56630",0.156839117643463,0.156331523033417
"solcap_snp_c2_56631",0.789574163121558,0.789549976843325
"solcap_snp_c2_56632",0.930693979166028,0.930646412585366
"solcap_snp_c2_56633",0.886488257029764,0.886952920049174
"solcap_snp_c2_56635",0.285826323794796,0.285574303637481
"solcap_snp_c2_56659",0.917610526821856,0.916955355363611
"solcap_snp_c2_56660",0.24597217776903,0.246188166002655
"solcap_snp_c2_56677",0.1508851585125,0.150583153427815
"solcap_snp_c2_56692",0.722886470364705,0.722316685998377
"solcap_snp_c2_56715",0.220863077797019,0.220610801002528
"solcap_snp_c2_56752",0.151717554682185,0.151388094283777
"solcap_snp_c2_56757",0.0804852081878267,0.080209957065322
"solcap_snp_c2_56791",0.16127431307549,0.160751116256374
"solcap_snp_c2_56793",0.488099536605064,0.487629884259554
"solcap_snp_c2_56794",0.549461178123567,0.548560180076062
"solcap_snp_c2_56809",0.242955278320959,0.242661095462632
"solcap_snp_c2_56812",0.324693288282851,0.324226348100592
"solcap_snp_c2_56824",0.194228840222883,0.193970896105177
"solcap_snp_c2_5684",0.0632448112316901,0.0629393065104427
"solcap_snp_c2_56842",0.143873292206507,0.14360379911764
"solcap_snp_c2_56849",0.670578996058655,0.670315838395044
"solcap_snp_c2_56860",0.762561175717656,0.763087721768155
"solcap_snp_c2_56862",0.226629964476538,0.226141361285182
"solcap_snp_c2_569",0.858234862940416,0.858120438102765
"solcap_snp_c2_5691",0.745948832589447,0.745328853746248
"solcap_snp_c2_56971",0.962466676415534,0.963007197630388
"solcap_snp_c2_56974",0.647747205942533,0.646850654838684
"solcap_snp_c2_56977",0.150409938923578,0.150251524403776
"solcap_snp_c2_57",0.565173982715504,0.565278354893179
"solcap_snp_c2_570",0.537283954025411,0.536906824195033
"solcap_snp_c2_57003",0.751840216694113,0.751308699352067
"solcap_snp_c2_57013",0.272318491074536,0.271856197295036
"solcap_snp_c2_57014",0.587757182596112,0.586875253194794
"solcap_snp_c2_57015",0.610068967430404,0.609146215579121
"solcap_snp_c2_57016",0.43121166630111,0.430564713009762
"solcap_snp_c2_57027",0.44339885407807,0.443333451494331
"solcap_snp_c2_57028",0.334392365654444,0.335115799452856
"solcap_snp_c2_57054",0.523995263801328,0.52375192495009
"solcap_snp_c2_57055",0.255189477546939,0.254938753725627
"solcap_snp_c2_57090",0.755300297235045,0.755735753708055
"solcap_snp_c2_57093",0.1309063626699,0.130667251557929
"solcap_snp_c2_5710",0.260053771590262,0.259533463541174
"solcap_snp_c2_57106",0.820911809078887,0.821585478828482
"solcap_snp_c2_57107",0.300417372230044,0.3002508550702
"solcap_snp_c2_57149",0.871968126447869,0.872773820511812
"solcap_snp_c2_57161",0.382277748265725,0.381720325080956
"solcap_snp_c2_57169",0.889230927641351,0.888665702959121
"solcap_snp_c2_57172",0.42591827628622,0.425573793148283
"solcap_snp_c2_57176",0.353039833096245,0.352376659707054
"solcap_snp_c2_57185",0.103590354895708,0.103134666120569
"solcap_snp_c2_57189",0.600414532347191,0.59956383103061
"solcap_snp_c2_57190",0.795837479639095,0.795755756923795
"solcap_snp_c2_57226",0.828987430100012,0.82875610459766
"solcap_snp_c2_57230",0.541634107645605,0.541443835492738
"solcap_snp_c2_57241",0.126192798717118,0.125559316149774
"solcap_snp_c2_57243",0.0856862540425904,0.0850650412444064
"solcap_snp_c2_57260",0.0865331175658262,0.0861328882050811
"solcap_snp_c2_57263",0.102357572106232,0.10196297909225
"solcap_snp_c2_57265",0.992573590724893,0.993489041151375
"solcap_snp_c2_57273",0.961328130762329,0.960915386303433
"solcap_snp_c2_57274",0.713901403308547,0.713625047340684
"solcap_snp_c2_57282",0.570960819193303,0.571358725057366
"solcap_snp_c2_57284",0.200395646653003,0.200458112319057
"solcap_snp_c2_57290",0.58018354996372,0.579581297813779
"solcap_snp_c2_57291",0.798664312596119,0.798354351156111
"solcap_snp_c2_57296",0.151552840842772,0.15175559040572
"solcap_snp_c2_573",0.449892602699909,0.449457277569388
"solcap_snp_c2_5730",0.434529770106155,0.434008084329692
"solcap_snp_c2_57302",0.590170018855439,0.589958569769867
"solcap_snp_c2_57305",0.284636547826226,0.284972328376034
"solcap_snp_c2_57324",0.415607655339829,0.415598516668385
"solcap_snp_c2_57338",0.437525627494372,0.437826794161228
"solcap_snp_c2_57344",0.354535004380455,0.354288371973624
"solcap_snp_c2_57349",0.759526771533318,0.758861096220147
"solcap_snp_c2_5736",0.894987227188851,0.894685169383208
"solcap_snp_c2_57373",0.195307037336035,0.194721004332115
"solcap_snp_c2_57378",0.451782994084577,0.451871212677512
"solcap_snp_c2_57399",0.453731839860438,0.454001898111955
"solcap_snp_c2_57408",0.0438710282472298,0.0435494182441231
"solcap_snp_c2_57409",0.0926716257845316,0.0922121718547727
"solcap_snp_c2_57412",0.22107997960694,0.220668256347573
"solcap_snp_c2_5742",0.170897379671097,0.17078735661095
"solcap_snp_c2_57429",0.377427198939858,0.376996930564466
"solcap_snp_c2_57453",0.556960833888582,0.556011015597032
"solcap_snp_c2_57478",0.762463447660328,0.761637970974747
"solcap_snp_c2_57480",0.479666590304642,0.479550603674754
"solcap_snp_c2_57485",0.354869765804372,0.354888289394218
"solcap_snp_c2_57487",0.657222287111777,0.657571686589811
"solcap_snp_c2_57525",0.908309106987718,0.908512764000227
"solcap_snp_c2_57538",0.762919395687664,0.762979150198816
"solcap_snp_c2_5758",0.887829245468978,0.887609381415004
"solcap_snp_c2_57588",0.35136119502505,0.351248976536559
"solcap_snp_c2_57589",0.572076057608213,0.572268673103435
"solcap_snp_c2_57590",0.810534408304368,0.809876230314852
"solcap_snp_c2_57591",0.827764475775566,0.828159488184442
"solcap_snp_c2_57617",0.747142844179061,0.747468238626742
"solcap_snp_c2_57635",0.350708395123762,0.350124771930465
"solcap_snp_c2_57655",0.08517331172717,0.0847154671318417
"solcap_snp_c2_57676",0.914828694191026,0.915034879663501
"solcap_snp_c2_57686",0.631793062774176,0.632203429373918
"solcap_snp_c2_57687",0.501669050911408,0.501279456542399
"solcap_snp_c2_5769",0.89796092680957,0.8983750512524
"solcap_snp_c2_57690",0.76109129843211,0.761103667475411
"solcap_snp_c2_57692",0.427302855378336,0.426913390727639
"solcap_snp_c2_5771",0.766390975525841,0.766852363726087
"solcap_snp_c2_5772",0.689786725540062,0.690389011368684
"solcap_snp_c2_5775",0.731322728816387,0.731812015133785
"solcap_snp_c2_57750",0.533780110913816,0.534014149774849
"solcap_snp_c2_57767",0.764253108760107,0.764660582843815
"solcap_snp_c2_578",0.682744836282193,0.681825591979456
"solcap_snp_c2_57825",0.576591867837035,0.57643013432519
"solcap_snp_c2_57849",0.349732821058854,0.350221073725259
"solcap_snp_c2_57850",0.305040421947263,0.305240557106825
"solcap_snp_c2_57860",0.623456890660438,0.624089109221762
"solcap_snp_c2_57864",0.986115460973783,0.986672659506911
"solcap_snp_c2_57872",0.912663869604045,0.911759990742672
"solcap_snp_c2_57892",0.786667811185139,0.787399149603033
"solcap_snp_c2_57898",0.624435925254441,0.624913047195674
"solcap_snp_c2_57899",0.673180140585931,0.672987641046753
"solcap_snp_c2_5791",0.689656521072,0.689823812518565
"solcap_snp_c2_57917",0.225265240001068,0.225203666704595
"solcap_snp_c2_5793",0.391903029171174,0.391568205181291
"solcap_snp_c2_57991",0.125407218507878,0.125265875747337
"solcap_snp_c2_58004",0.940331545339444,0.941511416243514
"solcap_snp_c2_5812",0.917648003604616,0.9170531226632
"solcap_snp_c2_5814",0.92376943891783,0.923404427134297
"solcap_snp_c2_5821",0.385884757630007,0.38556556048983
"solcap_snp_c2_58213",0.586435699557625,0.586832790303495
"solcap_snp_c2_58234",0.405834306659948,0.406553982000007
"solcap_snp_c2_58236",0.677389800451764,0.67839781590086
"solcap_snp_c2_58247",0.241728476281218,0.241632003770959
"solcap_snp_c2_58248",0.634488907406424,0.634308307266304
"solcap_snp_c2_58249",0.720208445344371,0.720024572911076
"solcap_snp_c2_58288",0.598410366690394,0.598608505231817
"solcap_snp_c2_58296",0.56776676618365,0.568032331221581
"solcap_snp_c2_5836",0.509384550569382,0.510014088870935
"solcap_snp_c2_58361",0.777948649677853,0.777134166589571
"solcap_snp_c2_58366",0.698399932235047,0.697517878717115
"solcap_snp_c2_58394",0.524888653366153,0.525132340673663
"solcap_snp_c2_5850",0.618209002381005,0.618507436979954
"solcap_snp_c2_5852",0.298903792935383,0.298483630593074
"solcap_snp_c2_5856",0.247906419964161,0.247859073537769
"solcap_snp_c2_5864",0.236015536049534,0.235822801161369
"solcap_snp_c2_5869",0.979229405376708,0.979078102153137
"solcap_snp_c2_587",0.668275352188127,0.669397995157017
"solcap_snp_c2_589",0.885983879825066,0.886780353820867
"solcap_snp_c2_5900",0.405701006369209,0.405240696797579
"solcap_snp_c2_5907",0.651856244985096,0.65186209254218
"solcap_snp_c2_5909",0.905142699933225,0.904968166733725
"solcap_snp_c2_5913",0.903988546854323,0.904983351611296
"solcap_snp_c2_5914",0.30634909817503,0.306738681660696
"solcap_snp_c2_5915",0.233342133540821,0.233239572784732
"solcap_snp_c2_5919",0.739684531337085,0.739457535640814
"solcap_snp_c2_5934",0.387244516652147,0.386982129480636
"solcap_snp_c2_5952",0.658368173476709,0.659074164572596
"solcap_snp_c2_5964",0.26779597315222,0.267945646122157
"solcap_snp_c2_597",0.680330805125678,0.681487882132453
"solcap_snp_c2_5974",0.621494351074843,0.621046964100612
"solcap_snp_c2_5978",0.672580977759293,0.67260665099963
"solcap_snp_c2_598",0.274643405168968,0.274128666713733
"solcap_snp_c2_599",0.778871824804671,0.778330753972638
"solcap_snp_c2_5991",0.921787011682978,0.922349364778108
"solcap_snp_c2_601",0.543858146306636,0.543410219440678
"solcap_snp_c2_6019",0.461962801042286,0.46181561851021
"solcap_snp_c2_603",0.836785607160237,0.836142042097449
"solcap_snp_c2_6035",0.187139149435353,0.186961819712745
"solcap_snp_c2_606",0.645007597805873,0.644530082155408
"solcap_snp_c2_6066",0.433321552809313,0.43369561746181
"solcap_snp_c2_608",0.847787036440146,0.847144365441993
"solcap_snp_c2_6082",0.481987557302813,0.482613187428207
"solcap_snp_c2_609",0.737288734137176,0.737156944131855
"solcap_snp_c2_610",0.790062786436375,0.789993702180912
"solcap_snp_c2_6108",0.218678340099865,0.218334619370803
"solcap_snp_c2_6121",0.795982481970022,0.795669580182385
"solcap_snp_c2_6145",0.154840905443295,0.155042289948522
"solcap_snp_c2_6148",0.076274827193995,0.0759375972837843
"solcap_snp_c2_616",0.893301358280411,0.893388563148523
"solcap_snp_c2_6165",0.713493025196981,0.713537048050823
"solcap_snp_c2_6167",0.592162634954212,0.592398292332305
"solcap_snp_c2_6185",0.574093980134213,0.57512381468914
"solcap_snp_c2_6213",0.605184602039823,0.605639540910995
"solcap_snp_c2_622",0.0785422171845332,0.0783907804062179
"solcap_snp_c2_6226",0.293209672323232,0.293510082747997
"solcap_snp_c2_6232",0.159248591639762,0.159395043502418
"solcap_snp_c2_6235",0.211683264667585,0.211268334598955
"solcap_snp_c2_624",0.667500005736257,0.667367317561614
"solcap_snp_c2_625",0.616241903409594,0.616310618377155
"solcap_snp_c2_6256",0.100050939036907,0.0996999380767107
"solcap_snp_c2_626",0.939236219122629,0.939173394812594
"solcap_snp_c2_6287",0.207978493990184,0.207542391788785
"solcap_snp_c2_6293",0.198586772901518,0.198199098509699
"solcap_snp_c2_6301",0.204348037701739,0.203932621394848
"solcap_snp_c2_6309",0.233968700107986,0.233432673437216
"solcap_snp_c2_6319",0.676597720236723,0.676822233744584
"solcap_snp_c2_6325",0.304102949481725,0.304036804184331
"solcap_snp_c2_6333",0.116131430557338,0.115732996371792
"solcap_snp_c2_634",0.56584602329432,0.565762995951426
"solcap_snp_c2_636",0.214665010284223,0.214818084154558
"solcap_snp_c2_6371",0.240571898374034,0.240321046886941
"solcap_snp_c2_6390",0.909109550965416,0.908426523545729
"solcap_snp_c2_6391",0.395195652333582,0.395210633923589
"solcap_snp_c2_6395",0.79038933438766,0.789926208031302
"solcap_snp_c2_6396",0.394590711505497,0.394524676805923
"solcap_snp_c2_6399",0.829703564421294,0.829217840759424
"solcap_snp_c2_6402",0.583578459781129,0.583185737881026
"solcap_snp_c2_6418",0.143303997154538,0.143422268817741
"solcap_snp_c2_644",0.447723096623065,0.447671963728914
"solcap_snp_c2_6442",0.449037138947086,0.449789004089406
"solcap_snp_c2_6445",0.738337523388166,0.738093778441157
"solcap_snp_c2_646",0.834140761015342,0.834062487080598
"solcap_snp_c2_6478",0.309864215774834,0.308843109978483
"solcap_snp_c2_648",0.316893884200108,0.316804971416515
"solcap_snp_c2_6487",0.26298013917445,0.262111646497076
"solcap_snp_c2_649",0.856419664835832,0.856421673836979
"solcap_snp_c2_6490",0.294912509822709,0.295208832920844
"solcap_snp_c2_650",0.253257391288296,0.253226418700522
"solcap_snp_c2_6507",0.437572455704222,0.437016138131544
"solcap_snp_c2_655",0.615951074783757,0.616188081989568
"solcap_snp_c2_656",0.61288061325924,0.613055315267669
"solcap_snp_c2_657",0.597714859460993,0.597627216758021
"solcap_snp_c2_6574",0.281592541683815,0.281626441184567
"solcap_snp_c2_6582",0.182713718635991,0.182309482122574
"solcap_snp_c2_6583",0.701572727823865,0.70023593667666
"solcap_snp_c2_6584",0.179886738759308,0.17951136488211
"solcap_snp_c2_659",0.252250197023202,0.252138220262489
"solcap_snp_c2_6606",0.393904888838564,0.392996931910767
"solcap_snp_c2_6607",0.0463365712878324,0.0459893052180357
"solcap_snp_c2_6608",0.114049655245783,0.113668408221107
"solcap_snp_c2_661",0.663614460040314,0.663963123241767
"solcap_snp_c2_6616",0.895410410733476,0.894480937474281
"solcap_snp_c2_6617",0.937457100850799,0.937494662551728
"solcap_snp_c2_6618",0.911260074261423,0.911297650435239
"solcap_snp_c2_6620",0.895564321964865,0.895625542887645
"solcap_snp_c2_6621",0.607517990524453,0.607762588213681
"solcap_snp_c2_664",0.70151040705969,0.701321740289906
"solcap_snp_c2_6674",0.400564728674397,0.400013787042427
"solcap_snp_c2_6680",0.621797604869396,0.622595918756075
"solcap_snp_c2_6683",0.243150189198638,0.242829798421465
"solcap_snp_c2_674",0.349609113469493,0.349472525546269
"solcap_snp_c2_6759",0.350110449906139,0.349816327534692
"solcap_snp_c2_676",0.371272275424842,0.371291662726029
"solcap_snp_c2_6760",0.192873319427514,0.19260863479778
"solcap_snp_c2_6767",0.606010570354465,0.605864976303005
"solcap_snp_c2_6768",0.458041306237966,0.457982550680394
"solcap_snp_c2_6769",0.51254743623886,0.51196799779763
"solcap_snp_c2_6779",0.270673897446216,0.270378711937144
"solcap_snp_c2_678",0.701177655652129,0.701127706161911
"solcap_snp_c2_68",0.874987489743752,0.875534274753087
"solcap_snp_c2_680",0.209773915071289,0.209380044028029
"solcap_snp_c2_681",0.241092290878334,0.240667640294184
"solcap_snp_c2_685",0.769961638637896,0.770690284141729
"solcap_snp_c2_686",0.746042772298167,0.746163689578949
"solcap_snp_c2_687",0.223075897968217,0.22282333723483
"solcap_snp_c2_689",0.788001180674126,0.78876994351481
"solcap_snp_c2_6906",0.735867718761407,0.735166996823065
"solcap_snp_c2_694",0.603459360899005,0.60233528564431
"solcap_snp_c2_6984",0.855036278315889,0.855299992689264
"solcap_snp_c2_699",0.481927518153321,0.481725800951264
"solcap_snp_c2_6990",0.813404915811501,0.812931909435399
"solcap_snp_c2_6995",0.325801879506739,0.326197896458714
"solcap_snp_c2_6997",0.867280401970621,0.868103704137556
"solcap_snp_c2_6998",0.0482418016280737,0.0479224367414977
"solcap_snp_c2_700",0.346074662515956,0.34552784088391
"solcap_snp_c2_7002",0.330609174523671,0.331068013800695
"solcap_snp_c2_701",0.445011261703069,0.445036238115627
"solcap_snp_c2_7012",0.372460269812958,0.372880084088681
"solcap_snp_c2_7028",0.178994144833739,0.178796875561998
"solcap_snp_c2_7048",0.84750954142041,0.847621676310129
"solcap_snp_c2_7053",0.985807014074402,0.985621338334224
"solcap_snp_c2_7059",0.579725318934144,0.579600165882685
"solcap_snp_c2_7068",0.0290612306107916,0.0287797155522071
"solcap_snp_c2_7094",0.669602765319059,0.670114508626008
"solcap_snp_c2_711",0.276415997716899,0.276632086489076
"solcap_snp_c2_7187",0.910000923050315,0.909562387066559
"solcap_snp_c2_7193",0.362733714185926,0.362522670014808
"solcap_snp_c2_7195",0.307316166044765,0.307902316519868
"solcap_snp_c2_7208",0.467864232275454,0.467723731718248
"solcap_snp_c2_721",0.760269011675949,0.760827951290406
"solcap_snp_c2_7233",0.708972578118553,0.708960643064224
"solcap_snp_c2_7241",0.791253658912549,0.791409177444657
"solcap_snp_c2_7242",0.726353536147161,0.726219080258072
"solcap_snp_c2_7245",0.256305159112637,0.256514335887982
"solcap_snp_c2_7264",0.810535094434709,0.810429504909609
"solcap_snp_c2_7267",0.385684036734703,0.385938745123924
"solcap_snp_c2_7269",0.55684676334085,0.557253370005526
"solcap_snp_c2_7279",0.645033886491527,0.645396138813962
"solcap_snp_c2_7290",0.770887846199686,0.770752548797761
"solcap_snp_c2_7306",0.513965409169689,0.514076278371501
"solcap_snp_c2_7310",0.892808405333386,0.892349287815221
"solcap_snp_c2_7331",0.261017313262027,0.260780311842198
"solcap_snp_c2_734",0.0264294095095155,0.0262349043401732
"solcap_snp_c2_735",0.668574042440097,0.668315832674939
"solcap_snp_c2_7353",0.050687295814973,0.0504829288888525
"solcap_snp_c2_7356",0.914983907916486,0.914725881307383
"solcap_snp_c2_7358",0.46299904423185,0.462755226443068
"solcap_snp_c2_737",0.493329986029775,0.49323426864488
"solcap_snp_c2_7390",0.876007444601128,0.875984925808344
"solcap_snp_c2_7401",0.431456139491377,0.430808086317303
"solcap_snp_c2_7422",0.787319282101397,0.786088737157869
"solcap_snp_c2_7423",0.99463612723022,0.995101214293475
"solcap_snp_c2_7425",0.647236089402781,0.647905255366131
"solcap_snp_c2_7426",0.865185977665774,0.866289803995977
"solcap_snp_c2_7447",0.841685235599674,0.841758818968107
"solcap_snp_c2_7457",0.976919154563821,0.97808584621727
"solcap_snp_c2_7501",0.823007801909882,0.8222709622767
"solcap_snp_c2_7529",0.74036989105936,0.74070242982477
"solcap_snp_c2_7538",0.97808589448691,0.978349450106474
"solcap_snp_c2_7555",0.331034856395492,0.330493842787008
"solcap_snp_c2_7556",0.903385773773099,0.903397599796918
"solcap_snp_c2_7557",0.754693567892945,0.754874811243405
"solcap_snp_c2_7558",0.939227372134146,0.937905729137086
"solcap_snp_c2_7560",0.488983914090818,0.488985697257478
"solcap_snp_c2_7565",0.393204158883692,0.393064166966824
"solcap_snp_c2_758",0.393022181144887,0.392795749265966
"solcap_snp_c2_7610",0.388831316628932,0.388059765138301
"solcap_snp_c2_7631",0.989401586780086,0.990054774070702
"solcap_snp_c2_7632",0.669649231649446,0.66983736629726
"solcap_snp_c2_7697",0.643907613813936,0.643913668994893
"solcap_snp_c2_7700",0.532851887577099,0.532807247267845
"solcap_snp_c2_7712",0.691710831413715,0.692323356119443
"solcap_snp_c2_7716",0.924196269086816,0.924125297377896
"solcap_snp_c2_7718",0.556805568814222,0.556391511068247
"solcap_snp_c2_772",0.045663685881005,0.045376662136619
"solcap_snp_c2_773",0.0290738294032433,0.0287547926599639
"solcap_snp_c2_7741",0.34420411279298,0.343930699755963
"solcap_snp_c2_7742",0.294405689400647,0.294183865749628
"solcap_snp_c2_7747",0.844534642669177,0.843981381277949
"solcap_snp_c2_775",0.82707974613798,0.827794769837714
"solcap_snp_c2_7751",0.710678690276431,0.710880311144541
"solcap_snp_c2_7769",0.314103903753796,0.313974874320077
"solcap_snp_c2_7770",0.399954277662559,0.400238860158696
"solcap_snp_c2_778",0.0328484552538633,0.0326525805942007
"solcap_snp_c2_7782",0.895926588805042,0.895758271589258
"solcap_snp_c2_7785",0.928944319416575,0.929905498060477
"solcap_snp_c2_779",0.418655727032651,0.418554304811813
"solcap_snp_c2_7791",0.351819321272089,0.351296646025462
"solcap_snp_c2_780",0.694992067555834,0.695797276332523
"solcap_snp_c2_7839",0.987372540895316,0.986493985941612
"solcap_snp_c2_7902",0.0398047868098104,0.0393537717514839
"solcap_snp_c2_7919",0.0551215158629687,0.0547658822631173
"solcap_snp_c2_7985",0.595158409986089,0.59474132959529
"solcap_snp_c2_799",0.514871148366471,0.514079468471141
"solcap_snp_c2_803",0.513637781066741,0.514268250628723
"solcap_snp_c2_8037",0.154299717771266,0.153531228709656
"solcap_snp_c2_804",0.211370327201434,0.211293190114083
"solcap_snp_c2_805",0.40378414274511,0.403945277069125
"solcap_snp_c2_815",0.657259146220701,0.65793614561124
"solcap_snp_c2_816",0.149397392334127,0.14921904965174
"solcap_snp_c2_8167",0.571754065334091,0.571884682431249
"solcap_snp_c2_8169",0.130645042534832,0.130376746616012
"solcap_snp_c2_8172",0.633619111404614,0.633579364912591
"solcap_snp_c2_8183",0.235407322860375,0.235283071515716
"solcap_snp_c2_8185",0.555227260019522,0.555858374643417
"solcap_snp_c2_819",0.0247869046116884,0.0245456640822956
"solcap_snp_c2_8193",0.70693696644195,0.70696536289038
"solcap_snp_c2_8195",0.571797654100084,0.572272024235644
"solcap_snp_c2_8240",0.650492541419189,0.650982060759901
"solcap_snp_c2_8256",0.667757134164695,0.667211858008981
"solcap_snp_c2_826",0.884953817368641,0.88467037078202
"solcap_snp_c2_8270",0.163966516497373,0.163548202987203
"solcap_snp_c2_8278",0.294842518343847,0.294587806937205
"solcap_snp_c2_8295",0.901091136794431,0.901583539742628
"solcap_snp_c2_8302",0.361160320192433,0.360886623006485
"solcap_snp_c2_8332",0.942860582240135,0.943629966223719
"solcap_snp_c2_8426",0.0770367444999532,0.0766647137499222
"solcap_snp_c2_8427",0.733010074524532,0.73206135886245
"solcap_snp_c2_8428",0.0545529442842325,0.0542562337825568
"solcap_snp_c2_8430",0.656964044716411,0.657238933213549
"solcap_snp_c2_8460",0.615915247820839,0.616683631625056
"solcap_snp_c2_8473",0.0722702436387601,0.0719083087928465
"solcap_snp_c2_8507",0.461455123289278,0.461312187954736
"solcap_snp_c2_8508",0.29124609334904,0.290998871108608
"solcap_snp_c2_8509",0.210077753832131,0.21033134224744
"solcap_snp_c2_8515",0.328891306579274,0.328267129379888
"solcap_snp_c2_852",0.908685728057232,0.909122660392476
"solcap_snp_c2_8522",0.776722680744334,0.776946633997296
"solcap_snp_c2_8582",0.636115345206256,0.635591999769938
"solcap_snp_c2_8659",0.854821696148112,0.855212186000197
"solcap_snp_c2_8662",0.730945510323455,0.731235496754944
"solcap_snp_c2_8663",0.989346460708128,0.989390473608747
"solcap_snp_c2_8664",0.781358970793006,0.781684463510044
"solcap_snp_c2_873",0.482801809803391,0.483372009144389
"solcap_snp_c2_874",0.677685444199453,0.678198685237974
"solcap_snp_c2_8740",0.00676277167372225,0.00661508930331928
"solcap_snp_c2_8744",0.911783701983531,0.911667407671251
"solcap_snp_c2_8786",0.596423331578877,0.59653764555603
"solcap_snp_c2_8788",0.365107380865501,0.364789555216661
"solcap_snp_c2_8790",0.86162211256786,0.860801985918925
"solcap_snp_c2_8791",0.730104502851566,0.730339993315982
"solcap_snp_c2_8792",0.993700593381865,0.994325153230216
"solcap_snp_c2_8796",0.452636178244666,0.452416869770351
"solcap_snp_c2_8812",0.569729296430634,0.570410923553899
"solcap_snp_c2_8813",0.509155201269093,0.50846375900704
"solcap_snp_c2_8822",0.851714602154632,0.850984203281457
"solcap_snp_c2_8823",0.534931989831808,0.534478362105672
"solcap_snp_c2_886",0.99193994276058,0.992263084839996
"solcap_snp_c2_8867",0.527020703801966,0.52647794842794
"solcap_snp_c2_8898",0.364902177672708,0.364555466478939
"solcap_snp_c2_8904",0.628671773300085,0.628044086071168
"solcap_snp_c2_8926",0.920375407590443,0.919740400151352
"solcap_snp_c2_8942",0.195028309489527,0.195052559383329
"solcap_snp_c2_8966",0.75471697623958,0.755439120579247
"solcap_snp_c2_8999",0.697174575700824,0.696928541236808
"solcap_snp_c2_9009",0.592242146445163,0.592834982690568
"solcap_snp_c2_9011",0.976679668152348,0.976697824474973
"solcap_snp_c2_9019",0.446895018101612,0.446581526075522
"solcap_snp_c2_9028",0.857639482405547,0.857789902347052
"solcap_snp_c2_9035",0.672566898828891,0.671806747121617
"solcap_snp_c2_9038",0.188332972011199,0.187955154817242
"solcap_snp_c2_9039",0.0674091808619733,0.066979248812027
"solcap_snp_c2_9043",0.826656707096095,0.825992737187025
"solcap_snp_c2_9047",0.692953181481178,0.693011564727182
"solcap_snp_c2_9083",0.421984524433683,0.421157338493499
"solcap_snp_c2_9137",0.252234884821345,0.251736638972495
"solcap_snp_c2_9193",0.0500977725772047,0.0497129235190459
"solcap_snp_c2_9201",0.0472207260406216,0.0468315351719068
"solcap_snp_c2_9202",0.116722632234897,0.116445998937163
"solcap_snp_c2_9203",0.0375496221897959,0.0371793406260611
"solcap_snp_c2_9214",0.599718399939841,0.59933201859719
"solcap_snp_c2_9215",0.656494212239277,0.655954697789431
"solcap_snp_c2_9216",0.556406506518589,0.555977326153075
"solcap_snp_c2_9218",0.695641107960124,0.694861021069416
"solcap_snp_c2_9219",0.163638834578972,0.163816241907291
"solcap_snp_c2_9220",0.484280196438901,0.485023811895236
"solcap_snp_c2_9233",0.420307984757501,0.420683507336234
"solcap_snp_c2_9236",0.301660832422913,0.302241283642462
"solcap_snp_c2_9243",0.891467504277171,0.891135309657583
"solcap_snp_c2_9245",0.181583438568202,0.181546032388318
"solcap_snp_c2_9247",0.869949921645929,0.86928909587519
"solcap_snp_c2_9255",0.694612007402764,0.694478474696037
"solcap_snp_c2_9269",0.334291182954489,0.33392433377196
"solcap_snp_c2_9292",0.0292283736010898,0.0289302131791737
"solcap_snp_c2_93",0.8695941700708,0.869330779330518
"solcap_snp_c2_9308",0.640450068836739,0.641151502964042
"solcap_snp_c2_9354",0.640819813850362,0.641243466126157
"solcap_snp_c2_9355",0.743285460097616,0.743672123384451
"solcap_snp_c2_9357",0.836826804213343,0.836975206668417
"solcap_snp_c2_9358",0.608252489802512,0.607753663513805
"solcap_snp_c2_9361",0.845313007414607,0.845726267965174
"solcap_snp_c2_9362",0.805575860332059,0.805894161677254
"solcap_snp_c2_9378",0.55614387361539,0.556251520420627
"solcap_snp_c2_9380",0.883634516311319,0.884035014015845
"solcap_snp_c2_9381",0.711205005482019,0.711340457068132
"solcap_snp_c2_9385",0.605356402318935,0.60559940553522
"solcap_snp_c2_9416",0.25695330559096,0.257002147784248
"solcap_snp_c2_9418",0.756246961176756,0.756277049863181
"solcap_snp_c2_9423",0.856839590761239,0.856284161363099
"solcap_snp_c2_944",0.914301761907145,0.91431353548684
"solcap_snp_c2_9490",0.610589079604063,0.609990363007612
"solcap_snp_c2_9491",0.411024958288206,0.411278540655021
"solcap_snp_c2_9497",0.86995999511064,0.870111733390795
"solcap_snp_c2_9498",0.873989092288525,0.873978935473409
"solcap_snp_c2_950",0.735601865257066,0.735430314838
"solcap_snp_c2_9530",0.810712990883808,0.811437851362977
"solcap_snp_c2_9531",0.706895609876071,0.706844503480117
"solcap_snp_c2_9537",0.704749178140451,0.704425291374528
"solcap_snp_c2_9553",0.525140765836521,0.52580041282341
"solcap_snp_c2_9557",0.546954332932873,0.547721518869952
"solcap_snp_c2_9560",0.454751657104681,0.455180923186442
"solcap_snp_c2_9563",0.13760623706685,0.137366734335326
"solcap_snp_c2_9565",0.189397238202732,0.188884998029249
"solcap_snp_c2_9569",0.128316231918296,0.12789559393541
"solcap_snp_c2_9571",0.222792749145424,0.222619031193599
"solcap_snp_c2_9578",0.12112850288445,0.120709802683237
"solcap_snp_c2_9582",0.093079564073914,0.0928451768414982
"solcap_snp_c2_9589",0.277976673690145,0.277534093718112
"solcap_snp_c2_9593",0.256908483187329,0.256403443207962
"solcap_snp_c2_9594",0.406316800555944,0.406274491924889
"solcap_snp_c2_9611",0.990254888510728,0.989481626741565
"solcap_snp_c2_9627",0.341392374275577,0.341246305289776
"solcap_snp_c2_9629",0.0866302383948923,0.0862960082844208
"solcap_snp_c2_9724",0.418695189070424,0.418291557210763
"solcap_snp_c2_9726",0.772654222914672,0.77292421893788
"solcap_snp_c2_9742",0.415140081738022,0.414992776512476
"solcap_snp_c2_9762",0.629302809141417,0.629640466998684
"solcap_snp_c2_9767",0.610168220640921,0.610338637802625
"solcap_snp_c2_9791",0.253487324690582,0.253256638736723
"solcap_snp_c2_9808",0.42826034814579,0.427954103074334
"solcap_snp_c2_9812",0.521120527483554,0.520675924940431
"solcap_snp_c2_9815",0.642185485939951,0.642111454627752
"solcap_snp_c2_9830",0.412202815186068,0.412570179556958
"solcap_snp_c2_984",0.362224123628873,0.362573363956764
"solcap_snp_c2_9843",0.175451438502257,0.175209253610399
"solcap_snp_c2_9878",0.692165160697302,0.69204941171909
"solcap_snp_c2_989",0.361457394534877,0.36186695081843
"solcap_snp_c2_9892",0.100057969290968,0.0995525558210276
"solcap_snp_c2_9908",0.948208794920704,0.94841532775326
"solcap_snp_c2_9917",0.719189622825964,0.71870779995921
"solcap_snp_c2_992",0.0839362882427674,0.0837955685368347
"solcap_snp_c2_9921",0.918447890570028,0.918352076213508
"solcap_snp_c2_9922",0.856445400819651,0.856718292593796
"solcap_snp_c2_9925",0.668527431500429,0.668251187137642
"solcap_snp_c2_9957",0.33073094725078,0.330542549289912
"solcap_snp_c2_9970",0.607980229079772,0.60806961196508
"solcap_snp_c2_9976",0.758381926923621,0.758262203767332
"solcap_snp_c2_9988",0.81443285306769,0.814454699343318
