"snp","p_R","n_miss","p_gemma"
"abph1.1",0.910034549409571,0,0.9047603
"abph1.10",0.465825111251574,0,0.4585062
"abph1.15",0.888197746952776,0,0.8920288
"abph1.19",0.706767239877814,0,0.7013125
"abph1.20",0.606062572544298,0,0.5985647
"abph1.3",0.972159564516787,0,0.9702604
"abph1.5",0.757906785218034,0,0.7497516
"abph1.9",0.362595258653049,0,0.3541846
"ae1.1",0.524640427862679,0,0.5272856
"ae1.7",0.85500323702488,0,0.8412269
"ae1.8",0.625471634157422,0,0.6242808
"an1.4",0.239841039549695,0,0.233286
"an1.5",0.00325833222266956,0,0.001775518
"ba1.5",0.536502440561673,0,0.5369771
"ba1.7",0.434968316830823,0,0.4327512
"ba1.8",0.507230115517351,0,0.5071941
"bt2.2",0.754207843330097,0,0.7366833
"bt2.4",0.894791609038299,0,0.8965917
"bt2.7",0.551992304881955,0,0.5507685
"d8.1",0.635566494658873,0,0.6401069
"d8.2",0.233483814860786,0,0.2234489
"d8.3",0.843560695492286,0,0.8427626
"Fea2.1",0.131684121768865,0,0.1253842
"Fea2.2",0.344860360264826,0,0.333246
"Fea2.3",0.178714375969191,0,0.1727727
"Fea2.4",0.733116402139856,0,0.7256503
"Fea2.5",0.407244421147272,0,0.3897193
"Fea2.6",0.710956312528378,0,0.7029058
"id1.2",0.657697789921376,0,0.6508155
"id1.3",0.527780042166624,0,0.5281938
"id1.6",0.805389857654745,0,0.808143
"id1.9",0.354359527506759,0,0.3484407
"lac1.3",0.67465792736702,0,0.669193
"lg2.1",0.291128236329392,0,0.2929867
"lg2.12",0.370430771626567,0,0.3653581
"lg2.2",0.142771282523377,0,0.1409983
"PHM10225.15",0.729126318374684,0,0.7214739
"PHM10321.11",0.424131232328912,0,0.4229285
"PHM10404.8",0.918985781397051,0,0.9201177
"PHM10525.11",0.702202427463817,0,0.709882
"PHM10525.9",0.451134046427387,0,0.4549415
"PHM11114.7",0.283009265732408,0,0.2753634
"PHM1218.6",0.171594236711252,0,0.1678591
"PHM12749.13",0.75994262800621,0,0.7649
"PHM1275.22",0.12934935386352,0,0.1224863
"PHM12830.14",0.837921592305465,0,0.8205073
"PHM12859.7",0.746672809941675,0,0.7351076
"PHM1307.11",0.114446211787359,0,0.1096766
"PHM13122.43",0.227282487984057,0,0.2113533
"PHM13619.5",0.994677005134039,0,0.9965575
"PHM13623.14",0.662107299447516,0,0.6644837
"PHM13673.53",0.119748843550741,0,0.1128031
"PHM13681.12",0.331832322062609,0,0.3171154
"PHM13687.14",0.198920570001707,0,0.1902409
"PHM14046.9",0.217204649520536,0,0.2141693
"PHM14055.6",0.588543099644737,0,0.5892669
"PHM14152.18",0.0644465721421838,0,0.06146032
"PHM14475.7",0.73125528663827,0,0.7019215
"PHM1506.23",0.0755067270182636,0,0.06609699
"PHM1511.14",0.941543967386964,0,0.935431
"PHM15278.6",0.295790380754918,0,0.2923872
"PHM15427.11",0.910330602823496,0,0.9177558
"PHM15449.10",0.992290971385302,0,0.9907031
"PHM15474.5",0.212567021170965,0,0.2086411
"PHM15501.9",0.682195539545961,0,0.6784909
"PHM15868.56",0.448233167029906,0,0.423836
"PHM15871.11",0.20117520035856,0,0.1945702
"PHM15899.9",0.865826815965695,0,0.8667888
"PHM15961.13",0.60441144827663,0,0.6030377
"PHM16125.47",0.308360328909017,0,0.3093268
"PHM16605.19",0.547110302354926,0,0.544421
"PHM1675.29",0.79748083623726,0,0.8033647
"PHM17210.5",0.0454750784513288,0,0.04034337
"PHM18195.6",0.466664788943205,0,0.469212
"PHM18513.156",0.817149549398871,0,0.8191079
"PHM1870.20",0.979362776973422,0,0.9809279
"PHM18705.23",0.139086214855321,0,0.1266708
"PHM1959.26",0.212497348771652,0,0.2112889
"PHM1968.22",0.894831419035433,0,0.9003126
"PHM2100.21",0.410107110339615,0,0.3924238
"PHM2244.142",0.969278670402263,0,0.9642923
"PHM2324.23",0.0295818074171022,0,0.02030471
"PHM2343.25",0.90699235746514,0,0.9070846
"PHM2350.17",0.545153863198338,0,0.5502854
"PHM2423.33",0.919956646228109,0,0.9202393
"PHM2438.28",0.716611153376972,0,0.7164121
"PHM2478.22",0.381046949178151,0,0.3777174
"PHM2672.19",0.755689989091124,0,0.7578068
"PHM2749.10",0.813762355778157,0,0.8112337
"PHM2769.43",0.363673749963826,0,0.3522686
"PHM2828.83",0.469640966047917,0,0.4717832
"PHM2885.31",0.512022552337537,0,0.5109528
"PHM3055.9",0.913831287636145,0,0.9137176
"PHM3330.25",0.411641288813992,0,0.4110311
"PHM3342.31",0.386294091906004,0,0.3807745
"PHM3457.6",0.182153019589466,0,0.1780522
"PHM3465.6",0.252381128346826,0,0.2520498
"PHM3626.3",0.827767254971203,0,0.8263249
"PHM3637.14",0.37066864309589,0,0.3686381
"PHM3668.12",0.627168441841303,0,0.6268333
"PHM3726.129",0.311387902267836,0,0.2937825
"PHM3765.7",0.784177546035415,0,0.7747969
"PHM3922.32",0.639537553720098,0,0.6400832
"PHM3925.79",0.474168497557683,0,0.4567748
"PHM4080.15",0.479882130229805,0,0.481219
"PHM4134.8",0.893492562073074,0,0.8951843
"PHM4165.14",0.726083645622698,0,0.7259932
"PHM4203.11",0.638650734269195,0,0.6406194
"PHM4468.13",0.889467754582288,0,0.8902415
"PHM448.23",0.391114604716992,0,0.3856597
"PHM4531.46",0.432684990136371,0,0.4045831
"PHM4748.16",0.481079216717296,0,0.4811579
"PHM4757.14",0.188775435579073,0,0.1813682
"PHM4786.9",0.552358633781242,0,0.5529804
"PHM4913.18",0.370939888894392,0,0.3678646
"PHM5098.25",0.696919936577084,0,0.6905006
"PHM5181.10",0.133816157818981,0,0.1244286
"PHM5232.9",0.0307762752892575,0,0.02599302
"PHM532.23",0.5730237043006,0,0.5602092
"PHM5324.11",0.974063888118728,0,0.9739045
"PHM537.22",0.557171864247079,0,0.5608469
"PHM5435.25",0.355245096168451,0,0.3498379
"PHM5468.25",0.280403469281783,0,0.2751117
"PHM5480.17",0.730509168565085,0,0.735293
"PHM5502.31",0.0974942183788204,0,0.08900089
"PHM5599.20",0.599304999814872,0,0.5921185
"PHM5665.26",0.569987986751802,0,0.5644367
"PHM5798.39",0.19155982542807,0,0.1837947
"PHM5817.15",0.137128614239973,0,0.1292492
"PHM6043.19",0.318918537513444,0,0.3084428
"PHM7616.35",0.246293557658302,0,0.2447792
"PHM7898.10",0.973503064846464,0,0.972561
"PHM7922.8",0.785176604460276,0,0.7874211
"PHM7953.11",0.720954451158496,0,0.7239328
"PHM816.29",0.408384578511134,0,0.4063479
"PHM890.20",0.426139263092807,0,0.4274094
"PHM8909.12",0.35683559856373,0,0.3471435
"PHM904.21",0.031827574860889,0,0.02804118
"PHM9241.13",0.162282113011103,0,0.1557561
"PHM9374.5",0.505507285026837,0,0.5007146
"PHM9418.11",0.509009872499973,0,0.4812586
"PHM9695.8",0.832645956328597,0,0.8325875
"PHM9807.9",0.644870722851186,0,0.6411195
"PHM9914.11",0.499646346286847,0,0.5031519
"PZA00001.8",0.403206003955046,0,0.3952941
"PZA00003.11",0.793023012723814,0,0.7855965
"PZA00003.5",0.87919806628967,0,0.8761255
"PZA00004.2",0.168157120396072,0,0.1653756
"PZA00005.2",0.524694790636302,0,0.5262392
"PZA00005.5",0.746126647772017,0,0.7479909
"PZA00006.13",0.117368056393064,0,0.1117372
"PZA00006.9",0.575089500764211,0,0.5711731
"PZA00007.1",0.0530307593550604,0,0.04238567
"PZA00007.2",0.0533536570662139,0,0.04336726
"PZA00008.1",0.829494130013054,0,0.8345995
"PZA00010.5",0.201648757514134,0,0.1955161
"PZA00013.8",0.77186487862988,0,0.7756443
"PZA00013.9",0.984422700169389,0,0.9863211
"PZA00015.5",0.616232226572991,0,0.6152636
"PZA00017.1",0.279334314345938,0,0.2702985
"PZA00017.4",0.974286308147093,0,0.9711262
"PZA00018.5",0.485840905936974,0,0.4887788
"PZA00022.2",0.0999966959685758,0,0.09683296
"PZA00029.11",0.678306996722621,0,0.683885
"PZA00029.12",0.664733432325297,0,0.6647944
"PZA00031.5",0.915840036493287,0,0.9128001
"PZA00040.19",0.687359439573191,0,0.6913009
"PZA00041.3",0.372928074436274,0,0.3632621
"PZA00042.2",0.629313527110798,0,0.6183391
"PZA00042.5",0.327762824851405,0,0.3129053
"PZA00043.1",0.737949917062672,0,0.7420891
"PZA00043.7",0.348614029622387,0,0.3432548
"PZA00045.1",0.764944168790984,0,0.7689972
"PZA00045.2",0.796857527879095,0,0.7979749
"PZA00047.2",0.807164310193768,0,0.8031805
"PZA00048.1",0.27891534876075,0,0.2763347
"PZA00048.2",0.123657852846571,0,0.1184188
"PZA00049.12",0.894120050351306,0,0.8964205
"PZA00051.17",0.184479283651688,0,0.1714062
"PZA00051.2",0.0682715360382513,0,0.05605193
"PZA00057.2",0.398479480689269,0,0.3778859
"PZA00058.1",0.800390195166001,0,0.807619
"PZA00058.5",0.341619352731884,0,0.3396898
"PZA00060.2",0.909489338546725,0,0.907528
"PZA00061.1",0.754276328245088,0,0.7539062
"PZA00062.4",0.320405043064641,0,0.3127842
"PZA00063.3",0.8200043035333,0,0.819346
"PZA00067.10",0.8049469992498,0,0.8135185
"PZA00067.8",0.286379002201105,0,0.2779105
"PZA00067.9",0.0882908696100672,0,0.08507854
"PZA00068.1",0.181492794295967,0,0.172984
"PZA00069.2",0.848077842645709,0,0.8441629
"PZA00069.4",0.664283781595031,0,0.6515263
"PZA00070.5",0.0377647735907677,0,0.03463928
"PZA00078.2",0.143326726001811,0,0.1410614
"PZA00078.4",0.307438478036749,0,0.3046606
"PZA00079.1",0.22707123297251,0,0.1952075
"PZA00081.17",0.95148976468025,0,0.9546511
"PZA00081.18",0.0816808386559445,0,0.07842337
"PZA00084.2",0.15800078668977,0,0.155633
"PZA00084.3",0.0910895124335413,0,0.08763614
"PZA00088.3",0.490410601145365,0,0.4925902
"PZA00089.3",0.180472285552146,0,0.1696462
"PZA00090.1",0.585790099997599,0,0.5833333
"PZA00092.1",0.0470368161864387,0,0.04191731
"PZA00092.5",0.34769740254492,0,0.3382634
"PZA00094.2",0.0219078348978374,0,0.01907211
"PZA00096.6",0.201851933816498,0,0.1870962
"PZA00097.13",0.244889188117723,0,0.2156282
"PZA00098.14",0.010659232767604,0,0.009364494
"PZA00099.6",0.171076095104096,0,0.1668631
"PZA00100.2",0.702925005032605,0,0.6967526
"PZA00100.9",0.202028846492278,0,0.1991252
"PZA00102.6",0.20370549517628,0,0.1971957
"PZA00102.8",0.28402111182673,0,0.2764282
"PZA00104.1",0.433676467121455,0,0.4297185
"PZA00106.10",0.661978782108432,0,0.6598386
"PZA00106.9",0.159317317677349,0,0.1450919
"PZA00107.18",0.569753719190149,0,0.5693456
"PZA00107.4",0.618507642203026,0,0.6117596
"PZA00108.12",0.076326901566161,0,0.07198455
"PZA00108.4",0.695060472269939,0,0.690048
"PZA00109.3",0.925129632775254,0,0.9232712
"PZA00111.2",0.220326145080342,0,0.2111189
"PZA00111.4",0.995795645843661,0,0.9958225
"PZA00112.3",0.0697422902704088,0,0.06369595
"PZA00112.4",0.285379683128908,0,0.2842192
"PZA00112.5",0.0279842472008731,0,0.02466074
"PZA00113.1",0.947374725848766,0,0.9478401
"PZA00114.3",0.344078254464414,0,0.3222825
"PZA00116.2",0.126551623257653,0,0.1180761
"PZA00116.3",0.123570526012859,0,0.1166086
"PZA00118.1",0.937269248677396,0,0.9391296
"PZA00118.4",0.766037765461076,0,0.7672672
"PZA00118.5",0.595062733496707,0,0.5819598
"PZA00119.1",0.91818291809279,0,0.924827
"PZA00119.4",0.747999904830451,0,0.7420564
"PZA00120.4",0.104917620077861,0,0.1014787
"PZA00121.1",0.143620746165665,0,0.134176
"PZA00121.10",0.403669433532266,0,0.3948361
"PZA00123.1",0.409623505578493,0,0.4103704
"PZA00124.2",0.254150831065868,0,0.2472766
"PZA00124.3",0.491657131520784,0,0.4839811
"PZA00125.2",0.334023089184357,0,0.3124176
"PZA00125.8",0.366593635688601,0,0.3383173
"PZA00130.7",0.95467834079981,0,0.9586488
"PZA00130.9",0.634991663224119,0,0.6436136
"PZA00131.14",0.652733973540597,0,0.6421206
"PZA00131.15",0.278687024463568,0,0.2305316
"PZA00132.17",0.504795642213757,0,0.5045311
"PZA00132.3",0.435840174986008,0,0.4333642
"PZA00133.1",0.00801532749084106,0,0.005665662
"PZA00133.3",0.196052312928988,0,0.1841973
"PZA00134.12",0.909515042078615,0,0.9134457
"PZA00136.1",0.525335121173446,0,0.5117353
"PZA00136.2",0.612294692487146,0,0.6179602
"PZA00137.2",0.786217773741783,0,0.7768433
"PZA00139.14",0.839891731875722,0,0.8486718
"PZA00139.4",0.0460543790621979,0,0.04340276
"PZA00140.6",0.71207626803143,0,0.7079125
"PZA00140.7",0.75951377232781,0,0.7559257
"PZA00143.5",0.563884981018078,0,0.5642827
"PZA00151.2",0.0518989228949524,0,0.0479196
"PZA00155.1",0.385028073246525,0,0.3659126
"PZA00158.2",0.655141349038895,0,0.6440856
"PZA00163.4",0.781365699918601,0,0.7752381
"PZA00164.1",0.844377956881962,0,0.8409666
"PZA00166.1",0.150048582348732,0,0.1439334
"PZA00166.3",0.960931998710957,0,0.9586735
"PZA00167.7",0.697306128686784,0,0.6939129
"PZA00168.14",0.702231115827597,0,0.7045302
"PZA00170.1",0.065679807169995,0,0.06207767
"PZA00172.11",0.727620141781554,0,0.714136
"PZA00172.12",0.887176188621025,0,0.8871399
"PZA00174.1",0.952441532297269,0,0.9565388
"PZA00174.2",0.994971040017901,0,0.9952115
"PZA00175.2",0.087718746208013,0,0.08539027
"PZA00176.8",0.569347211928424,0,0.5699602
"PZA00177.4",0.35528304025798,0,0.3511965
"PZA00178.3",0.310374215819662,0,0.298462
"PZA00178.4",0.965742526472976,0,0.964426
"PZA00179.9",0.274524111649435,0,0.268617
"PZA00181.2",0.0962260276169211,0,0.09288883
"PZA00181.5",0.812799190668097,0,0.8157144
"PZA00182.3",0.223383172812074,0,0.2215353
"PZA00182.4",0.145030592357595,0,0.1416966
"PZA00184.1",0.795742840073573,0,0.7789219
"PZA00184.4",0.921977336182428,0,0.9189011
"PZA00186.2",0.196948454678322,0,0.1912787
"PZA00187.2",0.992445241275418,0,0.9921374
"PZA00187.8",0.138942975268352,0,0.1329984
"PZA00188.1",0.1617784492513,0,0.155452
"PZA00189.21",0.319152814193446,0,0.3105495
"PZA00191.4",0.716306969677216,0,0.7164655
"PZA00191.5",0.877475479381177,0,0.8731871
"PZA00192.6",0.761625561214884,0,0.7602701
"PZA00192.7",0.900669973400196,0,0.9038114
"PZA00193.1",0.898554847569944,0,0.9014043
"PZA00193.2",0.783533369207418,0,0.7811383
"PZA00196.2",0.606227722043053,0,0.608501
"PZA00198.39",0.0365945680105786,0,0.02555659
"PZA00200.8",0.695797037057795,0,0.6995062
"PZA00200.9",0.833933335923771,0,0.833781
"PZA00201.2",0.11210329261406,0,0.1072373
"PZA00205.7",0.172809700149887,0,0.1711096
"PZA00209.4",0.456231020113512,0,0.4540199
"PZA00209.8",0.423697769829383,0,0.4133192
"PZA00210.1",0.958168385225746,0,0.9649441
"PZA00210.6",0.0845984344385936,0,0.07926342
"PZA00210.9",0.622681636949989,0,0.6211653
"PZA00211.7",0.473830283883998,0,0.466909
"PZA00213.19",0.150622863301938,0,0.1431798
"PZA00213.7",0.0977932083683499,0,0.09095111
"PZA00214.1",0.88184235508691,0,0.8676062
"PZA00215.3",0.37587672011828,0,0.3505192
"PZA00216.2",0.730167942685785,0,0.723607
"PZA00216.8",0.490216044863912,0,0.4829379
"PZA00218.1",0.26542674890434,0,0.2536878
"PZA00218.6",0.888179720096403,0,0.8903697
"PZA00219.6",0.281567891598914,0,0.2751331
"PZA00219.7",0.936742535228198,0,0.9354918
"PZA00220.11",0.497406491294967,0,0.4866209
"PZA00220.2",0.816563940376045,0,0.7935783
"PZA00222.5",0.285825335201735,0,0.2696482
"PZA00222.7",0.489893618067166,0,0.474687
"PZA00223.2",0.938901044009738,0,0.9344948
"PZA00223.4",0.914890357775467,0,0.9122232
"PZA00224.3",0.1431345371139,0,0.1379324
"PZA00224.4",0.24977405960633,0,0.2376639
"PZA00225.7",0.942107791991438,0,0.9435827
"PZA00225.8",0.610209790222863,0,0.6116119
"PZA00226.6",0.856677594263287,0,0.8505283
"PZA00226.7",0.762875211199102,0,0.7611047
"PZA00227.7",0.547710928936049,0,0.5361561
"PZA00229.7",0.876021476465021,0,0.8773755
"PZA00230.5",0.386935057769476,0,0.3787214
"PZA00233.8",0.0790591466163981,0,0.07719006
"PZA00234.19",0.528328447233173,0,0.5229839
"PZA00234.21",0.54231113562267,0,0.5399212
"PZA00235.6",0.924187783551194,0,0.9270461
"PZA00235.8",0.193804923734057,0,0.1805324
"PZA00236.7",0.0449515902666885,0,0.03893171
"PZA00237.2",0.411315577408056,0,0.4127316
"PZA00237.6",0.280519073782585,0,0.2791734
"PZA00240.4",0.598034242518827,0,0.5965824
"PZA00240.6",0.390017219126521,0,0.3871291
"PZA00241.6",0.234208373385496,0,0.2309517
"PZA00243.1",0.62960859778175,0,0.6319432
"PZA00243.24",0.112030578629953,0,0.108675
"PZA00243.25",0.583924551647645,0,0.5833238
"PZA00245.14",0.802556837236752,0,0.8012918
"PZA00245.16",0.390262358746607,0,0.3804227
"PZA00247.5",0.489163091207,0,0.4734317
"PZA00249.2",0.256079845729722,0,0.2515991
"PZA00250.1",0.605456367272788,0,0.5890433
"PZA00251.1",0.703450538979659,0,0.6957871
"PZA00251.4",0.0627209249971295,0,0.05898827
"PZA00254.3",0.367866720709178,0,0.363748
"PZA00255.14",0.928197213697347,0,0.921454
"PZA00255.15",0.717609326646534,0,0.7217056
"PZA00256.16",0.304565769620559,0,0.3020864
"PZA00256.21",0.681816280018316,0,0.6705639
"PZA00257.11",0.297218968624281,0,0.2944604
"PZA00257.22",0.451788876434943,0,0.4521313
"PZA00258.3",0.649207714303876,0,0.638596
"PZA00259.1",0.673438477559027,0,0.6754062
"PZA00261.5",0.688242213169982,0,0.6670263
"PZA00261.6",0.551559383485447,0,0.5359027
"PZA00263.13",0.314361498470742,0,0.3084114
"PZA00265.4",0.15505304728037,0,0.1520059
"PZA00265.6",0.00420020931419688,0,0.003352732
"PZA00266.5",0.131856267088036,0,0.1282955
"PZA00271.1",0.505126149320505,0,0.5101973
"PZA00272.3",0.823135926808485,0,0.815252
"PZA00274.14",0.89569146176746,0,0.9062962
"PZA00274.7",0.388778828831852,0,0.3780085
"PZA00276.18",0.216726395133368,0,0.190201
"PZA00277.13",0.0372086153928666,0,0.03306516
"PZA00277.9",0.0156165671438805,0,0.01208751
"PZA00280.14",0.51759200164383,0,0.5148786
"PZA00281.1",0.971705364650327,0,0.9750839
"PZA00281.13",0.160827757003421,0,0.1566474
"PZA00282.14",0.657849680659155,0,0.652861
"PZA00287.1",0.992781388694585,0,0.9931663
"PZA00289.11",0.516259809687492,0,0.5141323
"PZA00291.7",0.158643778095734,0,0.1570225
"PZA00294.20",0.203874297827231,0,0.1944881
"PZA00294.22",0.562313706039097,0,0.5644955
"PZA00294.4",0.618529937185214,0,0.6007954
"PZA00295.7",0.568197352911385,0,0.5683559
"PZA00297.2",0.941545413678767,0,0.9429285
"PZA00297.3",0.855461068524314,0,0.8558538
"PZA00300.11",0.439938184090261,0,0.4411244
"PZA00303.19",0.535269081007864,0,0.5138881
"PZA00303.6",0.730795248011726,0,0.7341077
"PZA00307.12",0.443548303652859,0,0.4426653
"PZA00307.14",0.168589040884263,0,0.1528278
"PZA00308.24",0.544539451959787,0,0.5139316
"PZA00309.1",0.47877213841653,0,0.4820287
"PZA00310.5",0.762838325069475,0,0.7596642
"PZA00315.1",0.530786970659275,0,0.5232201
"PZA00315.6",0.344981960072031,0,0.3441581
"PZA00316.2",0.948382502550753,0,0.9483497
"PZA00316.9",0.822714593846485,0,0.8011617
"PZA00318.2",0.10048624871055,0,0.08823241
"PZA00318.5",0.75173512609575,0,0.742439
"PZA00323.3",0.946943986475999,0,0.9440145
"PZA00323.4",0.644016944741592,0,0.6430505
"PZA00326.16",0.831539287299332,0,0.8148831
"PZA00328.1",0.455813732569106,0,0.4522821
"PZA00329.3",0.127679132426806,0,0.1257966
"PZA00332.3",0.00545269175626218,0,0.001640717
"PZA00332.5",0.00255707969668581,0,0.0001659425
"PZA00334.2",0.88374095230121,0,0.8910956
"PZA00336.10",0.490334034791832,0,0.4885228
"PZA00337.3",0.673943305237547,0,0.6742054
"PZA00337.4",0.513616134290396,0,0.5128155
"PZA00339.3",0.489607316565558,0,0.4852378
"PZA00340.1",0.483547777845316,0,0.4768782
"PZA00342.7",0.263908169726732,0,0.2509752
"PZA00342.9",0.863057729721814,0,0.8724714
"PZA00343.11",0.911273819375969,0,0.9027136
"PZA00343.31",0.462005991161103,0,0.4537168
"PZA00344.10",0.54571707412426,0,0.5426916
"PZA00345.15",0.759867463271196,0,0.7579731
"PZA00348.10",0.799125494983867,0,0.8001604
"PZA00348.11",0.206836845714432,0,0.1986684
"PZA00349.3",0.967638086465705,0,0.9654765
"PZA00350.2",0.386066065990209,0,0.3684584
"PZA00355.2",0.0583424225390994,0,0.05277004
"PZA00356.8",0.958146386515856,0,0.9525211
"PZA00357.19",0.448818908090567,0,0.4477943
"PZA00358.12",0.920313490032533,0,0.9202947
"PZA00362.1",0.139845233745661,0,0.1283351
"PZA00362.2",0.238555374314871,0,0.2094031
"PZA00364.2",0.743769168291898,0,0.7423724
"PZA00364.5",0.369561895712692,0,0.3682919
"PZA00365.2",0.574687893080204,0,0.5784112
"PZA00365.3",0.628951738848645,0,0.6229844
"PZA00367.2",0.850451970105838,0,0.8582358
"PZA00367.6",0.0544194333963853,0,0.05134782
"PZA00368.1",0.74695365458746,0,0.7461084
"PZA00368.17",0.933779544046862,0,0.933708
"PZA00369.1",0.826944629910921,0,0.8267174
"PZA00369.11",0.23265672549488,0,0.2322458
"PZA00370.1",0.804544987044317,0,0.8027446
"PZA00370.5",0.255563515097938,0,0.2498487
"PZA00371.5",0.709626159419434,0,0.7101395
"PZA00378.9",0.2406483678784,0,0.2291778
"PZA00379.2",0.0673325581660878,0,0.06364236
"PZA00380.5",0.615819811578548,0,0.594917
"PZA00380.7",0.930742659913738,0,0.9266022
"PZA00381.3",0.552149823309547,0,0.5305545
"PZA00382.17",0.195130030508688,0,0.1621664
"PZA00382.22",0.0772148258406145,0,0.06799658
"PZA00385.1",0.185507690372967,0,0.172037
"PZA00385.3",0.304281737700141,0,0.3016576
"PZA00386.2",0.916956450746985,0,0.9100016
"PZA00386.3",0.569010740822355,0,0.5761819
"PZA00386.4",0.650034131354026,0,0.6527594
"PZA00387.1",0.201380254579533,0,0.1953261
"PZA00390.6",0.0705395899784178,0,0.06503746
"PZA00390.7",0.581775353225531,0,0.5714482
"PZA00391.2",0.441356176744645,0,0.4316064
"PZA00393.1",0.429048357300932,0,0.4292813
"PZA00394.11",0.772223187883815,0,0.7751417
"PZA00394.15",0.345018831835003,0,0.3351013
"PZA00395.1",0.720756452108728,0,0.7136537
"PZA00395.2",0.811779114534511,0,0.8074545
"PZA00396.10",0.488897477541203,0,0.4793038
"PZA00396.9",0.0362437239318654,0,0.02861979
"PZA00399.10",0.83206576579769,0,0.8256421
"PZA00400.3",0.192146574557439,0,0.1775847
"PZA00401.11",0.630235436792182,0,0.6345779
"PZA00401.6",0.480197215356618,0,0.4777138
"PZA00403.5",0.224521634883792,0,0.2204892
"PZA00405.2",0.230194984930252,0,0.2282732
"PZA00405.6",0.814114078280466,0,0.8079503
"PZA00405.7",0.389663299418016,0,0.3805891
"PZA00407.8",0.925096957480254,0,0.921799
"PZA00408.7",0.48141914499928,0,0.4832727
"PZA00409.15",0.492961606918514,0,0.4958212
"PZA00409.17",0.0968093281219637,0,0.08716505
"PZA00409.3",0.677378583496777,0,0.6778206
"PZA00411.1",0.811357384888658,0,0.8085361
"PZA00413.17",0.416433551465385,0,0.4135727
"PZA00413.18",0.271785192291309,0,0.2609699
"PZA00413.2",0.435883238031161,0,0.4348176
"PZA00414.27",0.215759470249634,0,0.2117299
"PZA00416.2",0.2508785676507,0,0.2458071
"PZA00416.4",0.845540971794571,0,0.843553
"PZA00417.2",0.523293955027654,0,0.505643
"PZA00417.3",0.47150884050023,0,0.4600447
"PZA00418.2",0.721623556033735,0,0.703712
"PZA00419.1",0.637040574912268,0,0.6302303
"PZA00420.1",0.155869366454761,0,0.1516736
"PZA00422.2",0.955382107411814,0,0.955329
"PZA00422.5",0.229221996192559,0,0.221301
"PZA00423.16",0.90890426788608,0,0.908023
"PZA00423.17",0.179597196121146,0,0.1778114
"PZA00424.1",0.810206616140375,0,0.8106452
"PZA00425.11",0.744634153677691,0,0.7350209
"PZA00425.4",0.97332680247755,0,0.9719898
"PZA00425.9",0.864440607625829,0,0.865858
"PZA00428.2",0.768064521860639,0,0.7529361
"PZA00429.1",0.438671668098678,0,0.4356275
"PZA00429.2",0.323275229947393,0,0.32295
"PZA00432.4",0.352144466738901,0,0.3497232
"PZA00433.3",0.908404893979773,0,0.909102
"PZA00433.5",0.0346003550030253,0,0.03041393
"PZA00435.4",0.0670519170266056,0,0.06219953
"PZA00435.5",0.0122239852886359,0,0.006884285
"PZA00436.7",0.457417151822551,0,0.4484697
"PZA00439.6",0.523539740770426,0,0.5242289
"PZA00440.1",0.115559397374953,0,0.1114233
"PZA00440.15",0.877760448596146,0,0.8669223
"PZA00442.3",0.989073662443096,0,0.9835446
"PZA00442.4",0.763921077887566,0,0.7557206
"PZA00443.4",0.449152549410652,0,0.4463119
"PZA00444.1",0.818319708013506,0,0.8229928
"PZA00444.5",0.373233239221311,0,0.3476181
"PZA00447.6",0.0952457138706587,0,0.09179176
"PZA00447.8",0.0232459725213838,0,0.02120209
"PZA00448.5",0.224968727450748,0,0.2202797
"PZA00448.6",0.821439962501339,0,0.8237967
"PZA00449.2",0.520866824755513,0,0.5126153
"PZA00452.1",0.293077535304574,0,0.290583
"PZA00453.2",0.74049546881923,0,0.7405195
"PZA00453.7",0.306363001828934,0,0.2947345
"PZA00455.4",0.119308052952287,0,0.1156924
"PZA00458.1",0.474392836861486,0,0.4569835
"PZA00458.6",0.900769206824902,0,0.8880602
"PZA00459.5",0.0555959148216985,0,0.05120629
"PZA00460.3",0.462890829627005,0,0.4458526
"PZA00460.8",0.101013680149282,0,0.08848425
"PZA00462.2",0.421165317955959,0,0.4107329
"PZA00463.3",0.834026962641992,0,0.8330959
"PZA00464.6",0.301372692864555,0,0.2917633
"PZA00466.1",0.603205502561433,0,0.5601152
"PZA00468.7",0.803386252763451,0,0.8032202
"PZA00470.1",0.172961895063525,0,0.1536783
"PZA00471.1",0.585864627218456,0,0.5770035
"PZA00471.2",0.357793474716723,0,0.344035
"PZA00472.2",0.125140536951857,0,0.1124503
"PZA00473.5",0.801119545817736,0,0.8026187
"PZA00473.9",0.0271064417957616,0,0.02342712
"PZA00474.14",0.441994962780332,0,0.4363236
"PZA00477.5",0.395771557243164,0,0.397949
"PZA00478.7",0.757536726845632,0,0.7455579
"PZA00479.9",0.14679391218911,0,0.1428876
"PZA00481.7",0.934319564364526,0,0.9373129
"PZA00482.10",0.164400197994824,0,0.1514371
"PZA00484.5",0.421535332185011,0,0.4209768
"PZA00484.6",0.455323387461139,0,0.4529914
"PZA00485.2",0.924639954563733,0,0.925785
"PZA00487.16",0.301994416663051,0,0.2775257
"PZA00487.24",0.861820844915975,0,0.8589015
"PZA00492.25",0.147417427959128,0,0.1395731
"PZA00492.26",0.0849283980450828,0,0.08197902
"PZA00495.3",0.0945632609631589,0,0.08600832
"PZA00495.4",0.0175044821726917,0,0.01494996
"PZA00495.5",0.0773931028819397,0,0.0676932
"PZA00496.1",0.985669453122186,0,0.9881044
"PZA00496.2",0.504101788979886,0,0.4967978
"PZA00497.1",0.428309568086938,0,0.4250773
"PZA00497.4",0.709308599642108,0,0.7147161
"PZA00498.3",0.878611812287792,0,0.8823083
"PZA00498.5",0.458572835658334,0,0.453473
"PZA00499.10",0.72116005320355,0,0.7181139
"PZA00499.3",0.171077166636048,0,0.1695105
"PZA00500.5",0.405767848055974,0,0.3915265
"PZA00501.12",0.693376105898756,0,0.6956089
"PZA00502.1",0.488156151022828,0,0.48622
"PZA00503.5",0.62746273810657,0,0.623046
"PZA00504.1",0.578328346021832,0,0.5782969
"PZA00505.4",0.150179948584703,0,0.1405299
"PZA00505.5",0.253554810790215,0,0.2514177
"PZA00505.6",0.487809456733682,0,0.4575034
"PZA00506.2",0.180891877286576,0,0.1687416
"PZA00507.11",0.459276441045321,0,0.4540335
"PZA00508.2",0.20183311607375,0,0.1939521
"PZA00510.2",0.114907301930368,0,0.1049042
"PZA00510.3",0.357626728630965,0,0.3496253
"PZA00513.1",0.157418320800558,0,0.1136436
"PZA00514.6",0.365856447826117,0,0.3613632
"PZA00515.10",0.591223445244739,0,0.586472
"PZA00516.2",0.561295183976406,0,0.5653727
"PZA00516.3",0.992159697818481,0,0.990506
"PZA00517.4",0.0182653890058089,0,0.01186276
"PZA00517.6",0.181454266644738,0,0.1450658
"PZA00520.4",0.828317016652277,0,0.812728
"PZA00521.3",0.169562588046172,0,0.163292
"PZA00522.12",0.617105201309299,0,0.590175
"PZA00522.2",0.646589490973876,0,0.6080529
"PZA00522.7",0.579518789960058,0,0.5521161
"PZA00523.2",0.499672176243692,0,0.5041244
"PZA00524.2",0.119397440014191,0,0.1014076
"PZA00525.16",0.132458432882569,0,0.1185756
"PZA00525.17",0.31638847835204,0,0.3066081
"PZA00525.2",0.256884336211961,0,0.2501492
"PZA00527.10",0.816304678719179,0,0.8192807
"PZA00527.5",0.371130102663548,0,0.3681784
"PZA00527.6",0.0293375429494399,0,0.02667105
"PZA00528.1",0.861636562097254,0,0.8642774
"PZA00531.1",0.741298968232464,0,0.7472488
"PZA00531.2",0.80477589101989,0,0.8124858
"PZA00533.3",0.836017793680786,0,0.8318149
"PZA00533.4",0.605440654479584,0,0.6037484
"PZA00534.2",0.806291818939571,0,0.8038518
"PZA00536.2",0.420836274088543,0,0.4190244
"PZA00537.4",0.464176503004849,0,0.4666693
"PZA00538.15",0.353173453871278,0,0.3364615
"PZA00538.18",0.761114915626359,0,0.7510788
"PZA00538.7",0.249306674927376,0,0.2378045
"PZA00540.3",0.713255961338224,0,0.7151858
"PZA00543.2",0.358044256591481,0,0.3568625
"PZA00543.4",0.440710338962919,0,0.4241621
"PZA00545.21",0.738948445180231,0,0.742482
"PZA00545.4",0.85601862258105,0,0.8454255
"PZA00547.6",0.321612432436727,0,0.3180951
"PZA00547.8",0.497932158878453,0,0.4932319
"PZA00548.13",0.475686670967948,0,0.4774123
"PZA00548.3",0.625322995305599,0,0.6244213
"PZA00549.3",0.928586043809865,0,0.9246547
"PZA00551.4",0.342528527839536,0,0.3372793
"PZA00552.3",0.286979643999393,0,0.2850099
"PZA00552.4",0.858755118841251,0,0.8536401
"PZA00562.3",0.55616911744349,0,0.5557103
"PZA00562.4",0.527777855896394,0,0.5240612
"PZA00567.10",0.638482545051199,0,0.6393195
"PZA00568.19",0.928912547989301,0,0.930704
"PZA00569.11",0.131870585202771,0,0.1270867
"PZA00569.17",0.268462663808775,0,0.2632065
"PZA00570.11",0.0398557015121861,0,0.03641301
"PZA00570.19",0.556476957944003,0,0.5595222
"PZA00571.1",0.317344397289759,0,0.3070564
"PZA00571.2",0.742247541837117,0,0.7165789
"PZA00572.1",0.641614705642121,0,0.6331398
"PZA00572.2",0.607096304095782,0,0.602979
"PZA00573.11",0.451160691922079,0,0.4020022
"PZA00573.3",0.322437651906751,0,0.3208714
"PZA00578.1",0.107726810928951,0,0.09803874
"PZA00578.2",0.328991051719528,0,0.3241107
"PZA00579.2",0.378668966548401,0,0.3782174
"PZA00579.6",0.792679690820978,0,0.7883651
"PZA00582.1",0.0195169735128208,0,0.01735259
"PZA00582.4",0.690788884317791,0,0.6878411
"PZA00583.17",0.797782386227865,0,0.7916571
"PZA00583.4",0.204172339718596,0,0.1829164
"PZA00586.1",0.841580632667725,0,0.8412902
"PZA00587.3",0.355472881607188,0,0.348571
"PZA00588.1",0.930097464749479,0,0.9295011
"PZA00588.2",0.939186437579444,0,0.9371925
"PZA00590.1",0.109640967757303,0,0.0980379
"PZA00595.3",0.702016676044978,0,0.7074943
"PZA00595.4",0.191923302806375,0,0.1862696
"PZA00599.25",0.580525578465765,0,0.5869686
"PZA00603.1",0.583247726789268,0,0.5819402
"PZA00606.3",0.770422108073614,0,0.7524729
"PZA00608.1",0.292728774371272,0,0.2769206
"PZA00610.15",0.495720708535101,0,0.4650903
"PZA00610.9",0.593881770365458,0,0.5956983
"PZA00611.1",0.561796311400781,0,0.5521324
"PZA00613.20",0.847411891528244,0,0.8497439
"PZA00613.21",0.420940947679391,0,0.4122071
"PZA00613.22",0.969510428060683,0,0.9658217
"PZA00614.1",0.673398014265216,0,0.6585826
"PZA00614.12",0.712194392638361,0,0.7036986
"PZA00615.3",0.863182446492798,0,0.8596867
"PZA00615.6",0.161877412487058,0,0.1506528
"PZA00616.7",0.371342062834123,0,0.3706853
"PZA00617.16",0.254436085186269,0,0.2518925
"PZA00617.5",0.8944725571636,0,0.8977429
"PZA00618.21",0.985158838319419,0,0.9844084
"PZA00619.3",0.0544648917462815,0,0.05176644
"PZA00620.2",0.498986522953061,0,0.4982405
"PZA00620.3",0.513780037649859,0,0.5153048
"PZA00621.2",0.9315390646064,0,0.9265011
"PZA00623.1",0.142624568332633,0,0.1382503
"PZA00623.2",0.456325396048381,0,0.4589943
"PZA00623.3",0.389721561840456,0,0.3816927
"PZA00626.3",0.403763635736216,0,0.386649
"PZA00626.4",0.289366104000147,0,0.2655787
"PZA00627.1",0.114276145357658,0,0.1065911
"PZA00628.7",0.479113372074687,0,0.4783302
"PZA00629.21",0.371212070234938,0,0.3640471
"PZA00632.1",0.617524654200261,0,0.6128892
"PZA00633.4",0.137655278670336,0,0.1198206
"PZA00633.8",0.739756111174383,0,0.7410296
"PZA00635.1",0.841555909290423,0,0.8357828
"PZA00635.4",0.492572503454828,0,0.448477
"PZA00635.7",0.526836936058235,0,0.5096483
"PZA00636.7",0.46000809926153,0,0.4615077
"PZA00637.4",0.28031327938786,0,0.281049
"PZA00641.7",0.661583843776086,0,0.6613775
"PZA00641.8",0.577072948397462,0,0.5778972
"PZA00643.13",0.142570895069719,0,0.1263699
"PZA00644.11",0.248963696172668,0,0.2397078
"PZA00645.1",0.193328731135682,0,0.1904117
"PZA00647.9",0.592194326859993,0,0.5790167
"PZA00650.8",0.177013507790026,0,0.1691838
"PZA00652.14",0.640627761078431,0,0.6419388
"PZA00652.17",0.147915174795849,0,0.1369961
"PZA00653.5",0.597523101340212,0,0.6027064
"PZA00654.10",0.9642111604833,0,0.9661228
"PZA00654.12",0.0461018681122633,0,0.03787369
"PZA00655.1",0.356751844433462,0,0.3570234
"PZA00658.19",0.272821964997207,0,0.2718304
"PZA00658.21",0.760423019190323,0,0.75509
"PZA00660.20",0.207418096963011,0,0.1958897
"PZA00662.3",0.540530092021717,0,0.5330487
"PZA00663.5",0.822641691276493,0,0.8202168
"PZA00664.3",0.317250829639437,0,0.3113035
"PZA00665.6",0.594053214394304,0,0.5968059
"PZA00667.1",0.675564032142473,0,0.6789847
"PZA00667.2",0.462001586659063,0,0.4649813
"PZA00670.2",0.23891203560412,0,0.2376365
"PZA00672.6",0.56676560074051,0,0.5688766
"PZA00674.3",0.504304937672178,0,0.4914806
"PZA00674.4",0.800189053967572,0,0.7954429
"PZA00675.1",0.781177651023239,0,0.7789344
"PZA00676.2",0.402841266358471,0,0.4039645
"PZA00678.1",0.464710172458949,0,0.4690997
"PZA00678.2",0.550589004141923,0,0.5342694
"PZA00680.1",0.730905515990477,0,0.7322416
"PZA00680.3",0.979695658284641,0,0.9750933
"PZA00682.16",0.222943721115243,0,0.2200842
"PZA00682.2",0.337857106187503,0,0.3211605
"PZA00683.1",0.108555996935666,0,0.1001104
"PZA00683.2",0.275331244009064,0,0.2729768
"PZA00684.12",0.775665269367937,0,0.7706453
"PZA00686.4",0.801266685384879,0,0.7882442
"PZA00686.7",0.741627577734981,0,0.7429238
"PZA00693.3",0.779494303523654,0,0.7787309
"PZA00694.6",0.835656500297055,0,0.8401873
"PZA00695.1",0.900030667958856,0,0.8997443
"PZA00695.2",0.886205504918972,0,0.8874227
"PZA00698.4",0.455907459098524,0,0.4445059
"PZA00699.1",0.662011299690395,0,0.6679036
"PZA00699.5",0.445969237642264,0,0.4459017
"PZA00700.1",0.71585077514494,0,0.7187377
"PZA00700.3",0.912347473292764,0,0.905368
"PZA00701.6",0.762616026824923,0,0.760322
"PZA00702.5",0.999053732327113,0,0.9990362
"PZA00703.1",0.441170933524712,0,0.4207691
"PZA00704.1",0.349732583218863,0,0.3474432
"PZA00706.11",0.0464850477700085,0,0.04268632
"PZA00706.16",0.594976723945083,0,0.6016458
"PZA00707.7",0.253864059505917,0,0.2508498
"PZA00707.9",0.308390008444207,0,0.3052131
"PZA00709.19",0.587081087509254,0,0.5833383
"PZA00710.1",0.359128996414675,0,0.3473246
"PZA00710.11",0.608342413748468,0,0.6122858
"PZA00712.15",0.284598933596106,0,0.2813975
"PZA00712.4",0.644656956405592,0,0.634625
"PZA00714.1",0.615340231334133,0,0.6094498
"PZA00714.6",0.0530616736859678,0,0.04600968
"PZA00715.1",0.362165248281441,0,0.3544581
"PZA00715.3",0.154610730881672,0,0.1520932
"PZA00717.15",0.848985171752024,0,0.8427588
"PZA00719.2",0.595008341561021,0,0.5769128
"PZA00721.4",0.538389184220549,0,0.5222295
"PZA00721.5",0.768996002195724,0,0.7567487
"PZA00725.1",0.72998874934701,0,0.7293419
"PZA00725.4",0.940061981714775,0,0.936859
"PZA00726.10",0.610356537083836,0,0.607402
"PZA00726.6",0.730699847289617,0,0.7325969
"PZA00726.7",0.551230003520333,0,0.5431173
"PZA00727.1",0.320423874197322,0,0.3098571
"PZA00727.11",0.372619190912516,0,0.362476
"PZA00729.18",0.257769473453225,0,0.2342906
"PZA00729.9",0.470050100499021,0,0.4717469
"PZA00730.2",0.358949889599102,0,0.3513788
"PZA00731.6",0.570633063076242,0,0.5402799
"PZA00731.7",0.49180803273023,0,0.4808934
"PZA00732.2",0.651746346081311,0,0.6602803
"PZA00732.5",0.995494331308922,0,0.9966665
"PZA00739.1",0.398423719092145,0,0.3822886
"PZA00740.3",0.152359985163191,0,0.139679
"PZA00749.1",0.590539128412922,0,0.5880361
"PZA00750.1",0.631585033410748,0,0.6153599
"PZA00752.1",0.603017154434226,0,0.5987001
"PZA00758.1",0.0955315722806249,0,0.09116586
"PZA00760.1",0.735339296446894,0,0.7390482
"PZA00766.1",0.708996665788533,0,0.6973366
"PZA00783.1",0.00811337127309992,0,0.006694716
"PZA00793.2",0.083151272363923,0,0.07036619
"PZA00795.1",0.613274169491799,0,0.604009
"PZA00803.3",0.571594685686122,0,0.5780553
"PZA00805.1",0.643361511032257,0,0.6409731
"PZA00814.1",0.62507811117831,0,0.6014042
"PZA00821.1",0.854600299037473,0,0.8643316
"PZA00824.2",0.4361813165865,0,0.4292778
"PZA00827.1",0.479324562690781,0,0.4562876
"PZA00828.2",0.859378200956624,0,0.8421818
"PZA00832.1",0.0306874584056095,0,0.02542417
"PZA00838.2",0.705402358617111,0,0.7032569
"PZA00840.1",0.546216237278589,0,0.5456145
"PZA00856.2",0.812293849038,0,0.8107945
"PZA00860.1",0.767928003173336,0,0.773085
"PZA00865.1",0.206991474538452,0,0.206889
"PZA00878.2",0.533096651287195,0,0.504878
"PZA00892.5",0.202496269477115,0,0.1991725
"PZA00894.7",0.617143487482744,0,0.6254886
"PZA00904.1",0.314769824240425,0,0.2948214
"PZA00910.1",0.323239725983207,0,0.3132787
"PZA00912.2",0.783873793992714,0,0.7847727
"PZA00920.1",0.940179355089304,0,0.9346175
"PZA00925.2",0.843249984668999,0,0.8123454
"PZA00934.2",0.444910156122872,0,0.4399304
"PZA00939.1",0.171862084877667,0,0.1699326
"PZA00941.2",0.300241375565668,0,0.3009679
"PZA00942.2",0.617445063136799,0,0.6166147
"PZA00944.1",0.827986754538013,0,0.8218054
"PZA00944.2",0.08272949235592,0,0.08011815
"PZA00947.1",0.764449164402281,0,0.7642141
"PZA00948.1",0.908715284140218,0,0.9126299
"PZA00980.1",0.0289604302694252,0,0.02648417
"PZA00985.1",0.00655084247457926,0,0.004968021
"PZA00991.2",0.843289568921656,0,0.8372085
"PZA01019.1",0.966225815739784,0,0.9688382
"PZA01028.2",0.718611042666485,0,0.7038216
"PZA01029.1",0.400346522172645,0,0.3882202
"PZA01030.1",0.224346711098963,0,0.2131423
"PZA01035.1",0.233272900451733,0,0.2242355
"PZA01038.1",0.250999516636263,0,0.241983
"PZA01049.1",0.248097663415684,0,0.2473923
"PZA01050.1",0.883454148180986,0,0.8924654
"PZA01055.1",0.380841578723043,0,0.3464014
"PZA01060.1",0.43225140079719,0,0.4223176
"PZA01068.1",0.443315749973628,0,0.4331675
"PZA01072.1",0.37578610256417,0,0.3756753
"PZA01073.1",0.82978888584613,0,0.8343694
"PZA01079.1",0.895842027190674,0,0.9011666
"PZA01096.1",0.541244470158612,0,0.5390737
"PZA01106.3",0.232978006045254,0,0.22922
"PZA01113.1",0.144775709706864,0,0.1337073
"PZA01114.2",0.377429011664235,0,0.3557934
"PZA01122.1",0.525620589394492,0,0.5273553
"PZA01135.1",0.724571801773097,0,0.7310376
"PZA01142.4",0.757259440086769,0,0.7523038
"PZA01144.1",0.826739987902716,0,0.828074
"PZA01154.1",0.652274997259353,0,0.6569213
"PZA01186.1",0.599034025505289,0,0.5870321
"PZA01187.1",0.666003067250314,0,0.6655297
"PZA01195.3",0.473906643892596,0,0.472907
"PZA01196.2",0.0906278031786344,0,0.08475871
"PZA01209.1",0.238939667525312,0,0.2284545
"PZA01210.1",0.966147215735957,0,0.968391
"PZA01210.2",0.744684955111218,0,0.7432334
"PZA01216.1",0.117824597152444,0,0.09534271
"PZA01228.2",0.439017001174403,0,0.4293122
"PZA01233.1",0.295470479873959,0,0.2914891
"PZA01238.2",0.32643302236108,0,0.3041372
"PZA01241.2",0.0740699075715558,0,0.07091195
"PZA01254.2",0.00820796189367082,0,0.006686324
"PZA01257.1",0.932073943879495,0,0.9276971
"PZA01259.1",0.628059116192698,0,0.5974391
"PZA01265.1",0.888589076995357,0,0.8914426
"PZA01267.3",0.334536942800599,0,0.3318
"PZA01271.1",0.100650255921658,0,0.09820947
"PZA01278.2",0.737170395492093,0,0.7342413
"PZA01280.2",0.708821951219057,0,0.7171958
"PZA01289.1",0.581748910776283,0,0.5822812
"PZA01290.1",0.0373292729322892,0,0.03418996
"PZA01292.1",0.0290596750807885,0,0.02599034
"PZA01297.1",0.780461226778669,0,0.7612635
"PZA01303.1",0.0978770561672856,0,0.09403125
"PZA01313.2",0.0450658829639834,0,0.03809603
"PZA01316.1",0.979468395969254,0,0.9791226
"PZA01321.1",0.813815266728543,0,0.8196497
"PZA01327.1",0.900120921081447,0,0.9051581
"PZA01332.2",0.741389426097479,0,0.7151168
"PZA01336.1",0.273502310030811,0,0.2686336
"PZA01342.2",0.312912673240019,0,0.311492
"PZA01349.2",0.780412678462016,0,0.7731886
"PZA01352.5",0.965815628623747,0,0.9575594
"PZA01360.3",0.831358097314765,0,0.8301443
"PZA01369.1",0.318871325678529,0,0.3054473
"PZA01374.1",0.0517888835005461,0,0.04138259
"PZA01391.1",0.160602632158649,0,0.150065
"PZA01396.1",0.291125018001623,0,0.2924306
"PZA01422.3",0.815447631954508,0,0.8151129
"PZA01426.1",0.0598186918612219,0,0.05268053
"PZA01445.1",0.295777616467368,0,0.2902057
"PZA01447.1",0.624963646680309,0,0.6264187
"PZA01455.1",0.967954737549635,0,0.9640092
"PZA01456.2",0.157997140269337,0,0.1550865
"PZA01457.1",0.174503578549611,0,0.1666733
"PZA01468.1",0.966904828248896,0,0.9708905
"PZA01470.1",0.682226644247646,0,0.6836673
"PZA01473.1",0.874909631355401,0,0.8753746
"PZA01477.3",0.778206432760604,0,0.7771356
"PZA01497.1",0.114739450950247,0,0.1113442
"PZA01509.1",0.362847090538042,0,0.3567865
"PZA01523.1",0.667329029403172,0,0.6635495
"PZA01533.2",0.793829605937176,0,0.7927124
"PZA01537.2",0.0490167664402584,0,0.04344603
"PZA01542.1",0.396655989283784,0,0.3806528
"PZA01563.1",0.997301214181826,0,0.9963595
"PZA01566.1",0.303097477763016,0,0.2956267
"PZA01570.1",0.610986902839011,0,0.6142409
"PZA01575.1",0.592371460725563,0,0.5703456
"PZA01588.1",0.638486994872423,0,0.6172777
"PZA01591.1",0.819560907467163,0,0.817516
"PZA01597.1",0.848569236836447,0,0.8416726
"PZA01601.1",0.723514768346382,0,0.7211264
"PZA01607.1",0.801730772812115,0,0.7951883
"PZA01608.1",0.871955296530659,0,0.8754849
"PZA01618.2",0.887121909569266,0,0.8910571
"PZA01638.1",0.701381815001507,0,0.7029343
"PZA01652.1",0.495767969019778,0,0.4967484
"PZA01672.1",0.815841936534968,0,0.8190677
"PZA01677.1",0.322792725930197,0,0.3204667
"PZA01680.3",0.663615968854935,0,0.655054
"PZA01688.3",0.573196385706945,0,0.575618
"PZA01691.1",0.897636284758137,0,0.9023022
"PZA01693.1",0.758640846577225,0,0.7465316
"PZA01713.4",0.984827854047293,0,0.9845551
"PZA01714.1",0.196355843696595,0,0.1894063
"PZA01715.1",0.0549945532651737,0,0.04917178
"PZA01715.2",0.877555265097424,0,0.8773347
"PZA01729.1",0.151955491784497,0,0.1370003
"PZA01736.1",0.873859186438882,0,0.8729999
"PZA01741.1",0.758704305147802,0,0.7293357
"PZA01751.2",0.637153633154685,0,0.6069345
"PZA01753.1",0.541368059158547,0,0.5426976
"PZA01755.1",0.839029885412593,0,0.8418757
"PZA01759.1",0.543955041894462,0,0.5478825
"PZA01765.1",0.532885479913169,0,0.4687247
"PZA01779.1",0.982483284748412,0,0.981399
"PZA01790.1",0.857237033089063,0,0.8635774
"PZA01791.2",0.411731614871363,0,0.4062939
"PZA01796.1",0.426893206651933,0,0.3956442
"PZA01799.1",0.993524730429271,0,0.9946709
"PZA01802.3",0.0420049486882412,0,0.03615744
"PZA01807.1",0.0737014036928041,0,0.06979188
"PZA01819.1",0.546851779559508,0,0.5419858
"PZA01861.1",0.241121969094902,0,0.2272733
"PZA01877.2",0.904207680282814,0,0.9090202
"PZA01879.1",0.368394604004936,0,0.3537569
"PZA01883.2",0.489325284850984,0,0.481239
"PZA01884.1",0.534360233474724,0,0.5319619
"PZA01885.2",0.843361175454999,0,0.8511046
"PZA01887.1",0.450257765579737,0,0.4431339
"PZA01895.1",0.333879180984201,0,0.3247682
"PZA01902.1",0.654917768613666,0,0.6489645
"PZA01905.12",0.458488469301585,0,0.4564267
"PZA01909.1",0.836407610886036,0,0.8237737
"PZA01919.2",0.697175838117272,0,0.7042589
"PZA01921.19",0.422709160813653,0,0.4145215
"PZA01925.1",0.227366659845913,0,0.2225972
"PZA01926.1",0.275211150574295,0,0.2488894
"PZA01933.3",0.71155673085382,0,0.7141905
"PZA01935.10",0.238989329652812,0,0.2243832
"PZA01936.4",0.36815720078708,0,0.3499571
"PZA01946.7",0.294726562813155,0,0.2866241
"PZA01954.1",0.753324776244908,0,0.7540587
"PZA01962.12",0.420439129462678,0,0.4147223
"PZA01964.29",0.841332858706593,0,0.8431063
"PZA01978.23",0.960232144740263,0,0.960954
"PZA01991.3",0.752381859742247,0,0.7383971
"PZA01995.2",0.0581758976433857,0,0.05161794
"PZA01999.3",0.562737415312207,0,0.563918
"PZA02011.1",0.99460275815432,0,0.9953987
"PZA02014.3",0.090606046284722,0,0.07952177
"PZA02017.1",0.812751921887395,0,0.7822935
"PZA02019.1",0.833225270454737,0,0.8289988
"PZA02032.1",0.122482663314044,0,0.1095576
"PZA02035.5",0.581963650173027,0,0.5541359
"PZA02040.2",0.14074590880538,0,0.1382469
"PZA02044.1",0.674942699018577,0,0.6728042
"PZA02049.1",0.685337112886742,0,0.691819
"PZA02060.1",0.346970747786195,0,0.3393649
"PZA02068.1",0.169519428264115,0,0.1668003
"PZA02070.1",0.992513061650984,0,0.99255
"PZA02081.1",0.986189965597565,0,0.9857193
"PZA02090.1",0.495192228472421,0,0.4809093
"PZA02095.10",0.0393979478712548,0,0.0333467
"PZA02111.1",0.124368114296366,0,0.1173162
"PZA02113.1",0.78611502880411,0,0.7802238
"PZA02114.1",0.170903138548232,0,0.1639706
"PZA02117.1",0.338818662993915,0,0.3336653
"PZA02122.9",0.190801562056627,0,0.1847663
"PZA02128.3",0.519608395809056,0,0.5049294
"PZA02129.1",0.7101863391012,0,0.7084291
"PZA02133.10",0.834944858212729,0,0.8339205
"PZA02134.3",0.151510257122873,0,0.1478408
"PZA02138.1",0.624259845048644,0,0.6256439
"PZA02141.1",0.962454236622042,0,0.9615602
"PZA02147.1",0.379656946311395,0,0.3806278
"PZA02155.1",0.556121168360461,0,0.5399432
"PZA02168.1",0.213552830288302,0,0.2024706
"PZA02174.2",0.832956507237161,0,0.8272783
"PZA02175.1",0.368774324492485,0,0.3644967
"PZA02182.1",0.330203091538161,0,0.2780121
"PZA02187.1",0.295221346448374,0,0.2923445
"PZA02187.2",0.381866484113146,0,0.3588852
"PZA02191.1",0.112572179291449,0,0.1069432
"PZA02194.1",0.455899852907639,0,0.4443208
"PZA02203.1",0.429677317273293,0,0.4280481
"PZA02204.1",0.809542393841402,0,0.8107362
"PZA02207.1",0.534990745120655,0,0.5156564
"PZA02209.2",0.831683791925403,0,0.8326794
"PZA02212.1",0.778772868543198,0,0.7725743
"PZA02219.2",0.662871711393977,0,0.6643276
"PZA02221.20",0.134029781106356,0,0.1222686
"PZA02223.2",0.419082260846557,0,0.4144806
"PZA02235.14",0.898660113960725,0,0.9033091
"PZA02239.12",0.927613056107037,0,0.9299671
"PZA02247.1",0.207772957711915,0,0.1997586
"PZA02252.2",0.695186325778513,0,0.6869081
"PZA02262.3",0.809343839600797,0,0.7884113
"PZA02269.3",0.704561692026748,0,0.706892
"PZA02269.4",0.911834086511358,0,0.9135551
"PZA02271.1",0.451199024166828,0,0.4534272
"PZA02272.3",0.96446557070336,0,0.9607062
"PZA02274.1",0.408367219831084,0,0.3875462
"PZA02278.1",0.241179631578072,0,0.2221252
"PZA02281.3",0.744326572835435,0,0.7347148
"PZA02284.1",0.237452903702335,0,0.2247086
"PZA02289.2",0.964558082595942,0,0.9668445
"PZA02320.1",0.991954723581367,0,0.9918537
"PZA02352.1",0.360554511036485,0,0.3324291
"PZA02358.1",0.277936709712583,0,0.2645079
"PZA02359.10",0.502029555220839,0,0.4826439
"PZA02373.1",0.344011856320883,0,0.329591
"PZA02376.1",0.0960765658135681,0,0.08911315
"PZA02378.7",0.610275477217592,0,0.6145656
"PZA02381.1",0.0484769740992975,0,0.03799433
"PZA02383.1",0.965554367846542,0,0.9698876
"PZA02386.2",0.972481491581041,0,0.9697426
"PZA02388.1",0.357723145605445,0,0.286522
"PZA02390.1",0.361872712099198,0,0.3564755
"PZA02393.2",0.0373413759754618,0,0.0287817
"PZA02398.2",0.673377964706325,0,0.6644445
"PZA02402.1",0.475640053333525,0,0.4646006
"PZA02408.2",0.632370358044471,0,0.6200228
"PZA02411.3",0.479567256309333,0,0.4597085
"PZA02418.2",0.630089521990855,0,0.6297097
"PZA02421.1",0.419343865392204,0,0.3952539
"PZA02427.1",0.826422122254133,0,0.822101
"PZA02436.1",0.198255501337141,0,0.1820761
"PZA02449.13",0.832272069580678,0,0.8399456
"PZA02450.1",0.419699183151342,0,0.4208647
"PZA02453.1",0.849660282146047,0,0.855084
"PZA02456.1",0.887114594853355,0,0.8956033
"PZA02457.1",0.808640955159152,0,0.807044
"PZA02462.1",0.243872197730098,0,0.2401455
"PZA02467.10",0.815351881895976,0,0.7872022
"PZA02472.2",0.624308431605967,0,0.615091
"PZA02479.1",0.71575597705349,0,0.7166066
"PZA02480.1",0.312350806917063,0,0.3014264
"PZA02487.1",0.255103525387602,0,0.2557837
"PZA02490.1",0.0103075391256689,0,0.009257758
"PZA02514.1",0.410443322137524,0,0.3613684
"PZA02516.1",0.372120288647473,0,0.3591319
"PZA02520.1",0.144858327653776,0,0.1393232
"PZA02522.1",0.966922852100739,0,0.9627968
"PZA02545.1",0.912241541820678,0,0.9155192
"PZA02549.3",0.945702512384546,0,0.9365115
"PZA02550.1",0.173485020939039,0,0.1668224
"PZA02554.1",0.96174149681044,0,0.9590579
"PZA02566.1",0.526733561691982,0,0.5039356
"PZA02577.1",0.630187728063473,0,0.6266245
"PZA02606.1",0.185766292297091,0,0.1816984
"PZA02612.1",0.827043731213476,0,0.8283988
"PZA02613.1",0.175866574971474,0,0.1656921
"PZA02619.1",0.785704900383523,0,0.7922347
"PZA02626.1",0.604238742545038,0,0.5949329
"PZA02633.4",0.344023744817369,0,0.335634
"PZA02641.2",0.919217703822356,0,0.9100588
"PZA02643.1",0.46023981559831,0,0.4225711
"PZA02645.2",0.341109719147957,0,0.327293
"PZA02648.2",0.316327634776211,0,0.2969829
"PZA02653.12",0.937778443824926,0,0.9423043
"PZA02663.1",0.106147082974939,0,0.1021881
"PZA02665.2",0.932128444796432,0,0.932885
"PZA02667.1",0.17946120323337,0,0.1722801
"PZA02668.2",0.839680816306879,0,0.8244116
"PZA02673.1",0.213269319399517,0,0.2109677
"PZA02678.1",0.581898605403474,0,0.578788
"PZA02680.1",0.446025247728337,0,0.4446587
"PZA02681.8",0.69025491040324,0,0.6711395
"PZA02686.1",0.155408361319572,0,0.1528412
"PZA02698.3",0.743446629454495,0,0.7227288
"PZA02699.1",0.513335459745419,0,0.5139373
"PZA02702.1",0.373394251673778,0,0.3422221
"PZA02705.1",0.234732892860612,0,0.2274845
"PZA02727.1",0.916179478248611,0,0.9158299
"PZA02731.1",0.525953970999033,0,0.5292113
"PZA02737.1",0.000391286464456828,0,0.0002165715
"PZA02741.1",0.790621148468781,0,0.7925511
"PZA02742.1",0.0119811696285424,0,0.009729019
"PZA02746.2",0.540366816899421,0,0.5423105
"PZA02753.1",0.0784105110221846,0,0.07632389
"PZA02763.1",0.303298051380551,0,0.292023
"PZA02769.1",0.17090418996912,0,0.1641533
"PZA02774.1",0.104437674597314,0,0.1018077
"PZA02779.1",0.280128310073995,0,0.2777066
"PZA02788.12",0.35114556314548,0,0.3504145
"PZA02789.31",0.836565731997052,0,0.8461155
"PZA02789.36",0.273665496369512,0,0.2639585
"PZA02791.3",0.0224009143139469,0,0.0195466
"PZA02791.6",0.220842771580429,0,0.2141478
"PZA02792.16",0.22869168756295,0,0.2250091
"PZA02792.18",0.259113229643594,0,0.2517342
"PZA02792.25",0.0996181097529833,0,0.09036729
"PZA02792.26",0.177840018749666,0,0.171044
"PZA02792.9",0.0366668876644242,0,0.03266163
"PZA02793.33",0.751129320421462,0,0.7427418
"PZA02806.4",0.920145604977156,0,0.9268901
"PZA02807.5",0.224670473882608,0,0.2198409
"PZA02808.12",0.941739368115051,0,0.9466593
"PZA02808.14",0.657298853839349,0,0.6520214
"PZA02808.16",0.963154929989752,0,0.9622521
"PZA02811.4",0.138374586223916,0,0.1098356
"PZA02811.5",0.228303236267276,0,0.2221766
"PZA02812.34",0.358754528891125,0,0.3550507
"PZA02812.43",0.357316629437656,0,0.3552508
"PZA02814.2",0.0882852477840313,0,0.08280603
"PZA02815.25",0.671844336178461,0,0.6659911
"PZA02817.15",0.2962590575005,0,0.2899176
"PZA02817.3",0.396796071642429,0,0.3849729
"PZA02818.10",0.476655728776558,0,0.4663449
"PZA02818.6",0.660755341666009,0,0.6520883
"PZA02819.22",0.759369410003547,0,0.7578215
"PZA02819.35",0.978633181171002,0,0.9743278
"PZA02820.16",0.0383266776250122,0,0.0357125
"PZA02820.17",0.102643326347607,0,0.09974127
"PZA02820.6",0.734102212819676,0,0.694293
"PZA02820.7",0.190513850200369,0,0.1769448
"PZA02821.5",0.359425653425432,0,0.3526046
"PZA02824.1",0.812448882554222,0,0.8031879
"PZA02824.3",0.981857340026154,0,0.9812055
"PZA02825.4",0.452962326724022,0,0.4525726
"PZA02830.8",0.00309412229562604,0,0.001743949
"PZA02831.2",0.255743149170279,0,0.2548886
"PZA02831.5",0.0319847930335998,0,0.02963862
"PZA02831.6",0.412271327712897,0,0.4156406
"PZA02833.6",0.262309453567821,0,0.261227
"PZA02834.38",0.249488318663638,0,0.2485871
"PZA02836.17",0.27090863189257,0,0.2696474
"PZA02837.5",0.703684670382322,0,0.6989708
"PZA02837.6",0.744562684532848,0,0.7418042
"PZA02841.3",0.919440842714163,0,0.9122831
"PZA02841.5",0.917040240408182,0,0.9147342
"PZA02844.1",0.498555732390063,0,0.4813438
"PZA02847.21",0.332541174107368,0,0.3258381
"PZA02850.18",0.569536437613536,0,0.5547017
"PZA02850.4",0.74297325306161,0,0.729325
"PZA02853.10",0.717162913822878,0,0.7251244
"PZA02853.7",0.451316161926533,0,0.4487549
"PZA02854.13",0.52457977294831,0,0.5063542
"PZA02854.7",0.555801503844145,0,0.5578809
"PZA02855.14",0.487274190083412,0,0.4907081
"PZA02855.17",0.800028357333666,0,0.7954904
"PZA02855.22",0.486964584783372,0,0.4847941
"PZA02861.12",0.807789370206504,0,0.8157112
"PZA02861.13",0.976894013390628,0,0.9766684
"PZA02865.11",0.31418164837403,0,0.3109352
"PZA02869.2",0.827755866633272,0,0.8287896
"PZA02869.4",0.541836802810893,0,0.5471702
"PZA02869.8",0.569793317500906,0,0.5668369
"PZA02878.13",0.967018187866331,0,0.9716457
"PZA02881.9",0.772529941329398,0,0.7801754
"PZA02887.9",0.148226596925792,0,0.1415535
"PZA02888.3",0.591082942339958,0,0.5682627
"PZA02890.3",0.239862659190192,0,0.2371958
"PZA02890.4",0.387249971464199,0,0.3862803
"PZA02890.5",0.340782646334115,0,0.3389883
"PZA02894.1",0.761374122668177,0,0.7579897
"PZA02897.12",0.829784839454274,0,0.8282836
"PZA02906.7",0.642578854899809,0,0.639589
"PZA02916.4",0.0238380809196758,0,0.01961021
"PZA02916.5",0.00471245383625039,0,0.003556726
"PZA02921.4",0.0174446770122222,0,0.0149824
"PZA02921.9",0.92550371539765,0,0.924835
"PZA02923.7",0.68375390339986,0,0.6795935
"PZA02927.1",0.110558824540012,0,0.1055352
"PZA02938.3",0.375401746289801,0,0.3753314
"PZA02938.5",0.179896191006231,0,0.1745719
"PZA02939.5",0.691440537940942,0,0.6822363
"PZA02939.6",0.115153223480522,0,0.1124575
"PZA02941.3",0.225035113226322,0,0.2161558
"PZA02941.6",0.42710020803301,0,0.4141621
"PZA02944.10",0.62883883736534,0,0.597567
"PZA02944.12",0.479604071554748,0,0.4642759
"PZA02945.10",0.00342449860128268,0,0.001938114
"PZA02945.37",0.0342890964644038,0,0.03141098
"PZA02946.8",0.329846901990941,0,0.321215
"PZA02948.24",0.554992156462571,0,0.5380225
"PZA02949.22",0.73448047738647,0,0.7378085
"PZA02952.10",0.197290398308599,0,0.1861688
"PZA02952.7",0.999230000080611,0,0.9994024
"PZA02955.3",0.822594447030974,0,0.8061023
"PZA02957.4",0.41028628180069,0,0.4076383
"PZA02958.17",0.00784377797727429,0,0.006143537
"PZA02959.11",0.00919401353328288,0,0.007445621
"PZA02959.14",0.604009029953656,0,0.6064609
"PZA02959.7",0.239706582252644,0,0.2285982
"PZA02961.1",0.516925371943966,0,0.5205467
"PZA02961.6",0.276657491734202,0,0.2751936
"PZA02962.13",0.288048845253336,0,0.2724872
"PZA02962.14",0.108165553431087,0,0.1040307
"PZA02963.4",0.0536388660673084,0,0.05105045
"PZA02963.5",0.165293516226539,0,0.1641357
"PZA02964.7",0.133521036581492,0,0.1234644
"PZA02965.13",0.509308730384323,0,0.496113
"PZA02966.10",0.386882425987279,0,0.3843321
"PZA02966.11",0.663032275359525,0,0.6666475
"PZA02968.4",0.0642276103888664,0,0.05773358
"PZA02969.1",0.379838763110365,0,0.3685297
"PZA02969.8",0.944174030630425,0,0.9464257
"PZA02970.6",0.359116517901759,0,0.3548987
"PZA02970.9",0.612913767340944,0,0.6125637
"PZA02981.2",0.390751191407747,0,0.3821176
"PZA02982.5",0.0864737701233442,0,0.08283496
"PZA02982.6",0.539684356380445,0,0.5452561
"PZA02982.7",0.600905675742469,0,0.5926168
"PZA02983.38",0.55692058700926,0,0.5524647
"PZA02985.5",0.0317873221518141,0,0.0196872
"PZA02988.2",0.182025914630094,0,0.1767896
"PZA02989.5",0.911665394378795,0,0.9040848
"PZA02992.1",0.924536341527752,0,0.9295114
"PZA02992.15",0.0761339598685411,0,0.07121419
"PZA02993.14",0.39844948068017,0,0.3966299
"PZA02993.5",0.130736402524008,0,0.1259145
"PZA02993.6",0.860968260411827,0,0.8640635
"PZA02996.9",0.238382041268168,0,0.2368718
"PZA02997.16",0.560733913092641,0,0.5561128
"PZA03001.15",0.526858598556246,0,0.5296542
"PZA03001.18",0.333367916070329,0,0.3237376
"PZA03001.9",0.587216320350099,0,0.590002
"PZA03003.10",0.363491551409033,0,0.3599647
"PZA03003.11",0.484846860782427,0,0.4795891
"PZA03004.10",0.607776832059308,0,0.6087137
"PZA03004.2",0.00358216544372358,0,0.002629839
"PZA03005.19",0.229289025410819,0,0.2281624
"PZA03005.9",0.951743969412088,0,0.9525183
"PZA03008.21",0.318715132921131,0,0.3161476
"PZA03009.5",0.292986984633434,0,0.2800222
"PZA03009.6",0.348040069768734,0,0.3490825
"PZA03009.7",0.65544359722188,0,0.6481105
"PZA03011.6",0.845904880393218,0,0.838184
"PZA03012.10",0.487024450415811,0,0.4863235
"PZA03012.12",0.189561105844694,0,0.1824353
"PZA03012.7",0.233250224109348,0,0.2247361
"PZA03013.7",0.547458833318361,0,0.5385567
"PZA03013.8",0.721186742174698,0,0.7172751
"PZA03014.21",0.158708784334317,0,0.1511092
"PZA03014.9",0.57328286909714,0,0.5639609
"PZA03017.10",0.188735699157251,0,0.1698312
"PZA03018.16",0.685261064644267,0,0.6829237
"PZA03018.9",0.26650912093882,0,0.2634132
"PZA03019.8",0.350333414684979,0,0.3469418
"PZA03020.8",0.427375600581505,0,0.4032638
"PZA03024.16",0.10827891214101,0,0.1043908
"PZA03024.7",0.979572626612779,0,0.9757168
"PZA03027.12",0.701330072996191,0,0.6854773
"PZA03027.23",0.838461123178757,0,0.8501094
"PZA03027.25",0.207536848641448,0,0.1922745
"PZA03028.5",0.761955741525474,0,0.7629331
"PZA03032.16",0.401590263531912,0,0.3966906
"PZA03032.17",0.617306252429485,0,0.6130507
"PZA03032.19",0.716474053879777,0,0.7173554
"PZA03035.5",0.663840492764852,0,0.6701447
"PZA03037.2",0.0901348852380144,0,0.08624586
"PZA03037.3",0.63409232633128,0,0.6004748
"PZA03037.8",0.724001904037811,0,0.7201302
"PZA03041.8",0.20695322476191,0,0.2005319
"PZA03042.1",0.899002455204607,0,0.8938138
"PZA03042.5",0.107924465321703,0,0.09791811
"PZA03043.14",0.953920736661839,0,0.9576433
"PZA03043.8",0.835998140465437,0,0.8345813
"PZA03046.2",0.224346930745274,0,0.2240145
"PZA03046.3",0.0142641007442682,0,0.01227932
"PZA03046.4",0.365390926117493,0,0.3594817
"PZA03047.12",0.443621076720998,0,0.4418503
"PZA03047.20",0.608200448742007,0,0.5987463
"PZA03049.14",0.101973731606477,0,0.09999221
"PZA03049.15",0.0540641307218462,0,0.05137336
"PZA03049.23",0.0190700254818123,0,0.01540918
"PZA03049.24",0.213311263916737,0,0.2042267
"PZA03050.11",0.115692155506652,0,0.112421
"PZA03052.15",0.369884172233961,0,0.3614287
"PZA03054.10",0.279018024018631,0,0.2766994
"PZA03054.3",0.494781077697806,0,0.4840666
"PZA03054.5",0.14460818525315,0,0.1216181
"PZA03057.3",0.30577665590524,0,0.2983267
"PZA03058.12",0.690827673910585,0,0.674092
"PZA03058.16",0.996519534532652,0,0.9958256
"PZA03058.17",0.222353100392232,0,0.1867928
"PZA03058.21",0.19807353251001,0,0.1764313
"PZA03058.22",0.929215367604067,0,0.9306548
"PZA03061.5",0.593927127081533,0,0.5979589
"PZA03062.15",0.552604186717925,0,0.5541454
"PZA03062.7",0.278427874393378,0,0.2722701
"PZA03063.17",0.592539624349846,0,0.5925331
"PZA03063.18",0.969772779816739,0,0.9690008
"PZA03064.6",0.55960057595362,0,0.547938
"PZA03067.17",0.692753930922218,0,0.6971493
"PZA03067.20",0.729986267242529,0,0.7325663
"PZA03068.11",0.49101865937612,0,0.467093
"PZA03068.13",0.789709562576674,0,0.7924513
"PZA03069.4",0.0244595733946538,0,0.02203958
"PZA03069.8",0.568183897042669,0,0.5636789
"PZA03070.5",0.824820012637148,0,0.8256537
"PZA03070.6",0.110402835770172,0,0.0997086
"PZA03070.7",0.215656857253634,0,0.2119635
"PZA03070.9",0.296071984754963,0,0.2877909
"PZA03071.15",0.424999414024915,0,0.4282186
"PZA03073.23",0.361286200589186,0,0.3639828
"PZA03073.24",0.708480039641688,0,0.7049395
"PZA03073.25",0.143705065831913,0,0.1368713
"PZA03073.28",0.580910579581221,0,0.5780969
"PZA03074.24",0.469796929166375,0,0.4709518
"PZA03074.27",0.85337314091344,0,0.8585925
"PZA03076.10",0.218195259580754,0,0.2165461
"PZA03078.29",0.376520402414882,0,0.3766489
"PZA03078.33",0.531904133153927,0,0.5249291
"PZA03081.1",0.733536980933856,0,0.7254391
"PZA03081.9",0.164730233524039,0,0.1566064
"PZA03083.7",0.694347657815652,0,0.6957893
"PZA03085.30",0.234397708246132,0,0.233529
"PZA03086.6",0.329057359418663,0,0.3162309
"PZA03089.12",0.849238310042401,0,0.8381704
"PZA03090.31",0.353923357298191,0,0.3309632
"PZA03092.7",0.192104152480501,0,0.1839128
"PZA03093.10",0.967894796743764,0,0.9720518
"PZA03094.17",0.355534312153123,0,0.3469657
"PZA03094.6",0.190055636536654,0,0.1871507
"PZA03094.9",0.842769985397018,0,0.8318558
"PZA03097.4",0.238820574327837,0,0.2327668
"PZA03097.7",0.644932129988944,0,0.6405123
"PZA03100.4",0.771130697455631,0,0.77747
"PZA03102.2",0.46128589230754,0,0.4565338
"PZA03102.9",0.767823315128156,0,0.7626201
"PZA03106.1",0.262219213621366,0,0.2387002
"PZA03107.1",0.789521293687526,0,0.7872635
"PZA03109.1",0.823974381284317,0,0.8190095
"PZA03109.2",0.662060355458795,0,0.6686409
"PZA03109.3",0.357315005498929,0,0.3563566
"PZA03111.2",0.149308757489437,0,0.1253435
"PZA03112.1",0.958265296352044,0,0.9608443
"PZA03113.3",0.429697207221517,0,0.4224894
"PZA03113.4",0.358521064747788,0,0.3556079
"PZA03113.5",0.172027793913666,0,0.1420359
"PZA03114.2",0.864592483217887,0,0.8655383
"PZA03115.1",0.00714977575551272,0,0.005587197
"PZA03115.2",0.378088790015124,0,0.3795231
"PZA03116.1",0.730671255973589,0,0.7208793
"PZA03116.2",0.726886818934757,0,0.7078021
"PZA03117.2",0.013694581605494,0,0.01199884
"PZA03117.3",0.0252335991121319,0,0.01484627
"PZA03119.1",0.310246562129045,0,0.3049999
"PZA03119.3",0.634309946339373,0,0.6353737
"PZA03120.1",0.586714233416058,0,0.5855389
"PZA03120.3",0.233830298080619,0,0.2289364
"PZA03121.2",0.815551030379338,0,0.8160057
"PZA03122.1",0.183014486431725,0,0.1741897
"PZA03124.1",0.431944821883836,0,0.4300742
"PZA03126.1",0.0724668122878752,0,0.06910341
"PZA03128.1",0.831486724579635,0,0.8324744
"PZA03128.3",0.666048318369291,0,0.6714041
"PZA03132.3",0.733214339610028,0,0.7294519
"PZA03135.1",0.784041324780087,0,0.7822003
"PZA03135.3",0.52374176281225,0,0.4949113
"PZA03136.4",0.901187255295089,0,0.897464
"PZA03137.3",0.375152638224179,0,0.372489
"PZA03143.1",0.429420985637187,0,0.426067
"PZA03143.2",0.609753167579358,0,0.5968862
"PZA03143.4",0.0677604928809074,0,0.06465095
"PZA03144.1",0.204161583064824,0,0.2008186
"PZA03145.1",0.650164027609818,0,0.6456611
"PZA03146.1",0.247424154993268,0,0.2389908
"PZA03146.2",0.309900629774923,0,0.3069748
"PZA03146.3",0.181071782114315,0,0.1752631
"PZA03146.4",0.423000139199417,0,0.4242451
"PZA03149.1",0.199919473311838,0,0.1920976
"PZA03149.2",0.674417800073525,0,0.6834129
"PZA03149.4",0.442833782455618,0,0.4266447
"PZA03150.3",0.798410418771767,0,0.7973118
"PZA03150.4",0.747558724379234,0,0.7427877
"PZA03151.1",0.503221812182101,0,0.5020431
"PZA03151.2",0.836869717234413,0,0.8347603
"PZA03152.1",0.89149149594784,0,0.8823578
"PZA03152.2",0.0146633419188836,0,0.01285369
"PZA03152.3",0.192748936978613,0,0.1761201
"PZA03153.1",0.7398172443255,0,0.7351529
"PZA03153.2",0.377231504366852,0,0.3657376
"PZA03153.3",0.522161587814298,0,0.5195461
"PZA03153.4",0.47281930205376,0,0.4721647
"PZA03154.1",0.298841382854978,0,0.2675188
"PZA03154.2",0.337330962696923,0,0.3392117
"PZA03154.4",0.894857285142562,0,0.884996
"PZA03155.1",0.455290544315308,0,0.4408814
"PZA03155.3",0.930322115012368,0,0.9265878
"PZA03156.3",0.0929167565443753,0,0.07807616
"PZA03157.2",0.871381373880364,0,0.8748822
"PZA03158.1",0.744644442480091,0,0.7387919
"PZA03158.3",0.315262346470821,0,0.3115241
"PZA03161.1",0.620945412791047,0,0.6215234
"PZA03162.1",0.941540097309491,0,0.9320545
"PZA03162.2",0.776705042332187,0,0.7547996
"PZA03163.2",0.648548281822304,0,0.6383597
"PZA03163.4",0.704230267228866,0,0.6970424
"PZA03164.1",0.817757765336331,0,0.8163347
"PZA03164.2",0.591446000057525,0,0.5904967
"PZA03164.3",0.48494235366541,0,0.4744013
"PZA03165.1",0.278783801488257,0,0.2722114
"PZA03167.2",0.251177128550429,0,0.2465932
"PZA03167.3",0.107711542891529,0,0.09986832
"PZA03167.5",0.0786249259896002,0,0.07468003
"PZA03168.1",0.14367793069838,0,0.140061
"PZA03168.2",0.120643273482129,0,0.115742
"PZA03168.5",0.827588465127437,0,0.8119973
"PZA03169.1",0.195916471249185,0,0.1898825
"PZA03169.2",0.844239673442064,0,0.8423375
"PZA03169.3",0.622281227279609,0,0.6086071
"PZA03170.1",0.369230763579766,0,0.3616013
"PZA03170.2",0.971860164871293,0,0.9755762
"PZA03172.2",0.932315532689533,0,0.9398729
"PZA03172.3",0.927135859290515,0,0.9270235
"PZA03174.3",0.0401976240563537,0,0.03679628
"PZA03176.2",0.764207015793924,0,0.7640054
"PZA03176.3",0.335459408261619,0,0.3262341
"PZA03176.4",0.093177825004639,0,0.08841576
"PZA03178.1",0.733252488681804,0,0.731233
"PZA03178.3",0.466292348532143,0,0.4689423
"PZA03179.1",0.669984105736241,0,0.6599529
"PZA03179.4",0.50094776102858,0,0.4970749
"PZA03180.1",0.958711631110425,0,0.9552416
"PZA03180.2",0.676015421260457,0,0.6773493
"PZA03180.5",0.119524280767607,0,0.1119456
"PZA03182.2",0.685324125750452,0,0.6748957
"PZA03182.3",0.682161618800945,0,0.6820704
"PZA03182.5",0.954787799544363,0,0.9590536
"PZA03183.2",0.446022911370384,0,0.4422943
"PZA03183.3",0.00381437989008589,0,0.001602732
"PZA03183.4",0.770387355632338,0,0.7646153
"PZA03183.5",0.386583874963966,0,0.3828779
"PZA03184.1",0.872569550023939,0,0.8641056
"PZA03184.2",0.903287884997363,0,0.8941828
"PZA03184.3",0.367297911387814,0,0.363446
"PZA03185.1",0.627471781648763,0,0.6254391
"PZA03186.1",0.26720610721004,0,0.2644768
"PZA03186.2",0.948066854260419,0,0.9528009
"PZA03188.1",0.784763706880518,0,0.7789098
"PZA03188.2",0.356863967720776,0,0.357295
"PZA03188.3",0.28354210502496,0,0.2725129
"PZA03188.4",0.0116233751289206,0,0.004874642
"PZA03189.1",0.283197028190587,0,0.2713899
"PZA03189.2",0.447739371744742,0,0.4489118
"PZA03189.3",0.601524669659665,0,0.6048627
"PZA03189.4",0.806532254028181,0,0.8075173
"PZA03191.1",0.725198150880552,0,0.7298396
"PZA03191.2",0.986806420052852,0,0.990982
"PZA03191.3",0.842903027272826,0,0.8369974
"PZA03193.1",0.545978063021745,0,0.5410575
"PZA03193.2",0.713242156328824,0,0.7026255
"PZA03193.3",0.882128104147273,0,0.8744529
"PZA03194.1",0.0195317001519967,0,0.01247304
"PZA03194.2",0.0969560976206218,0,0.0907219
"PZA03195.2",0.827889377016626,0,0.8219155
"PZA03196.1",0.749288794474999,0,0.7548565
"PZA03196.3",0.206493392659573,0,0.1975778
"PZA03198.3",0.0391396166248263,0,0.0323943
"PZA03199.3",0.725017779759305,0,0.7251996
"PZA03200.1",0.452295415790308,0,0.4478417
"PZA03200.2",0.507917024987232,0,0.5034742
"PZA03200.3",0.405433541946271,0,0.3938254
"PZA03201.2",0.0721558414319923,0,0.06369511
"PZA03202.1",0.297195554436174,0,0.2983213
"PZA03202.2",0.953232691856498,0,0.9590872
"PZA03203.1",0.940374197426341,0,0.9427408
"PZA03203.2",0.518416542249284,0,0.5129917
"PZA03204.1",0.957596463979398,0,0.9565925
"PZA03204.2",0.851434471013128,0,0.8529955
"PZA03205.1",0.727916737915953,0,0.7249815
"PZA03205.3",0.431609795814196,0,0.4209394
"PZA03210.1",0.0236006186667292,0,0.01879056
"PZA03211.3",0.60396979275792,0,0.5973785
"PZA03211.5",0.0872671229981154,0,0.07946546
"PZA03212.3",0.79300968175543,0,0.7738664
"PZA03213.1",0.51222554536929,0,0.5008954
"PZA03213.2",0.307130662240987,0,0.2771958
"PZA03214.1",0.522671564933043,0,0.5229367
"PZA03214.2",0.572825213653116,0,0.5717457
"PZA03214.3",0.0046859992816931,0,0.002495161
"PZA03216.2",0.677469166058655,0,0.6663893
"PZA03217.1",0.306103261523253,0,0.2989454
"PZA03217.2",0.303190730468062,0,0.296224
"PZA03218.1",0.447909172804307,0,0.4391424
"PZA03218.2",0.644908726138,0,0.6399709
"PZA03219.2",0.318767730007676,0,0.3067438
"PZA03219.3",0.689279636891292,0,0.6803206
"PZA03222.1",0.928861399363859,0,0.9250764
"PZA03222.4",0.729708971440097,0,0.707472
"PZA03224.3",0.9174987624196,0,0.9204327
"PZA03224.4",0.0105163192126468,0,0.006943979
"PZA03225.2",0.516468897593483,0,0.5027076
"PZA03226.2",0.540998124087642,0,0.5307996
"PZA03226.3",0.979895932731166,0,0.9764489
"PZA03227.1",0.154104883102765,0,0.1478054
"PZA03227.2",0.87412655819992,0,0.869109
"PZA03228.2",0.893471891464995,0,0.9000269
"PZA03228.3",0.199049257364591,0,0.1961685
"PZA03228.4",0.790120868825068,0,0.7917044
"PZA03229.1",0.62257072434844,0,0.6235766
"PZA03229.2",0.258797510887033,0,0.2535092
"PZA03229.4",0.0645711671464951,0,0.06022521
"PZA03231.1",0.219024545641671,0,0.2075378
"PZA03233.1",0.626612975247348,0,0.6256236
"PZA03235.1",0.603521551955131,0,0.5968966
"PZA03235.2",0.914063764871642,0,0.9184568
"PZA03235.3",0.863941531160021,0,0.863883
"PZA03240.1",0.18922465928365,0,0.1760627
"PZA03240.2",0.164352571679473,0,0.1486816
"PZA03240.4",0.697368480752537,0,0.7008739
"PZA03240.5",0.434162837087938,0,0.4322123
"PZA03241.3",0.410765328584665,0,0.4127472
"PZA03242.1",0.821448330130566,0,0.8163641
"PZA03243.2",0.87027372965233,0,0.8611563
"PZA03243.3",0.722758275578525,0,0.7175826
"PZA03243.4",0.427903020715459,0,0.4269005
"PZA03243.6",0.247319874126433,0,0.2436511
"PZA03243.7",0.915800216322864,0,0.9137881
"PZA03244.1",0.669973872626395,0,0.6801045
"PZA03244.4",0.794621707829083,0,0.7999551
"PZA03244.6",0.943811727006255,0,0.9511619
"PZA03247.1",0.479292056477351,0,0.4824392
"PZA03247.3",0.197994412274387,0,0.194028
"PZA03253.1",0.356828757780684,0,0.3537084
"PZA03253.2",0.658074738938273,0,0.6612742
"PZA03254.1",0.942033944911303,0,0.9438461
"PZA03254.2",0.834252072368752,0,0.8302779
"PZA03254.3",0.887112280590253,0,0.8873974
"PZA03255.1",0.0155709548041493,0,0.01364725
"PZA03255.3",0.854143508817783,0,0.8554602
"PZA03255.4",0.950267088450655,0,0.9479732
"PZA03258.2",0.318342278473713,0,0.3064183
"PZA03261.1",0.170707986068044,0,0.156768
"PZA03262.1",0.778545478984355,0,0.7797544
"PZA03262.2",0.505710773865728,0,0.5024056
"PZA03263.1",0.837879207700174,0,0.8506786
"PZA03263.2",0.64066452503379,0,0.6356863
"PZA03264.1",0.103393626412213,0,0.1003399
"PZA03265.2",0.920958409389751,0,0.9209964
"PZA03265.3",0.158603226135882,0,0.1518981
"PZA03265.4",0.886251919866396,0,0.8871549
"PZA03267.2",0.380248278205506,0,0.3695876
"PZA03267.3",0.908667747920194,0,0.9117955
"PZA03267.4",0.740128904033431,0,0.7474086
"PZA03269.1",0.92480264486189,0,0.9354491
"PZA03270.1",0.719268995646219,0,0.7146096
"PZA03270.2",0.68418720014499,0,0.6829473
"PZA03270.3",0.521637742559789,0,0.5245282
"PZA03270.4",0.811606767456609,0,0.8087972
"PZA03270.5",0.093992587659087,0,0.08537388
"PZA03271.1",0.951127569486269,0,0.9584177
"PZA03271.2",0.777062615853448,0,0.758713
"PZA03275.1",0.997942974266884,0,0.9982447
"PZA03275.3",0.86330930254943,0,0.8597733
"PZA03275.4",0.114281549862037,0,0.1004921
"PZA03276.1",0.216844296103449,0,0.2130715
"PZA03276.2",0.138091182481578,0,0.1342237
"PZA03276.3",0.480578795393528,0,0.4776022
"PZA03276.4",0.0383148886192221,0,0.03640795
"PZA03278.1",0.824289219825176,0,0.8196428
"PZA03278.2",0.800428898130627,0,0.8054407
"PZA03283.1",0.81418041260766,0,0.8024482
"PZA03283.2",0.839337507899747,0,0.8287353
"PZA03284.3",0.109619294646904,0,0.1059738
"PZA03284.4",0.40397767561145,0,0.3628548
"PZA03286.1",0.23589748022654,0,0.2209246
"PZA03288.1",0.764446379715236,0,0.752377
"PZA03288.2",0.459359947400589,0,0.4412283
"PZA03290.1",0.511619615306862,0,0.50216
"PZA03290.2",0.981220622710331,0,0.9811531
"PZA03290.3",0.918399189988939,0,0.9172934
"PZA03293.1",0.295234005590242,0,0.2777746
"PZA03295.2",0.481897140419709,0,0.4836093
"PZA03296.1",0.598235827731433,0,0.585703
"PZA03296.2",0.639202258286519,0,0.6272332
"PZA03296.3",0.0619480760276998,0,0.05405959
"PZA03296.5",0.432936182154408,0,0.4283719
"PZA03296.7",0.543497285330533,0,0.5306809
"PZA03296.8",0.146519043806907,0,0.1437629
"PZA03297.1",0.730447146155847,0,0.7205988
"PZA03298.1",0.418924753049826,0,0.4195432
"PZA03298.3",0.492940669898998,0,0.4890524
"PZA03301.2",0.127572560378519,0,0.1238317
"PZA03301.3",0.30919732385863,0,0.3030632
"PZA03301.5",0.89933889840034,0,0.9054582
"PZA03302.1",0.587604920049505,0,0.5559062
"PZA03302.2",0.241561986953611,0,0.237805
"PZA03302.3",0.567052563103235,0,0.5598292
"PZA03303.3",0.452616220433366,0,0.4478329
"PZA03303.6",0.241071597676188,0,0.2374907
"PZA03304.1",0.159038635141897,0,0.1515449
"PZA03304.2",0.790521179512757,0,0.7911018
"PZA03304.3",0.139991022947406,0,0.1313023
"PZA03305.1",0.386663714511871,0,0.3757847
"PZA03305.2",0.0548266612105025,0,0.04908007
"PZA03305.3",0.0169564837503217,0,0.01453003
"PZA03305.4",0.29885529256791,0,0.2897371
"PZA03305.5",0.599327085665807,0,0.5977171
"PZA03305.7",0.68218893932116,0,0.6788601
"PZA03307.1",0.611376463711329,0,0.6154245
"PZA03308.2",0.804229694001728,0,0.8051064
"PZA03308.3",0.895319030529761,0,0.9027435
"PZA03309.1",0.893149349050037,0,0.8918004
"PZA03310.2",0.316338303007426,0,0.3119246
"PZA03311.2",0.156428500897445,0,0.152053
"PZA03311.3",0.525524166695116,0,0.5018864
"PZA03311.4",0.98604588607295,0,0.9866155
"PZA03311.5",0.0936266766631132,0,0.08877199
"PZA03311.6",0.837935373311567,0,0.8475248
"PZA03311.7",0.511644418747017,0,0.4904386
"PZA03312.1",0.19303359504945,0,0.1895842
"PZA03312.2",0.715022016659286,0,0.7054133
"PZA03312.3",0.280049828754413,0,0.2807785
"PZA03316.1",0.245903262595409,0,0.2403275
"PZA03316.3",0.271211581282515,0,0.2717753
"PZA03316.4",0.186991741371695,0,0.1721517
"PZA03318.1",0.50352584103376,0,0.495185
"PZA03319.1",0.219336399877631,0,0.2161977
"PZA03320.1",0.505854826052005,0,0.4831057
"PZA03320.2",0.166364290686224,0,0.1612505
"PZA03320.3",0.127694944102831,0,0.1218984
"PZA03320.4",0.636799219939141,0,0.6435486
"PZA03320.6",0.45512657583716,0,0.427054
"PZA03321.1",0.844727187023926,0,0.843396
"PZA03321.4",0.35247442365254,0,0.3496971
"PZA03322.1",0.667259394823742,0,0.6693234
"PZA03322.3",0.140601014171463,0,0.1289529
"PZA03322.4",0.151304433229747,0,0.1465359
"PZA03322.5",0.601783118810924,0,0.6047383
"PZA03324.1",0.687754659684452,0,0.680142
"PZA03328.2",0.667545064495786,0,0.6708342
"PZA03328.3",0.782380815937663,0,0.7901632
"PZA03328.4",0.552748815590755,0,0.549085
"PZA03328.6",0.351228419193107,0,0.3383505
"PZA03328.7",0.432408777535497,0,0.4280809
"PZA03329.1",0.549772450569219,0,0.5465138
"PZA03331.3",0.19946901284529,0,0.1940046
"PZA03331.7",0.250165706776797,0,0.2437989
"PZA03332.1",0.999031980124184,0,0.9995408
"PZA03335.1",0.508757558904852,0,0.502067
"PZA03335.2",0.683172194316312,0,0.6747521
"PZA03336.3",0.228489931338093,0,0.2222787
"PZA03337.1",0.941050197509811,0,0.9413295
"PZA03339.3",0.188200719299111,0,0.1809384
"PZA03340.1",0.354748039321422,0,0.3449298
"PZA03340.2",0.553021159248795,0,0.5500067
"PZA03340.3",0.220028490401443,0,0.2152129
"PZA03341.2",0.71555400202261,0,0.715211
"PZA03341.3",0.500294293687684,0,0.4997748
"PZA03344.1",0.357176816771715,0,0.3468372
"PZA03344.2",0.73737611029532,0,0.7347951
"PZA03344.3",0.21581682885338,0,0.2104287
"PZA03344.4",0.956951981264037,0,0.9567507
"PZA03345.1",0.752116056503795,0,0.739715
"PZA03345.2",0.563747430935507,0,0.5613228
"PZA03345.3",0.823717747683886,0,0.7883969
"PZA03345.5",0.516163739414718,0,0.4639928
"PZA03346.5",0.649084066845677,0,0.6464881
"PZA03346.6",0.126344356562234,0,0.1201123
"PZA03348.1",0.529411067071901,0,0.5323382
"PZA03348.3",0.849009548386814,0,0.8439459
"PZA03349.1",0.997511589684451,0,0.9976799
"PZA03349.4",0.928207215691609,0,0.9335387
"PZA03350.1",0.560417013026286,0,0.5613399
"PZA03351.1",0.0367358675935087,0,0.03310712
"PZA03353.1",0.885225192993329,0,0.8839214
"PZA03356.1",0.47829539366074,0,0.4777253
"PZA03358.1",0.682514813249761,0,0.6820158
"PZA03358.2",0.838966946728461,0,0.8364288
"PZA03358.3",0.97614898936013,0,0.975582
"PZA03358.4",0.730553719752523,0,0.7306307
"PZA03359.1",0.894906257958305,0,0.8947859
"PZA03359.2",0.365793828182713,0,0.3619824
"PZA03359.3",0.152868682697555,0,0.1454833
"PZA03360.1",0.83483231879777,0,0.8319093
"PZA03363.1",0.452843760811588,0,0.4519492
"PZA03366.1",0.8935081748922,0,0.8859156
"PZA03366.2",0.370414147904641,0,0.3599301
"PZA03367.1",0.0874450532554496,0,0.08391465
"PZA03367.2",0.3332895462662,0,0.3304718
"PZA03368.1",0.654231480789834,0,0.6469247
"PZA03368.3",0.618088036292425,0,0.6040867
"PZA03368.4",0.0779557855260389,0,0.07567113
"PZA03371.1",0.666226684386865,0,0.6624791
"PZA03371.2",0.341153348344155,0,0.3329274
"PZA03372.3",0.137796462763249,0,0.1361505
"PZA03376.1",0.0472957976485053,0,0.04330422
"PZA03376.2",0.0278248960432075,0,0.02535182
"PZA03379.1",0.352829523289575,0,0.3550992
"PZA03379.2",0.657591306783471,0,0.6148284
"PZA03381.1",0.106064983282413,0,0.09336027
"PZA03381.2",0.296665570735326,0,0.2851923
"PZA03384.1",0.467836964392598,0,0.458847
"PZA03385.1",0.0806395806593646,0,0.07415578
"PZA03385.2",0.418068244694361,0,0.4135116
"PZA03386.1",0.0938421122982565,0,0.08756431
"PZA03387.1",0.620603541020665,0,0.6206897
"PZA03388.1",0.0733405262929348,0,0.06258689
"PZA03388.2",0.960304664272978,0,0.9555797
"PZA03390.1",0.998877871158638,0,0.9992551
"PZA03391.1",0.690364113406981,0,0.6898636
"PZA03391.3",0.662433778086744,0,0.665523
"PZA03392.1",0.181029158435609,0,0.165574
"PZA03392.2",0.262304605080279,0,0.2524042
"PZA03394.1",0.777113471815855,0,0.7793973
"PZA03395.3",0.916127988332098,0,0.9170873
"PZA03395.4",0.315817572957026,0,0.3150972
"PZA03395.5",0.0126950779273377,0,0.01036194
"PZA03397.1",0.00380379456201319,0,0.001952864
"PZA03398.1",0.7141563810088,0,0.707006
"PZA03398.2",0.634273674922571,0,0.6292591
"PZA03399.1",0.679033260136926,0,0.6755371
"PZA03399.2",0.0621326102722677,0,0.05763847
"PZA03400.1",0.118119965431881,0,0.1128652
"PZA03402.1",0.239985683980628,0,0.2337933
"PZA03404.1",0.854018927325738,0,0.8536313
"PZA03405.1",0.147512189934272,0,0.1419086
"PZA03406.1",0.395233973818849,0,0.3725531
"PZA03407.2",0.240798701062855,0,0.2300399
"PZA03407.3",0.364443983429743,0,0.3607734
"PZA03407.4",0.968904189954613,0,0.9728515
"PZA03407.5",0.502100033378492,0,0.5001311
"PZA03408.1",0.986596236229433,0,0.9878864
"PZA03409.1",0.752565061377449,0,0.7367079
"PZA03409.2",0.673984772681284,0,0.6790308
"PZA03409.3",0.324472741062149,0,0.3231526
"PZA03410.1",0.531821352229344,0,0.5298553
"PZA03411.3",0.516760912060831,0,0.513532
"PZA03416.6",0.916242325970536,0,0.9243834
"PZA03416.7",0.0861584909877309,0,0.08020794
"PZA03416.8",0.296621702646599,0,0.296385
"PZA03416.9",0.298699252147723,0,0.2990435
"PZA03418.1",0.729749576953152,0,0.7263663
"PZA03418.2",0.279486544193271,0,0.2742984
"PZA03420.1",0.108558618590781,0,0.09392557
"PZA03426.1",0.307154575753895,0,0.281744
"PZA03427.1",0.0484223155602304,0,0.0453456
"PZA03427.2",0.0447511621735074,0,0.04110083
"PZA03429.1",0.512165052855866,0,0.5018589
"PZA03431.1",0.0827843430212288,0,0.07931043
"PZA03438.1",0.773639401160775,0,0.768981
"PZA03442.1",0.755422518300524,0,0.7476321
"PZA03443.1",0.260556031743555,0,0.2573282
"PZA03445.1",0.76524557905947,0,0.7687803
"PZA03446.1",0.31475778684172,0,0.3067756
"PZA03449.3",0.463945042107801,0,0.459325
"PZA03449.4",0.995180251981103,0,0.9944535
"PZA03451.5",0.968098450338949,0,0.9702561
"PZA03451.6",0.534520231967657,0,0.5254671
"PZA03451.7",0.730702290663514,0,0.7196242
"PZA03457.1",0.0562119110573839,0,0.04507114
"PZA03461.1",0.833549060593164,0,0.8332322
"PZA03465.1",0.166202671918565,0,0.1584672
"PZA03469.1",0.206734815301653,0,0.2063575
"PZA03470.1",0.31800732529196,0,0.3010604
"PZA03518.1",0.831108735736672,0,0.8398178
"PZA03519.1",0.91429659630147,0,0.9070629
"PZA03519.2",0.846875637099982,0,0.8405165
"PZA03520.1",0.506441395456418,0,0.4982151
"PZA03520.2",0.277145125905298,0,0.2615567
"PZA03520.3",0.962057695197559,0,0.9585355
"PZA03520.4",0.309180639807352,0,0.2980825
"PZA03521.1",0.117057573480921,0,0.1059783
"PZA03522.1",0.178789322916821,0,0.1740463
"PZA03522.2",0.832517603313377,0,0.8227353
"PZA03523.1",0.584730209237695,0,0.5909255
"PZA03523.2",0.514115052315841,0,0.5177954
"PZA03525.1",0.421989591160685,0,0.4196718
"PZA03527.1",0.411574787192249,0,0.3941174
"PZA03527.2",0.891032430037568,0,0.8692584
"PZA03527.3",0.0849420183920539,0,0.07955444
"PZA03528.1",0.867374017437705,0,0.8579051
"PZA03528.2",0.157968189682456,0,0.151957
"PZA03528.3",0.0340056817994036,0,0.03013587
"PZA03529.1",0.637448784414986,0,0.6432165
"PZA03529.4",0.223587720039076,0,0.2180448
"PZA03529.6",0.872321761458912,0,0.8687011
"PZA03531.1",0.416531463212443,0,0.3835395
"PZA03533.1",0.125641924007902,0,0.1217214
"PZA03534.1",0.00190423158218492,0,0.001397946
"PZA03534.3",0.00138095757714211,0,0.0008761477
"PZA03535.2",0.637492215747805,0,0.6297745
"PZA03535.3",0.936615541345035,0,0.9456918
"PZA03536.1",0.0308420252138886,0,0.02706882
"PZA03536.2",0.65022995939558,0,0.6511953
"PZA03537.1",0.241487686313317,0,0.2367276
"PZA03538.1",0.447250761973482,0,0.4399393
"PZA03539.1",0.124985320698691,0,0.1142914
"PZA03540.1",0.0720228206552359,0,0.0677569
"PZA03541.2",0.649171861203582,0,0.6462444
"PZA03541.3",0.292840026904887,0,0.2908182
"PZA03541.4",0.571833830300788,0,0.5656529
"PZA03544.2",0.840633058288662,0,0.83864
"PZA03544.3",0.748387504659178,0,0.7490088
"PZA03544.4",0.348378303373648,0,0.3377098
"PZA03544.5",0.978080918819386,0,0.9786126
"PZA03545.1",0.0695177412873117,0,0.06439773
"PZA03546.1",0.521142430391723,0,0.520569
"PZA03550.1",0.513976740986941,0,0.5128288
"PZA03550.2",0.94147629803594,0,0.939987
"PZA03551.1",0.718883525616784,0,0.6944815
"PZA03551.2",0.965309780163383,0,0.9609646
"PZA03552.1",0.911435444427746,0,0.9119976
"PZA03552.2",0.0435209546274718,0,0.03601383
"PZA03553.1",0.163132063030058,0,0.15876
"PZA03555.1",0.0880431296699329,0,0.08371217
"PZA03556.2",0.151747440320059,0,0.1462978
"PZA03556.3",0.218201703883829,0,0.1919977
"PZA03557.1",0.399337288547609,0,0.3806605
"PZA03558.3",0.625143408644839,0,0.6167876
"PZA03559.1",0.020551623288755,0,0.01428147
"PZA03559.2",0.623322785730374,0,0.6111411
"PZA03561.1",0.914029316331783,0,0.9119443
"PZA03561.2",0.442624896396065,0,0.4407974
"PZA03561.4",0.438974931248549,0,0.4338157
"PZA03562.1",0.80671418727992,0,0.8073716
"PZA03562.3",0.111532298948279,0,0.1087645
"PZA03563.1",0.575943358518883,0,0.5686527
"PZA03564.1",0.547130355685183,0,0.5374083
"PZA03564.2",0.0461478733908484,0,0.04318418
"PZA03565.2",0.0242388065102468,0,0.02050358
"PZA03567.1",0.733550375199773,0,0.7373841
"PZA03568.1",0.870746090744895,0,0.8626449
"PZA03568.2",0.905337228186123,0,0.9049351
"PZA03568.3",0.407218473816667,0,0.3925235
"PZA03569.2",0.922612979757247,0,0.9238611
"PZA03570.1",0.991637271773296,0,0.9921265
"PZA03570.2",0.736576725225587,0,0.733054
"PZA03571.2",0.877450996143181,0,0.881328
"PZA03572.2",0.612859432078888,0,0.5945294
"PZA03573.1",0.378953091779325,0,0.3647288
"PZA03573.2",0.524069288265963,0,0.5188319
"PZA03573.3",0.861229516711888,0,0.8587889
"PZA03574.1",0.994191102319223,0,0.9934405
"PZA03574.2",0.608604719782225,0,0.6067006
"PZA03574.3",0.861533815222031,0,0.8623392
"PZA03574.5",0.941422409284293,0,0.9384781
"PZA03575.2",0.162153581403647,0,0.1575052
"PZA03575.3",0.495599906543148,0,0.4892012
"PZA03575.4",0.908398905939879,0,0.9085606
"PZA03576.1",0.393982261554945,0,0.3827354
"PZA03576.3",0.161746732498338,0,0.148111
"PZA03576.4",0.598783811424395,0,0.6015889
"PZA03577.1",0.863548051423481,0,0.8569273
"PZA03577.2",0.0288433640785054,0,0.02239359
"PZA03579.1",0.580925600967172,0,0.5685434
"PZA03579.2",0.597765775910402,0,0.5726889
"PZA03580.2",0.037672732358716,0,0.0336285
"PZA03580.4",0.973962315933262,0,0.9744072
"PZA03580.5",0.415884430668633,0,0.4150771
"PZA03581.1",0.0341336513053998,0,0.03161564
"PZA03581.2",0.870390927923138,0,0.872038
"PZA03583.1",0.253647850620732,0,0.2290936
"PZA03583.2",0.483110790805517,0,0.4811486
"PZA03584.1",0.478533119165351,0,0.4801686
"PZA03584.2",0.118050855486636,0,0.1127016
"PZA03585.1",0.00991458640917262,0,0.008295697
"PZA03586.1",0.940062650874967,0,0.9368094
"PZA03587.2",0.248527758070324,0,0.2422913
"PZA03588.2",0.890231808069789,0,0.8822725
"PZA03590.1",0.714503356947216,0,0.7081452
"PZA03591.1",0.00712598684180234,0,0.006057917
"PZA03591.2",0.735056551002295,0,0.7416644
"PZA03591.3",0.516340212550417,0,0.4797468
"PZA03592.1",0.190420358788556,0,0.1840455
"PZA03592.3",0.900791185065801,0,0.9002894
"PZA03593.1",0.789712033388316,0,0.7914804
"PZA03593.2",0.384082534378219,0,0.3839413
"PZA03594.1",0.677977714393441,0,0.6631458
"PZA03595.1",0.286863745926317,0,0.2797142
"PZA03595.2",0.210989514387614,0,0.2085861
"PZA03595.3",0.161556305930295,0,0.1570344
"PZA03596.1",0.482967914507375,0,0.4732164
"PZA03596.2",0.242201728701275,0,0.2335704
"PZA03596.3",0.996056251972118,0,0.9940569
"PZA03597.1",0.747263463980078,0,0.7560391
"PZA03598.1",0.403700069965401,0,0.4069448
"PZA03598.2",0.790863038476523,0,0.7715686
"PZA03599.1",0.515186707735614,0,0.5158575
"PZA03599.2",0.840784727525293,0,0.843142
"PZA03599.3",0.491922277644496,0,0.4873048
"PZA03600.1",0.240347772898103,0,0.2366727
"PZA03601.1",0.124517824902624,0,0.1046375
"PZA03601.3",0.0726453153196849,0,0.06788498
"PZA03602.1",0.127930382062477,0,0.1221156
"PZA03602.2",0.319769109947018,0,0.3038751
"PZA03604.1",0.56413025985837,0,0.5571759
"PZA03604.2",0.950975883436604,0,0.9517867
"PZA03604.3",0.743457787466607,0,0.752789
"PZA03605.1",0.827294592036425,0,0.8232193
"PZA03605.2",0.939257356779733,0,0.9278508
"PZA03606.1",0.23644791889022,0,0.2262445
"PZA03607.1",0.950543208602774,0,0.9460037
"PZA03607.2",0.963772460230047,0,0.9595212
"PZA03607.3",0.695341218734768,0,0.6823488
"PZA03607.4",0.847327354184145,0,0.84958
"PZA03607.5",0.246922768648271,0,0.2461213
"PZA03608.1",0.141588207970091,0,0.1380807
"PZA03608.2",0.71349594227554,0,0.7062614
"PZA03610.1",0.365239042596881,0,0.3683069
"PZA03611.1",0.359855808958194,0,0.361821
"PZA03612.2",0.394852414197981,0,0.3993021
"PZA03612.3",0.290223821638885,0,0.2916344
"PZA03612.4",0.951869835032457,0,0.9512667
"PZA03613.1",0.695826068313723,0,0.6930417
"PZA03613.2",0.734019825707176,0,0.7332975
"PZA03614.1",0.510295091272838,0,0.5076807
"PZA03614.2",0.558787088725494,0,0.5534845
"PZA03618.1",0.555462983877827,0,0.5516134
"PZA03618.2",0.996951069027671,0,0.9966237
"PZA03618.3",0.940008119406242,0,0.9391833
"PZA03618.4",0.787329900319699,0,0.7871238
"PZA03623.1",0.637771746590699,0,0.6415417
"PZA03623.2",0.92429461470475,0,0.9209483
"PZA03624.1",0.0287530379986487,0,0.02556834
"PZA03624.2",0.404288579022679,0,0.4038161
"PZA03625.1",0.338616224403256,0,0.3328186
"PZA03626.1",0.621064073114272,0,0.6220801
"PZA03626.2",0.893787643792703,0,0.8944077
"PZA03627.1",0.136559563298929,0,0.1356481
"PZA03627.3",0.706465218681096,0,0.704638
"PZA03629.1",0.645696102306472,0,0.6458283
"PZA03629.2",0.701920837509131,0,0.7115824
"PZA03630.1",0.379586071093546,0,0.3790863
"PZA03630.2",0.679051312071181,0,0.679894
"PZA03631.1",0.221608446669721,0,0.2199437
"PZA03631.2",0.279442111884022,0,0.2795757
"PZA03632.1",0.754678583803366,0,0.753624
"PZA03632.2",0.75984378514492,0,0.7561065
"PZA03632.3",0.286087348034492,0,0.2851364
"PZA03634.1",0.123711848796087,0,0.09954353
"PZA03634.2",0.563860775565214,0,0.5648687
"PZA03635.1",0.60734692215368,0,0.6115749
"PZA03637.1",0.759402745759524,0,0.7622195
"PZA03637.2",0.217412980232173,0,0.204884
"PZA03637.3",0.841217708240128,0,0.8482554
"PZA03638.1",0.856529557084081,0,0.8631158
"PZA03638.2",0.177154605476208,0,0.1638333
"PZA03638.3",0.887307177185076,0,0.8757492
"PZA03639.1",0.497593694978031,0,0.4956364
"PZA03640.1",0.433524755990392,0,0.4315674
"PZA03641.1",0.682484827870386,0,0.684258
"PZA03642.1",0.212841736183975,0,0.2078731
"PZA03643.1",0.358339753676907,0,0.3584451
"PZA03643.2",0.541999968495051,0,0.5373837
"PZA03644.1",0.185329492274949,0,0.1740288
"PZA03644.2",0.113267485167188,0,0.107202
"PZA03644.3",0.644573627792465,0,0.6453242
"PZA03644.4",0.803245561996938,0,0.8029935
"PZA03645.1",0.306391109964214,0,0.3061979
"PZA03645.2",0.179702762474377,0,0.1749016
"PZA03646.1",0.833671073957525,0,0.8282187
"PZA03646.2",0.41239450442352,0,0.4100464
"PZA03647.1",0.872105855846067,0,0.8797607
"PZA03647.3",0.0445494424148783,0,0.04031454
"PZA03648.1",0.573525088891221,0,0.5806383
"PZA03648.2",0.0589760947760624,0,0.05379209
"PZA03648.3",0.0915181398794082,0,0.0882188
"PZA03649.1",0.19104880367624,0,0.1878144
"PZA03650.1",0.786205657305697,0,0.7843859
"PZA03651.1",0.976909700143661,0,0.9746554
"PZA03651.2",0.505783453915643,0,0.5068527
"PZA03652.1",0.474205626423879,0,0.4747536
"PZA03652.2",0.390043499203107,0,0.3818944
"PZA03652.3",0.0213811417436313,0,0.01904709
"PZA03653.1",0.898465501450452,0,0.8937641
"PZA03654.1",0.660530242649392,0,0.6533857
"PZA03654.2",0.207821788545448,0,0.1955486
"PZA03658.1",0.688375640289686,0,0.6848911
"PZA03659.1",0.588565076761874,0,0.5840209
"PZA03659.2",0.204317260550373,0,0.1986467
"PZA03659.4",0.88286423031883,0,0.8743047
"PZA03660.1",0.817493110888502,0,0.815835
"PZA03661.1",0.517454304371021,0,0.5135422
"PZA03661.3",0.815635048653005,0,0.8138038
"PZA03662.2",0.321027153577587,0,0.3200889
"PZA03663.1",0.391847453417607,0,0.3644786
"PZA03663.2",0.827556977275736,0,0.8331613
"PZA03664.1",0.855129631628203,0,0.8534943
"PZA03665.2",0.64167704758348,0,0.6490641
"PZA03666.3",0.104605284508908,0,0.1018557
"PZA03667.1",0.143593529181561,0,0.136731
"PZA03667.2",0.940884732780943,0,0.9364063
"PZA03668.1",0.0783305862426174,0,0.07209344
"PZA03668.2",0.127046446837671,0,0.1250405
"PZA03668.3",0.905208792437819,0,0.9050409
"PZA03668.4",0.206910481661153,0,0.2061189
"PZA03669.1",0.763290885971406,0,0.7604617
"PZA03670.1",0.0920158662140047,0,0.08795398
"PZA03671.1",0.259520821212708,0,0.2491156
"PZA03672.1",0.313763979028472,0,0.3046365
"PZA03673.1",0.875114798969548,0,0.8739676
"PZA03673.2",0.893164459861804,0,0.8964459
"PZA03675.1",0.304803593188747,0,0.3025446
"PZA03675.2",0.550359430865437,0,0.5496275
"PZA03676.1",0.197105963410607,0,0.193226
"PZA03676.2",0.0446048073647682,0,0.04038477
"PZA03676.3",0.300540585287677,0,0.2981342
"PZA03676.4",0.982990530511905,0,0.9805066
"PZA03677.1",0.18110308305761,0,0.1577076
"PZA03677.2",0.1355537260999,0,0.1311563
"PZA03677.3",0.628961131935211,0,0.6305221
"PZA03677.4",0.882139149886086,0,0.8823944
"PZA03678.1",0.898329018858091,0,0.8933648
"PZA03680.1",0.780011471189953,0,0.7804551
"PZA03683.1",0.618247795691009,0,0.6132572
"PZA03685.1",0.659696629913799,0,0.6604012
"PZA03686.1",0.9306046194911,0,0.9230968
"PZA03687.1",0.47509902173133,0,0.47573
"PZA03688.3",0.923896998612985,0,0.9230246
"PZA03690.1",0.699879789451093,0,0.6892776
"PZA03690.2",0.934627185421153,0,0.9334242
"PZA03692.1",0.750805421609699,0,0.741251
"PZA03693.1",0.0257369358501847,0,0.02339552
"PZA03695.1",0.855236578103304,0,0.8549888
"PZA03695.2",0.992496469944141,0,0.9945436
"PZA03696.1",0.944194536533268,0,0.9462637
"PZA03696.2",0.174095065758323,0,0.1710968
"PZA03696.3",0.458870631832229,0,0.4621992
"PZA03697.1",0.69563399286837,0,0.6986941
"PZA03698.1",0.862374142834583,0,0.8689201
"PZA03698.2",0.200550103286443,0,0.1988253
"PZA03698.3",0.782739437833661,0,0.7861621
"PZA03699.1",0.270392078380869,0,0.2667526
"PZA03700.2",0.769391846815138,0,0.7648185
"PZA03700.3",0.964653263946118,0,0.9652648
"PZA03701.1",0.597937440804218,0,0.5904469
"PZA03704.1",0.904955854135008,0,0.9017746
"PZA03705.1",0.976955112830705,0,0.9753277
"PZA03706.1",0.991510217241165,0,0.9906993
"PZA03707.1",0.518131897709981,0,0.4969608
"PZA03707.2",0.249159087934422,0,0.236929
"PZA03708.1",0.438736277338201,0,0.4175077
"PZA03708.3",0.435415057133247,0,0.4261637
"PZA03709.1",0.0953324999735099,0,0.09100099
"PZA03709.2",0.588078382178746,0,0.5956822
"PZA03710.1",0.974848333615517,0,0.9754656
"PZA03710.2",0.551273481232377,0,0.5362015
"PZA03710.3",0.427186768048434,0,0.4309545
"PZA03710.4",0.866848618762628,0,0.8666979
"PZA03710.5",0.693437209759939,0,0.6966522
"PZA03710.6",0.999339542006135,0,0.9996428
"PZA03711.1",0.267054718285662,0,0.2607944
"PZA03711.2",0.699364745764063,0,0.7024552
"PZA03711.3",0.154873089785727,0,0.1481018
"PZA03713.1",0.270607819125324,0,0.2567509
"PZA03714.1",0.161810346638054,0,0.1595689
"PZA03714.2",0.206558949958427,0,0.2050765
"PZA03714.3",0.394523193683426,0,0.3983983
"PZA03714.4",0.307369170483172,0,0.3042399
"PZA03716.1",0.233160639252828,0,0.2282237
"PZA03716.2",0.0644442161943292,0,0.0595688
"PZA03717.1",0.156559468839185,0,0.1413977
"PZA03718.1",0.832944208053703,0,0.8339501
"PZA03719.1",0.430548429779983,0,0.4280108
"PZA03719.2",0.51115812661174,0,0.4989459
"PZA03720.1",0.970520227544282,0,0.971248
"PZA03720.2",0.438291743846881,0,0.4258567
"PZA03721.1",0.188859362660134,0,0.1869718
"PZA03722.1",0.675700555953446,0,0.6783079
"PZA03723.1",0.172382981245972,0,0.1441509
"PZA03723.2",0.17529510061629,0,0.1665281
"PZA03723.3",0.730025699583532,0,0.7307492
"PZA03723.4",0.735738718256155,0,0.7355555
"PZA03723.5",0.761939494555703,0,0.7620796
"PZA03725.1",0.365544818555216,0,0.3641669
"PZA03725.2",0.358781731494235,0,0.357056
"PZA03727.1",0.57335063291889,0,0.5735644
"PZA03728.1",0.492218798256393,0,0.4946271
"PZA03728.2",0.57371450530042,0,0.5531705
"PZA03728.3",0.533190759500916,0,0.5004614
"PZA03729.1",0.453900569670469,0,0.4507084
"PZA03730.1",0.389989329370584,0,0.3866523
"PZA03730.2",0.635367788720737,0,0.6333812
"PZA03730.3",0.827569577756127,0,0.8181024
"PZA03731.1",0.287108858962839,0,0.2783543
"PZA03731.2",0.883264778543997,0,0.8793413
"PZA03732.1",0.397338406007928,0,0.3899301
"PZA03732.2",0.724536553715898,0,0.7238907
"PZA03732.3",0.564409860360884,0,0.5603558
"PZA03733.1",0.00733711973691726,0,0.005859299
"PZA03733.2",0.0146227833321799,0,0.01215449
"PZA03734.2",0.504691330798388,0,0.5096516
"PZA03734.3",0.375257052374973,0,0.3707177
"PZA03735.1",0.0103457666764574,0,0.008528609
"PZA03736.1",0.528069444935601,0,0.5264903
"PZA03738.2",0.325243470525885,0,0.3164498
"PZA03739.1",0.851333960385398,0,0.8381397
"PZA03741.1",0.689319244637702,0,0.681381
"PZA03742.1",0.841661702860923,0,0.8286635
"PZA03742.2",0.679283526742163,0,0.6621872
"PZA03743.1",0.101129233073587,0,0.09609158
"PZA03744.1",0.308161100706873,0,0.3066093
"PZA03745.1",0.428103859109549,0,0.4292698
"PZA03746.1",0.831656311950962,0,0.8386868
"PZA03746.4",0.0582933014674188,0,0.05540382
"PZA03746.5",0.0669461654671088,0,0.06409291
"PZA03747.1",0.416543010109748,0,0.4125575
"PZA03747.2",0.0328189599371226,0,0.0268889
"PZA03747.4",0.476815919849249,0,0.4733149
"PZA03747.7",0.20891065076239,0,0.2066776
"PZA03748.1",0.858498118824367,0,0.8550799
"PZA03748.2",0.520755935151617,0,0.5186494
"PZA03748.3",0.0788930948112456,0,0.07598449
"PZA03748.4",0.446295531676119,0,0.4509973
"PZA03750.2",0.0389561493771738,0,0.03634614
"PZA03751.1",0.957665444051869,0,0.95774
"PZA03752.1",0.335576460733883,0,0.3306836
"PZA03752.2",0.663775851586098,0,0.6686988
"PZA03753.1",0.658371766889271,0,0.6603311
"PZA03753.3",0.806341898233255,0,0.7971652
"PZA03755.2",0.950928667634711,0,0.9495859
"PZA03755.3",0.766776529002514,0,0.7684328
"PZA03756.1",0.528051586077928,0,0.5249311
"PZA03756.2",0.228475610738409,0,0.2238173
"PZA03757.1",0.652811969943226,0,0.6486239
"PZA03758.1",0.38052874994288,0,0.3781709
"PZA03759.1",0.639867371871648,0,0.6330094
"PZA03759.2",0.0483268774456451,0,0.04519964
"PZA03760.1",0.985593221481449,0,0.9852442
"PZA03760.2",0.25625184541715,0,0.2509886
"PZA03761.1",0.383439775216765,0,0.3797014
"PZA03761.2",0.835392440130006,0,0.8369695
"PZA03761.3",0.0340973819728586,0,0.03186727
"PZA03762.1",0.373022836806842,0,0.3713296
"PZA03762.2",0.463915718082272,0,0.4515205
"PZB00007.3",0.47061579047946,0,0.4746453
"PZB00008.1",0.481116145931795,0,0.4591654
"PZB00011.1",0.424365261809412,0,0.4062195
"PZB00011.6",0.642545685354545,0,0.6436749
"PZB00014.1",0.0308075469570948,0,0.02566017
"PZB00017.1",0.0225777126419185,0,0.02032292
"PZB00018.3",0.609951793980089,0,0.5968875
"PZB00018.4",0.142052349923756,0,0.1332572
"PZB00023.1",0.954780955129412,0,0.9517653
"PZB00033.1",0.227099869656191,0,0.2211747
"PZB00035.1",0.320032181065474,0,0.2860556
"PZB00037.1",0.971318406383256,0,0.9683788
"PZB00037.2",0.0988275588525992,0,0.09637034
"PZB00037.3",0.800046684322677,0,0.7921012
"PZB00045.2",0.151905315653634,0,0.1506135
"PZB00045.3",0.0804344909466328,0,0.07635429
"PZB00054.3",0.281904665870318,0,0.2569456
"PZB00062.9",0.821235755088051,0,0.8298245
"PZB00063.2",0.186292249418412,0,0.1837304
"PZB00063.3",0.400058026046945,0,0.3977205
"PZB00063.4",0.0893733419662857,0,0.08651101
"PZB00063.5",0.443744061470416,0,0.4444097
"PZB00063.6",0.590641057192879,0,0.5921566
"PZB00064.1",0.0690475010912922,0,0.06511292
"PZB00068.1",0.433339851474891,0,0.4211967
"PZB00069.1",0.987843666234807,0,0.9883428
"PZB00079.2",0.562188135205057,0,0.5567312
"PZB00079.3",0.14528664377631,0,0.1417711
"PZB00079.4",0.709415080452743,0,0.7094322
"PZB00080.1",0.114683948645129,0,0.107439
"PZB00080.2",0.995109764299815,0,0.9969725
"PZB00081.2",0.301705211255644,0,0.3020961
"PZB00081.3",0.0377291049150822,0,0.03460699
"PZB00081.4",0.80081455477116,0,0.8032573
"PZB00081.5",0.296834969506721,0,0.2966397
"PZB00083.1",0.83002193440282,0,0.828993
"PZB00083.3",0.721516606612086,0,0.7209205
"PZB00089.2",0.937703431091946,0,0.9435779
"PZB00089.3",0.545239485072717,0,0.5281754
"PZB00092.1",0.292055417180187,0,0.2856575
"PZB00093.1",0.29122748687752,0,0.2807958
"PZB00093.2",0.0426567769382104,0,0.0378455
"PZB00093.7",0.121075881762166,0,0.1186035
"PZB00094.1",0.0958457030483692,0,0.08929085
"PZB00102.1",0.84287014423697,0,0.8341899
"PZB00102.2",0.915279044008956,0,0.9197585
"PZB00104.1",0.854281446431534,0,0.8553342
"PZB00104.2",0.212774090783938,0,0.1980644
"PZB00104.3",0.287823212515326,0,0.284489
"PZB00108.2",0.544568856592006,0,0.5490702
"PZB00108.4",0.996728217214584,0,0.9944152
"PZB00109.1",0.0171278528037744,0,0.01531209
"PZB00109.2",0.152539127092427,0,0.1494874
"PZB00112.1",0.146378858542181,0,0.1319865
"PZB00112.2",0.49469030668865,0,0.4979671
"PZB00116.1",0.0594464273400238,0,0.05418695
"PZB00116.2",0.376443709622351,0,0.3598495
"PZB00118.2",0.75939627650718,0,0.7613194
"PZB00119.1",0.0851091379331783,0,0.07049818
"PZB00119.3",0.0530520652006977,0,0.03409821
"PZB00123.1",0.872821184719948,0,0.8686901
"PZB00126.1",0.973728825685076,0,0.9728668
"PZB00136.2",0.762476174980559,0,0.7615511
"PZB00139.1",0.588192484913981,0,0.583697
"PZB00140.1",0.86272136646416,0,0.8627059
"PZB00145.1",0.471159705447842,0,0.4616687
"PZB00147.1",0.102775387310681,0,0.09848029
"PZB00148.3",0.417207616352976,0,0.4149702
"PZB00149.1",0.00885839169877465,0,0.007393819
"PZB00149.2",0.45877752131612,0,0.4527891
"PZB00153.1",0.225873783006021,0,0.2229745
"PZB00160.1",0.650255957797302,0,0.6412339
"PZB00165.2",0.507345130121075,0,0.502733
"PZB00165.4",0.113515358796812,0,0.1076511
"PZB00169.2",0.577664286448201,0,0.5819629
"PZB00174.1",0.028732792464139,0,0.01732532
"PZB00174.3",0.304155711681865,0,0.2993589
"PZB00175.2",0.0799672104073945,0,0.07536231
"PZB00176.5",0.536234841136246,0,0.532797
"PZB00178.2",0.157486331247345,0,0.1541265
"PZB00182.3",0.104144941763582,0,0.1001466
"PZB00183.1",0.428558398822934,0,0.4294378
"PZB00183.2",0.672485845998129,0,0.6667616
"PZB00188.1",0.44898618573984,0,0.4544184
"PZB00188.2",0.935732021727197,0,0.9384136
"PZB00204.1",0.0209075278139875,0,0.01943347
"PZB00204.2",0.721624731470415,0,0.7291783
"PZB00213.4",0.383293130182902,0,0.3718495
"PZB00219.1",0.330695018735631,0,0.3248957
"PZB00219.2",0.935365300175375,0,0.9397369
"PZB00221.2",0.164903731070779,0,0.1546669
"PZB00221.3",0.0578168080066217,0,0.05339472
"PZB00221.5",0.171614043317716,0,0.1584331
"PZB00221.6",0.470547776698143,0,0.4717863
"PZB00221.7",0.754280977802564,0,0.7323356
"PZB00223.1",0.499887677360912,0,0.4916011
"PZB00223.2",0.830025701515901,0,0.8327754
"PZB00223.3",0.803346446661959,0,0.7951386
"PZB00226.1",0.593692562963242,0,0.5882524
"PZB00228.2",0.843291022761272,0,0.8442522
"PZB00228.4",0.0666302419709021,0,0.06090997
"PZB00228.5",0.994013538273913,0,0.9942233
"PZB00228.6",0.713313377680859,0,0.7139126
"PZB00229.1",0.747181754366075,0,0.7556155
"PZB00229.2",0.370502940875123,0,0.3591884
"PZB00232.1",0.250490102573981,0,0.2402953
"PZB00232.2",0.390376037292325,0,0.3690436
"PZB00235.1",0.871932079106456,0,0.8696053
"PZB00235.2",0.581831762209779,0,0.5831236
"PZB00236.2",0.745560034542167,0,0.751762
"PZB00237.1",0.741022758661023,0,0.7424399
"PZB00237.2",0.641600416802983,0,0.6372385
"PZB00257.1",0.662276567790576,0,0.651466
"PZB00274.4",0.022439713879348,0,0.0189907
"PZB00274.5",0.442215274566176,0,0.4216135
"PZB00282.2",0.797156314614613,0,0.8066021
"PZB00379.1",0.0090385396171444,0,0.00753992
"PZB00379.2",0.244304002948381,0,0.2333776
"PZB00393.2",0.491122073251668,0,0.4923835
"PZB00400.1",0.427260787764334,0,0.3749559
"PZB00409.1",0.456031344731166,0,0.4500398
"PZB00416.6",0.0135673752872883,0,0.01113765
"PZB00425.1",0.228942371048378,0,0.2253392
"PZB00451.1",0.890237630567311,0,0.8843254
"PZB00451.2",0.763609089572409,0,0.7445314
"PZB00454.2",0.179713002290592,0,0.1664456
"PZB00454.6",0.532138116297543,0,0.5252929
"PZB00517.2",0.750118231676809,0,0.7400823
"PZB00517.4",0.432997823799141,0,0.4324184
"PZB00540.1",0.489012858327645,0,0.4956856
"PZB00544.1",0.596058306068405,0,0.6002358
"PZB00544.2",0.98603070818258,0,0.9866421
"PZB00547.1",0.0569866179621211,0,0.04406928
"PZB00547.3",0.167359241778841,0,0.1633236
"PZB00555.2",0.814228866976472,0,0.814358
"PZB00555.3",0.409059046113793,0,0.3931877
"PZB00562.1",0.287861473436311,0,0.2593725
"PZB00563.1",0.645251628828753,0,0.6312119
"PZB00563.4",0.0860796500240419,0,0.08292212
"PZB00565.2",0.712265341564556,0,0.7072528
"PZB00565.5",0.740514321526848,0,0.7363546
"PZB00579.1",0.782416939552188,0,0.7842721
"PZB00591.1",0.542819186891157,0,0.5338192
"PZB00592.1",0.359022910679785,0,0.3524399
"PZB00592.2",0.67619827657501,0,0.6676167
"PZB00595.1",0.0995883294152589,0,0.08719461
"PZB00597.1",0.140683204038,0,0.1283811
"PZB00597.2",0.253535534656021,0,0.2479226
"PZB00603.2",0.952910594760055,0,0.955906
"PZB00605.3",0.337893857554332,0,0.3242672
"PZB00605.4",0.877984160828003,0,0.8739823
"PZB00607.1",0.36619705025112,0,0.3497432
"PZB00619.1",0.611699957376355,0,0.6143209
"PZB00628.3",0.0174985418404762,0,0.01283924
"PZB00635.1",0.72855844015958,0,0.7302844
"PZB00643.1",0.158768497528436,0,0.1552054
"PZB00645.1",0.507361591962539,0,0.4970581
"PZB00648.3",0.728745187610138,0,0.7315967
"PZB00648.4",0.75086725429193,0,0.7418732
"PZB00648.5",0.440987947120795,0,0.4272373
"PZB00659.3",0.817958891131882,0,0.8122558
"PZB00665.1",0.0231803082846136,0,0.0210079
"PZB00665.2",0.14738484994064,0,0.14189
"PZB00677.3",0.19917857341332,0,0.1967083
"PZB00677.4",0.563406611357715,0,0.565401
"PZB00686.1",0.175192261888539,0,0.1594439
"PZB00686.2",0.496334061732118,0,0.4912422
"PZB00700.1",0.305914134749002,0,0.2993002
"PZB00711.1",0.221765597839379,0,0.1966319
"PZB00711.2",0.955874931061713,0,0.9575255
"PZB00711.3",0.914681023416341,0,0.9157935
"PZB00718.1",0.317405928205267,0,0.2989175
"PZB00718.2",0.0781142359813567,0,0.06893817
"PZB00718.3",0.625076305987342,0,0.6243405
"PZB00718.5",0.415076530280391,0,0.407599
"PZB00718.6",0.29438588004718,0,0.2804652
"PZB00724.1",0.846098859229283,0,0.849815
"PZB00728.1",0.448617630753833,0,0.4508183
"PZB00728.2",0.100181789349638,0,0.09451579
"PZB00736.2",0.151148392322672,0,0.1406489
"PZB00736.4",0.775774058701626,0,0.756413
"PZB00750.2",0.381320063734061,0,0.3814563
"PZB00750.3",0.0847404587111421,0,0.07756153
"PZB00752.1",0.811214815580609,0,0.8076421
"PZB00752.2",0.194979259899704,0,0.1888084
"PZB00761.1",0.777153970666357,0,0.756939
"PZB00761.2",0.86402468979633,0,0.867103
"PZB00765.1",0.285697393693167,0,0.2846316
"PZB00769.1",0.359929138222232,0,0.353753
"PZB00769.2",0.652246927055719,0,0.6525051
"PZB00772.1",0.00310957357715383,0,0.002350783
"PZB00772.2",0.518997909166193,0,0.5210329
"PZB00772.4",0.270350425526766,0,0.2637075
"PZB00772.7",0.456932690079881,0,0.4584664
"PZB00777.1",0.67060683329932,0,0.6712296
"PZB00777.2",0.752893135893925,0,0.7557627
"PZB00781.1",0.896167664908214,0,0.8942233
"PZB00793.1",0.285266551859841,0,0.2774871
"PZB00793.2",0.760785975352356,0,0.7505821
"PZB00801.1",0.0707638281570183,0,0.04657056
"PZB00806.4",0.804765046661862,0,0.8089882
"PZB00806.6",0.633984041975794,0,0.6274481
"PZB00806.9",0.18224061690726,0,0.1589087
"PZB00811.1",0.00900804530590117,0,0.005958717
"PZB00811.2",0.747159557735568,0,0.7497832
"PZB00849.1",0.546995133480676,0,0.5409798
"PZB00849.2",0.856463194114813,0,0.8533464
"PZB00857.1",0.914132889305484,0,0.9208836
"PZB00857.2",0.473534108786138,0,0.4638041
"PZB00859.1",0.219342824646477,0,0.2130725
"PZB00869.1",0.588039585728464,0,0.5892728
"PZB00869.2",0.0508813986394874,0,0.04536809
"PZB00869.4",0.610716233017471,0,0.6133418
"PZB00872.1",0.810895786761744,0,0.8007547
"PZB00872.3",0.315277127521489,0,0.2837736
"PZB00878.1",0.360835362037507,0,0.348591
"PZB00878.2",0.426766998289991,0,0.4214053
"PZB00878.3",0.554230034687051,0,0.5540866
"PZB00895.1",0.903506249106604,0,0.9042921
"PZB00895.2",0.81826841361113,0,0.8094986
"PZB00895.3",0.940004501486828,0,0.9382931
"PZB00895.4",0.833404534875185,0,0.8251931
"PZB00901.3",0.954046497255215,0,0.9468564
"PZB00901.4",0.925351090972608,0,0.9238977
"PZB00901.5",0.602762968841383,0,0.598909
"PZB00901.6",0.561200386310753,0,0.5270913
"PZB00901.7",0.885745760875976,0,0.8937087
"PZB00919.1",0.33820556530065,0,0.3319555
"PZB00919.2",0.0310558910210797,0,0.02760342
"PZB00942.1",0.331788827020551,0,0.2851605
"PZB00954.1",0.467704007778711,0,0.4705294
"PZB00959.1",0.663952948112628,0,0.652837
"PZB00963.2",0.148788883206237,0,0.1423738
"PZB00967.2",0.699366214266479,0,0.7026937
"PZB00969.1",0.0683248713323016,0,0.06147135
"PZB00991.1",0.701329971543888,0,0.6894455
"PZB01004.1",0.473327644434098,0,0.4720707
"PZB01004.2",0.794547476241437,0,0.7698046
"PZB01009.1",0.716242652953532,0,0.7132026
"PZB01009.2",0.605742214653687,0,0.5868642
"PZB01009.4",0.442807160044134,0,0.4480639
"PZB01009.5",0.339193831237294,0,0.3304544
"PZB01013.1",0.000416408477246833,0,0.0001884297
"PZB01013.2",0.127049980617802,0,0.1254801
"PZB01013.3",0.511778902330984,0,0.5090081
"PZB01013.4",0.253514009073552,0,0.2496154
"PZB01017.1",0.421852364954839,0,0.4000345
"PZB01017.2",0.781901775540581,0,0.7807944
"PZB01017.3",0.727542269444774,0,0.7334605
"PZB01017.4",0.492630336549674,0,0.4899489
"PZB01017.5",0.780637557058368,0,0.7744541
"PZB01021.4",0.371827156226809,0,0.3697386
"PZB01021.5",0.692498582780009,0,0.696531
"PZB01022.3",0.859808066295839,0,0.8553201
"PZB01022.4",0.976597849832339,0,0.9756342
"PZB01042.1",0.280925920781648,0,0.21698
"PZB01042.2",0.779709818135494,0,0.7741021
"PZB01042.3",0.407424101913006,0,0.4000975
"PZB01042.5",0.374910906427663,0,0.3783045
"PZB01042.6",0.743314310744037,0,0.7512173
"PZB01042.7",0.548504166958451,0,0.5378605
"PZB01042.8",0.205714463948778,0,0.1833286
"PZB01047.1",0.678018208736343,0,0.6822382
"PZB01052.1",0.0725745687238859,0,0.06338935
"PZB01052.2",0.309460644672513,0,0.3003113
"PZB01052.3",0.0948394044595092,0,0.08420353
"PZB01052.4",0.126433638368307,0,0.1139265
"PZB01057.1",0.984599372497462,0,0.9858216
"PZB01057.2",0.747800999921059,0,0.7458204
"PZB01057.3",0.627904070465441,0,0.6248253
"PZB01057.4",0.883335103752267,0,0.8782021
"PZB01062.1",0.659802601936592,0,0.6528455
"PZB01062.2",0.0553899266504548,0,0.04348471
"PZB01062.3",0.451596599868217,0,0.4245885
"PZB01067.1",0.136288624589142,0,0.1276811
"PZB01067.2",0.349640551023117,0,0.335972
"PZB01077.1",0.15338110456284,0,0.1418678
"PZB01077.2",0.374115529999143,0,0.3738329
"PZB01077.3",0.656431455339782,0,0.6559486
"PZB01077.7",0.826756253387182,0,0.8211161
"PZB01080.1",0.742113939023961,0,0.7441437
"PZB01080.2",0.287784007364192,0,0.2838756
"PZB01083.2",0.923550651272202,0,0.9221155
"PZB01083.3",0.421748743413845,0,0.4217977
"PZB01083.4",0.812473539161456,0,0.8182987
"PZB01092.10",0.0757920119539588,0,0.0678913
"PZB01092.2",0.257832887191708,0,0.249747
"PZB01092.3",0.573909329858496,0,0.5773199
"PZB01092.4",0.0530700890564652,0,0.04807212
"PZB01092.5",0.845565688806897,0,0.8494875
"PZB01094.1",0.576277495863585,0,0.5542268
"PZB01094.3",0.070508559498451,0,0.06709952
"PZB01103.1",0.572899693758102,0,0.5683875
"PZB01103.2",0.865279195394717,0,0.8481147
"PZB01107.2",0.920500986057195,0,0.9157249
"PZB01107.5",0.475229495514538,0,0.4621508
"PZB01107.6",0.678488903242313,0,0.6762466
"PZB01107.7",0.93228412382798,0,0.9319845
"PZB01107.8",0.753276268898175,0,0.7565529
"PZB01109.1",0.181389784193171,0,0.164511
"PZB01109.2",0.0609510180928716,0,0.05550689
"PZB01110.1",0.989134321823233,0,0.9870339
"PZB01110.6",0.901721339028281,0,0.8856324
"PZB01111.1",0.44543443067912,0,0.4414199
"PZB01111.3",0.761472598637954,0,0.768942
"PZB01111.5",0.578681854587629,0,0.5798874
"PZB01111.6",0.867111956530879,0,0.867708
"PZB01111.7",0.130038074318906,0,0.1174555
"PZB01111.8",0.401648950509955,0,0.3933523
"PZB01112.1",0.663111264900016,0,0.6435733
"PZB01112.2",0.407933523842481,0,0.391622
"PZB01112.3",0.954719536856819,0,0.9566028
"PZB01112.5",0.191587914456321,0,0.1895948
"PZB01114.1",0.996722047454342,0,0.993725
"PZB01114.2",0.418607675365192,0,0.4130338
"PZB01114.6",0.970124558981433,0,0.9734951
"PZB01115.3",0.646415489315191,0,0.6274499
"PZB01115.4",0.536196470667359,0,0.5336264
"PZB01156.3",0.118720281397046,0,0.1135063
"PZB01178.1",0.0636234796056127,0,0.05731438
"PZB01183.1",0.303352211053238,0,0.3017612
"PZB01186.1",0.371666098991394,0,0.3703408
"PZB01186.2",0.537406229957012,0,0.5312059
"PZB01186.3",0.541907484433031,0,0.5403246
"PZB01186.4",0.437212727881431,0,0.4363057
"PZB01201.1",0.227442505021866,0,0.2108153
"PZB01206.1",0.851889196955271,0,0.8499861
"PZB01206.2",0.123066002803369,0,0.1095403
"PZB01222.1",0.53568844456831,0,0.5311286
"PZB01223.1",0.405552878220953,0,0.4030782
"PZB01223.2",0.883967548976033,0,0.8872738
"PZB01223.3",0.163895398290126,0,0.1574713
"PZB01226.1",0.888374348012816,0,0.8765476
"PZB01227.1",0.448881303798321,0,0.434837
"PZB01227.3",0.43888237107709,0,0.3847302
"PZB01228.2",0.413767971795344,0,0.4080081
"PZB01228.4",0.215087845775059,0,0.2077166
"PZB01230.1",0.734014409778442,0,0.736416
"PZB01230.2",0.2779613462036,0,0.2737299
"PZB01230.5",0.659685150731925,0,0.6611311
"PZB01231.1",0.603196055557761,0,0.6022984
"PZB01231.2",0.381996744385248,0,0.3809128
"PZB01231.3",0.766622961571572,0,0.7707208
"PZB01231.4",0.71509234470857,0,0.7100195
"PZB01233.6",0.740713579847557,0,0.737477
"PZB01234.5",0.319374627261254,0,0.3115473
"PZB01235.1",0.779086747358275,0,0.7679498
"PZB01235.2",0.644050862863689,0,0.6256681
"PZB01235.3",0.317294531693023,0,0.3060911
"PZB01235.4",0.743038876192941,0,0.7523614
"PZB01238.3",0.440952859991719,0,0.4445504
"PZB01238.7",0.71898346499851,0,0.7163605
"PZB01261.1",0.0605574899769289,0,0.04975916
"PZB01267.1",0.10217089781921,0,0.08721537
"PZB01267.2",0.388126943317774,0,0.3897108
"PZB01271.1",0.653889224913704,0,0.6518577
"PZB01273.2",0.958381635142629,0,0.9598141
"PZB01285.1",0.241303347193955,0,0.2386874
"PZB01285.2",0.789042649051516,0,0.7851287
"PZB01292.1",0.352025318350038,0,0.3300633
"PZB01292.3",0.528176519344462,0,0.5259705
"PZB01301.5",0.893785936233749,0,0.893534
"PZB01301.6",0.977455824489162,0,0.9801523
"PZB01301.7",0.71659831652129,0,0.7180271
"PZB01302.1",0.0535396285006704,0,0.04671549
"PZB01308.1",0.937861375553165,0,0.9350698
"PZB01308.3",0.138070490282108,0,0.1288804
"PZB01325.1",0.613570029333932,0,0.6073262
"PZB01331.2",0.612094532060727,0,0.6123561
"PZB01336.3",0.209793155538452,0,0.2097617
"PZB01336.6",0.816212057332699,0,0.8155886
"PZB01352.2",0.223521229166986,0,0.20905
"PZB01352.4",0.431731742809669,0,0.4204333
"PZB01352.6",0.474840974988231,0,0.4372309
"PZB01358.1",0.980410945400326,0,0.985582
"PZB01358.2",0.891109290155117,0,0.8921185
"PZB01358.3",0.0876039704735816,0,0.07879519
"PZB01358.4",0.26460062534492,0,0.2461712
"PZB01370.1",0.792932161530595,0,0.7897148
"PZB01370.2",0.810127417085365,0,0.8064271
"PZB01376.1",0.264029729222771,0,0.2627248
"PZB01378.2",0.310599282217422,0,0.289914
"PZB01378.3",0.754318747761599,0,0.753664
"PZB01378.4",0.448966627226085,0,0.4501409
"PZB01378.5",0.435623784271694,0,0.4281289
"PZB01385.2",0.589256488779835,0,0.5722487
"PZB01385.3",0.386597285257244,0,0.3770882
"PZB01388.1",0.964302219470327,0,0.9623192
"PZB01389.1",0.975243121246496,0,0.9737862
"PZB01389.2",0.99320409626791,0,0.9911472
"PZB01394.1",0.771018271388409,0,0.775326
"PZB01394.2",0.595295765080008,0,0.586005
"PZB01394.4",0.42929499339143,0,0.41963
"PZB01396.3",0.566122110811463,0,0.5202138
"PZB01400.1",0.801569870706547,0,0.7811168
"PZB01400.2",0.337433174323331,0,0.3290514
"PZB01400.3",0.71388573945682,0,0.7184511
"PZB01400.4",0.870083642059051,0,0.8748921
"PZB01400.5",0.701437999872338,0,0.6972592
"PZB01403.1",0.0769350117959448,0,0.07343468
"PZB01403.2",0.336610281122598,0,0.3151938
"PZB01403.3",0.408776635080005,0,0.3995022
"PZB01403.4",0.223013523809264,0,0.2129791
"PZB01403.5",0.512610696852335,0,0.5151134
"PZB01412.2",0.0850731349353702,0,0.07981284
"PZB01427.4",0.800896912248728,0,0.793482
"PZB01427.5",0.0414970219902183,0,0.03891843
"PZB01432.1",0.0830375310261702,0,0.06869109
"PZB01432.2",0.361328881605113,0,0.3658791
"PZB01432.3",0.118057793778983,0,0.1016012
"PZB01432.4",0.363442199554913,0,0.3605633
"PZB01436.1",0.183186340343439,0,0.1738722
"PZB01436.3",0.548323872772005,0,0.5446488
"PZB01446.1",0.255027882994534,0,0.2490734
"PZB01446.3",0.0843765696770502,0,0.08105312
"PZB01449.2",0.621373282455951,0,0.5838142
"PZB01449.3",0.0784326690163917,0,0.07151084
"PZB01454.3",0.35511251397261,0,0.3306484
"PZB01457.1",0.960810700144918,0,0.9645626
"PZB01457.3",0.949213479538305,0,0.9499894
"PZB01460.1",0.612843667768014,0,0.6117767
"PZB01461.1",0.936495244236343,0,0.9362896
"PZB01461.2",0.794219101183953,0,0.7971355
"PZB01461.3",0.450987777406434,0,0.4425413
"PZB01463.6",0.841289328348903,0,0.8392833
"PZB01463.7",0.200219128878855,0,0.1973546
"PZB01471.1",0.121746845602536,0,0.1092997
"PZB01471.2",0.195225549609318,0,0.1774389
"PZB01471.3",0.142538486596721,0,0.1341954
"PZB01473.3",0.349297109317062,0,0.3516958
"PZB01475.1",0.494124835664029,0,0.4884731
"PZB01475.2",0.476117043441387,0,0.4603657
"PZB01479.1",0.70037794400778,0,0.6843214
"PZB01482.1",0.570044334779166,0,0.5555273
"PZB01482.2",0.330268983603205,0,0.3176191
"PZB01482.3",0.935510658715643,0,0.940583
"PZB01487.1",0.738549859590113,0,0.7455851
"PZB01487.2",0.46048514558157,0,0.4526103
"PZB01549.1",0.179578213455389,0,0.1728656
"PZB01569.10",0.226339612405689,0,0.2218672
"PZB01569.11",0.673457518358569,0,0.6735405
"PZB01569.7",0.366878542107099,0,0.3628559
"PZB01569.8",0.748328864046749,0,0.7495594
"PZB01569.9",0.886245543611822,0,0.8858198
"PZB01612.1",0.431618206290439,0,0.4165234
"PZB01612.2",0.740547254653529,0,0.7373583
"PZB01612.3",0.0892032015306988,0,0.08364332
"PZB01617.2",0.571446031426099,0,0.568125
"PZB01619.2",0.559754488483709,0,0.5579795
"PZB01632.1",0.619600561787822,0,0.6085642
"PZB01632.2",0.205233483085773,0,0.2008958
"PZB01632.3",0.160052587406801,0,0.1539669
"PZB01638.1",0.54364174693824,0,0.5358484
"PZB01638.3",0.351586136205075,0,0.337396
"PZB01642.1",0.919775830106596,0,0.9205276
"PZB01642.2",0.724999193420433,0,0.725084
"PZB01647.1",0.360119552744467,0,0.3550766
"PZB01647.2",0.954673459373243,0,0.9535767
"PZB01652.1",0.866273726948974,0,0.8650753
"PZB01658.2",0.681990179107985,0,0.6794304
"PZB01662.1",0.663365676255985,0,0.6577849
"PZB01662.2",0.610347289920432,0,0.6107337
"PZB01683.2",0.419685701942896,0,0.421969
"PZB01683.3",0.594755599412824,0,0.5980062
"PZB01689.1",0.936911919793711,0,0.9383365
"PZB01689.2",0.650154944466627,0,0.6547453
"PZB01725.1",0.356264108181464,0,0.35472
"PZB01725.2",0.826986360004778,0,0.8186389
"PZB01728.5",0.552339696593806,0,0.5576596
"PZB01728.6",0.511820779386073,0,0.4974831
"PZB01728.7",0.821926875929402,0,0.82366
"PZB01856.1",0.472465949915715,0,0.4746167
"PZB01856.2",0.43394149372623,0,0.4290239
"PZB01856.4",0.915646741232629,0,0.9168866
"PZB01867.2",0.444066647248698,0,0.4466396
"PZB01867.5",0.840862566802287,0,0.839029
"PZB01869.1",0.154950856245929,0,0.1500464
"PZB01869.2",0.176672759714936,0,0.1680705
"PZB01869.4",0.36453328861922,0,0.3651172
"PZB01872.1",0.31327868195382,0,0.2958255
"PZB01872.2",0.769374133535498,0,0.7724255
"PZB01877.1",0.227764585989936,0,0.1915452
"PZB01881.10",0.0173470200875216,0,0.01501509
"PZB01881.11",0.0621453962547024,0,0.05899967
"PZB01881.12",0.933483789321704,0,0.9337639
"PZB01883.1",0.123594047929978,0,0.1164016
"PZB01883.2",0.784830300910902,0,0.7843023
"PZB01883.3",0.307386145856782,0,0.3055824
"PZB01883.4",0.300366896187874,0,0.3008889
"PZB01892.1",0.0296726018459226,0,0.02477389
"PZB01899.2",0.752005040172854,0,0.7535581
"PZB01899.3",0.268664816143959,0,0.2652759
"PZB01913.1",0.868991760239972,0,0.8692886
"PZB01913.2",0.206728659662304,0,0.204278
"PZB01915.1",0.641822771221832,0,0.6328633
"PZB01919.1",0.182426838066434,0,0.175862
"PZB01919.2",0.761797398544429,0,0.7639736
"PZB01933.1",0.043662636497105,0,0.03775577
"PZB01933.2",0.24391104323696,0,0.2425096
"PZB01937.1",0.369897021576105,0,0.366392
"PZB01937.2",0.281408784561137,0,0.2703699
"PZB01937.3",0.238113606946516,0,0.2358953
"PZB01940.1",0.762916599255866,0,0.7634087
"PZB01947.1",0.904091569577962,0,0.9093414
"PZB01957.1",0.498696798440693,0,0.4773255
"PZB01957.2",0.242472551442786,0,0.2345538
"PZB01957.3",0.784373373647706,0,0.7600866
"PZB01960.1",0.229522240319583,0,0.2189294
"PZB01963.1",0.965717200411603,0,0.9672792
"PZB01963.2",0.830052428713788,0,0.8265763
"PZB01963.3",0.935470787290969,0,0.9374273
"PZB01963.6",0.9575847544346,0,0.9577189
"PZB01964.1",0.582597565488803,0,0.5842219
"PZB01964.3",0.133493940420039,0,0.1269746
"PZB01964.4",0.841883861110613,0,0.8274086
"PZB01964.5",0.605604302457117,0,0.6049872
"PZB01969.1",0.844747094511811,0,0.8409849
"PZB01969.2",0.819752684488874,0,0.8235287
"PZB01969.3",0.813337873338496,0,0.8164333
"PZB01969.4",0.74642284882078,0,0.7495674
"PZB01977.1",0.465846625780633,0,0.4700118
"PZB01977.10",0.605310272183355,0,0.6067575
"PZB01977.11",0.543146846915751,0,0.5379579
"PZB01977.2",0.449725765514582,0,0.4488113
"PZB01977.3",0.0834810817363962,0,0.07829352
"PZB01977.4",0.933162291027568,0,0.9269294
"PZB01977.5",0.391274021303371,0,0.3871231
"PZB01977.6",0.864386442510993,0,0.8723897
"PZB01977.7",0.334467874846939,0,0.3364057
"PZB01977.9",0.991626461608168,0,0.9933265
"PZB01979.2",0.477573434356087,0,0.459836
"PZB01979.3",0.0463519736929452,0,0.0429254
"PZB01983.1",0.218444416582293,0,0.2113164
"PZB01983.2",0.0956338157099515,0,0.08887485
"PZB01987.1",0.571402151290156,0,0.5770915
"PZB01993.2",0.34864085002196,0,0.348899
"PZB01993.3",0.723092432755768,0,0.7223715
"PZB01997.1",0.4551573257728,0,0.4535324
"PZB02002.1",0.146525090797954,0,0.1259787
"PZB02005.1",0.101136842182365,0,0.09567254
"PZB02005.2",0.990383059971877,0,0.9905108
"PZB02013.1",0.0529780919516834,0,0.04000448
"PZB02013.2",0.0647682357706518,0,0.05283842
"PZB02013.3",0.0639712837083136,0,0.0530311
"PZB02017.1",0.576222256585522,0,0.5794184
"PZB02017.2",0.831134478543106,0,0.8336196
"PZB02017.3",0.175813949486725,0,0.1736026
"PZB02017.4",0.6772253067506,0,0.6765714
"PZB02020.3",0.608587723344461,0,0.6032837
"PZB02023.1",0.27605748662441,0,0.263055
"PZB02029.1",0.80346282338466,0,0.8004813
"PZB02033.1",0.0358111970710899,0,0.0323002
"PZB02033.2",0.219318755331303,0,0.2111408
"PZB02035.1",0.212031213699216,0,0.2112587
"PZB02035.2",0.532508443190328,0,0.5341851
"PZB02035.3",0.652460285306889,0,0.6476778
"PZB02035.4",0.233481163126574,0,0.230412
"PZB02040.1",0.913364422359639,0,0.9116997
"PZB02044.1",0.708285778199307,0,0.708216
"PZB02044.2",0.982566123860147,0,0.9818126
"PZB02044.3",0.322589147446452,0,0.3191597
"PZB02053.1",0.372406685258292,0,0.3677879
"PZB02053.2",0.721321576374438,0,0.708844
"PZB02053.3",0.458292632384219,0,0.4574208
"PZB02058.2",0.31113335380127,0,0.3098815
"PZB02058.3",0.566528900679368,0,0.5561248
"PZB02059.1",0.782036366196222,0,0.782715
"PZB02059.3",0.713777822625228,0,0.7103368
"PZB02070.1",0.111635846308834,0,0.09105653
"PZB02076.1",0.608993169579776,0,0.5979891
"PZB02076.3",0.983370419384419,0,0.98392
"PZB02080.1",0.126816477913496,0,0.1189092
"PZB02080.2",0.876053874031512,0,0.8752485
"PZB02095.2",0.94506059151613,0,0.9420646
"PZB02095.3",0.505933728179776,0,0.5100349
"PZB02099.2",0.801901947697257,0,0.7991923
"PZB02107.1",0.909888185153537,0,0.9049135
"PZB02114.1",0.082244557638674,0,0.07481089
"PZB02114.2",0.732463343506483,0,0.7311436
"PZB02114.3",0.930357014173309,0,0.9305177
"PZB02119.1",0.15997608607936,0,0.1469628
"PZB02122.1",0.128676221198541,0,0.1247439
"PZB02139.1",0.461652277597521,0,0.4628699
"PZB02144.4",0.316220945264608,0,0.3077916
"PZB02144.5",0.646387628858459,0,0.654402
"PZB02145.1",0.545713760809859,0,0.5462823
"PZB02145.2",0.971757456061474,0,0.9745356
"PZB02145.4",0.512483697007241,0,0.5148288
"PZB02151.1",0.509605495109943,0,0.5084282
"PZB02151.2",0.717022992571562,0,0.715411
"PZB02155.1",0.0189982128428056,0,0.01701376
"PZB02155.2",0.488515333503147,0,0.4880656
"PZB02159.1",0.254176638747665,0,0.2384669
"PZB02159.2",0.163242252445065,0,0.1529251
"PZB02161.1",0.661784036871987,0,0.6644869
"PZB02167.1",0.836075436655943,0,0.8376209
"PZB02167.2",0.670821314234437,0,0.6438927
"PZB02171.1",0.976511800864876,0,0.9760069
"PZB02179.1",0.249690704294837,0,0.2495964
"PZB02179.2",0.253895553512835,0,0.2516505
"PZB02179.5",0.00341905172892059,0,0.002472663
"PZB02189.1",0.726948238447332,0,0.7249081
"PZB02189.5",0.917179233860379,0,0.921875
"PZB02189.6",0.509721533744691,0,0.5067861
"PZB02194.1",0.960805746216651,0,0.9606989
"PZB02209.1",0.195551050745661,0,0.187115
"PZB02209.2",0.617789600900857,0,0.6145649
"PZB02209.3",0.43332753432545,0,0.422064
"PZB02215.10",0.310164748730759,0,0.3081408
"PZB02215.3",0.0311845666270183,0,0.02871436
"PZB02215.4",0.746437963088302,0,0.7400472
"PZB02215.5",0.453443616880814,0,0.4528451
"PZB02215.7",0.69480250463722,0,0.6987457
"PZB02215.9",0.094617275333904,0,0.09126881
"PZB02227.1",0.989250379044294,0,0.9897765
"PZB02227.2",0.737923991957776,0,0.7430116
"PZB02227.3",0.330996072813748,0,0.3315024
"PZB02227.4",0.989177365452759,0,0.988906
"PZB02235.2",0.694127138023678,0,0.695368
"PZB02235.3",0.600616694174808,0,0.5996555
"PZB02235.5",0.23648338426074,0,0.2273624
"PZB02283.1",0.676269218921276,0,0.6798251
"PZB02366.1",0.819936549993666,0,0.8245565
"PZB02366.2",0.0701452040392026,0,0.06321559
"PZB02366.3",0.626431644732708,0,0.6273589
"PZB02420.1",0.0447245762147901,0,0.04121062
"PZB02422.1",0.703719632126165,0,0.6953552
"PZB02423.1",0.329669137671065,0,0.3288742
"PZB02424.1",0.118455712755416,0,0.113908
"PZB02424.2",0.322128788256426,0,0.3146361
"PZB02425.2",0.929917779967292,0,0.9259133
"PZB02425.3",0.0489814643927911,0,0.04195384
"PZB02440.1",0.121726549685337,0,0.1102421
"PZB02448.1",0.958340354144938,0,0.9561737
"PZB02448.2",0.656072723828125,0,0.652304
"PZB02476.1",0.847375399015029,0,0.8504049
"PZB02480.1",0.854996267615438,0,0.8456821
"PZB02480.2",0.920930382212529,0,0.9258013
"PZB02484.1",0.524451359394264,0,0.5073523
"PZB02484.2",0.340596497247212,0,0.3344088
"PZB02491.1",0.0803364658086876,0,0.07500018
"PZB02502.1",0.522183834735447,0,0.5168756
"PZB02502.2",0.7291251180598,0,0.7285409
"PZB02502.5",0.959158649481773,0,0.9625192
"PZB02504.1",0.033822910806539,0,0.0305995
"PZB02504.3",0.675777571512641,0,0.6750386
"PZB02511.1",0.0941246643787504,0,0.09041999
"PZB02513.1",0.296482255588753,0,0.2542169
"PZB02513.3",0.810132419620595,0,0.8055573
"PZB02513.4",0.456904354600813,0,0.4556313
"PZB02514.1",0.163918083812267,0,0.139556
"PZB02514.2",0.164377861077376,0,0.1608732
"PZB02514.3",0.0831857074781971,0,0.07856788
"PZB02515.1",0.588059493373802,0,0.5700543
"PZB02515.2",0.217287555691063,0,0.2158377
"PZB02515.3",0.328899565736262,0,0.3190248
"PZB02516.1",0.231823440599965,0,0.2282532
"PZB02516.2",0.0153387987210838,0,0.01349063
"PZB02516.3",0.193834612625753,0,0.192021
"PZB02517.1",0.786185254784818,0,0.779887
"PZB02518.1",0.216119363043027,0,0.2135783
"PZB02521.1",0.987050816778048,0,0.9866259
"PZB02523.1",0.1147808366365,0,0.1064936
"PZB02529.1",0.48387483419017,0,0.4756313
"PZB02529.2",0.718193052110874,0,0.7157667
"PZB02534.1",0.503172803713729,0,0.509092
"PZB02534.2",0.642055819000183,0,0.64891
"PZB02534.3",0.225030252804495,0,0.2116726
"PZB02534.4",0.541130018250168,0,0.5478267
"PZB02542.1",0.931330191584177,0,0.9305642
"PZB02542.2",0.164667408731233,0,0.1411387
"PZB02542.3",0.526339491690781,0,0.5256561
"PZB02554.1",0.436456263114532,0,0.4329754
"PZB02554.2",0.807622748397865,0,0.8011182
"PZB02554.3",0.547651158112823,0,0.552003
"PZD00003.3",0.530825820229349,0,0.5200441
"PZD00004.3",0.538819015961429,0,0.5332691
"PZD00006.1",0.125697849653512,0,0.1182017
"PZD00007.1",0.104881904605155,0,0.09890214
"PZD00008.3",0.0860316770633451,0,0.08191984
"PZD00010.3",0.178448145355886,0,0.175948
"PZD00011.1",0.849772553822641,0,0.8467362
"PZD00011.4",0.53752359285125,0,0.5288755
"PZD00011.5",0.558707136145712,0,0.5568877
"PZD00014.4",0.00318159107241016,0,0.002258916
"PZD00015.5",0.237060603950109,0,0.2186462
"PZD00016.4",0.345179524627245,0,0.3310014
"PZD00017.2",0.459107330993322,0,0.4608834
"PZD00022.1",0.848270309069864,0,0.8438372
"PZD00022.3",0.634149489192141,0,0.6221638
"PZD00022.5",0.745511743238047,0,0.7460341
"PZD00025.1",0.435813034288213,0,0.4337185
"PZD00025.2",0.352522358892995,0,0.352292
"PZD00027.1",0.105254922959611,0,0.09426837
"PZD00027.2",0.996462623805557,0,0.9959488
"PZD00027.3",0.128431341055578,0,0.1147574
"PZD00029.4",0.148109500572442,0,0.1414603
"PZD00030.2",0.769604852762704,0,0.761291
"PZD00030.8",0.113522751484467,0,0.1030842
"PZD00030.9",0.713626858516338,0,0.7141054
"PZD00032.1",0.208697903017594,0,0.155991
"PZD00032.2",0.39583183416889,0,0.3977661
"PZD00032.3",0.390522392089897,0,0.3703896
"PZD00033.2",0.949059385540138,0,0.9514948
"PZD00034.3",0.951697057769516,0,0.9507559
"PZD00034.4",0.675265196942932,0,0.6634184
"PZD00036.2",0.642721106301438,0,0.6398728
"PZD00038.1",0.466463281867915,0,0.4601298
"PZD00038.3",0.856661386749158,0,0.8600329
"PZD00039.2",0.272860249725913,0,0.2702362
"PZD00039.3",0.983567716192534,0,0.9838424
"PZD00039.4",0.639499290880621,0,0.6338947
"PZD00040.2",0.562306466335876,0,0.5476143
"PZD00040.3",0.155911618859274,0,0.150997
"PZD00041.1",0.954720369167581,0,0.9540092
"PZD00041.2",0.224642345086073,0,0.2159612
"PZD00042.2",0.189179558889535,0,0.1806592
"PZD00047.1",0.204611873896711,0,0.200729
"PZD00050.2",0.618362231171225,0,0.6119065
"PZD00050.3",0.364978959347723,0,0.3521774
"PZD00053.4",0.489421418505534,0,0.4877881
"PZD00053.5",0.210675369248148,0,0.1996307
"PZD00054.1",0.983331260496048,0,0.9833884
"PZD00055.1",0.760212135700745,0,0.7594661
"PZD00055.2",0.94583669765442,0,0.9493291
"PZD00056.1",0.0320861813189348,0,0.0271064
"PZD00056.2",0.696075823572115,0,0.6969544
"PZD00056.3",0.55137341135593,0,0.5526108
"PZD00056.4",0.237732147244066,0,0.2351315
"PZD00056.5",0.377070169267525,0,0.3759915
"PZD00057.1",0.314135317945511,0,0.3097769
"PZD00057.2",0.613101337749117,0,0.6007418
"PZD00057.3",0.589080712055341,0,0.5900142
"PZD00057.4",0.635664578866532,0,0.6315929
"PZD00069.3",0.577489662119024,0,0.5572054
"PZD00069.4",0.0434268317941117,0,0.03955511
"PZD00069.5",0.166468702936532,0,0.1636326
"PZD00072.2",0.0977594344075478,0,0.09321109
"PZD00081.2",0.675570692732804,0,0.6704306
"PZD00083.2",0.240255153465845,0,0.2341477
"PZD00083.3",0.447936029287362,0,0.4489873
"PZD00083.4",0.257836781677888,0,0.2528224
"PZD00096.1",0.597843444953832,0,0.5922809
"PZD00097.1",0.199457417681239,0,0.1927641
"PZD00097.2",0.790675165201905,0,0.7885964
"PZD00098.1",0.380319552872979,0,0.3746114
"PZD00098.2",0.929670353889065,0,0.9279061
"Ra1.1",0.416904445383759,0,0.417618
"sh1.1",0.0253272408676129,0,0.0222958
"sh1.11",0.959364837774723,0,0.9623296
"sh1.12",0.438688694602141,0,0.4375036
"sh1.2",0.267163818407738,0,0.2620365
"sh1.3",0.756272865366989,0,0.7437607
"sh1.4",0.0213693811646974,0,0.01643821
"sh2.1",0.647326674359078,0,0.6399757
"sh2.2",0.65212112515935,0,0.630842
"sh2.21",0.66879758407284,0,0.656457
"sh2.3",0.704432234395181,0,0.7055213
"sh2.4",0.936787358873959,0,0.9409805
"su1.1",0.2445494500226,0,0.2201917
"su1.3",0.289971226800028,0,0.2483367
"su1.4",0.0683019063798555,0,0.05751853
"tb1.11",0.210347801081948,0,0.2054974
"tb1.12",0.935940977414848,0,0.9394239
"tb1.13",0.93968990637736,0,0.9341611
"tb1.14",0.670416018693222,0,0.6748248
"tb1.15",0.854458593805658,0,0.850724
"tb1.17",0.940651436933578,0,0.9396645
"tb1.18",0.819952655630834,0,0.8142865
"tb1.19",0.765518957472293,0,0.7600101
"tb1.20",0.85428667332238,0,0.854975
"tb1.5",0.0147731829879953,0,0.01070631
"tb1.8",0.773303368371288,0,0.7788075
"te1.1",0.0730368738523026,0,0.07030675
"te1.3",0.422698224349877,0,0.4142016
"te1.4",0.105238051444405,0,0.09917096
"ts2.3",0.330766783709215,0,0.3264334
"ts2.4",0.399476704920559,0,0.3730328
"umc128.2",0.129319591944829,0,0.1232293
"wx1.1",0.108535295621303,0,0.1003905
"zagl1.2",0.655129404966123,0,0.6543554
"zagl1.6",0.348019600847602,0,0.3328061
"zap1.2",0.499951623464965,0,0.4802254
"zap1.3",0.542042136983291,0,0.5273717
"zap1.5",0.69439153979929,0,0.6886077
"zap1.7",0.984539170746229,0,0.9847814
"zb21.1",0.121564397605447,0,0.1184563
"zb27.1",0.438747376884242,0,0.4323914
"zfl2.3",0.481037837107347,0,0.4794454
"zfl2.9",0.297880163018782,0,0.2830353
