"SNP","Chromosome","Position_BP","S0001","S0002","S0003","S0004","S0005","S0006","S0007","S0008","S0009","S0010","S0011","S0012","S0013","S0014","S0015","S0016","S0017","S0018","S0019","S0020","S0021","S0022","S0023","S0024","S0025","S0026","S0027","S0028","S0029","S0030","S0031","S0032","S0033","S0034","S0035","S0036","S0037","S0038","S0039","S0040","S0041","S0042","S0043","S0044","S0045","S0046","S0047","S0048","S0049","S0050","S0051","S0052","S0053","S0054","S0055","S0056","S0057","S0058","S0059","S0060","S0061","S0062","S0063","S0064","S0065","S0066","S0067","S0068","S0069","S0070","S0071","S0072","S0073","S0074","S0075","S0076","S0077","S0078","S0079","S0080","S0081","S0082","S0083","S0084","S0085","S0086","S0087","S0088","S0089","S0090","S0091","S0092","S0093","S0094","S0095","S0096","S0097","S0098","S0099","S0100","S0101","S0102","S0103","S0104","S0105","S0106","S0107","S0108","S0109","S0110","S0111","S0112","S0113","S0114","S0115","S0116","S0117","S0118","S0119","S0120"
"rs00001",1,83933,0,1,0,1,0,1,1,1,2,1,2,0,1,1,2,0,1,2,1,1,2,1,0,2,2,1,0,1,0,2,2,0,1,2,2,0,1,1,0,2,0,1,0,1,1,1,1,2,2,2,1,1,1,1,2,0,1,1,2,1,1,1,1,1,2,2,1,2,2,0,0,2,0,0,2,0,0,2,1,0,1,1,1,0,1,1,2,1,1,2,1,2,0,0,1,2,1,2,2,2,1,2,0,0,2,1,2,2,1,0,0,2,1,0,2,2,0,1,1,1
"rs00002",1,123323,0,1,1,0,1,0,0,2,0,1,2,0,2,0,0,1,1,2,0,1,2,1,2,1,1,1,1,0,1,1,0,2,1,,2,2,2,1,1,1,1,0,1,1,1,0,1,0,1,1,1,0,0,1,1,0,1,0,0,,1,1,0,1,,0,1,1,,0,0,1,1,0,2,0,0,2,2,0,1,1,1,2,2,1,1,1,0,1,0,1,1,2,0,1,1,1,0,2,1,2,1,0,2,2,2,2,1,1,0,1,1,1,1,1,2,2,1,1
"rs00003",1,124758,1,2,0,1,2,1,1,1,1,0,1,0,1,1,1,1,1,1,1,1,0,1,0,2,1,1,1,1,2,1,1,1,1,2,1,0,1,2,1,2,1,0,1,0,2,1,1,1,0,0,1,1,1,1,1,0,,1,2,1,1,0,1,2,2,0,1,0,1,1,0,1,1,1,1,0,1,2,1,1,1,1,1,1,2,0,0,1,1,0,1,0,1,1,2,,0,1,2,0,1,0,1,0,1,2,1,1,0,1,0,0,2,2,1,1,2,2,1,0
"rs00004",1,150792,0,0,2,0,0,1,2,0,0,1,0,1,,1,1,1,1,2,1,0,1,1,2,1,2,1,0,1,1,1,1,0,2,1,1,0,0,1,1,1,0,1,1,1,0,2,2,1,1,,1,1,2,0,1,2,1,2,1,1,1,1,,2,1,2,0,1,1,1,1,1,1,0,2,1,2,0,1,2,0,1,2,0,1,1,1,0,0,0,1,1,0,0,0,0,0,0,1,2,1,1,1,1,2,2,2,0,1,2,1,1,1,1,1,1,1,1,0,1
"rs00005",1,186310,2,1,1,1,0,0,1,2,1,2,1,0,1,0,1,1,1,1,1,1,2,0,1,2,1,1,2,1,0,0,,1,1,1,0,0,1,0,1,0,1,1,0,1,1,2,0,1,2,1,0,1,0,1,0,2,1,1,0,1,1,1,0,0,1,2,,1,1,0,2,1,0,0,0,0,,0,2,2,2,1,1,0,0,2,0,2,1,0,0,1,1,0,2,0,2,2,1,2,1,1,0,1,1,2,1,1,1,1,1,1,0,1,2,1,2,0,2,2
"rs00006",1,192940,2,0,1,2,2,2,2,1,1,1,1,,1,1,2,1,2,2,0,1,2,1,0,1,0,1,1,2,1,1,1,1,1,1,2,1,0,0,0,2,1,1,1,,0,0,1,1,1,1,2,1,0,0,0,1,1,1,2,1,1,,1,1,0,1,0,1,2,2,2,0,2,1,1,2,1,2,0,0,1,1,1,1,2,1,0,,1,2,0,1,1,0,2,1,1,2,1,1,1,2,2,0,1,2,1,1,0,2,1,2,1,0,1,2,1,1,1,0
"rs00007",1,354634,2,2,2,2,2,1,0,0,1,1,2,0,1,1,1,1,2,2,1,1,1,1,1,0,2,1,1,0,1,2,2,2,2,1,0,0,1,1,1,0,1,0,0,0,0,1,1,2,1,0,2,0,0,1,2,1,0,2,0,0,1,1,0,1,0,2,1,0,1,2,1,1,1,1,1,1,2,2,0,0,2,1,1,1,1,0,0,1,2,2,0,0,2,1,0,1,1,0,2,2,1,0,2,1,0,2,2,1,1,1,1,0,2,2,,1,2,1,1,1
"rs00008",1,636305,1,1,2,1,0,2,0,1,1,1,0,1,0,2,2,0,2,2,2,0,2,0,2,2,2,0,1,1,1,1,1,2,,0,1,0,0,1,1,1,1,1,1,0,0,1,2,1,0,0,2,2,1,1,1,1,0,1,1,,2,1,1,1,0,1,1,1,1,1,0,1,1,2,2,1,1,1,1,1,1,1,0,2,1,0,1,0,0,1,2,2,0,2,0,2,2,0,1,2,0,1,0,1,1,1,1,,1,1,1,0,,2,0,2,1,1,0,1
"rs00009",1,662870,2,0,1,1,1,1,1,1,1,1,2,1,0,1,1,0,1,1,0,2,1,1,0,1,1,1,1,1,0,1,0,0,1,0,0,1,2,1,0,2,0,1,0,0,2,1,1,1,1,1,1,2,1,1,2,1,1,1,0,0,0,1,1,2,1,1,1,2,1,2,1,1,2,1,0,2,1,2,2,2,0,2,1,2,0,1,0,0,1,2,0,1,1,0,1,0,2,1,2,1,2,0,0,1,2,1,0,2,1,0,1,1,2,0,0,1,2,2,1,
"rs00010",1,835693,2,1,0,1,1,0,1,2,0,,1,0,1,1,1,0,1,1,1,1,1,1,1,0,2,0,1,1,2,,1,1,1,0,0,2,1,1,2,1,1,2,1,2,1,1,1,1,1,0,1,0,1,1,1,0,1,1,2,1,2,2,1,1,2,0,0,2,1,1,1,0,2,0,2,1,2,2,0,2,2,1,0,0,1,0,1,2,2,1,1,2,2,2,1,1,2,1,2,1,1,0,0,1,1,0,0,1,0,1,0,1,2,1,2,1,1,1,1,1
"rs00011",1,879285,1,1,1,2,1,2,2,2,2,2,1,1,1,1,1,0,1,1,0,1,1,2,1,0,1,1,1,1,1,1,1,1,2,0,0,0,1,1,0,0,1,2,0,2,2,1,2,1,1,1,0,,0,2,1,1,1,1,2,1,0,0,2,0,2,1,0,2,0,1,2,1,,0,1,0,1,1,1,1,1,2,0,1,2,2,2,1,1,1,1,1,1,1,1,1,0,1,0,1,1,0,1,1,2,1,0,1,1,2,1,1,2,1,1,1,1,1,1,1
"rs00012",1,973819,2,0,2,1,1,0,0,0,1,1,1,1,1,1,1,1,0,1,2,0,0,2,1,1,2,1,1,2,2,2,1,1,1,1,1,0,1,1,1,0,0,2,0,1,2,2,1,0,0,1,2,1,1,1,1,0,1,1,1,1,2,0,1,1,2,1,0,0,2,0,1,2,1,1,0,1,1,1,0,,1,1,1,0,1,1,2,2,1,1,1,1,0,2,0,1,1,1,0,0,2,1,1,0,1,,1,1,0,1,2,1,1,1,1,0,1,0,1,
"rs00013",1,1066943,0,1,1,2,2,0,0,1,1,1,2,2,0,1,2,,2,1,1,1,0,0,0,1,1,1,1,2,1,0,1,0,1,0,0,1,1,2,1,1,0,2,1,2,1,1,0,0,,0,1,1,2,,2,2,1,1,1,1,0,0,0,1,2,2,1,1,2,1,1,1,0,2,0,0,1,2,1,0,2,1,1,2,1,0,2,0,1,1,,1,2,0,1,,0,1,1,0,2,1,2,1,2,1,1,1,0,0,1,1,1,2,2,,2,1,1,2
"rs00014",1,1143108,1,1,1,1,2,1,0,0,1,0,1,0,0,0,2,2,2,1,1,1,1,0,2,1,1,2,1,2,0,2,1,1,2,0,1,1,2,2,1,0,0,1,2,0,2,2,,1,1,1,1,2,2,1,0,0,1,1,1,1,0,0,1,0,1,1,1,1,0,2,2,1,0,1,1,1,2,0,2,0,1,0,1,2,1,2,1,0,0,1,1,2,2,1,0,1,0,1,2,1,1,0,0,1,0,2,0,1,2,2,2,0,1,1,1,1,0,1,2,1
"rs00015",1,1175994,1,2,1,0,1,1,1,1,1,1,0,1,1,1,0,,1,1,1,2,2,1,1,1,1,0,,1,1,1,0,1,1,2,0,2,1,0,0,1,1,2,1,1,,1,1,0,2,1,0,1,1,1,2,1,1,0,1,0,2,1,0,1,1,2,0,1,0,2,1,1,0,1,1,2,1,2,1,2,0,2,1,1,2,1,0,1,0,0,,2,1,1,0,1,2,,2,1,0,1,2,0,1,1,2,2,1,1,2,2,1,1,1,0,2,1,2,1
"rs00016",1,1226269,0,1,0,1,0,1,1,1,2,1,1,1,1,0,2,2,0,1,0,1,0,1,1,2,2,2,2,2,0,2,2,1,0,2,1,1,0,0,2,1,0,1,1,1,1,0,0,1,0,2,0,1,1,2,2,2,0,0,1,0,0,2,0,1,2,1,1,2,1,1,1,0,0,1,2,1,0,1,2,1,2,1,1,1,2,1,1,1,,0,2,2,0,1,1,2,0,1,0,1,0,1,1,1,2,1,0,0,0,0,0,0,2,2,2,1,1,1,0,1
"rs00017",1,1229578,0,1,1,2,1,1,0,0,1,1,0,0,0,1,1,0,0,0,1,1,1,1,2,1,2,1,1,1,1,0,0,1,1,1,2,1,2,2,1,1,0,1,1,1,,,0,2,1,1,2,1,1,1,0,0,2,0,1,1,0,1,1,1,2,1,2,1,0,1,1,2,2,2,1,2,1,0,1,2,2,1,2,1,1,1,1,2,0,0,1,1,2,2,0,0,1,2,2,1,0,1,1,0,0,1,1,2,1,0,1,1,1,1,0,0,0,2,2,
"rs00018",1,1259079,1,1,1,1,2,2,1,2,0,1,1,2,1,1,2,0,1,0,0,2,1,1,0,2,1,1,1,0,2,0,1,0,2,,1,,2,2,1,2,0,1,2,0,2,0,0,0,,1,2,1,1,0,1,2,2,2,1,1,1,1,,0,2,1,1,2,2,0,1,1,1,0,0,1,2,1,0,1,1,,1,1,2,0,1,1,,2,1,0,1,1,2,2,1,0,0,0,1,0,,2,0,1,2,1,2,0,0,0,2,2,0,0,1,0,2,1
"rs00019",1,1265264,1,1,0,2,0,2,1,1,2,2,0,1,1,0,2,0,1,0,1,1,1,2,0,1,1,0,2,2,1,2,1,2,1,1,0,0,2,0,2,1,1,0,2,2,0,,1,1,1,0,1,0,0,2,2,1,1,2,1,1,2,1,2,1,1,2,2,0,1,2,1,1,1,1,1,2,2,1,2,1,1,0,1,1,1,0,1,2,1,1,0,1,0,0,1,1,1,0,1,1,1,1,1,0,2,2,2,1,0,0,1,1,1,2,0,2,1,1,2,2
"rs00020",1,1359541,2,2,,0,0,1,1,2,2,0,1,1,1,0,1,1,2,1,1,0,1,1,1,2,2,1,2,0,1,1,1,0,2,1,0,0,1,0,0,1,1,1,2,0,1,2,1,2,1,2,0,1,0,0,0,1,1,1,0,0,0,1,2,1,1,1,1,1,1,,0,2,1,2,1,1,1,2,1,1,1,2,1,1,2,,0,2,0,2,2,1,1,2,1,0,1,1,0,2,1,0,2,1,1,1,1,0,0,2,1,0,0,1,1,1,2,2,1,0
"rs00021",1,1429163,0,0,0,2,1,0,2,0,1,1,1,1,2,2,1,2,1,0,2,1,1,1,2,1,0,,0,0,1,1,1,1,0,2,2,2,1,1,1,0,0,2,0,1,2,1,1,2,0,0,0,0,1,0,1,0,1,1,2,1,2,0,1,1,1,0,0,1,1,0,0,2,0,2,0,0,1,2,1,0,1,1,2,2,2,0,1,1,1,2,2,1,0,0,1,0,1,2,1,0,2,2,1,2,0,1,1,1,1,1,1,2,1,2,2,1,2,1,0,0
"rs00022",1,1438461,1,0,1,1,2,1,2,1,2,1,1,2,2,1,1,1,1,1,0,2,0,1,0,1,1,0,,0,0,1,1,1,1,2,1,2,2,1,2,1,2,1,1,1,1,0,2,,1,1,0,0,1,1,0,1,1,1,1,0,0,0,0,1,1,0,2,1,0,1,0,1,1,1,1,1,1,0,1,1,2,1,2,1,2,0,1,1,1,2,1,2,1,0,0,0,2,,1,2,1,0,2,0,2,1,1,1,1,,1,2,,0,1,2,1,1,2,0
"rs00023",1,1514606,0,0,1,1,1,1,0,1,0,0,2,0,0,2,2,1,1,0,0,1,2,1,0,0,2,0,1,1,0,2,1,0,1,0,0,1,1,2,0,0,1,0,2,0,2,1,0,2,0,0,1,0,1,2,0,0,2,1,1,2,2,1,2,2,0,0,1,1,0,1,1,1,2,0,2,0,1,1,1,1,0,0,1,2,1,0,0,1,1,1,1,2,1,1,1,1,0,0,1,2,1,1,0,1,2,2,2,1,2,2,1,0,1,2,1,1,0,2,1,0
"rs00024",1,1583920,0,1,1,2,1,1,1,2,1,2,0,0,1,1,2,2,0,0,2,0,2,2,1,1,1,1,1,2,0,0,1,0,0,1,2,0,1,0,1,0,2,0,1,0,1,2,1,1,2,0,0,1,1,1,0,2,2,2,1,1,0,2,1,0,1,2,0,2,2,1,1,2,0,0,1,1,0,1,1,1,0,2,0,1,0,2,1,0,1,1,2,1,2,0,2,2,1,1,1,1,1,1,1,1,2,2,2,2,1,1,2,1,1,1,1,2,2,1,1,1
"rs00025",1,1761671,1,2,1,1,0,0,2,2,2,2,,2,1,2,0,,1,1,1,1,0,1,2,1,2,1,0,0,2,2,2,0,0,1,1,1,1,1,0,2,1,2,2,1,1,0,1,1,1,0,1,1,0,0,1,,2,1,1,1,2,0,2,1,1,2,0,0,1,1,1,0,1,1,2,1,1,2,0,0,1,1,0,2,0,0,0,2,2,2,1,1,0,0,0,1,0,1,0,1,1,1,1,2,0,0,0,1,0,0,1,0,2,1,1,0,1,0,0,1
"rs00026",1,1762735,2,2,1,1,2,2,1,1,1,2,1,1,2,2,2,0,1,1,2,,0,2,1,1,1,1,0,1,2,1,1,1,1,1,1,1,2,0,2,1,2,1,0,1,2,1,2,2,,1,1,1,2,0,0,0,0,1,1,1,1,0,0,2,2,2,1,2,1,1,2,2,0,0,2,1,2,1,0,0,1,1,2,1,1,1,1,0,2,1,1,1,1,2,0,1,2,2,1,1,2,0,2,1,2,2,1,0,1,1,0,0,1,0,1,1,2,0,0,1
"rs00027",1,1837844,1,1,1,,1,1,0,0,1,1,1,2,2,1,2,2,1,1,2,0,1,1,0,0,1,2,1,0,2,2,0,1,1,0,1,1,0,2,0,2,2,0,0,1,2,1,1,2,1,0,1,1,2,1,0,1,1,2,0,0,0,1,0,0,2,2,2,0,0,1,2,1,2,1,0,0,1,0,0,1,0,2,0,2,1,0,1,2,0,0,2,0,1,2,1,0,1,1,1,2,1,1,1,2,,,1,0,1,1,,2,1,1,0,0,1,0,0,0
"rs00028",1,1905281,0,0,1,2,1,2,0,2,2,1,0,1,1,1,0,1,0,0,2,1,1,2,0,0,1,1,2,1,1,1,0,1,0,0,0,1,2,2,0,1,0,1,0,1,2,0,2,1,1,,,1,0,1,0,0,0,2,1,1,1,1,,0,1,1,0,1,1,0,0,2,,1,1,0,1,1,2,1,1,1,2,1,1,0,0,2,1,0,1,1,0,1,2,1,2,2,1,0,0,2,1,1,1,0,1,1,0,2,1,1,1,2,2,1,1,1,0,1
"rs00029",1,1934327,1,1,0,,2,1,1,0,1,1,1,1,1,1,2,2,,1,1,0,2,1,1,2,1,1,1,1,2,1,1,2,1,2,2,1,1,1,1,2,2,2,1,1,1,1,1,0,1,0,1,0,0,1,2,2,0,0,2,1,1,0,2,2,1,0,1,1,2,2,1,2,1,0,,2,2,0,1,2,1,0,1,1,1,0,0,1,0,1,1,1,0,0,0,1,0,0,2,2,2,2,1,1,1,1,1,0,0,2,1,1,2,2,1,1,1,0,2,1
"rs00030",1,1983265,0,1,0,0,0,1,1,1,1,1,1,2,2,2,2,2,1,0,0,1,1,1,2,2,1,1,0,1,1,0,2,0,1,1,0,1,1,0,2,1,1,1,1,1,2,2,2,2,0,2,2,1,1,0,1,1,1,2,1,1,0,0,0,1,1,1,1,2,1,2,0,2,0,1,0,0,1,2,1,1,,1,1,1,2,0,0,2,1,1,1,1,0,2,0,0,1,0,0,1,1,1,2,1,0,2,1,1,0,0,1,1,1,2,1,2,1,1,1,1
"rs00031",1,2037161,2,0,0,1,1,1,2,1,0,2,2,1,1,0,0,2,2,0,1,2,1,0,1,0,2,0,2,0,2,1,0,2,1,1,1,0,1,1,1,2,1,0,2,0,1,1,1,1,0,1,2,2,2,0,1,0,2,0,1,0,0,0,2,2,1,0,2,0,1,1,2,,0,2,1,1,0,1,0,0,0,0,1,2,1,1,2,2,1,1,1,1,1,1,2,1,1,0,0,0,1,2,0,1,1,1,2,1,1,2,1,0,1,2,2,2,1,1,1,0
"rs00032",1,2156859,0,1,1,0,1,1,2,0,0,1,1,1,2,1,2,2,2,1,1,1,1,2,1,2,2,1,1,,0,1,1,1,1,0,1,1,1,1,1,1,2,1,1,2,0,0,1,1,1,0,1,,1,0,2,1,0,0,0,1,2,1,1,1,0,0,1,0,0,1,2,0,1,1,0,0,1,1,1,0,0,1,0,1,2,0,1,2,0,1,1,0,1,2,0,2,0,2,0,0,2,1,2,2,1,2,1,0,1,0,0,1,1,0,,2,0,1,0,0
"rs00033",1,2193211,1,0,1,1,1,1,0,2,0,2,1,1,2,1,1,0,1,1,2,1,1,0,2,0,2,1,0,0,2,1,2,1,2,2,1,2,1,1,2,1,1,0,1,1,1,1,1,1,0,1,1,2,2,2,1,2,2,1,2,1,0,1,1,1,1,1,1,1,1,2,0,0,1,0,1,0,1,0,0,0,1,0,2,1,1,2,2,2,2,1,0,1,2,1,2,0,0,1,1,0,2,1,0,1,2,1,0,0,2,1,2,1,2,0,2,2,1,1,1,1
"rs00034",1,2337424,2,2,1,2,1,2,2,1,0,1,1,1,1,1,0,1,0,2,2,2,2,2,2,0,0,1,1,0,1,0,1,1,0,1,1,0,0,1,1,1,0,2,1,1,2,2,0,1,1,1,1,1,2,2,1,1,2,2,1,1,0,2,1,1,1,0,1,2,1,0,2,2,0,0,1,0,2,0,1,1,1,0,0,1,1,2,0,1,2,2,0,0,0,2,1,1,1,1,1,0,0,0,1,1,1,1,1,2,1,0,0,1,1,1,1,,2,2,0,1
"rs00035",1,2394525,1,1,1,1,1,1,1,0,0,1,1,2,1,1,0,2,0,1,2,2,2,2,2,1,1,2,1,0,1,2,2,0,2,1,2,0,0,1,1,1,1,2,2,0,1,2,2,1,2,2,0,2,0,1,1,1,1,1,1,0,0,2,1,2,2,2,0,2,0,1,2,2,2,2,1,1,0,1,2,2,0,1,2,1,0,1,2,1,1,0,0,1,1,2,2,1,2,0,1,1,1,1,0,0,1,0,2,1,1,0,0,1,0,1,0,2,1,2,1,2
"rs00036",1,2457328,0,1,2,0,1,2,0,0,2,1,0,0,1,2,1,1,0,1,1,1,2,1,2,1,1,1,0,1,2,1,1,2,2,1,2,2,0,1,1,0,1,2,2,2,2,1,1,2,1,2,2,2,1,1,1,0,0,0,0,1,0,2,2,1,0,1,1,1,2,0,1,2,1,1,1,1,1,1,1,1,1,,1,0,1,,2,1,1,2,1,2,1,2,1,1,0,1,1,0,0,1,2,2,1,1,1,0,2,1,1,2,2,0,0,1,1,2,2,1
"rs00037",1,2461947,1,1,0,1,2,1,0,1,2,1,2,0,0,1,2,1,0,1,0,1,1,1,0,2,2,1,2,0,0,2,0,1,1,0,0,1,1,0,1,1,2,2,0,0,0,1,2,1,2,1,1,1,1,2,1,1,2,0,1,1,2,1,0,0,1,0,2,0,0,0,1,1,2,0,1,1,1,0,1,,2,2,1,0,0,1,2,1,1,0,1,1,1,1,1,1,0,2,1,0,1,2,2,1,1,,0,1,1,1,1,1,,0,1,0,1,2,1,1
"rs00038",1,2494903,1,2,2,1,1,0,1,0,1,1,1,,1,1,1,1,1,0,2,1,0,,0,1,1,1,1,2,2,2,1,1,2,2,0,1,1,0,2,1,1,0,,1,2,1,2,1,0,1,1,0,1,0,0,0,1,0,1,1,1,1,1,1,1,1,2,1,0,1,2,0,1,1,1,2,1,1,0,2,2,1,1,1,0,1,1,2,0,1,2,0,0,1,1,1,1,1,0,1,1,0,2,1,1,2,1,2,1,0,1,1,2,1,1,2,0,1,2,2
"rs00039",1,2643825,0,2,,2,1,0,1,,1,1,0,2,0,0,1,0,1,1,1,0,1,1,0,1,0,1,2,1,1,0,2,1,0,0,0,0,1,2,1,1,1,0,0,0,0,1,2,1,1,1,1,2,1,0,0,1,0,1,2,2,1,,2,1,1,1,1,1,2,1,2,1,1,0,1,0,0,0,1,2,0,1,1,0,1,1,0,1,1,2,1,1,2,1,1,2,1,0,2,2,1,1,2,1,1,0,1,2,1,2,1,1,1,0,1,0,1,1,1,1
"rs00040",1,2904479,2,1,1,2,1,1,1,0,2,0,2,1,1,0,0,1,1,1,1,1,2,1,1,0,0,1,0,0,0,2,1,0,0,2,0,1,1,1,1,1,0,0,2,2,1,1,1,1,1,2,0,0,1,0,1,0,0,1,1,1,1,2,0,2,2,0,1,1,0,2,1,2,2,2,1,2,0,1,0,2,1,1,2,2,0,1,2,1,2,0,1,2,1,1,1,0,1,0,1,0,1,0,0,,1,1,1,0,0,2,1,2,1,1,1,0,1,1,1,1
"rs00041",1,2960220,1,2,0,0,0,2,1,1,2,0,0,1,1,0,1,1,1,2,2,1,0,1,1,1,2,1,1,2,0,2,1,0,,2,1,1,1,0,1,1,2,2,1,2,1,0,2,2,2,1,1,0,2,1,0,2,1,1,0,2,2,2,0,1,0,1,1,0,1,2,2,2,1,,0,0,1,1,1,0,,2,2,1,2,2,0,2,1,1,1,1,1,1,1,2,0,0,0,1,1,1,2,1,2,1,2,1,1,1,0,1,0,1,0,2,1,1,1,1
"rs00042",1,2967533,1,0,1,0,1,1,2,,1,1,0,1,0,0,2,2,0,1,0,1,1,1,1,1,1,0,1,0,0,1,1,1,2,1,1,2,2,1,0,1,1,1,1,1,2,,1,0,0,0,2,0,2,0,1,1,1,1,1,2,1,1,1,0,1,1,1,0,1,1,1,1,0,1,0,0,1,1,2,0,1,2,0,1,1,1,2,1,0,1,2,1,1,2,2,2,1,1,1,1,0,2,2,1,1,2,1,1,2,1,1,1,2,2,2,1,0,0,1,1
"rs00043",1,3020033,1,2,1,1,1,1,0,1,1,2,,2,1,0,1,1,1,1,1,1,1,0,1,1,2,2,0,2,1,1,0,1,2,2,1,0,1,1,2,2,0,1,0,1,1,1,0,2,2,2,1,1,0,1,1,2,1,0,1,1,1,1,1,1,0,1,1,1,2,1,0,1,1,1,1,2,0,1,,1,0,2,1,2,2,1,2,1,2,2,2,2,1,1,0,1,1,2,2,0,1,0,1,1,1,2,2,2,1,0,1,1,2,1,2,1,1,1,1,2
"rs00044",1,3131947,0,1,2,1,,2,1,1,1,1,2,1,1,1,1,1,1,1,0,0,1,2,2,2,2,2,0,2,2,0,2,2,1,1,0,2,2,1,1,0,0,2,0,1,2,,1,1,2,1,2,0,2,1,1,1,1,1,0,0,2,2,0,0,1,1,1,0,1,0,0,2,1,0,0,1,1,1,0,1,2,0,2,1,2,0,0,2,0,0,0,0,2,2,2,0,1,1,2,2,1,1,2,1,2,1,1,2,1,0,0,0,1,1,2,1,1,2,1,0
"rs00045",1,3150985,1,2,2,1,0,1,2,1,1,0,0,1,,2,2,1,1,1,0,2,1,1,1,1,2,1,1,1,1,1,2,1,2,2,0,2,1,2,1,2,2,0,0,2,1,0,1,1,1,0,2,1,2,2,0,0,2,1,0,1,1,1,1,1,2,1,0,1,2,1,1,2,2,2,0,1,1,1,1,0,1,2,1,1,1,1,2,2,1,0,0,2,2,2,0,2,1,1,1,0,1,1,2,1,1,0,1,2,1,2,0,1,,2,0,2,1,1,1,0
"rs00046",1,3222492,0,0,1,0,0,1,0,1,2,1,1,1,1,0,2,2,1,1,0,2,0,2,2,1,1,1,1,2,0,2,1,1,2,2,1,1,1,0,2,0,1,1,1,1,1,0,1,1,1,0,2,0,2,1,1,0,1,0,2,1,2,0,1,0,1,0,1,1,0,1,2,1,2,,1,1,1,2,1,1,1,1,0,1,2,1,0,1,1,1,1,,2,2,1,2,1,0,1,0,2,1,2,1,0,1,2,1,0,0,0,2,2,2,0,1,2,0,2,0
"rs00047",1,3257950,0,2,2,1,0,1,1,2,0,2,0,2,1,1,2,2,2,1,1,2,1,1,2,1,1,0,1,1,1,1,0,1,0,0,2,1,1,2,1,0,0,1,1,1,0,0,0,1,0,1,1,1,1,0,1,0,0,1,0,1,0,2,0,2,0,0,0,1,0,1,1,1,0,2,1,2,2,1,1,2,0,0,1,1,1,0,2,1,,0,2,0,2,2,1,1,2,1,1,0,1,2,0,1,1,0,1,1,2,1,,1,2,1,1,2,1,2,0,1
"rs00048",1,3376361,2,1,0,2,1,0,2,1,1,2,0,1,1,0,0,0,2,1,2,1,0,1,1,0,1,0,1,2,0,1,,1,0,1,2,0,2,0,2,2,1,1,1,1,0,1,2,0,2,1,1,1,1,1,0,0,1,1,2,1,0,2,1,,2,1,2,1,1,0,1,1,0,1,0,2,0,2,2,2,0,2,0,1,1,1,1,2,2,0,1,0,0,0,1,0,2,0,0,1,1,1,1,1,1,1,0,2,1,0,2,0,1,2,2,1,1,1,1,1
"rs00049",1,3443019,0,1,0,0,1,1,0,1,0,2,2,1,1,1,1,2,2,0,,1,0,0,1,1,0,1,2,2,1,1,0,1,1,0,1,0,2,1,1,2,1,0,1,1,1,0,1,1,1,2,1,2,1,1,1,1,1,0,0,2,1,1,0,2,1,1,2,1,0,2,,1,0,2,0,1,2,2,0,2,1,0,0,2,2,1,0,1,2,,1,1,0,2,1,1,2,0,1,2,0,1,1,1,0,1,1,1,1,0,2,1,1,1,0,1,1,0,1,0
"rs00050",1,3464109,2,1,1,2,1,0,1,2,2,2,0,1,1,1,2,2,1,0,1,2,1,2,,1,1,0,1,1,2,1,2,1,2,0,1,2,1,2,1,1,0,0,2,0,1,2,1,0,2,1,1,0,1,1,1,1,1,1,2,0,1,1,0,0,2,2,1,2,1,0,1,1,2,0,1,1,1,2,2,2,2,1,1,2,1,1,1,0,0,2,1,2,1,1,1,0,1,1,2,0,,,0,0,1,0,1,0,1,0,1,2,0,1,1,2,1,0,2,1
"rs00051",1,3679601,1,0,,1,2,2,1,0,0,0,2,0,2,1,0,1,0,0,0,1,0,1,0,2,2,1,0,1,1,1,1,1,0,1,0,0,2,0,0,2,2,0,2,0,2,2,0,1,1,0,0,1,1,0,0,1,1,0,2,1,2,1,1,1,2,1,1,0,1,1,1,0,2,2,0,1,1,2,1,1,2,2,1,2,0,2,1,2,1,1,1,1,0,1,1,2,1,0,2,1,0,0,2,1,0,1,1,1,0,1,2,0,1,0,2,2,1,2,1,0
"rs00052",1,3778442,1,1,1,0,2,2,2,1,1,1,1,,0,0,2,2,,1,2,0,1,2,2,2,0,2,1,1,1,1,0,1,2,1,2,0,2,1,2,1,1,2,1,1,1,1,2,2,0,1,2,2,1,0,2,2,0,1,1,1,0,1,2,0,2,1,1,1,1,1,2,,2,1,0,0,0,2,1,0,2,1,2,1,2,2,2,1,0,1,1,1,0,2,0,1,,1,1,1,0,1,1,1,0,2,1,0,1,1,1,1,0,1,0,2,1,1,1,2
"rs00053",1,3867633,1,2,1,2,1,2,2,1,0,1,,1,1,2,1,0,2,2,2,0,1,,,1,2,1,1,0,2,0,0,2,2,1,2,1,,2,1,2,2,2,0,1,1,,2,0,1,2,1,1,2,0,1,1,1,1,1,1,,0,1,0,1,0,1,1,2,1,0,,1,1,0,1,1,2,2,1,0,2,0,0,0,1,1,,1,1,2,1,1,0,1,1,1,0,1,1,1,2,1,1,1,1,1,2,1,1,1,1,1,2,1,0,1,1,1,1
"rs00054",1,3956874,0,1,2,1,0,1,1,2,2,1,2,1,1,1,0,0,0,2,0,1,0,1,2,2,2,2,2,2,2,1,1,1,0,2,0,1,0,0,1,0,,1,1,1,0,1,0,1,2,0,1,0,2,1,1,2,1,2,1,1,1,2,1,2,1,1,1,2,1,1,2,0,0,2,2,2,1,2,0,1,1,1,1,1,0,1,0,2,1,2,1,0,0,1,2,2,1,0,1,2,1,1,1,2,1,1,2,1,2,1,1,1,1,2,1,1,,0,2,1
"rs00055",1,3963879,1,1,1,2,0,0,1,1,0,1,1,0,0,1,0,1,0,1,0,2,1,1,2,,1,1,1,0,2,1,2,1,1,0,1,1,2,2,1,,2,0,2,0,,1,1,1,1,2,1,0,0,1,0,2,0,1,0,1,2,1,1,2,0,1,1,0,2,1,,0,2,0,0,1,,2,2,1,2,1,0,0,1,1,1,0,,0,1,0,1,1,1,2,1,2,0,2,1,1,1,1,2,1,1,1,0,1,1,2,1,1,1,2,0,2,1,2
"rs00056",1,4228788,2,1,0,2,2,2,1,1,1,2,1,0,1,2,0,1,0,1,2,0,0,2,1,2,1,1,1,1,0,1,1,1,1,0,0,0,1,1,1,0,1,0,1,2,1,1,0,2,0,0,0,2,1,2,1,2,0,0,2,1,2,2,1,1,2,1,2,1,1,1,2,2,1,1,0,0,1,2,1,1,2,1,1,2,0,1,0,1,1,0,0,0,1,2,1,0,2,2,0,1,1,1,0,1,0,0,0,0,1,2,0,2,1,1,2,1,0,0,0,0
"rs00057",1,4296355,2,0,2,1,1,2,1,0,0,2,2,1,1,1,1,1,1,0,2,0,2,1,0,1,1,1,1,2,2,1,1,0,0,2,1,1,1,2,0,1,1,2,0,1,2,0,0,1,2,1,1,2,0,0,2,1,0,1,1,1,0,2,1,2,2,2,2,0,1,1,2,1,1,1,2,1,1,1,1,0,0,1,2,1,0,2,1,1,2,2,0,0,1,2,2,2,2,1,1,2,0,1,0,0,0,1,,2,2,2,0,1,1,2,1,1,0,1,2,2
"rs00058",1,4297109,1,1,2,1,2,2,0,1,1,1,2,2,,1,1,2,1,1,0,,0,1,2,,1,1,1,1,1,2,1,1,2,0,2,0,1,1,1,1,1,1,1,1,1,2,0,1,0,2,0,0,1,0,2,0,1,0,0,1,1,1,1,1,1,1,2,0,1,1,2,1,1,0,1,2,1,1,2,2,1,0,1,1,1,0,1,0,1,1,1,1,1,2,1,0,1,0,0,1,0,0,2,0,1,1,2,1,1,1,1,2,1,2,1,2,0,0,1,2
"rs00059",1,4301554,1,0,1,1,1,0,2,1,1,2,2,0,1,0,0,1,1,2,1,0,2,1,1,0,1,1,1,1,0,2,2,2,1,1,2,2,2,2,1,1,1,1,1,2,2,2,1,1,0,1,1,1,0,1,1,0,1,1,1,0,1,1,1,0,2,1,0,1,1,1,1,0,1,0,1,1,2,1,1,2,1,1,1,1,1,0,1,2,1,0,0,1,1,0,2,0,0,2,1,2,2,1,2,1,1,0,2,0,2,1,2,2,1,1,1,2,1,1,1,1
"rs00060",1,4464525,2,0,1,2,2,0,1,2,2,2,1,0,1,1,0,0,1,2,1,2,1,0,2,0,1,0,2,1,1,2,1,1,1,0,2,0,1,1,1,2,2,2,2,1,1,0,1,1,1,1,0,1,2,1,2,1,0,2,0,1,1,0,1,0,1,1,1,1,1,1,2,2,0,1,1,0,2,1,1,1,2,1,1,1,2,0,1,1,1,1,1,1,1,0,1,0,1,1,1,0,1,0,1,1,1,1,0,2,,1,1,0,2,0,0,0,2,0,2,1
"rs00061",1,4468556,2,0,1,1,2,2,1,2,1,1,1,1,,0,2,2,2,1,1,1,2,1,1,2,1,1,1,0,2,0,2,2,0,2,0,1,1,1,1,1,0,2,2,0,1,1,0,1,0,1,0,0,1,1,0,1,2,1,1,0,1,1,1,1,0,2,0,2,,0,1,2,0,1,2,1,0,1,1,2,1,1,0,1,0,2,2,1,0,2,0,1,1,1,0,2,1,2,1,1,1,1,2,2,0,1,1,0,0,1,0,1,2,2,0,1,1,0,2,0
"rs00062",1,4553969,0,1,0,0,1,1,0,0,0,0,1,2,0,0,0,1,1,1,0,2,0,1,2,1,0,2,1,1,1,0,2,0,0,0,1,2,1,,2,0,1,2,,2,0,1,0,,1,2,1,1,1,2,1,1,1,1,2,1,1,0,1,0,2,1,,2,0,0,0,2,1,0,0,1,1,1,0,1,2,1,0,0,0,0,1,2,2,,1,1,0,1,0,1,1,1,0,1,,0,0,0,1,1,0,1,0,1,0,2,1,1,1,1,1,1,1,1
"rs00063",1,4967861,0,1,1,0,2,1,1,0,1,2,1,1,,0,0,1,2,0,0,1,2,0,1,1,1,2,1,1,1,0,1,1,1,0,2,1,0,2,0,1,0,0,0,0,0,0,2,1,0,1,1,,0,2,1,0,0,1,0,1,2,0,2,2,1,1,1,0,1,1,2,0,1,1,0,,1,0,1,1,1,2,0,1,,1,0,0,1,0,,0,2,1,0,0,2,2,2,1,1,0,0,2,0,1,2,0,1,1,1,1,0,0,2,1,1,1,0,0
"rs00064",1,4982061,2,1,1,1,2,1,1,1,1,2,2,0,1,1,2,1,1,0,1,1,0,1,2,2,1,2,1,1,1,1,1,1,2,2,0,1,1,1,1,0,2,2,2,2,0,,1,2,1,2,1,1,1,0,1,0,0,0,1,0,0,1,2,1,1,0,2,0,1,1,1,1,1,0,1,1,2,1,1,,0,2,0,0,0,1,1,2,1,1,0,1,2,2,0,2,1,1,0,0,1,2,1,0,0,2,1,0,0,2,1,2,1,0,2,1,2,1,0,0
"rs00065",1,5155790,0,1,1,1,2,2,2,0,1,1,2,2,1,2,1,2,1,1,0,1,1,0,1,1,0,1,1,0,2,0,1,0,0,1,2,1,,0,0,0,0,1,1,1,2,2,1,0,1,1,1,1,0,0,1,1,1,0,1,1,1,1,0,2,1,1,2,1,1,1,0,1,2,0,2,0,1,0,1,0,0,2,1,0,1,2,1,0,0,1,1,,,2,0,0,2,1,1,1,1,2,1,1,2,1,1,0,1,0,1,2,2,2,0,1,1,1,1,0
"rs00066",1,5257004,1,1,2,2,0,2,1,1,1,2,1,,1,1,0,1,0,2,1,1,2,1,1,2,1,1,0,1,0,,1,2,0,0,1,0,0,1,2,2,1,1,1,1,1,1,1,1,1,2,,1,0,0,1,1,1,0,2,2,2,0,2,2,1,2,1,2,1,0,1,2,2,1,2,1,0,1,0,2,1,1,1,2,0,1,2,1,2,0,1,,0,1,2,1,2,0,0,1,1,0,1,1,,0,2,1,1,1,0,2,0,1,0,2,2,0,1,1
"rs00067",1,5261761,1,2,0,1,2,2,0,2,1,1,1,1,0,1,1,1,0,1,2,1,,0,2,1,1,0,0,0,0,1,2,2,0,2,1,0,0,1,1,2,0,1,1,1,,2,2,1,1,1,1,1,,0,1,1,1,0,1,1,0,2,0,2,2,0,1,2,1,1,,1,2,1,,1,1,1,0,2,1,1,1,1,1,1,1,1,1,0,1,1,1,1,1,1,0,1,1,2,1,2,0,0,,0,0,2,1,2,1,2,1,1,0,2,1,1,1,1
"rs00068",1,5655951,0,1,1,0,1,2,1,0,1,0,0,2,1,0,1,1,1,1,0,1,1,2,2,0,1,2,0,1,2,1,1,1,0,1,2,1,0,2,1,1,1,2,0,2,1,1,0,0,1,1,0,0,0,1,2,2,2,1,2,2,0,0,1,2,1,1,2,1,0,0,2,0,0,1,1,0,2,1,1,2,1,1,1,2,2,0,2,0,0,0,0,1,0,0,0,0,1,1,1,0,2,1,1,1,0,1,2,1,0,1,1,0,1,1,0,,1,1,0,1
"rs00069",1,5726285,2,2,1,0,1,1,2,1,2,0,2,1,2,1,1,0,1,2,1,0,0,2,1,1,0,1,1,2,1,2,1,1,1,2,2,2,1,0,2,1,1,1,1,1,0,1,1,2,0,2,1,0,1,1,1,2,2,2,1,1,0,0,1,0,,0,1,1,2,1,1,0,1,1,1,1,0,1,1,1,1,0,1,2,2,1,2,1,2,,2,,0,0,1,1,1,1,0,1,0,0,0,1,0,1,0,0,1,0,0,2,0,1,1,2,2,1,2,1
"rs00070",1,5915281,1,0,2,1,0,1,1,2,2,1,1,1,1,1,1,1,1,0,2,2,0,1,0,1,0,1,2,0,0,2,0,1,0,2,2,1,1,0,0,,0,1,1,1,2,1,1,0,1,0,1,2,2,1,2,2,1,1,0,0,1,0,2,1,0,0,2,1,2,1,1,2,1,0,2,2,1,1,0,2,1,2,1,0,0,1,2,,0,1,1,0,1,1,1,2,0,2,2,0,1,1,0,2,0,0,0,0,1,1,2,1,1,1,1,1,1,2,0,1
"rs00071",1,5916629,1,2,2,1,1,1,0,1,2,0,1,2,1,,2,2,,2,1,1,1,1,1,1,1,2,2,2,1,1,1,1,1,1,0,1,1,2,2,1,2,0,1,2,0,2,1,0,1,1,0,1,1,1,0,1,1,1,1,2,0,0,1,0,1,0,1,1,0,0,1,1,1,1,1,1,2,1,1,1,2,1,2,1,1,1,0,1,1,1,2,2,2,1,2,1,0,1,2,2,2,1,1,1,2,1,1,2,1,0,1,1,1,1,0,2,1,1,2,0
"rs00072",1,5939693,1,1,1,0,2,1,2,0,0,1,1,1,2,0,2,1,2,1,0,0,2,1,2,2,0,1,2,1,1,2,0,1,1,2,1,1,2,0,1,1,1,2,1,1,0,2,2,1,2,2,0,1,1,0,0,0,0,1,2,2,1,1,2,2,1,1,2,1,0,0,2,1,2,1,0,1,2,1,1,0,1,0,1,2,1,2,1,2,2,1,0,1,0,2,1,1,0,0,1,2,0,2,0,1,1,0,1,1,2,2,1,1,1,0,2,2,0,1,,1
"rs00073",1,5971353,1,0,1,1,0,0,2,1,1,1,2,2,2,0,0,0,1,,0,0,2,1,0,1,0,1,2,1,0,2,0,1,1,0,1,1,0,1,2,1,2,1,1,2,1,0,1,0,2,2,0,2,1,,2,1,0,1,1,1,0,0,2,1,1,1,1,1,1,0,,0,0,0,1,1,1,0,1,1,1,1,1,2,2,0,0,1,2,2,2,1,0,0,2,0,1,1,2,1,1,1,1,1,1,2,1,0,1,2,1,2,2,1,0,1,2,0,1,1
"rs00074",1,6010227,1,1,0,1,2,0,1,1,1,2,1,1,2,0,1,0,0,1,1,1,2,1,1,2,2,1,1,1,1,1,2,2,1,1,0,2,0,0,2,1,2,,,1,0,1,1,2,0,1,0,1,2,1,2,0,0,0,2,2,0,1,1,1,0,0,1,0,2,1,1,1,0,2,1,0,1,0,2,0,0,1,0,1,1,0,0,2,2,0,0,2,2,1,0,,2,1,2,1,1,2,2,1,1,2,2,0,0,1,2,0,2,,1,1,0,1,2,
"rs00075",1,6146386,1,1,1,2,1,1,2,1,0,0,0,1,1,1,1,2,2,1,1,1,0,1,1,0,1,0,1,1,1,2,1,1,2,2,0,1,2,2,0,2,2,1,1,1,1,1,1,2,1,1,0,1,1,2,1,2,1,1,0,1,1,0,1,1,1,0,2,1,2,1,1,2,0,2,2,2,0,1,1,0,1,2,1,1,1,0,1,2,0,,0,1,2,2,0,1,1,1,1,1,1,0,1,0,2,0,0,1,0,1,2,0,1,2,0,0,1,1,1,1
"rs00076",1,6175169,2,2,2,2,1,1,2,1,0,1,0,0,2,2,2,0,1,1,2,1,1,1,1,0,2,1,1,1,0,1,,1,2,0,0,0,1,2,0,1,1,0,2,0,1,1,0,2,1,2,0,2,2,1,0,1,0,0,0,1,1,0,1,1,1,2,0,0,1,1,2,2,2,1,2,1,1,0,1,0,1,1,2,0,1,2,1,1,2,0,2,1,1,0,0,2,1,0,0,1,1,2,0,1,2,1,1,1,1,1,1,0,2,2,1,1,1,1,0,1
"rs00077",1,6241548,1,1,0,1,1,0,2,1,0,1,0,1,0,0,1,1,1,2,2,0,1,0,1,1,1,1,1,1,1,2,1,2,1,1,2,1,1,2,1,2,1,1,1,2,0,0,1,1,1,1,2,0,1,1,,1,1,2,1,2,1,0,0,1,1,2,0,1,2,1,1,,1,2,2,1,2,,1,1,0,2,2,1,1,1,2,2,2,2,0,1,1,1,0,0,1,0,0,1,1,1,1,1,1,1,0,1,1,1,0,1,1,0,1,2,1,1,1,1
"rs00078",1,6301185,1,1,1,1,0,1,1,0,2,1,1,1,2,1,2,2,1,1,0,1,1,1,1,1,1,2,1,0,2,0,1,2,1,1,0,1,2,1,2,1,1,0,1,1,1,1,1,0,1,2,1,2,0,0,1,2,1,1,1,1,0,0,1,1,2,0,1,0,1,1,1,2,2,2,2,1,1,1,1,1,1,1,2,1,1,0,1,1,1,0,1,1,1,2,2,0,0,1,2,0,1,2,1,2,0,1,1,0,0,2,1,1,1,1,2,1,2,1,1,1
"rs00079",1,6475065,2,2,1,0,1,1,1,2,0,0,1,2,0,1,1,2,1,,1,2,2,2,0,1,1,0,0,1,1,1,0,0,1,0,2,1,1,0,1,1,1,1,0,1,0,1,2,1,2,2,1,,1,1,1,1,2,0,0,,2,1,1,1,0,1,2,1,0,2,,1,2,1,2,2,1,0,1,2,0,1,1,1,0,0,1,1,1,1,1,1,0,2,0,0,2,1,0,1,1,0,1,1,0,1,0,,2,1,1,0,2,1,0,1,2,0,1,1
"rs00080",1,6488994,1,2,1,1,2,1,2,0,2,1,2,1,1,1,1,1,0,0,1,1,0,1,0,1,1,2,2,1,1,1,1,1,1,1,1,1,1,0,1,2,2,1,1,,0,2,1,1,2,0,0,1,0,0,1,1,1,1,1,0,0,2,0,2,1,1,1,2,1,1,0,1,0,0,1,1,1,,2,2,1,1,0,1,1,1,1,1,1,2,1,0,2,2,2,1,2,2,0,1,0,2,2,1,1,0,1,0,1,0,0,1,2,1,2,1,1,1,0,1
"rs00081",1,6596870,2,1,1,2,1,0,1,0,1,0,2,0,0,2,0,2,2,0,2,2,1,0,1,2,0,0,1,0,1,1,2,2,1,0,1,0,1,1,1,0,1,0,1,1,1,2,2,1,0,2,0,1,2,1,1,1,1,1,1,1,1,2,0,0,1,1,1,1,1,2,0,2,2,2,,0,2,0,1,1,1,0,2,1,2,2,1,1,0,,0,1,2,0,1,2,,1,1,1,1,1,2,2,1,1,2,1,1,0,0,0,1,1,1,0,1,0,2,1
"rs00082",1,6612761,1,0,0,1,1,0,0,1,2,1,1,2,1,1,1,1,1,1,2,1,1,1,,0,0,1,2,0,0,2,1,0,1,0,2,1,1,0,2,0,0,2,0,1,2,2,1,0,0,1,2,1,1,2,2,1,0,2,0,2,1,0,0,2,1,1,1,1,1,0,2,0,2,1,1,0,1,0,0,1,0,1,1,1,1,1,2,1,1,2,2,2,1,1,2,2,1,2,0,1,0,1,2,1,1,2,1,1,2,1,0,1,1,1,1,0,2,0,1,1
"rs00083",1,6647952,1,2,1,2,1,1,2,1,1,0,1,0,2,0,1,1,1,1,1,1,2,0,1,0,1,1,2,0,0,1,1,1,0,2,1,1,0,1,1,1,0,2,0,2,0,2,1,1,1,1,1,1,0,1,2,0,2,2,1,1,1,0,1,2,2,1,0,0,1,2,0,0,2,2,1,1,1,2,0,1,1,1,1,1,1,1,2,1,1,0,0,0,1,1,1,1,2,1,2,1,1,0,2,2,1,1,1,1,1,2,0,1,1,0,1,0,1,1,2,2
"rs00084",1,6849492,2,2,2,1,2,2,2,2,2,0,1,2,1,1,2,1,1,1,1,1,1,0,0,1,0,0,1,1,1,0,1,1,1,1,1,1,1,1,1,1,0,0,1,0,2,1,2,0,1,1,2,1,1,2,1,2,1,1,0,1,1,2,2,0,1,1,1,1,2,1,1,1,1,1,1,1,1,0,1,1,1,1,1,1,1,1,2,1,0,1,2,1,1,2,0,0,2,1,0,0,2,2,1,2,1,0,2,1,2,2,0,1,2,0,0,2,2,1,1,0
"rs00085",1,6883728,0,1,2,0,1,1,1,1,1,0,2,1,2,2,0,1,1,0,1,1,1,2,2,1,0,2,2,1,2,2,1,1,0,2,1,2,0,,1,2,1,2,1,1,0,0,0,1,2,2,0,1,2,1,1,1,1,0,2,1,1,1,0,1,2,0,1,2,1,0,2,2,1,1,1,1,0,1,1,1,0,2,0,2,1,2,0,2,2,1,0,1,0,1,0,0,1,1,1,1,1,0,0,0,1,1,1,2,1,0,1,0,2,1,1,1,2,0,0,0
"rs00086",1,7005397,2,1,1,1,1,2,1,2,0,0,2,2,2,1,1,1,2,2,2,1,0,,0,0,0,0,1,2,1,0,1,1,1,1,2,2,1,1,0,0,0,0,1,0,1,1,0,0,1,2,1,1,1,2,1,2,1,0,1,2,2,2,2,1,1,1,1,1,1,0,2,2,1,2,1,1,0,1,2,2,1,2,0,1,1,0,0,0,2,1,2,1,1,1,1,1,0,1,1,1,0,1,1,1,1,2,1,2,0,2,2,2,2,0,1,2,1,1,2,0
"rs00087",1,7006861,1,0,0,1,1,2,1,1,1,1,1,1,0,1,0,0,2,1,0,0,1,1,0,2,2,1,2,,0,1,1,0,2,0,1,0,1,,1,1,0,2,2,1,2,0,1,1,0,0,0,1,0,0,1,2,1,0,0,2,2,1,0,2,1,0,1,1,1,2,2,1,0,0,1,1,0,1,1,1,2,1,1,0,1,1,1,0,1,1,1,2,1,0,1,1,1,1,0,0,0,0,1,1,1,1,1,1,0,,0,1,2,2,1,1,1,1,2,1
"rs00088",1,7040141,1,0,2,1,1,0,1,2,1,1,1,0,1,2,1,1,1,2,1,0,1,2,1,1,1,1,1,1,1,0,0,0,1,0,2,1,1,0,0,1,0,0,1,1,0,1,1,0,1,1,1,0,1,1,1,1,1,2,1,1,1,1,0,1,1,1,1,1,1,1,0,1,2,1,2,1,2,2,2,1,2,2,1,1,1,0,0,1,1,1,0,0,1,0,2,1,1,2,2,1,2,,1,1,0,2,1,1,0,0,2,0,1,0,0,1,1,1,0,1
"rs00089",1,7209777,1,1,2,2,2,1,1,0,1,1,1,1,2,1,1,2,0,2,1,1,0,0,0,0,,0,1,1,1,0,0,1,2,2,2,2,1,2,2,1,1,2,0,2,2,2,1,1,1,0,2,1,2,1,1,,2,2,1,2,0,0,2,1,1,1,1,2,1,0,1,1,2,0,2,1,1,2,1,2,1,0,1,1,0,2,0,1,0,2,1,1,2,1,2,0,0,2,1,2,,0,0,1,0,2,0,1,0,2,0,1,1,2,1,2,1,0,0,2
"rs00090",1,7256108,1,,1,1,1,0,0,2,1,2,0,2,1,1,1,1,1,0,1,1,1,1,2,1,0,1,1,2,1,2,1,0,2,1,2,1,1,2,0,2,1,2,1,2,2,1,1,2,1,1,0,0,0,0,1,2,1,1,1,1,0,1,2,0,1,0,0,0,1,2,1,2,2,1,0,1,1,1,2,1,1,2,0,1,2,0,1,1,0,0,2,1,0,1,,2,2,1,1,2,1,2,0,1,0,1,2,1,1,0,1,1,2,0,1,0,0,1,1,2
"rs00091",1,7338809,2,1,0,1,2,2,1,2,1,0,1,0,0,1,0,1,2,1,0,1,0,1,0,2,1,0,0,1,2,0,1,2,2,1,1,1,1,0,2,1,0,0,2,0,0,2,1,1,1,0,0,1,1,0,0,,2,2,1,1,1,0,1,2,2,2,1,1,2,2,2,0,2,1,1,0,2,2,1,0,0,1,0,1,0,1,2,2,0,1,2,1,2,2,1,1,2,0,0,1,1,0,1,2,0,1,2,1,0,2,0,1,2,2,0,2,2,2,1,0
"rs00092",1,7379678,1,0,1,0,2,0,0,1,,1,1,0,0,1,2,1,1,0,1,1,0,1,1,2,0,2,1,1,0,1,0,0,1,0,1,1,1,1,1,2,0,0,1,1,1,1,0,1,2,1,1,1,0,0,0,2,1,1,1,1,2,1,2,2,1,2,2,2,0,0,0,1,1,1,1,1,2,1,0,1,1,2,1,1,1,,1,0,1,2,0,2,2,1,1,2,0,1,0,1,2,1,2,0,2,1,1,1,1,1,1,1,2,1,2,2,1,0,1,1
"rs00093",1,7489921,1,1,0,1,1,1,1,1,1,1,0,1,1,2,2,1,1,1,2,1,1,2,0,1,2,1,1,0,1,1,1,2,1,1,1,1,1,1,1,0,1,1,1,0,1,2,0,1,,1,1,2,2,2,0,1,0,0,0,0,2,2,2,1,1,2,0,1,0,0,2,2,1,1,0,,1,0,1,1,0,1,1,1,1,0,2,1,1,0,0,0,1,2,1,0,1,1,1,1,2,0,0,1,2,2,2,1,0,1,2,0,1,0,2,1,1,0,1,2
"rs00094",1,7518930,0,0,2,1,1,1,1,1,1,1,0,1,0,0,2,2,1,2,2,1,2,1,0,1,2,2,1,1,0,1,2,0,1,1,1,1,0,2,0,1,2,1,0,2,2,1,1,2,0,1,0,1,1,0,2,0,0,2,2,2,1,0,1,0,,,2,1,2,1,1,1,0,0,1,1,1,1,2,0,0,0,2,1,0,0,1,1,2,1,2,0,0,1,2,1,0,1,1,0,1,1,0,2,2,1,1,0,1,1,2,2,0,0,0,0,1,0,1,0
"rs00095",1,7536139,0,0,1,1,1,0,0,1,1,1,1,1,0,1,1,2,2,1,0,1,2,0,0,2,1,1,2,1,2,1,2,2,0,2,1,1,2,1,2,1,2,1,1,1,1,1,0,1,1,2,0,1,0,1,1,2,1,1,1,1,1,1,0,1,0,1,2,1,0,1,,1,1,1,0,1,0,0,0,0,0,1,0,0,1,2,1,2,0,0,1,1,1,2,0,1,1,2,0,2,0,1,1,1,2,2,2,1,0,2,1,0,1,1,2,0,0,1,0,0
"rs00096",1,7538384,2,1,2,2,0,1,0,1,2,,1,1,0,1,1,2,1,1,0,0,1,1,1,0,1,1,1,0,1,2,0,1,0,1,2,0,0,1,2,1,2,1,1,2,2,0,1,2,0,1,1,0,1,0,1,1,1,2,2,1,0,2,1,1,0,1,2,0,2,0,2,2,1,1,1,0,0,0,1,0,1,2,0,2,1,1,1,1,2,1,0,1,1,2,1,1,1,1,2,2,1,0,1,1,1,2,2,,0,0,1,2,2,1,2,1,2,0,1,2
"rs00097",1,7611473,1,2,2,2,1,2,1,2,1,1,2,2,1,2,1,0,1,0,1,1,0,1,1,2,1,1,1,2,1,0,2,2,2,1,1,1,2,1,1,1,2,2,2,1,1,1,2,1,2,0,1,1,1,,1,0,2,,2,0,2,1,0,1,1,2,1,0,1,1,2,1,2,1,0,2,1,1,2,2,1,1,2,1,1,0,1,1,2,0,1,1,1,2,1,1,1,0,0,1,2,1,2,2,1,0,0,0,1,1,2,1,1,2,2,1,1,1,0,2
"rs00098",1,7773284,2,1,1,1,1,1,1,0,0,0,1,2,2,1,2,,0,2,2,0,2,2,0,1,1,2,0,1,1,2,1,1,2,1,1,0,1,1,1,1,1,1,2,0,,0,1,0,1,1,2,1,1,1,0,0,1,0,2,1,0,1,1,1,1,0,0,1,0,1,,2,2,2,1,2,0,2,1,1,1,1,1,1,1,2,0,0,0,0,1,1,2,1,0,0,1,0,2,2,1,0,2,2,2,2,1,1,0,1,1,1,0,0,2,0,2,0,2,0
"rs00099",1,7900911,2,1,0,1,2,0,1,1,2,0,1,1,0,0,1,2,2,,0,0,1,1,1,1,1,2,2,0,1,1,0,0,2,2,0,0,0,0,1,1,1,2,2,0,1,1,1,1,2,1,1,0,1,0,1,0,2,0,1,2,1,0,1,2,0,1,1,1,1,1,0,2,1,0,0,1,2,2,1,2,2,2,1,2,1,0,2,1,1,1,1,1,2,2,0,2,0,0,2,0,0,1,2,0,2,1,1,1,1,2,1,2,2,2,2,2,2,0,2,1
"rs00100",1,7909897,2,1,2,2,1,0,2,0,2,2,0,0,0,1,1,0,1,1,2,1,1,0,1,0,0,1,2,1,2,,0,2,0,1,1,1,1,2,2,1,0,1,0,2,0,0,2,2,1,,1,2,1,2,1,0,1,1,2,1,0,2,0,2,2,1,1,1,0,0,1,1,1,2,1,1,1,0,1,0,1,0,1,0,1,2,1,,1,1,0,2,2,2,2,1,1,0,1,1,1,0,0,1,0,0,1,1,2,1,2,2,1,1,0,1,1,0,2,1
"rs00101",1,8197512,2,1,1,0,2,1,0,1,2,0,0,1,1,1,0,1,1,2,2,0,2,1,1,2,0,0,1,2,2,0,0,1,0,1,1,1,0,0,2,0,1,1,1,1,2,1,0,1,1,1,1,1,1,,1,0,1,1,1,0,1,0,1,1,1,2,2,0,1,1,1,2,0,0,1,1,1,1,0,1,1,1,0,1,2,1,1,0,2,0,0,2,2,1,2,0,1,1,0,0,1,2,1,1,0,1,0,2,1,1,2,0,1,1,0,0,2,1,2,0
"rs00102",1,8464517,1,1,2,2,1,1,1,2,1,2,1,1,2,1,0,1,0,1,1,0,1,0,1,1,0,0,1,2,0,0,0,1,2,1,0,1,2,1,1,1,2,1,1,1,2,2,0,2,2,0,2,0,1,1,0,1,1,0,1,1,1,0,2,0,1,1,1,0,1,1,2,2,1,1,1,2,1,0,2,1,1,2,2,1,1,1,1,1,0,0,1,1,0,1,0,1,1,1,2,0,2,1,1,2,0,2,1,1,0,0,1,1,0,0,0,0,0,1,2,1
"rs00103",1,8521383,1,0,2,0,2,1,2,1,0,0,1,2,2,1,0,1,0,1,1,0,0,0,1,1,1,1,1,1,0,1,1,1,0,1,2,1,0,1,1,2,1,2,1,0,0,1,0,1,0,2,2,2,,1,0,1,1,0,1,1,1,0,1,0,1,0,2,2,2,0,1,1,2,0,1,2,0,0,2,1,1,1,0,2,2,1,1,1,0,1,0,0,1,0,1,2,0,1,1,0,1,0,0,1,1,2,1,0,1,1,1,0,1,2,1,1,2,0,0,2
"rs00104",1,8534618,1,1,1,1,2,1,1,0,2,1,2,0,1,0,1,1,0,2,1,0,2,1,1,2,0,2,0,1,1,,1,1,2,1,1,,0,1,2,1,1,0,2,2,2,2,2,1,0,0,0,1,2,1,1,0,2,1,0,0,0,1,1,,0,0,1,2,2,1,0,0,1,1,2,0,1,2,1,,0,1,2,1,1,1,2,1,1,2,2,0,2,2,2,1,2,1,1,2,2,1,1,2,1,1,1,0,2,1,0,0,0,0,1,1,1,0,0,1
"rs00105",1,8591921,0,2,1,2,2,0,1,1,1,1,1,1,1,1,0,1,2,1,0,0,1,2,2,0,1,2,0,0,1,1,2,1,0,1,1,1,1,2,,2,0,2,2,1,1,1,1,1,2,2,0,1,2,1,1,1,1,0,1,2,0,0,1,1,1,1,1,1,1,1,1,0,0,2,1,1,1,1,1,0,1,1,0,1,2,1,0,2,0,1,1,1,2,0,1,1,2,1,2,0,1,1,1,2,1,1,0,1,2,1,1,0,2,0,0,0,1,2,1,1
"rs00106",1,8596756,0,1,2,2,1,1,2,1,1,2,2,1,0,0,2,1,1,1,2,2,0,1,1,0,1,1,1,2,0,1,1,2,1,2,2,0,2,2,1,2,2,2,2,1,1,1,1,1,2,2,1,2,2,1,0,1,1,1,1,1,,2,0,0,1,1,1,0,1,1,1,2,1,2,1,0,1,2,1,1,1,2,2,1,2,1,1,0,1,1,1,2,1,0,1,0,1,1,0,,1,1,2,1,1,0,0,1,0,1,1,2,1,1,1,1,1,0,0,2
"rs00107",1,8613597,2,0,0,1,2,2,1,1,2,2,1,0,1,0,1,1,1,2,0,0,2,0,2,1,1,0,2,0,,2,2,1,1,2,2,0,2,1,1,2,2,1,2,2,2,2,0,0,1,1,1,2,1,1,1,2,2,1,1,1,0,0,2,2,1,0,2,2,2,1,1,1,1,1,2,1,1,1,2,1,1,1,0,0,0,1,2,0,0,1,1,1,2,1,1,1,0,2,2,1,1,2,2,0,0,1,1,0,1,2,0,1,2,1,1,1,1,1,1,1
"rs00108",1,8779472,2,1,1,0,0,1,2,2,,2,0,1,1,,2,1,1,1,0,2,1,0,0,1,2,2,1,0,1,1,2,1,1,0,1,2,0,1,2,2,1,1,2,0,2,1,1,1,1,1,1,0,0,0,1,2,2,0,1,1,1,0,2,1,0,1,0,0,2,0,1,1,1,1,1,0,1,2,1,2,0,1,1,2,2,0,2,1,1,2,0,1,1,2,0,1,1,1,1,0,,1,1,0,0,2,2,2,0,0,1,1,2,1,1,0,2,2,1,2
"rs00109",1,8782733,2,1,0,1,2,1,1,1,0,1,2,1,1,2,1,2,1,0,1,0,1,0,1,0,2,0,1,1,1,2,2,0,1,0,0,1,0,2,1,1,1,2,1,0,1,1,1,1,1,1,0,1,1,1,0,1,0,1,2,1,2,1,1,1,1,1,,2,1,1,1,1,2,2,1,2,1,1,0,1,2,2,1,0,0,1,0,,1,1,0,2,0,2,1,1,2,0,2,1,1,2,2,0,1,1,1,0,1,2,0,1,2,0,1,1,1,1,2,0
"rs00110",1,8809429,1,2,0,2,2,0,1,1,1,0,1,2,2,1,1,2,1,0,1,1,1,2,1,0,1,0,2,0,0,1,1,1,0,0,2,1,2,1,0,1,1,1,0,0,0,0,2,2,0,0,1,2,2,1,0,0,,1,1,0,2,1,0,0,2,0,1,1,1,1,1,1,0,1,1,0,2,1,1,2,1,1,1,1,1,1,1,1,1,0,0,0,1,2,0,2,0,0,1,2,2,2,1,1,1,0,0,0,1,2,1,1,2,,1,2,1,2,0,2
"rs00111",1,8827408,2,1,2,1,,1,1,1,1,2,1,0,0,2,1,1,2,1,0,1,2,2,1,2,0,1,1,1,0,1,2,0,0,1,1,1,1,2,2,1,2,1,1,1,0,2,1,,0,1,2,0,0,1,1,1,1,2,1,2,1,1,0,0,2,1,1,0,0,2,2,1,1,,2,2,1,1,1,,1,1,0,2,1,1,1,1,1,0,2,0,2,,2,0,1,0,2,1,0,2,2,0,0,1,1,1,1,2,,0,2,1,0,0,,1,1,1
"rs00112",1,8917737,0,2,1,1,0,1,1,2,2,1,1,2,1,1,2,1,2,1,0,1,1,1,1,1,1,2,0,0,1,0,1,1,1,0,1,0,1,1,0,2,1,1,2,2,2,0,0,1,1,1,1,0,1,1,0,1,2,0,0,2,1,2,0,0,1,1,1,0,2,1,1,1,1,1,2,2,1,1,2,2,1,1,0,,,1,2,2,1,0,2,1,0,0,1,1,1,1,1,0,1,1,1,0,2,1,0,2,2,0,2,2,2,2,1,2,1,0,1,2
"rs00113",1,9063548,0,2,0,1,2,0,2,0,0,,0,2,0,0,1,2,1,0,,1,1,2,0,2,2,2,2,1,0,2,0,1,1,0,1,0,1,0,1,0,2,1,1,2,2,0,0,2,2,0,1,,1,2,2,0,2,1,0,0,2,2,1,0,0,0,1,0,2,1,1,1,2,1,1,1,2,1,,0,1,2,2,2,1,1,0,1,1,1,0,0,2,1,1,1,1,0,1,2,0,1,2,1,1,1,1,0,1,1,0,1,1,2,0,0,1,0,1,0
"rs00114",1,9105879,1,1,2,0,0,0,0,2,1,2,1,,1,2,1,2,2,2,1,1,0,2,1,1,2,0,1,1,2,1,1,1,,2,2,0,1,2,1,1,0,2,0,1,0,0,1,1,2,0,2,2,,2,2,1,1,1,1,0,0,0,0,0,0,1,2,0,1,1,2,0,0,2,1,0,1,0,1,0,2,2,0,1,1,1,1,1,1,1,0,1,1,1,1,0,1,2,0,2,1,2,2,2,2,1,0,2,1,2,1,1,1,2,2,2,0,2,0,
"rs00115",1,9351600,2,0,1,2,0,,2,0,1,2,1,1,1,1,1,1,1,1,1,0,1,2,2,2,0,1,1,0,1,2,0,1,1,0,1,1,1,0,1,1,2,1,1,2,1,1,2,2,0,0,0,2,2,2,1,1,2,0,1,1,2,2,0,1,1,1,0,1,0,0,0,1,0,1,1,1,1,1,1,1,1,1,1,1,1,1,0,0,0,1,1,1,1,0,2,0,2,0,1,1,1,1,2,2,1,0,1,0,,2,0,2,0,2,1,1,2,1,1,1
"rs00116",1,9400910,2,0,1,0,,2,0,1,1,2,0,1,2,2,2,2,0,1,1,1,1,0,1,2,0,1,0,1,1,2,0,1,1,1,2,1,0,2,0,1,2,0,,,1,1,1,2,1,1,2,1,1,1,1,1,1,0,2,1,2,2,2,1,1,0,1,2,0,2,1,1,1,1,1,,1,0,0,1,1,1,1,1,1,1,1,2,0,2,1,,1,1,0,0,2,1,0,,1,1,1,0,1,0,2,1,1,2,1,0,1,1,1,1,2,1,2,1
"rs00117",1,9414476,1,1,0,,1,2,1,0,0,1,0,2,2,0,1,2,2,0,1,1,0,1,0,1,0,2,1,0,1,2,1,1,0,1,1,2,1,2,1,0,0,1,1,1,1,2,0,0,1,2,0,1,1,0,1,1,,2,2,,0,1,0,0,0,1,1,0,1,1,0,0,2,1,1,1,1,0,2,1,1,1,1,0,1,1,0,2,1,1,0,1,1,1,0,0,2,0,0,0,1,1,1,1,1,1,0,2,1,1,2,1,2,1,2,1,2,0,1,2
"rs00118",1,9438620,1,1,0,2,1,1,2,0,1,1,2,1,1,1,0,0,1,0,2,2,0,0,2,2,1,2,1,1,1,2,1,1,2,0,1,2,2,1,0,2,2,2,1,1,1,1,1,2,0,2,2,0,1,2,0,2,1,2,1,0,0,1,1,2,1,0,0,1,1,1,2,2,,,1,2,2,0,0,1,2,1,1,0,1,1,1,1,2,0,0,1,2,1,1,0,2,2,1,1,1,1,1,0,1,1,1,0,2,0,1,2,0,2,2,2,1,0,0,1
"rs00119",1,9439706,2,1,1,2,0,1,2,2,2,0,0,1,1,1,2,0,0,2,1,0,2,2,2,,1,0,0,1,1,2,0,1,2,1,2,2,1,1,0,1,2,2,2,1,2,2,1,2,0,1,2,2,2,0,2,,0,0,1,0,2,1,1,0,0,0,1,1,0,0,1,0,1,0,2,0,1,0,0,1,0,1,2,2,1,1,0,0,2,1,2,1,1,1,0,0,1,0,0,0,1,0,1,0,,1,1,2,1,1,0,1,0,1,2,0,2,0,0,1
"rs00120",1,9508360,0,1,0,0,1,1,1,0,2,1,1,1,0,1,0,1,0,1,,1,2,0,2,1,1,1,1,1,2,1,1,0,1,0,2,0,1,0,0,1,1,2,2,1,0,1,1,1,1,2,1,0,2,2,1,2,1,0,1,0,2,2,2,1,1,2,1,1,0,2,0,2,2,0,1,1,2,1,0,1,0,2,0,2,1,0,1,2,2,1,1,2,2,0,1,1,1,1,1,1,0,0,2,2,1,1,1,2,2,0,1,1,2,1,2,2,0,1,1,1
"rs00121",1,9571034,1,1,2,1,1,0,0,1,1,2,0,0,2,2,1,0,1,2,1,1,1,1,1,1,0,0,1,1,1,1,0,1,1,1,1,0,1,0,1,0,0,1,0,1,0,1,1,1,2,1,1,2,2,1,2,1,2,0,1,1,2,0,1,,1,1,1,2,2,1,1,0,1,0,1,1,1,0,0,2,2,1,1,0,2,1,2,0,2,1,0,1,0,1,0,2,1,1,0,0,0,0,2,1,1,0,2,1,2,1,0,2,,0,1,,1,0,1,1
"rs00122",1,9646211,1,2,0,0,1,1,1,1,1,0,2,1,2,1,0,2,1,2,0,1,1,2,1,1,1,2,0,1,1,1,2,0,0,1,2,1,2,1,1,1,1,1,1,2,1,0,1,2,2,2,,2,1,1,2,1,1,1,1,1,2,0,2,1,1,2,0,2,2,1,1,2,0,2,1,0,1,1,0,0,1,1,1,1,1,0,2,2,0,2,1,0,2,2,1,1,0,1,1,2,1,1,0,1,1,1,0,0,2,0,1,1,1,1,2,1,0,2,2,1
"rs00123",1,9663259,2,1,2,0,1,0,1,2,0,1,2,0,2,0,2,1,1,1,1,1,2,0,1,0,0,1,1,1,1,0,2,2,2,1,1,0,1,2,1,1,1,2,1,2,1,1,0,0,2,1,0,1,,1,0,2,2,0,1,1,1,0,2,2,1,1,0,0,2,1,1,2,2,1,1,1,2,1,2,2,1,0,1,2,,1,2,0,,1,1,2,1,0,2,0,1,0,0,0,1,2,1,,2,0,2,0,1,2,0,2,1,1,0,2,1,2,0,0
"rs00124",1,9749220,2,2,1,1,0,1,2,1,2,0,2,2,2,0,1,1,2,1,0,1,2,1,1,1,1,1,1,1,2,1,0,2,1,2,2,0,2,1,1,2,0,0,0,1,2,1,0,2,0,0,,1,1,0,1,0,1,1,1,1,2,2,1,1,2,1,0,1,,1,2,1,0,1,1,1,1,1,0,1,0,1,2,0,1,0,1,1,1,1,1,0,0,1,1,1,0,1,0,1,2,2,1,1,1,1,1,1,,2,1,2,1,0,0,2,2,1,0,2
"rs00125",1,9882650,2,1,0,0,2,0,1,0,0,1,2,0,1,0,1,1,1,2,1,1,0,1,2,2,1,2,2,1,1,1,1,1,1,1,1,1,1,2,0,2,2,1,1,1,1,1,1,1,0,2,1,1,1,2,1,0,1,0,1,2,1,1,0,1,1,2,1,1,1,0,1,1,1,1,0,0,0,0,1,1,1,0,2,0,0,1,1,,,2,1,1,0,0,0,0,1,0,0,0,2,2,1,2,0,1,0,1,1,2,0,1,2,1,0,1,2,0,1,1
"rs00126",1,9974516,1,2,0,0,0,1,1,2,2,2,1,2,1,1,2,1,2,2,1,1,1,0,1,1,1,0,2,0,0,2,2,1,1,1,2,2,1,1,0,1,1,1,1,1,2,2,1,2,1,1,1,1,0,1,1,2,1,2,2,1,0,1,1,2,1,0,,1,0,0,1,2,1,0,1,0,1,2,2,1,0,1,1,1,1,2,0,0,0,2,1,1,1,1,1,1,1,2,0,1,0,0,1,2,2,0,2,0,1,0,1,0,0,2,2,0,1,1,2,2
"rs00127",2,19879,0,1,2,2,1,1,0,0,0,1,1,1,2,1,0,2,1,2,1,2,2,1,1,1,0,1,1,2,0,1,0,0,1,1,2,1,2,1,1,1,1,2,0,1,1,1,2,0,1,2,2,1,1,1,1,1,0,1,1,2,1,1,2,0,0,1,0,1,,,0,0,1,2,1,1,0,1,2,0,1,2,2,1,2,1,1,1,0,1,1,1,1,1,2,1,0,2,2,1,2,2,1,2,0,2,1,1,0,1,1,2,0,2,0,1,2,2,1,1
"rs00128",2,40222,0,1,0,1,1,2,1,1,0,0,2,0,1,1,1,2,0,1,1,1,1,1,1,0,1,2,1,1,1,1,0,1,0,1,1,2,1,0,1,2,2,0,1,1,2,1,2,1,1,1,0,0,2,1,1,1,1,2,1,2,1,0,1,1,0,,1,0,2,1,1,1,2,1,0,1,0,2,0,2,1,0,1,1,0,0,1,1,1,2,2,1,0,0,0,1,2,0,0,1,1,2,0,1,1,1,0,0,1,1,2,1,2,0,1,1,0,0,1,1
"rs00129",2,160993,1,2,1,1,1,1,2,0,1,1,1,,0,1,0,2,1,1,0,1,1,0,1,2,1,2,1,0,0,1,1,2,1,1,0,0,1,1,1,1,0,2,1,1,0,2,1,1,2,0,1,1,1,1,1,1,0,2,0,1,1,1,0,2,1,1,1,2,2,1,1,2,0,1,1,0,0,0,1,0,1,0,1,,1,0,1,0,0,0,2,1,1,1,0,1,0,2,0,1,0,1,1,2,0,,2,1,2,,2,1,2,2,0,2,1,1,1,1
"rs00130",2,321632,2,1,1,1,1,1,0,2,1,0,0,1,0,2,1,0,1,2,2,0,1,1,0,2,1,1,1,1,2,0,1,2,0,1,2,0,2,2,2,2,1,1,2,2,0,1,2,1,0,1,2,1,2,1,1,0,1,0,2,0,1,0,2,0,2,0,0,0,1,1,1,2,0,1,2,0,1,1,1,1,0,0,2,2,0,2,2,2,1,1,1,0,2,0,0,2,1,1,,0,1,0,1,1,0,1,0,,2,2,1,2,1,2,0,1,1,1,2,1
"rs00131",2,403072,0,1,1,1,1,1,0,0,2,0,2,1,1,1,0,1,1,1,1,1,1,1,2,0,2,0,2,1,1,1,0,0,2,0,1,2,1,0,0,1,0,1,1,2,1,1,2,1,0,2,2,2,2,1,2,2,0,0,1,1,1,1,2,2,2,1,1,,0,2,2,,1,0,2,0,1,,0,1,1,1,1,2,,2,0,1,2,1,1,1,0,1,0,1,2,2,0,2,2,0,1,1,0,1,0,1,1,2,1,0,2,0,1,0,1,1,0,1
"rs00132",2,503941,2,1,2,1,1,1,0,1,1,0,0,1,2,0,1,1,1,2,1,0,2,1,2,0,1,0,1,2,2,1,1,2,0,1,2,0,1,0,1,1,1,2,1,2,1,1,1,1,1,2,1,1,2,1,0,2,0,2,2,1,1,0,2,2,2,1,1,1,1,2,1,1,0,0,0,2,1,1,1,2,1,2,2,2,1,0,1,1,2,0,0,2,0,2,1,1,2,1,0,2,1,0,1,0,2,0,2,0,0,1,0,1,2,2,0,1,2,1,1,2
"rs00133",2,514539,2,1,2,1,2,1,1,2,0,2,1,1,1,1,1,0,2,0,0,0,2,0,1,1,0,2,1,0,2,0,1,1,1,1,2,1,0,1,1,1,1,1,1,2,1,2,1,1,0,2,0,2,1,2,1,2,1,1,1,,0,1,,2,2,1,1,1,1,0,0,1,2,1,1,1,2,2,0,2,1,1,1,1,1,,1,1,1,2,1,0,1,2,1,1,1,1,0,0,1,1,1,1,1,1,2,0,1,1,1,1,0,1,1,1,2,1,2,1
"rs00134",2,580099,0,1,1,1,0,0,1,1,0,2,2,,0,1,1,0,0,1,1,1,2,2,0,0,2,2,2,0,1,2,1,0,1,1,0,1,1,1,1,1,2,2,0,2,0,1,1,0,2,1,0,0,1,2,1,1,2,2,0,,1,1,1,1,1,1,1,1,1,0,2,0,0,1,2,2,0,2,0,1,0,1,1,0,0,2,0,1,1,0,2,0,1,2,1,2,0,0,2,1,2,1,,,0,1,0,2,1,2,2,1,0,2,1,0,0,1,2,2
"rs00135",2,673670,0,2,1,0,1,0,0,1,1,1,1,1,2,1,2,0,1,1,0,1,1,0,1,1,2,0,1,2,1,0,1,1,1,1,1,2,2,0,2,2,0,1,1,2,1,1,1,1,0,0,2,1,1,0,2,0,0,2,1,1,0,0,2,1,2,,1,0,2,2,1,,2,1,2,1,1,1,1,0,1,,2,2,2,0,1,2,2,1,2,,1,2,2,1,1,2,2,0,0,2,2,2,1,0,0,0,1,1,0,1,1,0,1,1,0,1,0,2
"rs00136",2,761841,2,2,2,0,2,0,1,1,0,0,1,2,2,1,1,1,1,1,2,2,2,0,2,0,2,1,0,1,1,1,2,1,0,1,1,1,2,1,1,0,2,0,1,0,1,2,0,2,,0,0,1,0,1,1,2,2,0,1,2,,0,1,0,0,1,1,2,1,0,0,1,0,1,0,1,2,1,2,1,1,1,2,1,1,,,2,0,1,1,1,0,1,1,0,1,1,1,1,1,1,1,1,0,1,0,1,1,1,0,1,2,0,1,1,1,2,1,1
"rs00137",2,1010424,0,1,1,1,2,0,1,1,1,2,1,0,2,0,1,1,2,1,1,1,2,1,1,2,2,1,1,2,2,2,1,2,1,1,2,0,0,0,0,0,1,2,1,2,0,2,1,2,1,1,0,1,1,0,1,1,1,1,2,1,1,1,2,1,1,2,1,1,1,1,1,,0,1,0,1,1,2,1,0,0,1,1,0,2,0,1,0,0,1,1,1,1,2,1,2,2,2,1,2,2,1,2,1,1,2,2,2,1,2,1,1,1,2,1,2,1,2,1,0
"rs00138",2,1046279,1,2,1,1,0,0,2,1,2,1,2,1,0,0,1,1,2,1,1,1,1,1,1,2,2,1,1,1,0,1,0,1,1,2,1,1,1,2,0,2,1,1,0,2,2,1,1,0,1,2,1,1,0,2,2,2,1,2,0,1,1,1,1,2,1,2,0,1,1,1,1,1,2,1,1,0,1,1,1,1,0,0,2,1,0,0,1,2,1,0,2,0,2,2,2,2,1,1,1,1,1,1,2,1,1,2,0,2,1,,1,1,2,0,0,1,1,0,2,1
"rs00139",2,1556188,0,0,1,0,1,1,0,0,1,,1,1,2,2,1,0,0,1,0,1,2,1,2,2,1,0,1,2,0,1,0,1,2,1,2,1,1,1,2,1,2,0,1,2,1,1,1,1,1,0,1,1,0,1,1,1,2,2,0,2,0,0,1,0,1,1,2,2,2,0,1,2,0,1,1,0,1,0,2,1,1,0,0,1,1,0,1,2,1,0,0,1,1,2,0,2,1,2,1,1,2,0,2,2,2,2,1,2,1,,0,1,1,0,2,2,1,2,1,0
"rs00140",2,1611064,2,2,2,0,1,0,2,1,1,1,0,2,2,1,2,1,1,2,0,2,0,1,2,2,1,2,1,1,1,1,0,1,1,1,1,2,2,2,1,2,1,1,0,1,0,1,2,0,1,1,1,2,1,1,1,2,0,1,1,2,1,2,2,2,2,1,1,1,1,0,0,2,0,0,1,0,0,1,2,0,2,1,1,,1,1,1,1,2,1,1,1,1,2,1,2,0,2,1,0,2,2,0,1,0,1,1,2,1,2,1,2,1,1,0,0,2,2,1,0
"rs00141",2,1744241,1,1,1,1,0,1,1,0,1,2,2,2,2,1,1,1,1,1,1,0,1,1,2,0,1,0,2,2,2,2,1,1,1,1,0,0,2,1,1,0,1,0,1,,1,0,2,1,1,1,2,1,0,2,1,2,1,2,0,2,0,1,1,2,2,1,2,1,1,2,1,0,0,2,2,2,1,2,,1,1,1,0,1,1,2,0,0,1,1,1,2,1,1,0,0,1,2,0,2,2,0,2,2,,0,0,1,0,1,0,0,2,2,0,0,1,2,2,0
"rs00142",2,1866797,1,1,0,2,2,1,1,,1,0,2,2,1,0,2,1,2,1,2,2,1,1,1,1,2,0,1,2,0,1,1,1,2,,1,1,1,1,1,1,1,0,0,2,2,2,2,2,1,2,1,0,0,1,1,0,0,1,2,1,0,,0,1,0,2,1,0,1,1,1,0,1,1,2,0,2,2,0,2,1,1,0,1,2,0,1,0,0,0,1,1,0,1,2,1,2,1,0,1,1,1,0,2,1,1,2,0,2,1,0,1,0,0,2,1,1,1,1,0
"rs00143",2,2095225,1,2,1,1,2,0,1,1,1,1,,0,1,0,0,2,1,0,2,1,2,1,2,1,1,1,2,1,0,1,1,1,1,1,1,1,1,0,2,0,2,1,2,1,1,1,1,,1,1,1,0,1,1,2,2,1,1,1,2,2,1,1,0,0,0,2,0,1,,1,0,2,1,2,1,2,2,0,1,1,2,0,1,1,1,0,1,2,0,0,1,1,0,0,1,2,2,2,2,1,,1,2,2,2,1,0,1,1,1,1,0,1,1,1,1,1,0,2
"rs00144",2,2110456,0,0,2,1,1,2,1,0,0,2,1,,0,1,1,1,0,1,1,2,2,2,1,0,1,1,1,0,0,2,2,1,1,2,0,1,1,2,1,2,2,1,1,1,1,1,0,1,2,1,0,1,0,0,0,2,0,2,1,0,0,1,,0,1,1,1,0,1,1,1,1,2,1,2,2,1,2,1,0,0,1,1,1,1,0,0,1,0,2,1,1,1,2,1,1,1,0,1,1,0,1,2,0,1,0,1,2,0,1,0,2,0,2,1,2,1,0,1,1
"rs00145",2,2156801,2,2,1,1,1,1,0,1,1,0,0,2,2,1,1,1,1,0,1,2,2,2,2,1,1,1,2,0,0,1,2,1,1,1,1,2,0,2,1,2,1,0,1,1,0,1,1,0,1,0,0,0,1,0,0,2,0,2,2,0,0,1,1,0,,1,2,1,0,1,2,1,0,1,2,1,2,1,1,0,1,0,1,0,1,1,1,0,0,0,1,1,2,1,0,0,1,2,1,1,0,1,1,2,0,0,2,2,1,0,1,1,1,1,1,2,1,1,2,2
"rs00146",2,2212696,0,2,1,1,0,1,0,1,1,1,0,1,0,2,1,2,0,0,1,2,1,0,0,0,1,2,1,0,2,0,1,2,1,1,1,1,0,0,1,2,2,2,1,1,2,0,0,2,1,0,2,2,1,1,0,1,2,0,1,1,1,0,2,1,0,0,1,2,1,0,2,2,0,,2,1,2,2,1,1,1,2,1,1,1,1,0,2,0,2,0,1,2,0,1,,1,0,1,2,0,1,2,1,0,1,0,1,1,2,2,1,,0,2,2,1,2,2,0
"rs00147",2,2238821,1,1,1,1,2,0,0,1,0,0,0,2,1,0,0,2,0,1,0,0,0,1,1,1,0,1,0,1,0,2,1,1,0,2,0,2,1,2,0,1,1,0,1,2,0,1,2,2,0,1,1,,1,2,1,1,2,1,2,1,1,1,0,1,1,1,0,2,1,2,0,2,1,1,2,1,1,2,0,1,2,1,2,1,0,0,1,2,0,0,2,1,0,1,2,2,1,0,2,1,0,1,2,1,2,1,1,1,1,1,1,0,1,1,1,1,1,1,2,2
"rs00148",2,2262734,0,1,1,0,0,0,2,0,2,1,1,2,1,1,2,0,1,1,1,2,1,2,1,1,0,2,2,1,1,2,2,0,1,0,0,0,0,1,2,0,1,1,2,1,2,1,1,0,1,1,1,1,1,0,1,1,2,0,2,0,0,1,1,1,1,2,0,2,1,1,0,,1,1,2,0,1,1,1,2,2,1,1,1,2,2,,1,2,1,2,1,1,0,1,0,2,1,0,1,1,2,0,2,2,2,1,1,,0,1,0,2,0,,1,1,0,0,2
"rs00149",2,2389783,1,0,1,1,2,1,1,2,2,1,2,1,0,2,1,1,1,2,1,1,2,1,1,1,1,0,1,1,0,1,1,0,1,1,1,1,,0,2,,0,0,2,1,2,0,1,1,2,1,2,0,2,1,0,0,2,1,0,1,2,1,2,2,0,1,1,1,1,1,1,1,1,0,2,2,0,1,2,0,0,1,2,1,1,0,0,0,0,2,2,1,1,2,,1,0,1,1,2,0,1,2,1,1,2,0,1,1,1,1,1,0,0,0,0,0,1,0,0
"rs00150",2,2418971,1,0,1,1,1,1,2,2,2,1,0,2,2,1,1,1,0,1,1,2,1,0,1,1,0,2,2,1,0,1,1,1,1,1,1,1,1,1,1,1,1,1,,1,2,1,2,1,1,2,2,0,1,1,1,1,,1,1,2,1,1,0,0,1,0,1,1,1,1,1,1,,1,1,2,0,1,0,0,1,2,1,1,1,1,1,0,0,,0,2,1,1,0,0,1,2,0,1,1,0,2,,1,0,2,2,1,0,1,1,1,0,1,1,1,0,1,1
"rs00151",2,2736320,2,1,0,0,0,1,0,1,2,0,2,2,0,2,1,1,0,1,1,1,1,1,0,1,1,0,1,1,0,1,1,2,1,1,0,1,0,0,2,0,0,2,2,0,2,1,2,0,2,1,1,0,0,1,2,1,1,1,2,0,0,2,2,0,1,0,,1,2,0,2,1,1,0,1,1,1,2,1,1,0,2,0,0,2,2,1,2,1,1,0,0,1,1,1,0,0,0,2,1,1,2,2,2,1,1,1,1,0,2,0,0,0,0,0,1,1,2,0,2
"rs00152",2,2983172,1,0,1,1,2,1,2,1,2,1,1,1,1,1,1,0,0,0,2,0,1,1,1,1,2,1,1,1,1,2,0,0,1,1,1,1,1,2,2,2,0,1,2,0,1,0,1,0,2,2,1,0,1,1,2,1,2,0,2,1,1,0,2,0,1,1,2,1,2,2,0,1,0,1,2,2,2,2,0,1,0,2,0,1,1,1,2,1,0,0,1,1,1,2,0,1,1,1,,1,1,1,1,0,0,2,2,0,2,1,2,1,1,2,1,1,1,1,2,0
"rs00153",2,2983764,0,0,0,1,1,1,1,1,1,1,2,1,1,0,2,1,2,2,1,2,1,0,0,2,1,1,2,2,1,1,0,1,1,,1,1,0,1,1,2,1,1,1,0,1,1,0,1,1,,1,1,1,2,1,1,0,1,1,1,1,2,1,1,1,2,2,1,2,,1,2,1,0,1,2,0,1,1,1,0,1,1,1,2,1,0,1,2,1,2,1,1,1,0,0,2,0,0,2,0,1,1,1,1,0,1,1,2,1,1,1,1,1,0,0,1,1,2,0
"rs00154",2,3199444,1,2,0,0,1,0,1,0,2,1,1,1,1,1,1,0,1,0,2,,0,1,2,0,0,2,0,1,1,2,0,1,1,0,0,1,1,2,1,0,1,0,1,1,1,2,0,1,1,0,0,0,1,1,0,2,,1,1,2,2,2,,1,1,0,1,2,1,0,1,1,1,2,0,1,2,1,0,0,1,1,1,1,1,1,1,1,2,0,2,2,1,1,0,2,0,0,1,0,0,1,1,1,1,0,1,0,2,1,2,2,1,0,1,0,2,2,0,1
"rs00155",2,3214621,2,2,2,,1,0,0,0,0,2,2,1,0,1,1,2,0,0,0,0,1,0,1,2,0,0,2,1,1,0,0,2,1,1,0,,0,2,2,0,0,1,1,2,,1,2,1,1,0,2,2,2,1,2,2,2,2,1,2,1,0,2,0,2,2,0,1,1,1,2,0,2,0,1,0,0,0,0,2,0,1,0,0,1,0,1,2,0,0,0,0,0,1,0,1,0,1,1,1,1,1,0,2,0,0,1,0,1,1,1,2,,1,1,0,1,0,2,0
"rs00156",2,3333729,0,1,0,2,2,0,1,1,1,2,1,1,1,1,1,2,1,1,2,0,0,2,1,1,1,0,1,0,2,2,1,1,0,1,1,1,0,1,,1,0,2,2,1,0,1,0,2,2,1,1,1,1,1,0,0,0,1,0,1,1,0,1,0,0,,2,1,1,0,1,0,2,1,0,1,2,,0,1,1,0,1,0,1,1,0,1,1,1,1,1,1,2,1,0,0,1,2,2,2,1,1,1,2,1,1,1,0,2,1,2,2,1,1,2,2,1,1,2
"rs00157",2,3348577,1,1,1,2,1,1,1,2,0,0,1,1,2,1,0,2,1,0,2,0,,0,1,1,2,2,1,0,0,0,1,1,0,1,0,1,1,0,2,1,0,1,1,0,0,2,1,1,1,1,1,1,0,1,2,1,1,1,1,0,1,0,2,1,2,1,2,2,0,0,0,0,1,1,2,2,0,1,1,1,2,1,1,1,0,1,0,2,1,2,0,0,0,1,2,2,0,0,1,1,1,0,1,,2,0,1,1,2,1,1,1,0,1,1,1,1,0,1,2
"rs00158",2,3450464,1,1,2,1,1,2,2,0,2,0,0,0,0,1,0,2,1,2,1,1,0,1,1,2,1,1,1,1,1,1,,1,1,1,1,1,1,1,1,1,0,1,2,1,1,0,2,0,0,1,1,1,2,0,1,2,1,0,0,1,0,1,2,0,1,1,2,0,1,2,2,1,1,1,2,1,1,0,1,1,1,2,0,0,2,1,1,2,1,2,1,1,1,2,1,1,1,2,1,2,1,1,1,1,1,2,1,1,1,1,0,1,2,1,0,2,0,0,1,2
"rs00159",2,3489446,1,1,0,1,1,0,2,0,2,2,0,1,2,0,1,0,1,1,1,1,1,1,2,0,1,2,0,2,1,,1,1,1,1,1,2,1,1,1,0,2,0,1,1,1,1,2,0,1,2,1,0,1,0,1,2,2,1,1,0,0,1,1,1,2,0,1,0,1,1,1,1,1,1,2,0,2,1,1,1,2,2,1,1,2,1,2,0,1,0,0,1,,0,2,2,1,1,0,1,0,1,1,2,0,2,0,0,1,1,1,1,0,0,1,2,0,1,1,1
"rs00160",2,3503461,2,1,1,0,0,0,1,1,1,2,0,0,0,0,2,2,1,1,2,1,,0,0,1,1,1,2,0,2,1,0,1,1,2,1,1,2,0,1,1,1,1,1,1,1,2,1,0,1,1,1,1,1,1,2,1,1,0,1,2,1,1,0,0,0,2,,0,1,1,1,1,0,1,2,1,2,1,1,0,0,0,,2,1,1,1,1,2,1,1,2,2,0,1,2,0,0,1,0,,1,1,0,0,0,0,1,1,1,1,0,1,1,1,1,1,2,1,0
"rs00161",2,3606157,0,0,2,1,2,0,1,1,,1,1,2,2,1,2,2,2,0,1,2,0,0,2,0,1,1,1,1,0,2,0,0,1,0,1,1,0,1,1,1,2,1,1,0,2,,0,2,2,0,0,1,1,0,2,0,1,1,0,1,2,0,1,2,2,1,0,2,1,2,2,1,0,1,1,1,1,1,2,1,2,1,,0,1,0,1,1,0,0,1,1,1,2,1,1,1,0,0,1,1,0,0,2,1,1,1,2,1,1,2,1,1,2,2,1,0,1,0,1
"rs00162",2,3699115,2,0,1,0,0,1,2,2,2,0,1,1,1,1,1,1,0,1,1,,0,1,0,2,2,2,0,1,1,2,1,2,0,0,0,2,2,1,1,2,1,1,1,1,2,2,0,1,2,1,0,1,0,0,1,0,2,1,2,2,,1,1,2,2,2,,2,2,1,1,0,2,0,1,1,1,1,2,2,2,1,0,2,1,1,0,0,1,2,2,1,1,0,1,0,1,1,1,0,1,2,0,1,2,1,0,2,0,0,0,1,0,1,1,1,1,2,0,1
"rs00163",2,3843545,2,,1,2,1,1,1,2,0,2,0,1,1,1,1,1,1,0,1,2,1,1,0,1,0,2,2,0,1,0,1,1,0,2,0,2,1,1,1,1,2,1,,0,0,2,1,,1,1,1,0,1,0,2,,1,2,0,1,1,0,1,,1,0,0,2,1,2,2,1,1,1,0,0,0,1,1,1,2,0,1,0,1,1,1,2,2,2,0,2,0,1,0,0,2,1,1,2,1,0,0,1,0,1,0,2,1,1,1,0,1,0,2,1,2,,1,0
"rs00164",2,4061150,1,0,1,2,0,0,1,,1,2,1,1,1,0,1,2,2,1,1,1,0,2,0,0,1,1,1,0,2,1,2,1,0,1,0,0,1,1,2,2,2,1,0,0,1,0,2,1,0,2,0,2,2,0,1,1,2,2,1,2,0,0,1,1,2,2,1,0,1,1,0,1,2,0,0,2,1,0,1,0,1,1,0,2,0,1,0,0,1,2,2,1,0,0,0,1,0,0,1,1,0,1,2,1,1,0,1,1,1,0,1,1,1,0,0,1,1,1,1,1
"rs00165",2,4128212,2,1,1,1,1,1,2,0,1,0,0,1,0,1,1,1,2,1,2,2,1,2,0,0,1,1,2,2,0,0,,1,0,2,1,1,0,1,2,1,0,1,2,0,0,0,2,1,0,1,2,2,1,2,0,1,1,0,1,1,0,1,2,1,1,1,2,1,0,1,1,1,1,1,1,1,1,0,1,0,1,1,2,1,2,2,1,0,2,2,2,1,1,1,2,2,0,1,1,0,2,1,1,1,2,1,2,0,2,2,1,2,1,2,1,2,0,1,0,1
"rs00166",2,4150010,1,0,1,1,1,1,0,1,0,1,0,2,2,2,1,1,1,2,1,1,1,0,1,1,0,0,1,1,0,1,2,1,2,2,1,,1,0,0,2,1,2,0,2,0,0,1,,1,1,1,2,1,0,0,0,0,1,1,1,2,2,1,1,0,0,1,1,0,1,1,0,1,1,2,1,1,2,0,1,2,2,1,0,0,,0,0,2,0,0,1,1,1,1,1,2,2,1,0,0,0,2,1,1,0,1,1,1,1,1,1,0,1,2,1,1,1,0,0
"rs00167",2,4155282,1,2,1,0,1,2,0,,1,0,0,1,1,2,1,0,1,2,1,1,0,1,1,1,2,0,0,1,1,1,1,1,0,2,2,1,0,1,1,1,1,1,1,1,2,1,2,0,1,1,1,2,0,2,1,1,1,1,2,1,2,0,2,0,1,2,0,1,0,2,0,0,1,0,1,0,1,2,2,2,2,2,1,2,1,1,1,2,0,1,1,1,1,1,1,1,1,2,2,1,1,1,1,1,1,1,0,2,0,2,1,0,0,0,1,1,0,1,0,0
"rs00168",2,4155849,1,1,1,1,2,1,1,1,1,0,2,1,1,1,0,1,0,0,0,1,1,1,0,2,1,2,,2,1,1,0,1,0,2,1,1,0,1,2,2,2,1,0,0,2,1,1,0,1,1,1,1,1,1,2,2,1,1,1,1,1,1,1,1,2,0,1,2,0,1,1,1,0,1,1,0,1,2,1,1,1,0,1,1,2,,,1,1,1,1,1,1,1,1,0,0,1,2,1,0,0,2,1,0,1,0,2,0,0,1,0,1,1,2,0,0,,0,0
"rs00169",2,4262838,1,0,2,,2,1,1,0,1,2,0,1,1,2,0,0,1,0,0,1,1,0,1,2,1,1,0,2,1,1,0,1,1,2,0,0,1,1,1,2,0,1,1,1,1,1,0,1,2,1,2,0,1,1,0,2,1,1,2,0,0,2,1,0,1,2,1,2,0,1,0,1,0,2,0,0,1,0,1,2,1,1,1,1,0,2,1,2,1,1,0,2,1,1,2,1,1,0,,0,2,0,1,1,2,2,0,2,1,1,1,2,2,2,2,1,2,0,1,0
"rs00170",2,4357854,1,1,1,2,1,1,1,2,1,1,1,1,1,1,1,1,2,1,1,1,0,2,1,0,2,2,0,2,,1,2,0,1,0,2,0,1,1,1,2,0,0,0,1,1,2,1,0,1,2,2,0,2,0,1,0,1,1,,1,2,1,1,2,0,1,1,0,1,2,1,2,2,2,2,1,0,0,1,1,0,1,1,1,1,1,0,1,1,2,0,2,1,0,1,1,1,2,0,1,,1,1,1,1,1,,2,1,2,1,1,1,2,2,2,1,2,1,0
"rs00171",2,4530552,2,1,1,1,1,1,1,1,,1,1,2,2,1,1,1,0,1,1,1,1,0,1,0,1,1,0,0,2,1,2,1,,1,1,1,1,0,2,1,1,0,1,0,1,0,0,1,0,1,0,1,1,0,1,0,1,2,2,1,1,1,1,2,2,2,0,2,2,1,1,1,1,1,0,1,1,2,1,0,0,2,1,0,1,1,1,1,2,2,2,1,1,1,0,2,1,0,1,0,1,0,1,1,2,1,1,2,1,1,1,0,0,1,2,2,0,1,1,1
"rs00172",2,4608287,1,0,2,1,1,1,1,2,0,1,0,2,1,0,0,1,1,1,0,2,2,0,1,1,1,1,1,0,1,1,1,1,1,0,1,0,0,0,1,2,2,0,0,1,2,1,1,1,1,1,0,0,1,1,2,0,1,0,1,1,0,0,2,2,2,1,1,1,1,1,1,1,1,1,0,0,0,1,2,0,1,2,1,2,1,1,2,0,2,1,1,0,2,,0,1,1,1,0,0,2,2,0,1,1,2,1,0,0,0,1,1,1,0,1,2,2,1,1,1
"rs00173",2,4696841,1,1,0,2,1,1,1,2,1,0,1,2,0,2,0,0,2,2,1,2,1,1,1,0,2,2,2,1,0,0,1,2,1,0,2,0,1,1,2,2,0,1,1,1,1,0,1,1,2,2,1,2,1,1,1,1,1,1,0,1,0,0,0,1,2,2,1,0,2,2,1,1,1,1,1,0,2,2,0,1,1,0,1,,2,,1,2,2,2,2,1,0,1,1,0,2,2,0,1,2,2,1,1,1,0,0,1,2,0,2,1,0,1,1,1,1,0,0,2
"rs00174",2,5138445,,1,0,1,2,1,2,2,0,2,1,1,2,2,2,1,0,1,1,0,1,1,2,2,0,1,1,1,1,1,1,0,2,0,1,1,1,1,1,1,2,1,2,1,1,1,2,1,0,2,2,2,2,1,1,2,1,1,1,2,1,1,0,1,1,2,1,1,1,2,1,2,2,1,0,0,1,1,0,1,1,2,1,0,0,0,2,1,0,2,0,1,2,1,2,0,0,0,2,2,0,2,2,0,2,1,2,1,1,2,0,2,0,1,2,1,1,1,0,0
"rs00175",2,5144096,,1,1,1,1,1,1,1,1,2,1,1,1,1,1,2,1,1,1,2,1,0,1,1,2,1,2,1,1,2,1,1,1,1,1,1,1,2,1,2,2,2,0,0,1,0,2,0,1,2,1,1,0,1,0,1,2,,2,1,1,1,0,0,1,0,1,0,1,1,1,2,2,0,0,1,1,1,1,0,0,0,2,2,2,0,1,0,2,1,0,1,0,2,1,1,1,1,1,2,0,2,1,0,1,0,2,,0,1,2,0,1,2,1,2,2,2,2,1
"rs00176",2,5231295,1,1,1,1,1,2,1,2,2,,1,2,1,1,1,2,2,1,2,1,1,1,1,2,0,1,1,1,1,1,2,2,0,2,0,2,1,2,0,1,2,0,2,1,0,1,1,2,1,1,1,0,1,1,1,1,2,2,0,1,2,0,1,0,1,0,1,0,0,1,0,1,1,1,0,0,0,2,0,0,1,1,2,2,1,2,1,2,2,1,1,1,1,2,1,2,1,1,1,1,1,1,2,1,2,1,1,1,1,0,2,2,1,2,1,0,0,0,0,0
"rs00177",2,5277023,0,1,1,0,1,0,2,1,2,2,0,1,0,0,0,1,0,1,,1,1,,2,1,2,1,0,1,2,1,0,1,1,1,2,2,2,2,2,1,,1,0,0,0,1,1,1,1,1,0,1,0,2,1,1,2,0,1,2,2,1,1,1,2,1,0,0,1,2,1,1,2,1,0,2,1,1,1,2,2,2,1,1,1,1,1,2,2,0,1,1,1,2,0,2,1,1,1,1,0,1,0,0,1,0,2,1,2,1,1,2,1,2,2,1,1,1,1,0
"rs00178",2,5277782,2,1,0,1,1,2,1,0,1,1,1,1,1,1,0,1,1,1,0,1,1,0,2,1,2,1,2,1,1,1,1,1,1,0,1,1,1,2,0,2,1,1,2,1,1,1,2,1,1,1,1,1,1,2,1,0,1,1,2,,1,1,1,2,1,2,1,1,2,0,1,2,1,1,2,1,1,2,0,2,2,1,1,1,2,1,0,1,1,0,0,0,1,2,2,1,1,2,1,0,1,,2,0,1,1,1,2,1,0,0,1,2,1,1,2,0,1,2,1
"rs00179",2,5381017,0,1,1,1,0,1,0,1,0,0,2,1,1,1,0,1,1,1,1,2,1,1,1,,0,1,1,2,0,2,0,1,0,1,1,1,2,2,1,1,1,0,2,1,2,1,1,1,0,0,0,0,2,1,0,2,,0,1,0,2,1,1,0,1,1,,2,1,1,1,2,,1,2,2,0,1,1,1,1,,0,2,0,2,1,0,1,1,2,2,1,2,1,1,1,1,0,2,,1,0,0,1,2,1,0,1,0,2,1,2,0,1,0,0,0,0,0
"rs00180",2,5406667,0,1,0,0,1,0,1,0,2,2,2,1,1,0,1,2,1,,2,1,1,1,1,0,1,1,0,0,1,2,2,2,2,2,0,2,1,2,0,0,1,2,0,0,1,1,2,2,2,1,1,1,1,0,1,0,2,1,2,2,1,0,1,1,1,2,1,1,2,0,1,1,1,2,1,2,2,0,1,1,1,2,0,2,1,2,2,1,2,1,1,0,1,1,,1,1,1,1,1,1,1,1,0,1,0,1,2,1,1,0,1,0,1,1,1,1,1,0,2
"rs00181",2,5431334,0,1,1,0,1,2,2,0,0,1,1,1,1,0,2,2,2,1,2,1,2,1,0,1,1,2,1,1,1,1,0,1,2,1,0,,1,1,1,2,2,0,1,1,2,2,2,1,1,2,2,2,2,1,1,1,1,1,2,,1,2,0,1,1,0,1,2,2,2,2,2,0,2,1,2,1,1,0,0,0,2,1,2,0,1,0,0,0,1,0,1,0,1,1,0,0,1,1,0,1,0,,1,1,1,1,2,2,2,1,0,1,1,2,1,1,1,1,2
"rs00182",2,5663669,0,0,1,0,0,0,0,1,2,1,1,2,1,2,0,1,1,1,2,1,1,1,1,2,0,1,1,1,0,2,0,1,1,1,0,0,1,1,0,1,1,1,2,2,2,2,1,1,1,,0,1,1,1,0,1,1,0,1,1,2,0,0,0,1,0,2,1,1,2,1,0,0,1,2,0,0,1,1,2,1,1,0,0,1,1,1,1,0,0,1,1,0,0,1,2,2,1,2,1,0,1,2,1,0,1,2,1,2,1,1,1,0,1,1,0,2,0,2,1
"rs00183",2,5694573,1,,2,1,2,0,0,2,2,1,2,1,1,1,1,2,0,1,1,1,0,1,2,0,2,1,1,2,1,2,0,0,1,2,1,0,1,2,1,2,1,1,1,0,0,1,2,,1,1,2,2,1,1,2,1,1,2,0,0,0,0,1,1,1,0,1,1,2,2,2,0,2,2,1,1,2,2,1,0,2,2,1,2,0,1,1,2,1,1,0,2,2,2,0,2,2,1,2,2,2,2,0,1,1,1,0,1,0,0,1,0,2,1,0,2,2,1,2,1
"rs00184",2,5716211,1,0,1,1,0,2,2,0,0,2,0,2,1,0,2,1,1,1,1,0,1,0,0,1,1,0,2,2,2,0,0,1,1,1,2,0,1,1,1,2,1,1,0,1,0,1,1,0,1,1,2,1,2,0,1,1,0,1,0,0,1,2,2,0,1,2,,0,1,1,2,1,2,1,2,1,1,2,1,0,0,1,2,1,0,1,0,1,2,0,1,2,2,2,1,1,1,1,2,1,0,0,1,2,1,1,2,2,2,2,1,2,2,2,1,2,1,0,2,0
"rs00185",2,5761539,2,1,2,1,1,1,1,1,1,1,1,0,1,2,1,1,0,0,1,1,1,1,1,0,2,1,1,1,1,1,1,1,2,1,1,2,1,0,2,2,1,0,2,2,0,1,1,1,2,0,0,0,2,0,2,1,1,0,1,0,1,0,1,0,1,2,1,1,2,0,1,1,1,0,0,2,2,0,1,1,0,0,1,1,0,0,0,2,0,2,2,1,0,2,2,,1,1,1,1,0,1,1,1,0,1,2,2,1,1,1,1,,1,1,2,0,2,2,1
"rs00186",2,5811951,2,0,0,,0,,2,1,0,2,0,1,2,1,2,0,1,2,2,1,1,2,1,1,0,2,1,2,1,2,2,1,0,1,1,2,2,0,2,0,2,0,0,2,1,1,2,0,1,1,,1,1,1,0,2,1,2,1,1,2,1,,1,1,0,0,1,1,,1,0,2,1,1,1,1,2,1,0,1,1,0,1,1,1,1,1,1,1,2,1,1,2,2,2,1,0,1,1,1,2,1,0,2,1,1,0,0,,0,2,0,2,1,2,0,1,,1
"rs00187",2,5833392,0,1,1,1,1,1,1,0,,2,1,1,2,1,1,1,,1,0,1,1,1,0,2,1,2,1,2,2,1,1,2,1,2,1,2,1,0,1,2,2,1,1,1,1,1,,1,1,1,0,1,1,2,1,1,0,0,1,1,1,0,2,1,1,2,2,1,1,1,2,0,2,1,1,0,0,1,1,,1,0,0,2,0,0,2,0,0,1,0,1,1,0,2,0,1,1,1,2,2,2,1,0,2,2,1,0,0,0,2,1,2,2,0,1,0,1,1,2
"rs00188",2,5933276,0,1,1,1,1,1,1,2,2,2,0,1,1,0,2,0,1,1,0,1,2,2,1,1,0,1,2,1,1,1,1,1,1,1,2,1,2,1,2,1,1,,0,1,0,0,0,1,1,1,0,0,2,1,2,1,0,1,1,0,2,,1,1,2,1,2,0,1,2,0,0,1,2,0,1,1,2,1,1,2,2,0,0,1,1,0,1,1,1,1,2,2,2,1,0,1,0,1,0,1,2,1,1,1,1,1,1,1,0,0,0,0,2,0,1,0,0,1,2
"rs00189",2,6138898,,2,1,2,2,0,0,1,2,1,0,1,2,2,0,1,1,1,0,1,0,0,2,0,1,0,1,2,1,0,0,1,2,1,0,,0,1,0,2,2,0,1,1,1,1,1,1,0,2,0,2,2,1,1,2,0,2,1,2,0,1,1,2,0,2,0,0,1,1,1,1,2,0,1,1,1,2,2,2,0,1,0,1,0,2,1,1,1,,1,0,1,0,0,2,1,1,1,2,1,2,1,0,1,2,0,2,1,1,2,1,1,2,0,1,1,1,2,1
"rs00190",2,6298289,1,2,0,2,0,0,1,2,0,0,1,2,2,1,1,1,1,1,0,1,1,2,2,2,1,0,0,0,1,2,1,1,1,2,,2,1,1,2,1,2,0,2,1,0,1,1,1,2,0,1,1,1,1,2,1,0,2,1,0,2,1,2,2,1,,1,1,1,2,1,0,2,1,1,1,0,1,2,0,2,0,0,2,2,1,0,0,2,2,2,1,1,2,1,2,1,0,0,1,0,1,2,1,0,1,1,2,1,0,2,1,1,2,2,1,2,1,2,0
"rs00191",2,6336776,1,2,2,1,2,1,1,2,1,1,0,2,1,2,1,1,2,1,0,0,1,1,1,1,2,1,2,1,1,1,2,0,2,1,0,0,0,1,0,1,0,1,2,1,0,1,0,2,1,1,1,0,1,2,1,2,2,0,2,1,1,2,2,1,1,0,2,0,1,1,1,1,1,0,0,0,1,0,1,2,1,2,1,2,1,1,2,1,1,2,1,2,2,2,1,0,1,1,2,2,2,0,2,2,2,1,0,0,1,1,2,0,2,0,,0,2,1,1,1
"rs00192",2,6393833,0,1,2,1,1,1,1,2,2,0,0,2,2,1,0,1,2,1,1,2,0,0,1,1,1,0,1,0,1,1,1,0,1,1,1,2,1,1,0,0,1,1,2,2,1,1,1,1,1,2,0,0,0,1,1,0,1,1,1,1,1,2,2,1,2,1,1,0,1,1,1,1,1,1,1,1,1,2,2,1,2,0,1,2,1,0,1,2,0,2,2,2,0,1,0,0,1,0,0,0,2,1,0,1,1,2,0,1,1,2,1,1,1,0,0,0,1,1,0,1
"rs00193",2,6510778,1,0,1,1,0,1,1,0,1,0,2,2,1,0,1,0,1,1,2,1,2,1,2,,2,1,0,2,0,1,0,1,0,2,0,1,2,2,1,1,2,1,1,2,1,0,1,0,2,2,2,0,2,0,,0,1,1,1,1,0,0,2,0,0,2,1,1,0,1,2,1,0,1,1,,0,1,,1,2,2,2,1,1,0,1,1,1,1,1,1,2,0,1,2,1,0,,2,1,0,1,2,2,1,0,0,1,0,2,1,0,2,1,0,1,1,1,
"rs00194",2,6541140,1,0,1,0,0,1,2,1,0,0,1,0,1,,0,0,2,2,2,0,1,1,1,2,0,2,1,0,1,1,1,0,2,1,1,2,0,0,0,0,2,0,0,1,1,0,0,0,2,1,1,1,0,1,0,1,1,1,1,0,0,1,1,2,2,1,1,1,1,1,,0,0,0,1,0,2,1,2,1,0,1,2,1,2,1,1,1,1,0,0,2,2,0,0,,1,0,2,0,0,1,0,1,2,1,0,0,0,2,1,2,0,0,2,1,2,1,1,1
"rs00195",2,6555332,1,1,0,1,2,1,1,1,1,2,2,1,2,1,1,2,1,,2,2,0,1,0,0,0,1,1,2,1,1,2,0,1,1,1,1,1,0,0,1,0,2,1,2,0,2,0,1,0,1,1,1,2,1,0,1,0,0,2,2,2,1,2,1,1,1,0,0,2,2,0,0,1,1,,0,1,2,2,1,1,2,0,2,1,0,1,1,0,1,0,2,1,1,2,0,1,1,0,1,1,1,2,0,1,1,2,2,2,2,1,,2,0,2,0,0,1,2,0
"rs00196",2,6638330,1,2,2,0,1,1,1,1,2,0,1,1,0,2,1,0,1,0,1,0,1,2,1,2,2,1,0,2,1,0,0,1,0,0,1,2,0,2,,1,1,2,1,1,1,2,2,1,2,0,0,1,1,1,1,0,0,0,1,1,0,1,1,1,1,0,1,,1,1,1,0,2,1,,2,1,1,2,2,1,1,1,0,2,1,1,2,0,1,0,2,2,1,2,1,2,0,1,0,2,2,1,0,0,0,1,0,0,0,1,1,0,1,1,1,0,0,0,2
"rs00197",2,6839991,2,2,1,0,1,0,0,1,1,2,2,1,1,1,1,1,0,0,,2,0,1,0,0,2,1,1,2,0,1,1,1,1,0,1,2,2,2,2,0,1,1,1,2,0,2,1,2,2,1,0,0,2,1,1,1,1,1,0,1,,1,1,1,2,2,1,2,1,1,2,1,1,0,0,0,2,1,1,2,2,1,1,1,1,1,1,1,1,1,2,2,2,1,2,2,1,2,2,2,1,0,1,1,2,0,2,1,2,1,1,0,2,0,0,2,1,1,1,1
"rs00198",2,7134561,1,0,1,1,1,1,1,0,1,1,1,0,0,,1,1,0,1,1,2,1,2,0,2,0,1,1,2,0,1,1,0,0,1,1,2,1,2,1,0,1,2,0,1,1,1,0,1,1,2,1,2,1,2,1,1,1,2,0,0,2,1,1,1,1,1,1,1,1,0,1,1,0,0,1,1,1,2,0,0,1,1,2,0,0,0,2,1,2,2,2,2,2,1,2,1,1,0,0,1,1,0,0,1,2,2,2,2,1,1,0,1,2,0,0,1,0,2,1,0
"rs00199",2,7218714,2,0,0,0,0,1,1,1,1,1,2,0,1,1,1,1,1,1,1,1,2,1,2,2,2,2,2,0,1,1,0,2,1,1,1,1,2,1,2,1,0,2,1,1,1,1,1,1,1,1,2,1,1,1,,2,1,2,2,0,1,0,0,1,1,1,1,1,1,1,1,0,,1,0,0,2,1,1,0,1,2,0,1,1,1,1,0,1,0,1,1,1,2,2,1,1,1,1,1,0,0,1,1,2,0,0,2,0,1,0,0,1,1,1,1,1,0,1,2
"rs00200",2,7273362,2,1,1,1,1,0,0,0,2,2,1,1,0,,0,0,1,2,1,0,1,1,0,1,1,0,1,1,2,2,0,2,0,0,1,1,0,1,2,2,0,2,0,1,1,2,2,,1,0,1,1,1,1,0,0,0,2,2,1,1,1,2,2,1,1,1,2,1,2,0,1,2,1,1,1,2,0,1,2,2,2,1,0,1,2,1,1,2,0,1,0,0,1,,1,0,1,1,1,0,2,2,0,1,0,1,2,2,1,1,1,1,0,1,0,2,1,2,0
"rs00201",2,7338031,0,0,1,1,1,1,2,1,1,2,,1,0,2,1,1,1,0,2,2,1,1,1,1,1,1,1,0,2,0,2,0,1,1,1,1,2,0,2,1,2,,0,1,1,,1,2,1,0,1,1,2,1,1,1,0,0,1,0,1,2,1,2,1,1,1,0,2,1,2,1,1,1,0,0,0,2,1,2,1,2,,1,1,2,1,0,1,1,2,1,1,1,1,2,1,1,1,1,0,2,2,0,1,1,1,1,0,1,2,1,2,1,1,1,0,1,1,1
"rs00202",2,7397854,2,2,1,1,2,2,1,0,1,1,1,2,2,1,0,2,0,1,1,1,1,1,1,0,1,0,1,1,1,2,1,1,0,0,1,0,2,1,0,2,2,1,1,1,1,1,0,1,1,0,0,2,1,1,1,0,1,0,1,2,1,2,1,1,0,1,1,0,0,0,1,0,1,2,1,0,1,2,1,1,0,1,1,1,2,2,0,1,2,1,2,1,1,2,1,1,2,2,0,2,1,0,0,1,2,0,1,1,1,0,0,0,0,0,1,1,1,2,1,1
"rs00203",2,7508804,,1,2,2,1,1,0,2,0,1,2,0,1,2,1,1,1,1,1,0,0,1,2,1,1,1,1,0,2,1,1,0,0,2,1,2,1,1,2,1,1,1,1,1,1,0,0,1,1,2,0,0,2,1,1,0,1,1,0,2,1,1,2,1,0,1,2,1,2,1,0,0,2,0,1,1,2,0,1,1,0,2,2,0,1,1,0,1,1,0,1,2,2,0,1,2,1,1,1,0,1,1,,1,0,2,1,2,2,0,2,1,,1,1,1,1,1,2,1
"rs00204",2,7684340,1,2,1,1,1,1,1,0,0,0,1,1,0,2,0,1,2,1,,1,1,1,0,1,1,1,2,1,2,1,1,0,0,1,0,1,1,1,2,2,1,2,2,1,0,1,,1,0,1,1,1,1,0,2,2,1,1,0,2,1,1,1,1,2,1,0,0,1,1,0,1,1,1,0,,2,0,2,1,1,1,1,1,2,0,1,0,0,1,1,1,1,1,1,1,2,0,1,1,0,1,0,1,0,1,0,0,1,2,1,1,2,1,1,1,0,2,1,1
"rs00205",2,7702078,1,0,0,1,1,0,0,2,1,2,0,1,0,1,1,2,0,1,2,2,1,0,1,1,0,2,1,0,0,1,1,1,2,1,0,1,1,2,1,0,1,1,1,2,0,0,1,1,1,1,0,0,1,0,1,2,2,1,2,1,2,1,2,2,1,2,0,1,,1,2,0,2,2,2,0,1,2,1,1,0,0,2,2,,1,1,1,0,1,0,2,1,0,1,1,,1,1,2,2,1,2,1,0,1,,2,0,2,2,0,1,1,1,1,0,1,2,1
"rs00206",2,7725586,1,2,0,2,2,0,1,1,1,1,0,0,0,2,2,1,0,0,0,0,1,1,2,1,2,1,1,1,1,0,1,1,2,0,2,0,2,1,1,2,1,2,0,1,1,0,1,1,2,,2,0,0,1,0,1,1,1,0,0,2,1,2,1,2,2,1,1,0,2,1,1,2,1,1,1,2,2,1,2,2,,2,0,2,2,1,2,1,2,1,1,2,2,2,1,1,1,1,1,2,1,0,2,2,2,0,1,1,1,1,2,2,2,1,1,1,0,1,0
"rs00207",2,7901534,0,1,0,1,1,1,1,0,1,0,2,0,0,2,1,1,2,0,0,1,2,2,2,0,2,1,0,1,0,1,1,1,1,1,2,2,1,2,1,0,1,0,1,0,0,1,2,1,0,1,2,1,2,0,0,0,1,1,0,1,1,1,2,1,1,2,1,2,0,1,1,1,2,1,2,1,1,1,2,1,1,2,0,1,2,1,1,2,1,0,2,0,1,1,2,1,1,1,1,2,2,1,2,1,1,1,2,1,1,1,0,1,1,2,1,0,1,1,0,0
"rs00208",2,7997022,1,1,2,1,1,1,1,1,,1,1,2,2,1,0,2,2,2,2,2,2,1,1,1,1,0,1,1,2,0,2,1,1,1,2,1,2,0,1,1,2,0,1,2,0,1,0,1,1,2,1,1,1,2,0,2,0,1,2,1,2,2,2,1,0,2,1,1,1,1,2,2,1,2,1,1,1,2,1,2,0,1,1,2,1,1,,0,1,0,2,1,2,2,1,1,0,1,0,1,2,2,2,2,1,0,1,2,1,2,2,1,0,1,1,2,1,2,2,1
"rs00209",2,8060377,1,1,1,2,2,2,2,0,1,0,2,1,0,1,1,2,0,1,1,2,2,1,1,1,0,1,1,2,0,2,2,0,0,1,0,2,2,2,0,1,0,0,0,1,2,1,1,2,1,1,0,1,1,2,1,1,0,1,1,0,1,0,1,2,1,1,1,1,1,1,1,0,1,0,1,0,1,1,2,1,1,2,1,0,1,1,1,2,1,1,0,1,0,1,1,1,2,1,2,2,1,2,0,1,1,0,1,1,2,1,1,1,0,1,2,1,2,2,0,2
"rs00210",2,8254345,1,2,2,0,1,2,0,2,0,2,1,1,1,1,1,0,,1,1,0,1,0,1,1,1,0,1,1,1,1,1,1,0,0,1,1,0,0,1,1,0,2,1,0,,0,0,1,1,0,2,1,2,1,0,1,1,1,1,0,1,2,1,0,0,1,1,2,0,1,1,1,1,0,1,1,1,0,1,1,2,,1,1,2,1,1,1,0,0,2,1,0,1,0,2,0,1,1,2,2,0,1,1,1,2,1,0,2,1,0,0,2,1,1,1,1,0,2,1
"rs00211",2,8355139,2,0,0,1,2,2,0,0,1,1,1,1,1,1,0,0,1,1,2,1,1,1,1,1,1,1,1,1,1,1,1,1,1,2,1,2,1,0,1,1,1,2,1,0,2,2,1,0,1,1,2,0,0,0,0,2,0,2,1,1,2,0,1,0,1,1,1,2,2,,,1,1,1,1,0,1,0,0,1,1,0,1,0,2,2,2,1,0,1,1,0,2,0,1,2,0,0,2,0,1,1,2,1,1,1,1,1,1,2,1,2,2,0,2,1,1,2,1,2
"rs00212",2,8538823,2,0,0,0,1,1,1,2,0,1,0,1,1,1,0,0,1,1,2,2,1,0,0,,2,0,0,0,2,0,1,2,1,2,,1,1,0,1,1,1,2,1,1,1,0,0,0,1,0,0,1,2,0,2,1,2,1,2,1,0,2,1,1,0,0,1,0,2,0,1,2,2,1,1,1,1,1,0,0,0,1,1,2,1,1,1,2,2,0,1,0,1,,0,1,1,1,2,2,1,2,2,1,0,1,2,1,1,1,1,1,0,1,1,1,1,2,1,1
"rs00213",2,8775289,1,1,1,0,1,1,,1,2,1,2,2,0,0,0,1,2,0,1,1,1,1,1,2,1,2,2,1,2,1,1,1,1,0,1,1,1,1,1,1,0,0,0,2,1,1,0,2,2,1,1,2,2,1,1,1,2,2,1,2,1,0,0,0,1,2,2,1,1,0,2,0,1,1,0,0,1,1,2,1,2,1,1,,0,1,0,2,1,2,0,1,2,1,1,2,0,0,1,1,2,1,2,1,1,0,1,1,1,0,,0,0,,2,0,2,0,1,0
"rs00214",2,8956496,1,2,1,0,2,1,1,2,2,1,1,2,2,1,1,1,1,0,1,1,1,2,,2,1,0,0,0,1,2,0,0,0,2,1,1,1,2,1,0,0,0,0,1,1,2,2,1,2,2,1,0,1,2,0,0,0,1,1,1,2,2,0,1,0,0,1,1,1,2,0,1,1,1,0,2,2,1,0,1,2,2,1,0,2,2,1,0,0,2,1,2,2,0,0,,0,1,1,0,0,1,1,2,0,1,1,1,0,2,1,,1,1,0,0,2,2,1,1
"rs00215",2,8957120,1,0,0,1,1,1,1,0,2,1,2,0,2,2,,1,0,1,0,2,2,1,2,1,1,0,2,0,0,2,2,1,0,1,2,1,0,1,1,0,1,2,1,1,1,2,1,1,1,0,1,0,2,0,2,1,1,2,2,0,0,0,1,1,,2,1,1,2,2,0,1,1,0,1,0,2,2,0,0,2,1,1,1,1,1,1,2,0,1,2,0,2,1,0,1,1,0,2,1,0,1,2,1,1,2,1,1,2,2,1,0,1,0,2,2,0,2,1,1
"rs00216",2,9021971,0,2,2,1,1,0,1,1,1,2,1,2,2,1,1,1,1,0,0,1,1,0,0,1,0,0,2,0,1,0,1,2,2,1,2,0,2,2,0,1,1,2,2,1,1,2,0,1,2,0,1,1,1,1,2,1,1,0,1,0,0,1,0,1,0,2,2,2,2,2,0,1,0,1,0,,0,1,2,2,1,2,0,2,2,0,1,2,2,2,1,1,0,1,1,2,2,0,2,2,1,1,1,2,1,2,1,0,1,1,1,1,1,0,1,1,1,1,1,0
"rs00217",2,9037719,2,1,1,0,0,1,0,2,1,0,1,1,1,0,2,1,0,0,0,1,2,2,1,1,2,1,1,2,1,1,2,1,1,0,1,2,0,,2,1,2,2,2,2,1,1,1,2,2,0,1,0,1,2,1,2,1,1,0,2,1,1,1,2,1,2,1,1,2,1,2,1,2,1,2,0,,1,,0,2,1,1,2,0,2,1,2,0,1,0,0,2,1,1,1,0,2,1,2,1,2,0,0,1,0,1,0,2,1,0,,0,1,1,1,2,1,1,0
"rs00218",2,9239994,1,1,1,1,1,1,0,0,1,2,1,0,0,2,1,1,0,1,1,0,0,2,1,1,2,1,2,2,1,1,1,2,1,0,0,2,1,0,2,0,1,0,0,0,2,2,1,1,1,1,1,0,0,0,1,1,0,2,0,1,0,2,0,1,1,1,0,0,1,1,1,2,1,1,2,1,0,1,1,1,0,0,2,1,1,0,0,1,0,2,1,2,2,1,0,2,2,1,0,2,2,2,1,1,2,2,1,0,2,2,2,2,1,2,1,0,0,0,0,1
"rs00219",2,9263453,2,1,1,1,0,2,0,1,1,1,1,1,2,0,1,0,1,0,0,1,0,2,1,0,0,2,1,0,1,0,1,0,0,1,2,0,0,1,1,1,1,1,0,1,2,0,1,1,0,0,2,0,2,,1,0,0,1,1,1,0,1,1,1,0,1,2,2,0,1,1,1,1,2,2,1,1,1,1,2,1,1,1,0,1,2,1,0,1,1,0,2,2,0,2,0,1,1,1,1,1,1,0,1,0,1,1,1,0,0,,1,1,0,1,0,1,0,1,1
"rs00220",2,9324024,0,2,0,0,2,1,0,0,1,1,1,1,2,1,1,0,2,2,1,1,1,2,2,2,1,1,2,2,2,2,0,1,1,2,1,1,0,1,1,0,1,1,2,1,0,1,2,1,1,1,1,1,1,1,1,1,2,1,2,0,2,0,,1,2,2,2,1,0,1,2,1,2,1,2,1,1,0,1,1,1,1,1,1,1,2,2,1,1,2,0,0,1,1,0,1,2,1,2,2,2,2,2,1,1,1,0,2,1,1,2,2,2,2,0,1,1,1,1,1
"rs00221",2,9380113,1,1,1,2,1,1,1,0,2,1,1,2,2,1,0,2,1,2,0,1,1,1,2,2,2,1,2,2,2,1,1,2,1,2,1,1,1,2,2,2,0,0,1,1,1,1,1,2,0,0,1,1,1,2,0,1,1,1,2,0,1,1,1,1,0,1,1,2,1,1,0,2,0,0,2,1,2,1,,0,0,0,0,0,0,2,1,1,0,1,1,1,2,2,1,0,0,1,2,1,1,2,0,0,1,1,1,0,1,0,1,2,1,1,1,1,0,2,0,1
"rs00222",2,9570937,1,2,2,2,2,1,1,0,1,1,0,1,1,0,1,1,0,0,1,1,1,0,1,1,0,1,1,1,0,0,1,2,2,0,1,1,0,1,2,1,1,1,2,1,1,1,0,2,1,0,1,1,2,2,2,1,1,2,0,0,2,0,0,1,1,0,,0,2,1,1,0,2,0,1,1,0,1,0,2,1,2,2,1,0,1,1,1,2,2,1,0,1,0,1,0,2,1,1,1,1,1,2,0,2,0,1,0,0,2,1,2,1,0,1,2,2,0,1,1
"rs00223",2,9722249,2,1,2,,0,,0,2,1,1,2,2,1,1,0,2,0,0,2,1,1,2,0,0,2,1,0,1,0,0,1,2,0,1,2,0,0,1,2,1,0,1,1,0,0,0,1,0,1,1,1,2,1,2,1,1,0,1,0,2,1,1,2,2,1,2,1,2,1,2,1,1,1,1,1,1,2,1,1,1,2,0,1,1,1,1,0,0,1,0,0,0,2,2,0,1,2,1,1,0,1,1,1,0,2,1,1,0,1,1,0,1,1,0,1,0,0,1,1,0
"rs00224",2,9881237,0,1,1,1,1,0,0,1,1,2,1,0,1,0,1,2,1,0,2,2,0,1,,1,0,0,0,0,1,2,0,1,0,0,1,2,1,0,0,1,1,0,1,1,1,0,1,0,0,2,2,0,1,0,2,2,2,2,1,1,1,0,1,0,0,1,1,1,0,2,0,0,,1,0,0,1,2,1,0,2,2,1,0,0,1,1,1,1,1,1,1,1,1,1,1,1,1,0,2,1,0,,1,2,0,1,0,2,1,1,2,1,2,0,1,2,1,1,1
"rs00225",3,9991,1,1,0,2,2,0,2,0,1,,2,2,1,1,1,2,2,2,2,2,1,0,0,1,2,1,1,0,1,1,2,0,0,2,1,0,1,1,0,0,1,0,1,,1,2,1,1,0,1,1,1,2,0,2,1,1,0,1,1,0,1,1,1,1,1,1,0,0,1,1,2,0,0,1,0,2,1,0,2,0,1,2,2,1,1,2,0,2,1,1,1,1,1,1,2,1,1,0,0,1,1,0,1,0,1,2,0,0,0,0,2,1,0,1,1,2,1,0,1
"rs00226",3,97913,0,0,0,1,1,1,1,2,0,1,1,1,0,1,1,2,1,1,2,1,0,0,2,1,0,0,2,2,2,0,2,2,2,0,2,1,0,1,0,1,1,1,1,0,1,1,1,1,1,2,2,0,0,0,1,0,0,1,1,2,1,0,1,1,0,0,1,1,2,1,2,0,1,1,1,1,1,0,2,1,0,1,1,1,1,1,2,1,2,1,0,2,0,1,1,1,1,0,1,1,2,1,2,0,2,1,2,2,1,1,2,0,1,1,1,1,1,2,1,1
"rs00227",3,212657,1,1,2,2,0,1,0,1,1,1,0,1,1,0,1,2,2,1,2,1,2,2,1,0,0,2,1,1,1,1,2,1,0,1,2,0,2,1,1,2,0,0,1,2,0,1,2,2,2,0,0,1,2,2,0,2,0,1,1,0,0,1,2,0,,1,2,0,1,2,2,1,0,1,1,0,1,1,0,1,1,1,1,1,0,1,1,1,0,0,1,1,1,1,1,2,1,1,1,0,1,1,2,1,1,1,1,0,2,0,0,2,1,1,1,1,0,2,2,1
"rs00228",3,231408,1,1,1,0,1,2,1,0,1,1,1,,2,0,1,1,2,1,2,2,0,2,1,1,2,2,0,0,2,2,0,1,1,1,1,0,2,1,1,0,2,1,1,1,1,0,1,,0,1,0,1,0,0,0,0,1,1,2,0,1,0,2,2,1,2,2,1,1,2,1,1,2,2,2,0,1,2,1,1,1,,1,2,2,0,1,2,2,2,0,0,2,2,1,1,0,0,2,1,1,2,,2,1,2,0,1,2,1,1,1,0,0,1,1,2,1,0,2
"rs00229",3,365963,1,1,0,1,2,1,2,1,1,1,1,1,2,1,0,2,1,1,1,1,1,1,1,2,0,2,1,1,1,1,1,0,1,0,0,1,1,0,0,0,2,1,2,1,2,2,1,2,0,0,1,0,2,2,2,0,1,2,2,1,0,0,1,0,1,2,1,1,1,1,1,2,1,0,1,1,1,0,0,1,0,1,1,0,1,1,0,1,0,1,0,1,1,1,1,0,2,0,0,1,2,1,0,2,1,0,2,0,1,1,2,1,2,1,2,1,1,1,1,2
"rs00230",3,379779,1,2,2,1,1,0,0,2,0,1,0,0,1,0,2,2,1,1,2,0,1,1,2,2,0,1,1,2,1,2,1,1,2,1,1,2,2,1,1,1,2,2,2,0,0,2,2,0,2,1,1,1,2,1,0,1,1,1,1,1,1,0,1,2,1,0,0,1,1,2,1,0,1,2,1,0,1,0,1,1,1,1,0,1,1,0,1,1,2,1,0,1,1,0,1,0,2,1,1,1,1,0,1,0,1,1,2,2,1,2,1,1,0,2,2,2,1,1,1,1
"rs00231",3,417652,1,1,0,1,1,1,1,1,1,,2,0,1,2,2,1,1,0,1,2,1,0,2,0,0,2,1,0,1,1,1,2,1,2,1,2,1,2,2,0,2,1,2,2,1,2,1,2,1,2,0,1,2,1,0,1,0,1,1,0,0,0,1,1,2,2,1,1,1,0,0,1,1,0,2,0,1,0,1,1,2,0,1,0,1,1,1,1,1,0,1,0,2,0,1,0,1,1,1,0,2,1,1,2,1,2,1,0,0,1,0,1,2,0,1,0,0,1,2,0
"rs00232",3,422727,1,0,1,,0,0,2,1,1,0,1,1,1,2,0,1,1,1,1,2,0,1,1,2,2,2,1,1,1,2,2,2,1,1,1,1,1,1,1,2,0,0,,0,2,2,0,1,2,1,2,1,1,0,2,1,1,1,0,2,1,2,2,1,1,2,1,0,1,2,1,1,0,1,1,2,2,0,0,0,2,1,2,1,0,1,0,0,2,1,0,0,1,2,1,1,1,1,1,2,2,0,2,1,1,1,2,0,1,0,2,0,1,0,0,1,1,1,0,0
"rs00233",3,442258,1,0,1,0,0,1,2,0,1,0,1,1,1,2,0,0,1,0,1,1,2,2,1,2,2,0,0,2,0,1,1,0,1,2,1,1,2,2,1,1,2,0,1,1,2,0,1,1,0,1,2,1,1,1,0,0,0,1,1,1,0,1,1,2,1,1,1,1,2,0,1,2,0,1,1,1,2,0,1,0,1,1,1,1,0,1,2,0,1,0,1,1,0,2,1,1,1,1,1,0,2,1,2,1,1,1,1,2,1,1,0,1,0,1,1,1,0,0,1,2
"rs00234",3,637907,1,0,0,1,2,0,1,1,0,1,2,0,,1,1,1,1,2,2,2,2,1,1,1,2,2,1,0,2,1,1,0,1,1,1,0,1,1,1,2,1,2,0,2,2,2,1,1,1,0,1,0,2,1,2,2,1,0,1,0,0,2,1,1,2,1,1,1,0,1,0,2,0,,0,2,0,0,1,2,,1,1,0,0,1,2,1,1,0,1,0,1,0,2,1,0,1,2,1,1,0,1,1,0,1,1,1,1,2,1,1,2,1,0,1,1,2,1,0
"rs00235",3,840315,0,1,0,0,1,1,1,1,1,,0,0,2,2,1,0,2,2,2,0,1,1,0,1,2,1,0,2,1,2,1,2,1,2,2,1,1,1,0,1,1,0,0,1,1,2,0,0,1,1,0,1,1,1,2,1,1,1,2,2,2,2,0,1,1,1,2,1,1,0,2,1,1,1,1,1,1,1,0,2,1,1,2,1,2,0,2,0,0,0,2,2,0,2,1,0,0,2,2,0,0,2,1,0,0,2,2,1,0,1,2,0,2,1,2,2,2,1,1,1
"rs00236",3,871651,0,1,2,1,0,0,2,1,1,2,1,0,2,2,2,0,1,0,0,1,2,0,2,0,0,2,1,1,0,0,2,1,2,1,2,2,1,0,2,1,1,2,1,2,0,0,1,1,0,0,2,1,1,1,1,2,1,1,1,2,1,2,1,2,1,0,0,1,1,1,2,1,0,2,1,1,0,,1,1,2,1,0,2,1,1,2,1,1,1,1,0,1,0,0,2,2,2,2,1,1,2,0,0,1,0,1,1,1,1,1,2,0,2,0,0,0,2,1,2
"rs00237",3,1474308,1,1,2,1,2,2,1,0,1,0,1,1,1,1,1,1,1,0,1,1,2,1,2,1,1,2,1,2,0,0,1,1,0,1,1,1,1,1,0,0,1,1,2,1,1,0,2,0,1,2,1,0,2,1,1,1,0,0,1,0,2,1,2,2,1,1,1,1,2,1,2,2,1,,2,0,0,1,2,1,1,1,1,1,1,2,2,2,1,0,0,1,1,1,1,1,2,1,0,0,1,2,0,2,2,1,,1,1,1,0,0,0,2,0,1,,1,,1
"rs00238",3,1596956,0,2,1,0,2,2,1,0,0,2,1,1,2,0,1,1,1,2,2,1,2,0,0,1,1,0,1,1,1,0,1,1,1,1,1,1,0,1,1,1,1,0,1,0,0,0,1,2,,1,2,1,1,0,2,1,2,0,2,1,2,0,1,1,0,2,0,1,1,2,1,1,0,2,1,1,1,2,1,2,1,1,1,0,1,2,0,1,0,,0,0,0,1,2,1,2,1,1,0,1,2,1,0,2,1,1,1,2,1,2,1,1,1,1,1,1,0,2,1
"rs00239",3,1610908,2,2,,0,0,1,0,2,1,2,2,1,0,0,0,1,1,1,1,1,0,2,2,0,2,2,1,1,1,1,1,1,2,,0,0,1,1,2,1,1,1,2,2,1,1,0,1,0,1,1,1,2,1,2,0,2,0,1,0,1,1,1,1,0,1,0,1,1,2,1,1,1,2,0,2,1,1,1,0,1,2,0,1,1,1,0,1,1,1,2,1,2,1,0,0,0,0,1,1,2,2,2,1,2,0,1,1,0,0,2,0,0,1,1,2,1,2,1,0
"rs00240",3,1956156,1,0,1,1,0,1,1,1,1,2,2,,0,1,2,,2,1,2,2,0,2,0,0,2,2,1,1,0,1,0,1,0,1,2,1,1,1,0,0,1,1,1,2,1,0,2,1,0,1,1,1,1,1,1,1,1,1,1,2,0,0,0,1,1,1,1,1,1,2,1,1,0,1,1,1,2,2,1,1,2,1,1,0,2,2,1,1,2,2,0,1,1,1,1,1,1,1,1,1,2,1,0,1,1,2,2,1,0,2,1,2,2,1,2,1,1,0,1,1
"rs00241",3,1986029,1,0,0,2,1,2,2,2,2,1,0,2,,1,2,1,2,1,0,0,1,1,2,1,1,1,0,1,1,1,1,1,0,2,1,1,0,1,0,2,1,1,1,0,1,1,1,2,0,0,1,1,2,0,1,2,2,0,1,1,1,1,0,1,2,1,1,0,0,0,1,2,2,0,1,1,0,0,2,1,2,2,2,0,2,2,1,1,0,0,0,2,0,1,2,1,0,2,1,1,,2,2,1,0,2,2,1,1,1,1,1,1,1,2,1,1,1,1,1
"rs00242",3,2001845,2,2,1,1,1,1,0,0,1,0,1,2,0,2,1,1,1,2,2,2,1,,0,1,1,0,1,1,1,0,1,1,1,1,0,2,2,0,2,2,0,1,1,0,2,1,1,1,1,1,2,0,1,2,2,2,1,1,1,2,1,1,2,1,0,1,0,1,1,1,1,2,0,0,0,2,1,1,2,1,1,1,1,0,1,2,1,2,1,1,2,2,1,1,1,1,1,0,1,0,0,1,0,2,1,1,1,1,1,1,2,2,0,0,2,1,1,0,1,0
"rs00243",3,2226359,1,2,0,1,0,2,1,0,1,1,0,0,1,1,1,2,0,2,2,2,0,1,,1,1,0,1,1,1,1,1,1,0,1,2,1,1,1,2,2,2,1,0,1,1,0,1,1,1,0,1,0,1,1,2,1,2,0,1,1,2,1,2,1,1,1,2,0,2,0,0,1,1,1,1,0,1,1,1,1,1,0,,2,1,1,2,1,2,2,2,1,1,2,2,0,2,0,1,0,0,1,1,2,1,0,1,1,0,2,1,1,1,1,,2,1,0,0,1
"rs00244",3,2281239,1,0,0,1,1,2,1,0,1,1,1,0,1,0,1,1,1,0,1,2,2,2,2,2,1,0,1,2,1,2,0,0,1,2,1,1,1,0,1,1,0,2,2,0,0,2,1,1,0,0,0,1,2,1,2,0,1,1,1,1,0,1,1,1,0,1,1,2,1,1,0,0,0,1,1,2,1,2,0,1,1,0,2,0,1,1,2,1,0,0,1,0,1,2,0,0,0,2,2,1,1,1,1,1,0,0,0,1,1,0,0,1,2,1,1,0,0,2,0,1
"rs00245",3,2284039,2,0,1,2,0,1,1,1,0,1,1,2,1,2,1,1,1,2,1,0,0,2,0,0,0,,1,,0,1,0,1,1,2,2,,1,2,1,0,1,0,1,1,1,1,1,1,1,2,0,0,1,0,1,0,1,1,1,1,1,2,0,0,1,1,1,1,1,1,0,1,2,2,2,0,1,0,1,2,1,2,1,1,2,1,2,1,1,2,1,1,0,2,2,0,0,1,1,2,2,1,1,1,2,1,0,2,1,2,0,1,1,1,1,1,,0,0,1
"rs00246",3,2290412,1,1,0,1,1,2,1,0,1,1,0,0,1,0,2,2,2,0,0,1,1,1,1,1,1,2,2,2,0,2,2,2,1,1,1,0,2,0,0,1,1,0,0,0,0,1,2,2,1,1,2,1,0,1,0,2,1,0,1,1,1,2,2,1,1,2,0,0,1,0,2,1,0,0,2,2,1,1,0,1,1,1,2,2,1,1,2,0,1,1,0,0,1,0,2,1,1,0,1,0,1,0,2,0,0,0,2,,2,1,2,0,2,1,0,0,0,1,2,2
"rs00247",3,2303260,1,1,2,1,1,2,1,1,2,0,1,1,1,2,0,1,1,0,1,1,0,1,1,2,1,0,1,1,1,1,1,1,2,0,1,1,2,1,0,1,1,0,1,1,0,1,2,1,1,0,0,2,1,0,1,1,1,2,2,2,0,1,1,1,1,0,1,1,1,1,0,2,0,0,2,0,1,1,1,1,1,0,2,0,0,1,1,0,2,1,1,0,0,0,1,1,2,1,1,2,2,2,2,1,2,0,0,1,0,0,2,2,0,1,0,2,0,1,2,0
"rs00248",3,2653617,1,0,0,2,1,1,1,1,0,0,1,1,1,1,1,1,2,0,1,1,1,1,1,0,0,0,2,0,1,2,1,1,0,0,1,2,1,1,1,1,0,1,1,2,1,1,2,2,1,1,2,1,1,1,0,2,2,,2,1,0,2,0,1,2,1,1,1,1,2,0,0,1,2,2,1,1,0,1,0,1,1,0,,1,0,2,1,1,0,1,1,1,1,2,,2,2,1,1,2,0,1,1,1,0,1,0,0,1,1,1,0,1,1,1,0,0,1,1
"rs00249",3,2742410,1,0,1,2,1,2,2,1,1,2,2,1,0,1,2,1,1,0,2,0,2,1,1,1,2,2,0,1,1,2,1,0,0,0,1,1,1,2,0,1,1,0,1,2,1,1,0,0,0,1,1,1,1,2,2,1,1,2,1,1,1,1,,0,1,1,2,1,1,1,1,2,2,0,1,1,1,1,0,0,1,0,1,2,1,2,0,1,0,1,0,1,2,0,2,1,2,1,1,2,1,1,1,2,0,2,2,2,1,2,2,0,,2,1,1,0,1,1,1
"rs00250",3,2769911,0,1,0,1,2,0,,1,2,1,1,1,2,0,2,1,1,1,0,2,2,1,2,1,2,1,0,1,1,1,1,1,1,1,2,2,1,1,2,2,1,0,0,1,0,0,1,2,2,0,1,0,,0,0,0,1,1,0,2,0,1,2,1,1,2,0,2,1,0,0,2,0,2,2,1,0,,1,1,0,1,1,0,1,1,0,0,1,1,2,1,0,1,2,1,0,2,1,2,2,2,2,1,1,0,1,2,1,2,2,2,,0,0,1,1,1,1,2
"rs00251",3,2821156,1,1,2,1,1,1,1,0,1,2,0,1,1,1,2,1,1,2,0,1,2,1,0,1,2,2,1,0,2,1,1,2,2,0,2,2,2,2,,2,0,1,0,2,2,2,1,0,1,1,2,2,2,2,0,1,1,2,1,1,0,1,2,2,2,1,2,1,1,1,1,2,1,0,1,1,1,2,0,1,2,1,0,0,1,0,0,1,1,0,1,1,1,1,2,2,1,1,1,1,0,1,2,1,2,0,1,1,1,2,2,0,0,1,0,0,2,0,1,0
"rs00252",3,2979907,1,1,0,2,1,1,2,1,1,1,0,1,0,1,1,2,0,1,1,0,1,1,1,0,0,1,1,1,1,2,0,0,2,1,1,0,1,2,1,0,2,2,2,1,1,1,2,2,2,2,1,1,1,2,2,1,1,2,0,0,2,1,0,1,1,1,2,1,1,0,1,2,1,2,1,1,0,1,0,1,1,0,1,2,0,1,0,2,1,2,0,1,1,0,0,1,2,2,0,0,1,0,1,1,2,0,2,1,2,1,0,1,2,2,2,1,1,2,2,2
"rs00253",3,3003993,1,1,1,1,1,1,2,1,2,1,2,1,1,1,0,1,1,1,0,2,0,1,1,1,1,2,1,0,1,1,0,2,1,1,1,1,2,0,,0,,1,1,1,1,2,2,1,1,0,1,1,1,0,1,0,1,0,1,0,1,2,0,2,1,0,0,0,2,1,2,1,1,2,1,2,0,0,1,1,2,1,2,1,2,0,1,1,0,1,0,0,0,1,1,2,0,1,0,1,0,1,2,2,0,1,2,2,1,2,1,1,0,1,1,1,0,2,0,1
"rs00254",3,3082753,2,1,1,2,0,2,0,2,1,1,1,2,1,1,2,0,1,2,1,2,2,1,0,1,1,1,2,1,0,1,0,2,0,1,1,,1,2,1,2,2,0,1,2,0,1,2,2,1,0,1,2,1,2,0,1,0,1,2,2,1,2,1,1,1,1,2,2,2,1,1,0,2,1,1,1,2,1,0,2,1,0,0,1,0,2,1,1,0,1,0,0,2,1,2,2,1,1,2,2,1,1,2,0,1,1,1,0,0,1,1,1,1,1,1,2,1,,1,0
"rs00255",3,3349155,1,1,2,0,2,2,2,1,0,1,2,0,1,0,1,2,2,1,1,2,1,2,1,0,1,0,1,1,0,1,1,1,1,1,0,1,1,2,0,0,1,1,2,1,2,2,1,0,1,2,1,2,2,1,0,0,0,1,2,1,1,1,0,,2,1,2,1,1,2,1,2,1,1,2,1,1,1,0,2,1,1,2,0,1,1,1,1,1,1,2,1,1,1,1,0,2,1,2,1,1,1,2,0,0,0,2,1,2,1,1,1,2,1,2,0,1,2,2,1
"rs00256",3,3423572,0,1,1,1,2,2,1,1,2,2,1,0,2,1,1,2,0,0,2,1,1,0,1,2,1,0,0,1,1,1,0,2,1,2,1,1,0,1,0,1,0,2,1,2,1,1,0,1,2,1,0,1,1,2,2,0,1,1,1,2,1,1,1,0,1,2,0,2,2,1,2,1,1,2,1,1,0,1,1,2,0,1,1,2,0,2,1,0,2,1,1,1,1,1,1,1,1,0,0,1,2,1,1,1,0,1,0,2,0,1,2,1,0,0,1,1,1,2,1,2
"rs00257",3,3474353,1,2,2,0,1,2,1,0,2,0,0,0,1,,2,0,1,1,0,1,1,2,1,2,0,1,2,2,2,1,2,2,0,2,0,0,1,0,2,0,2,1,1,1,2,2,2,2,0,1,1,1,1,1,2,0,1,1,2,0,0,,1,1,2,2,1,1,0,0,1,0,1,2,0,1,1,2,1,0,2,1,,1,0,1,1,0,2,1,1,1,1,1,1,1,1,2,2,0,2,0,0,2,2,1,1,1,1,2,2,2,1,2,1,1,0,1,0,2
"rs00258",3,3535638,2,1,1,1,2,1,1,0,1,2,2,1,0,0,0,1,0,0,1,2,1,1,1,2,2,1,0,2,0,0,1,1,2,0,2,0,1,2,2,2,2,1,0,,0,1,0,1,1,1,,1,0,1,1,2,1,1,2,0,1,1,1,2,1,1,2,1,1,0,1,1,0,1,0,0,0,2,2,2,0,1,1,2,1,1,1,1,0,0,1,1,0,0,1,,1,0,1,0,0,0,1,0,0,2,1,1,1,0,1,0,1,1,2,1,2,1,1,2
"rs00259",3,3764508,2,0,,1,,1,2,0,2,1,0,1,1,1,1,1,1,0,0,0,2,1,0,1,0,2,0,0,2,1,1,0,0,0,1,2,1,2,1,1,0,1,2,0,0,1,0,1,2,0,2,1,1,,1,2,1,1,0,1,2,0,1,1,0,2,2,0,0,1,2,1,2,2,1,1,1,1,1,0,1,0,2,1,,1,1,1,1,1,1,1,0,1,1,1,1,1,1,1,1,0,2,1,2,2,1,0,0,1,1,1,0,0,1,0,1,2,2,1
"rs00260",3,3986205,,0,0,2,2,1,1,2,2,1,2,2,1,0,1,2,2,1,1,0,2,2,0,0,1,1,0,1,2,1,2,1,1,1,2,2,1,0,2,0,2,2,2,2,1,1,0,0,1,2,0,1,0,1,2,1,1,2,1,1,0,1,1,1,1,1,1,1,1,2,0,1,1,2,1,2,2,1,0,2,2,2,1,2,0,2,0,1,0,2,0,2,2,0,1,0,2,1,0,1,2,1,1,0,1,1,1,1,2,2,1,0,1,2,1,1,2,1,1,1
"rs00261",3,4147113,2,0,2,1,1,0,1,0,1,1,0,0,1,1,2,1,0,2,2,1,1,0,1,2,2,1,0,0,2,2,1,1,1,0,1,2,1,1,1,1,1,2,0,1,1,1,1,2,2,1,2,0,1,1,1,2,1,2,1,0,2,1,1,0,2,0,1,2,0,1,1,1,1,0,2,1,1,1,1,1,2,2,1,1,2,0,0,0,,0,2,0,1,2,1,1,2,2,0,2,0,1,2,2,1,2,0,1,1,2,0,2,1,1,1,2,1,0,0,1
"rs00262",3,4217734,1,2,2,1,0,2,0,1,0,1,1,2,1,0,0,1,2,2,0,0,1,0,0,1,1,1,1,1,,0,1,1,1,1,1,1,1,1,,0,1,1,1,0,0,1,1,1,0,1,2,0,2,1,2,0,2,1,1,1,2,1,1,,0,0,1,1,0,0,1,1,1,,1,0,1,0,1,2,0,1,2,1,1,2,0,2,2,1,0,1,0,1,0,1,1,2,1,0,1,1,2,1,1,0,1,2,1,0,1,1,1,0,2,1,2,2,1,0
"rs00263",3,4366115,1,1,2,0,1,1,1,2,2,0,1,1,1,1,2,1,2,0,2,0,0,1,1,1,1,1,2,2,0,2,1,1,2,2,,1,1,1,1,0,1,2,2,0,0,0,1,2,1,0,2,1,1,2,2,1,1,2,2,1,1,1,2,1,1,0,1,1,0,0,2,2,1,1,2,0,0,1,1,0,0,1,0,1,2,0,0,1,1,1,0,2,1,1,0,0,0,1,2,2,1,1,0,1,0,1,1,1,0,1,1,0,2,1,0,1,1,2,0,0
"rs00264",3,4420669,0,1,1,1,2,1,0,0,1,1,0,0,1,0,0,0,1,1,0,1,2,2,0,0,,0,2,0,1,0,1,0,2,0,1,0,1,2,2,0,0,2,0,1,2,1,0,0,2,2,2,2,1,2,2,1,1,0,2,1,1,2,2,1,2,1,0,1,1,2,1,1,2,1,1,1,1,1,1,1,1,2,1,0,1,2,1,2,2,1,1,2,1,2,1,2,0,1,1,2,1,2,0,1,1,1,1,0,0,0,1,2,2,0,1,1,1,2,2,0
"rs00265",3,4468357,2,2,1,0,2,1,1,0,1,2,1,0,1,2,1,1,1,1,1,1,1,1,0,1,1,2,1,0,0,0,1,2,2,2,0,1,0,1,2,1,1,2,1,1,1,1,1,2,1,1,1,1,0,0,0,1,,1,2,1,0,0,0,0,1,2,1,1,1,1,2,1,2,0,1,0,1,1,0,,1,2,1,0,2,1,0,0,1,0,1,2,1,2,0,1,,1,1,0,1,1,1,0,1,2,0,2,2,1,1,1,1,1,0,2,1,1,1,1
"rs00266",3,4478447,1,2,2,0,2,1,2,0,0,1,1,1,1,2,1,1,1,2,0,1,1,1,1,2,1,,2,2,2,1,,2,1,2,2,1,1,0,2,2,0,2,2,0,0,2,0,1,0,0,2,1,0,0,1,2,1,2,1,1,0,1,1,1,1,2,2,2,1,1,0,1,2,0,0,,1,1,1,2,1,1,1,1,1,2,1,1,0,1,1,1,0,1,2,1,0,1,2,1,1,2,1,1,1,0,1,0,1,2,2,0,1,0,2,1,2,2,0,1
"rs00267",3,4663815,0,0,0,1,0,0,2,,2,1,1,2,1,1,1,,0,1,2,1,0,2,1,0,1,1,2,0,2,1,1,1,1,1,0,0,1,1,1,1,2,0,0,1,0,2,1,0,2,1,2,0,1,2,1,0,1,2,0,2,2,0,2,1,1,2,1,1,,1,1,1,0,0,1,1,1,0,1,2,1,1,1,1,1,2,0,2,1,1,1,1,2,2,0,0,0,0,1,1,2,2,2,1,0,2,2,2,2,0,2,0,1,2,0,0,2,1,1,1
"rs00268",3,4686030,1,1,2,1,1,0,1,1,0,2,1,1,1,2,1,1,0,1,1,0,1,1,0,1,2,2,0,2,2,0,1,2,0,1,0,1,1,2,0,2,1,1,0,2,2,1,0,1,0,1,2,2,2,1,2,1,1,1,1,0,1,1,1,1,1,2,1,1,2,0,2,1,2,2,2,1,2,1,2,1,0,1,0,,1,0,0,1,1,2,0,0,0,1,0,0,0,1,0,0,2,1,1,1,1,1,2,1,2,2,1,0,1,1,0,0,2,1,2,1
"rs00269",3,4807635,,1,0,1,1,0,0,1,1,0,2,1,2,1,2,0,2,2,,0,1,2,0,0,1,1,0,0,1,0,1,2,0,,2,1,2,0,2,0,1,0,1,1,2,1,1,2,1,2,2,1,2,2,0,,2,1,2,1,0,2,1,2,2,1,1,1,0,2,1,0,1,1,1,1,2,0,1,0,0,1,2,2,1,0,2,2,1,,0,2,,0,2,1,1,1,2,1,1,2,,0,2,1,2,1,0,2,0,0,1,2,1,1,1,0,0,0
"rs00270",3,4882339,0,2,1,0,0,0,0,2,0,1,1,2,0,1,1,0,1,1,1,1,,1,1,1,1,1,0,0,2,0,1,1,0,0,1,1,0,2,0,0,1,,0,1,0,1,1,1,0,1,0,2,1,1,1,1,0,2,0,0,2,0,0,1,1,1,0,2,0,1,1,2,2,0,1,1,0,1,0,0,2,0,0,0,0,1,2,0,1,0,0,2,2,1,1,0,2,,2,1,1,1,0,1,1,2,1,0,1,1,0,2,1,1,,1,0,0,1,
"rs00271",3,4939311,1,1,1,0,1,1,0,0,1,1,1,0,1,1,0,0,2,2,1,1,1,1,1,1,0,2,1,0,2,,1,1,1,1,0,0,0,1,2,0,0,1,1,1,0,0,1,1,1,1,2,1,1,2,2,1,1,2,2,0,2,0,0,1,1,1,1,0,1,1,1,1,,0,1,0,2,1,2,,1,1,1,0,1,1,1,1,1,2,1,0,2,1,1,0,1,1,1,0,2,1,1,1,0,0,2,1,1,1,2,1,0,1,1,0,1,0,1,1
"rs00272",3,4983088,0,1,2,2,1,0,0,1,0,2,0,1,1,2,2,2,0,0,0,1,2,0,2,1,0,2,1,2,2,2,2,2,0,2,1,2,1,2,2,2,1,1,2,2,0,0,1,2,1,1,1,0,0,0,1,0,1,1,0,1,2,2,0,0,1,0,2,1,1,1,1,1,1,1,0,2,2,0,0,0,0,2,2,1,1,1,0,1,1,1,2,0,0,1,1,1,1,1,2,1,0,2,1,1,1,1,1,2,2,1,2,2,1,2,1,0,1,1,0,0
"rs00273",3,5073968,1,1,1,2,0,1,1,1,1,0,1,0,1,1,1,0,1,1,2,0,0,1,2,0,1,0,1,1,2,1,2,1,2,1,1,2,1,2,0,1,1,2,1,1,1,1,0,1,1,1,0,1,0,0,2,1,0,1,0,2,1,1,1,1,1,2,0,1,0,1,1,2,1,0,1,0,1,0,2,0,1,1,1,0,1,2,1,1,2,0,1,2,0,1,0,1,1,1,0,0,1,1,2,2,1,1,1,0,2,1,0,2,1,1,0,1,1,1,2,1
"rs00274",3,5119090,1,1,1,2,1,1,2,1,2,0,0,1,0,0,2,0,1,2,2,2,0,1,1,2,2,0,2,0,1,1,1,1,1,2,0,1,1,2,2,1,2,2,1,1,0,1,0,1,1,2,1,1,2,1,0,1,1,2,2,0,0,2,0,1,1,2,0,1,0,,2,1,1,2,1,2,1,1,1,0,1,1,2,2,2,1,0,1,1,2,0,1,0,0,0,1,0,0,1,1,1,1,1,1,0,0,1,1,2,1,1,1,1,1,2,0,1,1,0,1
"rs00275",3,5405689,,2,2,2,2,1,1,0,1,0,2,0,0,0,1,1,1,1,1,1,2,1,0,1,2,2,1,1,1,1,0,1,2,2,1,2,1,2,1,1,1,0,2,0,1,1,1,1,1,2,1,0,0,1,1,1,2,1,1,1,2,2,1,1,0,1,1,0,1,0,0,0,1,1,1,1,1,1,0,1,0,2,,0,1,1,0,1,1,2,2,0,1,1,1,1,1,1,1,1,1,0,1,0,2,1,0,0,1,1,0,0,1,1,0,1,0,2,1,0
"rs00276",3,5502386,1,1,2,1,2,2,1,1,0,0,1,0,2,1,1,1,1,1,0,2,,2,1,1,1,2,1,0,,1,1,2,1,2,1,0,2,0,0,1,2,1,0,0,1,1,1,2,1,2,2,0,0,1,0,1,1,0,2,,1,1,2,1,2,0,0,2,1,2,2,1,0,1,1,1,0,0,0,1,0,0,1,1,,2,2,2,0,0,1,2,1,0,1,1,1,1,1,0,1,1,0,1,1,0,2,0,0,1,2,1,1,1,2,2,1,2,1,1
"rs00277",3,5544458,1,0,1,2,2,1,2,2,0,1,0,1,2,0,2,2,1,1,0,1,1,1,1,1,0,0,0,0,0,1,1,1,2,1,1,2,1,0,1,1,1,1,1,2,1,2,0,1,1,0,1,1,1,2,1,0,1,2,1,0,1,0,0,1,1,2,2,0,1,2,1,2,2,0,2,1,2,2,1,0,2,2,2,0,1,2,1,0,1,1,1,2,2,1,2,1,0,0,1,1,,2,1,1,1,1,2,2,1,0,2,0,1,0,0,1,1,1,1,0
"rs00278",3,5644186,1,0,2,1,2,2,1,1,1,2,2,2,2,0,2,1,1,1,2,1,1,2,2,1,1,1,2,0,2,1,0,2,2,1,1,1,1,2,0,1,1,1,0,0,1,1,1,0,0,1,1,1,1,2,2,1,0,1,2,0,1,1,1,1,1,1,1,1,0,,1,2,2,1,0,2,1,1,1,2,1,1,1,2,0,0,,,1,2,1,1,2,2,2,0,1,1,0,2,2,0,1,2,1,1,0,1,0,1,1,1,0,0,0,1,1,1,0,1
"rs00279",3,5863742,1,0,1,0,2,1,0,2,0,2,1,0,1,0,1,1,1,2,1,0,1,2,0,0,1,1,2,2,2,1,1,1,2,1,0,1,2,1,1,2,1,1,2,1,0,2,0,1,2,0,1,0,0,1,2,0,1,1,0,0,2,0,1,0,1,1,2,1,0,2,2,1,0,0,2,0,1,0,0,1,1,1,2,1,1,0,2,1,1,1,1,1,1,1,0,1,1,1,2,,1,2,0,1,0,1,1,1,2,1,1,2,1,0,1,1,0,0,0,1
"rs00280",3,5868977,1,0,1,1,0,2,0,1,2,1,0,1,2,1,0,1,0,1,1,1,1,1,1,1,2,1,0,1,0,0,1,1,2,2,1,0,0,2,1,1,1,1,0,2,0,1,0,0,1,1,0,1,1,1,1,0,1,0,1,1,1,1,1,0,2,1,0,0,1,1,1,0,0,1,1,1,0,2,0,1,0,1,0,2,0,2,1,1,2,0,0,2,0,1,2,2,1,2,1,0,1,1,2,2,0,0,1,0,1,1,2,1,1,0,0,0,1,2,1,0
"rs00281",3,6205415,1,2,0,1,1,2,0,1,1,0,1,1,0,,1,1,1,2,1,0,1,2,1,1,1,0,0,1,2,2,1,2,2,1,0,2,1,1,2,1,1,2,0,0,0,1,0,2,2,1,1,1,0,0,0,1,0,2,2,0,1,2,2,0,0,1,1,0,1,1,0,2,2,1,2,2,1,1,1,2,1,2,2,0,1,1,2,2,1,0,1,1,2,0,1,0,1,1,1,0,1,0,1,2,0,1,0,0,,0,1,1,0,1,2,0,2,1,0,2
"rs00282",3,6301754,1,2,1,1,2,1,2,2,2,0,1,2,2,1,0,1,0,0,1,2,0,1,1,1,0,1,1,2,1,1,0,1,2,1,2,1,0,1,2,1,2,2,2,,0,1,2,2,2,1,2,1,0,1,0,0,2,1,2,0,0,2,1,1,2,0,1,2,1,2,0,2,1,1,2,1,1,1,1,2,1,0,0,1,1,2,1,0,1,0,2,2,1,1,1,2,1,1,1,0,2,0,1,0,1,,0,1,1,0,2,1,2,1,2,1,0,0,1,0
"rs00283",3,6305811,1,,1,0,0,1,1,1,1,1,2,2,1,2,1,2,2,1,1,1,1,2,0,1,1,0,1,2,0,1,1,,1,1,,0,0,2,1,2,0,1,1,0,1,0,1,0,1,1,0,,0,2,1,1,1,1,1,1,0,0,1,2,0,2,1,2,1,1,1,1,1,1,1,2,1,,1,1,0,1,2,0,1,1,0,1,1,2,2,2,2,0,1,2,2,2,1,0,2,1,1,1,2,2,2,0,1,1,2,2,2,1,2,2,1,1,1,0
"rs00284",3,6411434,0,1,1,1,2,1,2,1,1,0,1,1,0,0,1,1,1,0,2,2,1,1,1,1,2,0,1,0,1,2,1,0,1,1,2,1,1,1,1,1,1,1,2,1,2,1,1,2,1,0,2,2,2,0,1,2,2,0,2,1,1,2,1,1,0,2,0,0,1,,2,1,2,2,2,0,1,1,1,0,1,0,1,0,0,1,2,1,2,1,1,1,1,1,2,0,1,2,1,2,1,2,2,2,0,1,1,1,1,2,0,1,2,1,2,1,0,0,1,0
"rs00285",3,6428593,1,2,1,1,2,2,1,0,1,1,1,0,1,2,1,2,1,0,2,2,2,1,1,2,0,1,0,,1,2,2,1,1,1,1,1,2,1,1,0,2,1,1,1,0,0,0,1,0,0,1,1,2,0,2,2,1,1,0,2,1,1,1,0,0,1,1,1,1,1,0,1,2,2,1,2,1,0,1,1,1,1,2,2,1,0,1,2,1,0,,2,1,2,1,1,2,1,2,0,0,0,1,2,2,2,1,0,2,2,2,2,1,2,1,1,1,1,,0
"rs00286",3,6433977,1,1,2,1,0,2,0,,0,1,1,,2,1,1,1,1,1,0,2,1,2,2,1,2,1,2,1,1,1,0,1,0,0,1,0,1,1,0,2,,1,1,1,2,0,0,0,2,,1,0,2,1,,2,0,1,1,0,2,0,2,1,1,0,2,2,0,1,1,1,1,2,1,1,0,,0,2,0,1,0,1,1,0,0,2,2,1,0,0,0,1,1,0,2,1,2,1,1,2,1,0,2,1,2,1,0,2,0,1,1,1,0,1,1,2,0,2
"rs00287",3,6521115,1,1,2,2,0,1,0,1,1,1,1,2,,1,2,0,2,2,2,2,0,1,1,2,1,1,,0,2,2,0,0,1,0,1,1,2,1,1,2,1,1,1,1,0,2,2,2,0,1,2,2,2,2,2,2,2,1,,2,2,1,1,2,2,1,1,2,1,1,0,2,2,2,0,1,0,2,1,0,2,1,0,0,0,2,0,1,1,0,2,1,1,1,0,2,0,2,1,2,0,0,1,0,1,1,2,0,1,1,1,2,1,0,2,1,1,0,2,1
"rs00288",3,6586318,1,2,2,2,0,1,1,1,1,0,1,2,1,0,1,1,0,0,0,1,0,0,0,2,0,0,2,1,1,1,1,1,0,2,1,1,1,2,1,1,0,0,0,1,,1,1,1,1,1,0,1,1,1,1,1,2,0,1,0,1,1,1,1,1,1,0,0,1,2,2,2,0,0,1,1,1,0,1,0,1,1,1,2,0,1,1,1,0,,1,2,1,1,0,0,0,1,1,2,1,0,1,0,1,2,1,2,1,1,0,1,1,1,2,0,2,1,2,0
"rs00289",3,6779633,1,1,1,1,1,2,0,1,0,1,0,1,2,2,0,1,1,1,1,2,1,2,1,,1,1,1,1,0,0,0,0,1,2,0,1,0,2,1,2,,2,1,0,1,0,0,0,1,1,1,0,1,1,2,2,1,1,1,1,1,0,2,1,1,2,0,2,0,0,0,0,1,2,1,1,1,1,0,1,2,1,0,1,1,0,1,0,0,1,0,1,1,1,2,0,0,1,1,2,2,1,2,0,2,2,2,0,0,2,1,0,2,1,1,0,2,0,,2
"rs00290",3,6859984,1,1,2,1,2,1,1,1,1,2,0,0,2,2,2,2,2,1,1,1,2,0,0,1,0,0,1,,0,0,1,0,1,0,1,1,0,1,1,0,1,0,0,1,2,1,2,1,1,2,1,2,0,0,0,2,0,1,0,2,1,2,1,1,0,0,2,1,0,2,1,,1,2,1,2,1,2,1,0,1,2,1,2,2,,1,1,1,1,1,1,0,1,2,0,0,1,0,2,2,2,2,1,0,0,0,1,2,2,1,0,2,0,0,1,2,1,2,0
"rs00291",3,6936236,0,0,1,2,1,,2,1,0,2,1,1,1,0,2,1,0,0,2,1,1,0,0,2,1,2,1,2,2,0,1,1,2,1,2,2,1,1,1,1,1,1,1,2,1,,0,0,2,1,1,1,1,1,1,1,1,1,0,1,1,1,2,2,1,2,2,1,1,,2,1,2,0,2,1,2,0,1,1,1,2,1,2,1,1,0,1,1,0,1,1,1,1,1,0,2,1,2,1,1,1,0,0,1,1,1,1,1,2,1,,2,1,1,2,2,0,0,1
"rs00292",3,6977038,2,1,1,0,1,2,1,2,2,1,0,0,0,2,2,1,1,1,1,1,1,1,0,1,0,0,1,2,1,1,1,1,0,1,2,1,2,0,1,0,0,0,0,2,1,1,1,1,0,2,2,1,0,0,0,1,1,2,2,1,1,0,1,1,0,1,2,1,1,1,0,0,0,1,0,2,2,1,2,0,2,1,1,0,1,1,1,0,0,0,1,0,1,1,1,0,0,0,1,0,2,1,1,2,0,1,0,1,1,0,2,1,2,1,1,2,2,0,2,2
"rs00293",3,7100704,1,2,1,0,1,1,,1,1,2,1,1,1,0,1,2,0,0,1,2,0,2,2,1,1,2,1,0,1,1,0,1,2,1,2,1,2,1,1,1,0,2,0,0,1,1,0,1,0,0,1,2,1,1,2,1,2,1,0,1,1,0,0,1,,1,1,2,1,0,1,1,1,0,2,1,1,2,1,1,0,1,0,2,1,2,1,0,2,2,2,1,1,2,0,1,1,0,2,1,,2,0,1,2,0,2,1,0,1,2,0,1,2,2,1,2,2,1,1
"rs00294",3,7293725,1,1,2,2,1,1,1,0,0,1,1,1,2,1,1,2,1,1,0,2,2,2,1,2,1,1,2,0,1,1,1,1,1,1,1,2,0,0,0,1,1,1,1,0,,2,1,1,1,1,1,2,1,1,1,1,2,2,1,1,0,2,0,1,0,1,2,1,2,0,2,1,0,1,,0,2,0,2,2,1,0,1,1,1,1,0,1,2,2,0,0,0,0,0,1,1,1,1,2,2,2,1,1,0,1,1,1,0,1,1,1,2,1,2,1,1,0,1,1
"rs00295",3,7449645,1,2,0,1,1,0,1,1,0,1,2,2,2,0,1,1,2,1,1,1,2,1,1,1,2,0,1,2,1,1,0,1,1,2,1,0,2,,1,1,1,1,0,2,0,0,1,1,0,1,1,0,1,0,1,2,2,0,2,1,1,0,2,0,0,2,1,1,1,1,2,0,2,1,1,1,0,1,,1,1,0,1,1,1,0,0,1,0,0,1,0,1,2,1,2,1,2,1,2,0,0,2,1,0,1,1,,1,2,1,2,2,1,0,0,1,2,1,1
"rs00296",3,7595752,1,1,1,1,0,1,2,1,1,0,2,1,2,0,1,1,1,2,1,0,1,1,2,0,1,1,2,0,1,2,1,1,1,0,,1,0,1,0,1,2,1,2,1,0,2,1,1,1,0,1,1,1,1,0,1,2,2,2,0,1,1,1,1,0,1,0,1,2,2,1,0,1,,0,1,1,0,1,1,0,1,2,2,1,1,1,0,0,1,1,2,0,0,2,2,1,0,1,0,0,0,2,2,1,1,2,,1,2,1,0,1,0,0,1,1,1,1,0
"rs00297",3,7746831,0,1,2,0,0,0,1,1,0,1,1,1,0,1,1,,2,2,1,0,1,0,2,2,1,1,0,2,1,1,2,1,0,2,,1,1,2,1,1,1,2,0,0,2,1,1,0,0,1,0,0,1,2,1,1,2,1,1,1,1,1,2,2,1,1,2,2,2,0,2,2,0,1,1,1,1,2,,2,2,2,1,1,0,0,2,1,0,1,2,1,1,0,2,1,1,2,0,1,1,1,2,2,0,0,1,1,1,2,1,2,1,2,1,2,1,2,1,1
"rs00298",3,7753110,2,1,1,1,1,1,1,1,2,0,0,0,1,0,0,,1,1,1,1,2,2,2,1,0,1,2,2,2,0,1,2,1,0,2,1,2,2,0,2,1,1,2,1,0,1,1,1,0,0,1,1,0,1,2,0,1,1,2,1,1,1,1,0,1,1,0,1,1,1,1,1,1,1,2,2,2,1,0,2,0,0,1,0,2,0,2,2,1,0,1,0,1,1,0,1,2,1,0,2,2,0,2,1,2,1,0,2,1,1,1,1,1,0,2,1,1,2,1,1
"rs00299",3,7828979,1,0,2,0,1,1,1,0,2,2,0,1,1,2,1,1,2,0,1,1,1,0,2,1,1,1,1,1,0,2,1,0,1,1,2,1,,2,1,1,1,1,1,1,0,2,2,0,1,1,1,1,2,0,1,1,1,1,2,1,2,1,1,1,2,1,0,1,1,1,1,1,1,1,2,2,1,2,2,0,2,0,1,1,0,1,0,1,1,1,1,1,1,,0,1,1,1,1,0,1,2,2,1,2,2,2,1,1,2,1,1,2,1,1,1,1,2,0,1
"rs00300",3,7868792,1,1,1,1,1,1,1,1,0,2,2,2,0,1,1,2,1,,2,0,1,1,2,2,1,1,0,1,0,1,1,0,1,0,2,0,2,2,2,1,0,1,1,1,2,1,1,0,1,0,2,2,2,1,2,2,0,0,0,2,1,0,2,2,1,1,2,1,1,0,2,0,0,2,0,1,0,1,0,1,0,2,1,2,0,2,0,1,1,0,1,,1,1,1,2,1,1,2,1,2,0,2,1,1,2,1,2,2,2,0,2,1,1,0,1,1,2,1,0
"rs00301",3,7925909,1,0,0,0,1,0,2,2,0,0,1,1,0,1,1,1,1,0,2,2,1,0,0,0,1,0,1,1,1,0,,0,1,2,0,2,0,1,1,0,0,2,2,2,1,2,1,1,1,0,0,1,1,0,1,2,1,1,0,0,1,0,1,1,0,2,1,1,1,1,2,2,1,2,1,0,1,1,2,1,1,2,1,1,1,1,0,2,2,1,2,0,0,0,0,0,2,2,1,0,1,0,2,2,1,0,1,2,1,1,1,1,1,0,0,1,2,2,0,2
"rs00302",3,8045950,1,0,0,1,0,0,1,1,1,1,1,1,1,1,1,1,2,0,1,1,0,1,0,2,1,2,0,1,1,2,0,1,1,0,2,1,2,1,1,1,1,0,2,1,1,0,2,1,1,1,0,1,2,1,2,1,2,1,1,0,1,0,2,1,,0,,2,1,1,0,1,1,1,2,1,1,0,1,1,1,1,1,2,2,1,0,2,2,1,0,2,1,1,2,2,0,,1,1,,1,2,0,0,1,1,2,1,0,0,2,1,1,1,1,2,0,1,1
"rs00303",3,8049386,1,1,1,1,,1,1,0,1,1,0,0,1,1,0,1,0,1,1,1,1,1,1,1,0,2,0,2,2,0,0,0,0,1,1,1,2,2,1,1,1,1,1,1,2,2,2,1,1,2,1,2,1,2,2,0,0,1,1,2,1,1,0,1,2,1,1,2,1,1,2,1,1,0,1,2,0,1,2,1,0,1,1,1,1,0,1,2,2,2,1,1,1,0,2,1,0,0,0,0,0,2,0,1,1,2,2,1,1,2,1,1,1,0,1,2,0,2,0,1
"rs00304",3,8112012,1,2,1,0,1,0,0,2,1,1,0,1,1,0,2,1,2,0,2,2,2,2,0,1,2,2,0,1,2,1,1,1,0,2,0,1,0,2,0,1,1,1,0,0,1,1,1,2,1,0,1,1,1,0,1,1,2,1,1,2,1,0,1,0,0,1,1,2,1,1,1,1,1,2,1,0,,1,0,1,2,1,2,2,1,0,2,1,2,1,0,1,1,1,1,1,1,1,1,1,0,2,0,2,2,1,0,1,1,0,2,2,2,1,2,2,2,0,2,0
"rs00305",3,8167829,0,2,1,2,2,1,1,0,,2,1,2,0,1,,0,0,1,1,1,,1,0,1,1,1,2,2,1,1,0,1,0,,2,1,0,1,0,2,1,2,1,1,2,2,1,1,1,2,,1,1,1,0,2,2,1,2,1,2,2,1,1,0,0,0,1,2,0,2,1,0,1,1,2,0,2,1,1,0,0,2,1,2,1,2,0,0,2,0,0,1,1,1,2,2,1,1,0,0,1,1,1,2,1,2,2,1,0,2,1,,1,2,1,1,2,1,
"rs00306",3,8211660,0,1,0,2,2,,1,1,2,1,1,1,0,2,2,1,1,1,1,1,2,2,0,1,2,0,1,1,2,1,2,1,2,1,1,0,0,1,1,1,1,1,1,1,2,1,1,1,1,2,1,0,1,0,1,1,0,2,1,1,1,0,2,0,1,1,1,0,1,1,1,1,0,0,1,0,1,1,1,1,1,2,2,1,2,1,1,0,2,1,2,2,1,2,0,1,1,1,0,1,0,0,1,2,2,2,0,1,0,1,1,1,0,2,2,2,0,1,1,0
"rs00307",3,8270168,1,2,2,1,2,1,1,0,0,1,1,1,0,1,1,2,1,0,0,1,1,0,1,0,1,2,2,1,1,0,1,1,0,1,2,1,2,0,1,1,1,2,1,2,0,2,2,1,1,2,2,1,1,1,0,2,2,1,1,1,1,0,0,1,0,0,0,1,2,0,1,1,1,1,0,0,2,1,1,1,0,,0,0,2,1,0,1,2,1,1,1,1,1,1,0,1,1,1,,0,2,1,2,0,1,1,1,1,2,1,1,0,1,2,0,1,1,1,1
"rs00308",3,8328353,1,1,0,1,0,1,,0,0,1,2,2,1,1,2,1,0,1,1,0,1,2,2,0,1,0,2,1,0,1,0,1,2,2,1,1,1,0,2,1,1,1,1,1,1,2,1,1,0,1,0,1,2,2,1,1,1,1,1,0,0,2,1,1,1,1,0,2,2,2,1,0,1,1,2,1,1,1,0,2,0,1,1,1,1,0,0,2,2,1,2,1,1,1,0,2,0,1,2,1,1,1,1,1,0,2,1,0,2,2,1,2,,2,1,2,0,1,1,1
"rs00309",3,8423193,1,1,0,0,0,1,2,1,0,1,,2,1,2,0,1,1,2,1,0,2,0,2,1,1,0,1,1,1,1,1,1,0,2,1,1,1,1,,0,1,1,2,1,1,2,1,0,0,2,2,0,1,2,1,1,1,1,0,2,1,1,1,1,1,1,1,1,0,1,1,1,0,1,1,1,1,0,0,1,1,1,0,2,1,1,0,1,1,2,1,1,1,0,1,0,1,0,2,2,1,0,2,0,1,2,1,1,1,1,2,1,1,2,2,0,1,1,0,1
"rs00310",3,8463640,1,2,1,2,0,1,1,1,2,2,0,2,0,2,0,1,2,1,1,0,1,0,1,1,2,0,1,1,1,1,0,1,2,1,1,2,2,1,1,0,2,1,1,0,1,0,2,2,1,0,1,1,1,1,1,1,1,0,0,2,1,0,0,2,1,2,2,1,2,1,1,2,1,0,2,0,0,1,1,1,2,1,0,0,0,0,1,1,1,2,,0,0,1,1,1,1,0,1,0,1,1,2,2,0,0,0,1,2,0,1,1,0,1,0,0,1,2,1,1
"rs00311",3,8594744,1,1,1,1,2,0,1,2,0,2,0,1,,0,0,1,2,1,2,1,1,1,0,2,1,1,0,2,0,2,,0,2,0,0,0,1,0,2,2,0,2,1,0,0,0,1,0,0,2,1,2,1,1,1,0,2,0,2,0,1,2,1,1,2,0,1,1,0,2,0,1,2,1,,0,0,2,2,2,1,1,1,1,1,1,0,1,0,0,1,1,1,1,1,0,1,0,1,0,0,2,1,2,1,0,1,0,1,1,1,2,1,1,0,1,1,1,2,2
"rs00312",3,8773006,0,0,2,1,0,2,1,1,,2,1,2,0,1,1,0,1,2,1,2,1,1,1,1,1,0,2,1,1,1,1,0,0,2,0,0,1,1,2,1,,0,,0,2,1,2,1,0,0,0,0,1,1,2,1,2,0,1,0,2,1,2,0,,0,1,1,1,2,1,1,1,2,2,1,1,1,1,1,2,1,0,1,1,0,2,0,0,2,1,0,1,2,,1,2,1,1,2,0,1,1,0,1,2,0,1,0,1,1,1,1,0,1,1,1,0,1,0
"rs00313",3,8847641,1,1,1,2,0,1,2,1,2,1,1,2,1,0,1,1,1,1,0,1,2,1,1,0,0,1,0,1,2,1,1,2,1,1,0,0,2,1,2,0,1,2,1,2,1,2,1,2,1,1,2,1,1,1,1,1,1,1,0,0,2,1,1,0,0,0,0,1,1,0,1,2,1,1,1,0,2,0,2,1,0,1,1,0,0,1,0,1,1,2,0,2,1,0,1,1,0,0,1,2,1,0,2,2,0,1,1,1,1,0,2,0,1,1,1,0,0,1,0,1
"rs00314",3,8922500,1,2,1,2,0,0,1,1,0,1,1,,1,0,1,,2,1,1,0,2,1,0,1,1,2,1,2,2,0,1,0,1,2,1,1,1,2,0,1,1,2,1,1,1,0,1,0,1,1,2,1,0,1,0,0,2,2,1,1,1,0,1,1,0,1,0,0,1,1,2,1,1,1,0,0,1,1,1,1,1,1,2,1,1,2,0,2,2,0,1,2,0,1,2,2,1,2,1,2,1,0,2,1,1,2,2,2,0,0,1,1,1,0,1,1,0,1,0,1
"rs00315",3,8990312,1,2,,2,2,1,2,1,1,1,1,0,1,1,0,2,2,1,2,1,2,1,2,1,1,0,2,2,1,1,1,0,0,1,0,1,1,1,2,1,1,2,1,0,1,0,1,2,1,1,2,2,2,2,1,0,2,2,2,1,1,2,0,2,2,1,0,2,1,1,1,1,1,2,0,0,0,2,1,0,1,1,1,1,0,,1,1,1,2,2,1,0,1,2,2,0,0,1,2,1,1,1,1,1,2,1,0,2,2,2,1,2,1,0,0,0,2,0,0
"rs00316",3,9367404,,2,1,2,1,1,2,1,1,1,1,1,2,2,1,1,1,1,0,1,0,0,0,0,1,0,2,2,0,1,0,1,2,1,1,0,0,1,1,1,1,0,1,1,2,0,0,1,0,1,0,1,1,0,1,0,1,2,1,0,1,2,1,1,1,1,1,1,2,0,2,1,0,2,1,1,1,0,1,1,1,2,0,1,2,1,0,2,1,2,1,,0,0,0,0,1,0,1,0,0,0,1,1,1,1,1,2,1,1,0,0,2,0,0,2,0,0,0,0
"rs00317",3,9502646,1,0,1,2,1,0,1,1,0,1,1,1,0,2,2,0,2,1,2,2,2,1,2,2,1,0,1,2,2,1,2,1,1,1,1,1,1,2,1,2,0,0,1,1,0,0,0,1,0,2,0,2,0,0,1,1,1,2,0,1,2,2,2,0,1,1,0,1,1,0,1,2,2,1,1,0,1,0,2,1,2,0,1,1,1,1,0,0,1,2,1,2,,2,1,1,1,1,1,2,1,1,0,0,1,2,1,1,1,1,1,1,1,1,2,2,1,2,0,1
"rs00318",3,9533933,2,1,2,1,1,0,,0,1,2,2,2,0,1,1,1,2,1,0,0,0,1,1,1,1,1,0,0,1,1,2,1,1,2,2,0,1,1,0,2,2,1,0,1,2,0,2,2,1,0,2,2,1,1,2,1,0,2,,2,2,1,0,0,1,1,1,1,1,2,1,1,1,1,2,0,0,1,1,1,2,2,0,0,,2,1,2,1,,2,1,1,1,0,1,0,2,2,0,0,0,0,1,2,1,1,1,2,2,1,0,2,2,2,2,0,,1,0
"rs00319",3,9590771,0,1,0,1,1,1,1,2,0,2,0,2,2,1,2,1,1,1,1,2,2,1,1,2,2,1,0,1,2,0,2,0,1,1,1,1,1,0,0,1,1,0,1,1,2,1,2,1,1,0,1,1,0,0,1,2,1,1,2,0,2,2,1,2,1,1,0,1,,1,1,1,0,1,0,2,0,0,1,0,2,1,2,1,1,1,0,1,0,1,1,1,0,0,1,1,0,0,1,1,2,1,1,1,0,2,1,2,2,0,1,1,2,0,0,1,1,1,1,1
"rs00320",3,9664263,0,2,2,0,0,0,2,1,0,2,0,2,2,2,0,1,0,0,1,1,0,1,1,1,1,2,2,0,1,2,1,2,1,2,0,1,0,0,1,1,1,1,1,0,0,2,1,0,1,1,0,1,2,1,0,0,2,2,,1,1,1,0,2,0,1,2,0,2,0,1,1,2,1,2,0,0,2,1,2,1,2,0,2,0,1,2,0,0,0,1,2,1,1,2,1,2,0,1,1,1,1,1,1,1,1,1,0,0,2,1,0,0,1,1,1,1,1,1,1
"rs00321",3,9804581,1,1,1,2,2,1,0,2,0,1,2,1,1,0,1,0,1,0,1,0,2,1,0,0,2,1,0,1,2,0,1,0,2,0,0,0,0,1,1,1,0,2,1,1,1,0,1,2,2,0,2,1,1,2,1,1,1,2,1,1,1,2,2,1,1,0,2,1,0,2,2,1,0,2,0,1,0,0,1,0,1,1,1,1,0,1,1,2,1,1,2,1,1,2,0,0,1,2,0,0,2,1,0,2,1,1,1,2,0,0,1,0,1,1,1,0,0,1,2,2
"rs00322",3,9812779,1,2,1,0,0,2,1,0,1,1,1,1,0,1,1,2,1,0,1,0,0,1,1,1,,1,0,0,1,0,2,1,2,2,1,0,0,0,1,1,1,2,0,1,1,1,0,0,1,1,1,1,1,1,1,1,1,1,1,1,0,2,1,1,0,1,1,2,2,0,0,1,1,2,1,2,0,0,,0,2,1,1,2,2,0,1,1,1,1,1,2,1,2,1,1,1,2,1,0,2,0,0,0,0,1,1,0,1,1,0,1,2,2,1,1,2,1,0,1
"rs00323",3,9849299,1,1,0,2,1,1,0,1,1,1,1,2,2,1,0,1,1,0,1,2,1,2,1,1,0,1,1,1,2,1,0,2,2,0,1,1,1,2,2,1,1,0,1,2,0,1,1,0,0,2,1,0,1,1,1,1,1,1,1,1,1,0,1,1,1,0,1,1,2,2,0,1,1,1,1,2,2,2,2,1,0,1,1,1,2,1,1,1,2,2,1,0,1,0,0,0,1,2,0,1,0,0,0,2,1,1,1,2,1,0,0,0,1,0,1,2,0,2,2,1
"rs00324",3,9894236,1,1,0,1,0,2,2,1,0,2,0,0,1,0,1,2,1,1,1,1,0,1,2,1,1,2,2,1,0,1,1,0,1,1,1,1,2,2,2,1,0,2,1,1,0,1,0,1,1,0,1,2,0,0,1,0,1,1,1,1,1,1,2,1,0,2,0,0,1,2,2,1,1,1,2,1,1,0,1,2,2,0,2,,2,0,2,1,2,1,2,2,1,2,0,0,1,1,1,2,0,1,1,2,1,0,1,1,1,1,2,1,1,2,2,2,2,1,1,2
"rs00325",3,9899454,2,1,2,0,2,2,0,0,2,2,1,1,1,1,2,2,1,1,2,1,1,1,1,1,1,1,1,1,1,2,0,2,2,0,1,0,1,1,1,1,1,0,0,0,0,1,0,1,1,1,,0,0,0,1,0,0,1,1,1,0,1,1,1,0,2,1,1,2,1,1,0,1,0,0,1,1,1,0,1,0,0,1,0,1,2,1,1,0,0,0,1,2,0,2,1,1,0,2,0,1,0,0,0,1,0,0,0,0,1,1,2,1,1,1,0,0,1,2,1
"rs00326",3,9920640,0,0,0,1,0,0,0,2,1,1,1,1,0,2,,1,2,1,0,,2,1,1,1,1,1,2,1,0,1,2,1,1,1,0,1,0,1,0,1,0,0,0,2,1,1,2,2,1,0,2,1,0,1,2,1,2,0,1,1,1,1,1,0,2,2,2,0,1,2,0,1,1,0,1,1,1,1,1,1,0,1,2,1,1,1,2,1,1,0,1,1,0,1,1,1,0,0,0,1,1,1,0,1,2,1,2,1,1,1,1,1,2,0,0,1,1,2,1,1
"rs00327",3,9946743,1,1,0,2,0,1,2,2,2,2,0,1,1,2,1,0,1,1,1,2,1,0,1,1,1,1,,1,1,2,1,1,2,2,0,1,1,1,1,2,2,1,1,1,2,1,1,0,0,0,1,1,2,,1,1,1,1,1,0,2,1,1,1,,0,1,1,2,0,1,2,2,0,,2,1,1,2,2,0,1,2,1,2,1,1,1,1,0,1,1,1,2,2,0,2,2,1,2,1,0,1,,0,2,1,0,0,0,1,1,2,0,2,1,0,1,1,2
"rs00328",3,9960130,0,1,,1,0,1,0,1,2,1,2,1,1,1,1,,1,1,2,0,2,2,1,1,0,1,1,0,1,2,2,1,,1,1,1,2,1,1,0,0,1,1,1,0,1,1,0,1,,2,0,1,2,0,0,,0,1,,2,1,0,0,2,0,2,1,2,1,1,0,1,0,0,1,1,1,1,2,0,2,1,0,2,2,2,1,1,1,2,2,1,1,1,1,2,0,2,1,1,1,1,2,0,1,1,0,1,1,2,1,1,1,1,2,2,1,1,1
"rs00329",3,9980742,2,1,0,0,2,1,1,1,2,2,2,2,0,1,2,1,0,2,2,1,0,1,0,1,0,1,0,0,1,,2,1,2,0,2,,2,0,2,0,1,1,1,2,1,1,0,0,1,1,0,1,1,1,1,2,1,0,1,0,0,0,1,0,1,1,2,2,0,2,0,1,1,1,1,0,0,0,1,2,1,1,1,0,1,1,1,0,1,2,1,0,2,0,2,1,1,0,2,1,2,0,2,2,2,2,1,1,,1,0,2,2,1,1,1,1,1,2,1
"rs00330",4,43909,0,1,1,0,0,1,0,0,0,0,1,1,1,0,0,0,1,1,1,1,0,2,2,2,2,1,2,2,0,1,1,1,1,1,1,1,1,2,2,0,0,2,,1,1,2,2,2,0,2,1,1,1,2,0,1,2,2,1,0,2,1,1,2,0,2,1,2,2,1,2,2,1,1,2,1,1,1,2,1,1,2,1,1,2,1,1,2,2,1,2,1,2,0,2,2,1,0,1,0,0,2,0,1,2,1,1,1,2,2,2,2,2,1,1,0,2,1,1,1
"rs00331",4,168005,0,1,2,1,1,0,2,1,1,1,1,1,2,0,1,2,2,1,1,0,1,0,1,1,2,2,1,0,1,1,1,,1,1,2,1,1,1,2,1,2,1,1,0,1,0,2,1,1,2,1,0,2,0,0,1,1,1,2,1,0,0,1,1,0,1,0,1,1,0,0,0,1,0,0,,1,2,2,2,2,1,1,1,2,0,1,0,2,1,1,1,2,0,1,1,1,1,1,2,2,0,1,2,1,2,1,2,1,0,2,2,1,1,0,2,0,1,2,1
"rs00332",4,349206,1,1,1,0,1,1,0,0,1,2,2,0,1,0,1,1,2,1,0,0,2,0,2,1,2,2,1,1,1,1,1,0,2,2,0,,1,0,1,1,0,2,1,1,1,1,1,1,1,2,1,0,1,0,0,1,1,1,0,1,2,0,0,1,1,1,0,0,1,0,2,0,2,2,1,1,0,1,1,2,1,1,0,1,1,0,1,1,0,2,0,1,1,0,2,1,1,2,1,1,0,0,2,0,1,1,1,2,0,1,1,0,1,1,2,2,0,2,1,1
"rs00333",4,371007,1,1,0,1,1,1,2,1,1,2,1,1,1,1,1,2,0,,2,1,1,1,2,0,1,2,0,1,2,2,1,0,1,1,1,1,1,1,1,0,2,1,1,0,,1,1,2,,1,1,2,0,2,0,2,1,1,1,0,2,0,2,2,1,1,1,1,0,2,2,1,1,1,1,0,,2,1,1,0,0,1,1,0,1,1,1,1,2,2,1,2,1,1,1,1,1,0,0,2,1,1,0,1,0,0,0,0,1,1,1,1,1,2,1,2,1,1,0
"rs00334",4,490101,1,1,0,1,1,1,1,1,1,0,2,2,2,0,1,0,2,1,1,0,1,0,2,2,2,1,2,2,1,2,0,1,1,1,1,0,1,1,2,1,1,1,1,0,1,1,2,2,0,2,1,2,1,0,1,1,1,0,2,0,,1,1,2,1,2,2,0,1,0,0,1,1,1,2,1,2,0,2,1,2,1,1,1,1,2,1,1,1,2,0,0,2,2,0,2,0,0,2,1,1,2,,0,1,2,1,2,0,1,1,1,2,0,1,1,0,2,1,0
"rs00335",4,494145,2,2,2,2,1,2,0,1,2,2,2,1,0,2,0,1,1,1,0,1,1,2,2,1,2,1,1,1,2,2,0,0,1,0,0,1,1,2,2,0,1,0,2,0,1,1,1,1,1,0,2,2,2,1,1,2,1,0,1,0,1,2,1,0,0,0,2,2,1,0,1,2,1,1,1,1,1,1,1,1,1,1,1,1,1,1,0,0,1,2,0,0,1,1,1,1,1,2,1,1,0,0,1,1,0,0,1,2,0,1,2,1,1,0,2,1,1,1,2,0
"rs00336",4,498447,1,2,2,2,1,2,2,0,1,1,2,1,0,0,1,0,1,1,2,1,2,1,0,2,1,1,2,2,2,1,0,1,1,2,2,1,2,,1,2,0,2,1,1,2,1,1,2,1,2,2,2,1,0,0,1,0,0,2,0,2,1,2,0,2,1,1,0,0,1,1,0,2,2,1,1,0,0,1,1,1,1,1,1,1,2,1,1,1,2,2,0,2,2,1,1,2,2,2,1,1,0,0,0,1,1,2,2,2,1,1,2,0,1,2,2,2,2,0,0
"rs00337",4,590388,2,1,,2,1,2,1,2,0,1,2,0,1,0,1,2,1,2,2,2,2,1,1,2,1,1,1,2,2,1,,2,2,,1,1,0,2,0,1,1,0,0,2,1,1,0,,2,0,1,1,1,0,1,1,1,0,0,1,2,2,1,2,1,1,1,0,0,2,1,2,1,1,2,1,0,0,2,1,1,2,0,1,1,2,1,2,1,2,0,1,1,1,1,0,0,1,0,0,0,1,0,1,1,1,1,0,2,2,0,1,0,1,1,1,2,1,2,2
"rs00338",4,728945,1,2,1,,1,0,1,1,1,1,1,1,0,0,2,1,1,1,1,0,1,2,0,1,1,1,2,0,1,1,2,2,1,2,2,1,1,0,1,1,1,1,1,1,1,2,1,0,2,2,1,1,1,1,1,1,1,0,0,1,0,2,1,0,0,0,1,0,,1,1,,1,2,2,0,1,1,2,1,1,0,1,1,1,0,2,1,2,0,1,1,0,0,0,1,1,1,2,1,0,1,0,2,1,1,0,1,1,0,2,1,0,1,0,1,0,2,2,0
"rs00339",4,878083,0,0,,1,0,2,1,0,0,2,1,2,1,1,1,2,0,1,1,2,2,1,2,2,1,2,1,2,1,1,1,1,2,2,1,1,2,1,1,0,1,2,0,1,0,0,1,0,1,1,1,1,0,2,0,2,2,1,0,2,,0,2,1,0,1,1,2,2,1,2,1,,1,2,1,1,0,0,1,2,2,0,1,1,2,0,1,1,1,1,0,1,0,0,1,2,0,1,0,0,1,0,1,2,2,2,1,1,2,1,,1,1,2,1,0,1,1,0
"rs00340",4,903091,1,1,2,0,1,2,2,0,1,1,0,1,1,1,1,1,2,2,1,1,1,1,1,1,1,1,2,2,1,1,1,1,1,1,1,1,2,1,1,0,1,2,1,,0,1,1,2,0,2,2,2,2,2,1,2,0,1,0,2,1,1,2,2,2,1,1,1,1,0,1,1,1,1,1,2,1,1,1,1,1,1,2,1,2,1,1,1,0,2,2,0,0,1,1,2,0,0,2,0,0,0,2,1,0,1,0,1,0,0,0,1,1,0,2,1,1,2,0,1
"rs00341",4,1332159,1,0,0,0,2,2,0,2,2,0,0,2,0,2,1,0,1,1,2,,2,1,2,0,1,1,2,1,1,1,2,1,0,1,1,2,0,1,1,1,1,1,1,2,0,1,1,2,2,2,2,0,2,0,0,0,,2,1,2,2,0,,1,2,2,0,1,2,,2,2,1,1,0,0,2,1,2,1,1,1,1,1,2,1,2,0,1,2,0,2,1,1,2,1,1,2,1,2,1,2,2,1,1,0,0,0,1,1,2,1,0,1,0,1,1,0,0,2
"rs00342",4,1345042,1,0,1,2,0,1,1,1,2,0,1,1,0,1,2,2,0,1,1,0,0,2,1,,2,1,1,,2,1,1,1,2,1,0,1,0,1,2,1,0,1,1,0,1,2,0,2,1,1,1,1,1,0,0,1,1,2,1,1,1,2,2,1,0,1,,1,0,2,1,0,2,2,,1,1,2,1,2,2,0,0,2,2,2,2,1,2,1,1,0,2,0,2,1,1,1,1,2,1,2,2,0,1,1,1,1,1,1,1,0,2,2,1,1,2,1,,2
"rs00343",4,1508491,0,1,2,1,2,2,1,2,1,2,1,0,1,1,1,0,1,2,1,0,0,2,0,1,1,1,1,1,2,2,1,1,0,1,1,0,,0,1,1,1,1,2,1,1,0,1,0,1,2,1,0,0,1,0,2,1,2,0,1,1,2,0,1,2,1,0,0,2,2,0,,0,0,1,1,,1,0,1,1,1,1,0,1,0,0,2,1,1,0,0,1,1,1,0,0,1,0,1,1,1,2,1,2,0,1,2,1,2,0,0,1,0,1,0,2,2,2,1
"rs00344",4,1665943,1,2,2,,1,0,0,2,1,2,2,0,2,2,1,1,2,1,1,1,1,0,1,1,1,2,2,0,1,0,2,2,2,1,1,1,1,,2,2,1,2,1,2,1,2,2,1,1,0,2,1,1,2,,0,1,1,1,2,2,0,1,2,1,2,1,1,0,2,1,2,0,2,0,1,0,1,1,1,1,0,2,2,0,2,1,0,0,2,0,2,1,1,1,0,1,0,2,2,1,1,1,0,2,0,1,1,2,2,1,,1,1,1,1,,1,2,1
"rs00345",4,1735588,1,2,1,1,2,1,1,1,1,0,0,2,2,1,0,1,1,2,1,1,0,1,1,1,1,2,1,2,,0,1,1,1,1,0,,0,1,1,2,2,0,0,1,1,1,1,0,2,,2,0,2,0,1,1,1,2,1,2,2,1,1,2,2,1,1,1,1,1,1,2,1,1,0,1,0,1,2,0,0,2,2,1,1,1,0,0,1,0,0,1,1,1,1,0,0,0,1,0,1,1,1,2,1,,2,0,1,1,0,0,2,2,0,2,,2,0,1
"rs00346",4,1760116,1,1,0,2,2,0,2,1,2,0,1,2,1,0,1,2,1,1,0,2,2,2,1,1,1,0,1,1,2,1,0,1,0,2,2,1,1,1,0,0,2,1,2,1,0,2,1,1,1,1,,1,1,0,1,2,1,1,,2,2,1,0,1,0,1,1,1,1,1,0,1,2,1,0,1,1,1,1,2,1,1,1,0,,1,0,0,0,1,1,0,,1,0,2,1,0,2,2,0,1,0,1,1,2,2,2,1,1,0,1,2,0,0,1,2,1,2,1
"rs00347",4,1925990,0,1,1,2,1,1,2,1,1,0,2,,1,1,1,2,0,1,1,0,0,0,0,0,2,2,1,1,0,0,2,1,0,1,1,2,1,1,0,1,2,1,0,1,1,0,0,1,1,1,1,0,0,2,0,2,1,0,2,1,2,1,2,1,1,1,1,1,,0,1,0,2,1,1,1,1,1,1,0,2,1,0,1,0,0,1,2,2,2,1,0,2,1,1,1,2,1,1,1,0,0,2,1,0,1,2,1,2,1,2,1,1,1,0,0,2,1,1,2
"rs00348",4,2134625,1,1,1,0,0,1,0,2,2,1,0,1,,2,1,2,2,1,0,1,0,1,0,0,1,1,0,2,1,2,1,0,0,1,1,0,1,2,2,1,1,1,1,2,1,1,2,2,0,1,1,0,2,2,1,2,1,1,1,1,1,0,1,0,0,,1,1,1,1,0,1,0,1,1,2,0,2,1,1,0,1,2,1,0,1,1,1,1,0,2,1,0,2,1,0,2,1,0,0,1,1,1,1,2,1,1,2,1,0,1,0,1,2,1,0,1,1,1,1
"rs00349",4,2259179,0,0,2,2,2,1,1,1,2,0,0,2,1,1,1,0,1,1,1,2,2,1,,0,0,1,1,1,1,0,1,1,1,2,0,0,1,0,1,0,1,1,0,1,1,1,2,2,1,1,0,0,2,1,1,1,1,2,0,0,1,1,1,0,2,2,2,0,,0,2,2,0,1,2,1,2,1,2,2,2,2,2,0,1,2,1,1,1,1,1,0,2,1,1,1,2,2,0,1,1,2,2,1,1,1,1,1,0,1,2,2,0,2,2,0,1,0,1,1
"rs00350",4,2328847,0,1,2,0,1,0,0,0,1,1,1,1,0,1,0,2,2,1,0,1,2,2,1,1,0,0,1,2,1,1,1,2,,1,2,2,1,1,1,1,2,0,2,1,0,1,1,2,2,1,1,2,1,1,1,1,1,1,0,1,1,0,1,2,1,1,0,1,2,1,2,1,1,0,1,1,0,0,1,1,1,1,1,0,0,0,1,1,0,0,1,2,2,2,2,1,0,1,1,0,0,1,2,2,2,0,0,1,2,0,1,1,1,1,1,1,2,0,0,0
"rs00351",4,2501891,1,2,1,0,2,2,1,0,1,1,1,1,2,2,2,1,0,1,0,0,0,0,0,0,1,1,1,1,2,1,1,1,0,2,2,1,0,1,,2,0,0,1,1,2,1,1,2,2,1,2,2,1,2,2,1,1,0,1,0,2,0,1,2,1,0,1,0,1,2,1,2,0,1,1,2,1,1,1,0,0,0,0,1,2,1,2,0,2,1,2,2,0,1,1,1,1,2,1,1,1,1,0,2,1,,,1,1,2,2,2,0,2,1,2,1,0,1,2
"rs00352",4,2882220,2,0,2,1,0,2,1,0,0,2,2,0,1,1,2,2,1,1,0,2,1,1,1,0,2,1,0,0,0,1,1,1,,1,2,0,1,1,2,1,2,0,1,0,1,1,0,2,1,1,2,0,1,1,1,2,1,0,0,2,1,1,2,1,1,2,1,2,0,2,1,0,1,1,1,1,1,2,1,,2,0,1,0,2,1,1,2,0,0,2,0,1,1,1,1,1,1,0,0,2,1,1,1,0,1,0,0,2,0,1,1,,2,0,1,0,0,2,2
"rs00353",4,2908054,1,1,1,1,2,1,1,1,0,1,0,1,1,2,1,,1,2,2,2,2,0,0,1,0,2,0,1,1,1,0,1,0,2,1,1,2,2,2,1,2,1,1,0,0,1,2,0,2,1,0,1,0,1,1,1,1,0,2,1,2,2,0,0,2,2,1,2,2,0,1,1,1,1,1,2,1,2,1,0,1,1,1,0,1,2,1,0,1,1,1,2,1,1,0,2,2,1,,2,1,0,1,0,,2,1,0,0,0,1,0,1,1,0,0,1,2,1,1
"rs00354",4,2966335,1,1,1,0,1,0,1,1,2,2,0,1,1,2,2,2,0,0,1,1,2,1,1,0,0,1,2,1,2,0,1,1,1,1,1,2,2,1,0,0,2,2,1,1,0,0,2,1,0,2,0,0,1,,2,,1,2,1,1,2,0,2,1,0,1,1,1,1,1,2,2,0,1,0,2,1,,1,1,2,1,1,1,1,1,,2,1,2,2,2,2,2,1,1,1,0,0,1,2,1,2,0,0,2,1,1,1,2,1,0,1,0,,1,0,1,0,2
"rs00355",4,3019009,2,2,2,1,0,1,0,2,1,1,0,1,1,1,1,1,1,2,0,0,2,2,,2,2,1,0,1,2,1,1,1,1,1,0,2,2,2,1,0,0,0,2,1,1,0,0,2,2,0,1,1,2,1,0,2,0,0,0,1,1,1,2,1,2,2,1,0,1,2,1,2,0,1,1,0,2,,1,1,0,2,1,1,,0,1,1,1,2,0,0,1,0,0,,2,0,0,1,1,1,1,1,2,1,2,1,1,1,1,1,0,1,1,2,2,0,1,0
"rs00356",4,3043271,1,1,1,0,0,1,1,0,,1,0,2,2,2,0,1,0,2,1,0,0,0,2,1,1,1,,0,0,1,0,1,2,1,1,1,1,2,1,1,1,1,2,2,2,2,2,2,1,1,0,0,1,2,1,2,2,2,1,1,0,0,1,1,1,2,0,1,0,1,1,1,2,0,0,2,1,2,0,0,,2,2,1,2,2,1,1,1,1,1,0,2,1,1,2,0,2,1,1,1,1,0,1,2,2,0,1,1,1,1,1,1,1,1,2,1,1,1,0
"rs00357",4,3132966,2,2,1,1,1,1,1,1,2,0,2,2,0,1,2,1,1,1,1,1,2,0,2,1,1,0,1,2,0,2,1,1,1,1,0,1,1,1,1,0,1,0,2,2,0,0,1,2,1,1,0,1,,2,1,2,1,1,1,1,1,0,0,0,0,1,2,2,2,0,1,1,1,1,0,0,0,0,0,2,2,1,2,0,2,0,0,0,2,1,1,1,2,0,,1,0,1,2,2,0,1,1,0,2,1,0,1,1,1,1,1,1,2,1,0,2,1,1,2
"rs00358",4,3334513,0,0,1,0,0,0,1,1,2,0,1,1,,1,0,2,1,2,1,0,1,0,1,1,2,1,1,0,2,1,0,2,1,1,0,2,2,2,1,0,2,1,0,1,1,2,0,0,1,1,,1,1,1,1,1,1,2,1,1,2,0,1,0,1,1,0,1,1,1,2,2,0,1,2,0,0,1,0,1,1,2,1,2,1,1,0,1,1,2,2,1,1,2,1,,0,2,1,1,1,1,1,0,1,1,2,0,1,1,1,1,2,2,2,1,0,0,0,1
"rs00359",4,3373382,1,1,2,0,0,1,0,2,1,2,1,0,1,1,2,2,2,2,2,0,0,1,1,1,1,2,0,0,2,1,1,1,0,0,0,1,1,0,1,2,1,1,1,0,1,1,2,1,1,1,1,0,1,1,1,2,1,1,0,1,1,0,1,1,1,2,1,2,1,2,2,2,2,1,0,1,0,2,1,1,2,1,1,2,1,0,2,1,1,0,2,1,2,1,1,0,0,1,0,1,1,2,2,2,1,1,1,2,1,2,0,1,1,1,,1,1,0,1,1
"rs00360",4,3408470,1,0,1,2,2,0,0,2,1,0,0,1,1,0,1,1,1,2,2,1,1,0,0,2,0,1,1,1,2,1,2,1,0,1,2,1,1,1,1,2,2,1,1,0,0,2,0,0,2,1,0,1,2,0,2,1,1,0,0,0,2,2,0,1,1,0,0,0,1,1,1,2,0,1,2,1,0,1,1,1,1,1,2,0,1,1,0,1,0,1,1,1,0,0,0,0,2,2,1,1,1,1,1,1,1,1,0,1,2,2,0,1,2,0,2,1,1,1,1,0
"rs00361",4,3511411,2,0,2,2,2,1,0,1,1,0,1,2,1,0,1,1,1,1,0,1,1,1,1,2,0,0,2,1,2,2,1,1,1,2,0,2,0,0,0,1,1,1,0,2,0,0,2,1,0,0,0,0,1,1,,2,0,1,2,1,2,2,1,2,1,0,1,1,2,1,2,1,1,1,0,2,0,1,0,1,1,0,1,2,0,2,2,1,1,1,2,0,1,0,0,0,2,0,0,1,1,0,1,1,1,0,1,,1,1,1,2,1,1,1,1,1,1,1,1
"rs00362",4,3608244,2,2,0,0,1,2,1,0,0,2,0,2,1,2,1,0,1,2,1,1,2,1,1,2,2,0,1,0,2,2,1,0,1,1,2,1,1,1,2,0,1,1,0,2,1,1,1,1,1,1,2,2,1,0,1,0,1,0,1,0,1,1,1,1,1,1,0,1,1,1,1,1,0,0,1,0,1,0,2,1,0,1,1,1,1,0,1,1,2,1,2,2,1,2,2,1,1,1,0,0,2,1,1,1,1,1,0,0,2,0,1,1,2,1,0,1,2,2,2,1
"rs00363",4,3817933,1,1,1,0,1,1,1,1,0,2,1,0,0,1,1,2,1,0,2,1,1,1,1,0,0,2,1,0,0,1,1,2,1,2,1,1,1,,0,0,2,1,0,0,0,2,1,0,1,1,2,1,1,1,1,2,1,1,1,2,0,1,1,0,,0,0,2,2,2,2,1,1,1,1,1,1,2,1,0,0,2,2,2,1,1,2,1,2,2,0,1,1,1,0,0,0,2,1,1,1,2,0,0,0,1,0,1,0,1,1,1,0,1,0,0,0,2,1,
"rs00364",4,4157825,0,1,1,1,1,0,1,2,2,1,1,0,0,2,,1,,0,2,1,1,0,0,2,1,0,1,0,1,2,1,0,1,2,1,1,1,1,1,2,1,2,1,0,0,1,1,,2,1,1,1,2,0,1,1,1,0,1,0,1,2,2,0,0,1,1,0,1,0,1,2,2,1,0,1,2,2,0,2,2,0,1,0,2,1,1,0,,0,0,2,2,0,1,2,1,2,1,1,1,1,0,1,2,2,2,0,1,0,1,1,1,1,2,1,0,0,2,0
"rs00365",4,4218995,2,1,0,2,1,2,1,1,1,1,1,1,1,1,1,,1,1,2,0,0,1,1,1,2,1,2,1,1,0,1,0,1,0,0,1,2,0,1,,0,1,1,1,0,1,1,1,0,2,0,2,2,1,1,2,2,1,1,1,1,1,1,0,1,2,0,1,1,1,1,1,1,1,,,1,0,0,0,0,1,1,0,0,2,1,0,2,1,2,1,2,0,1,1,1,1,1,2,1,1,2,1,1,2,2,0,1,,1,1,1,1,1,1,0,0,1,1
"rs00366",4,4379414,2,0,1,0,1,0,2,1,2,0,0,2,0,1,1,2,0,0,1,1,1,1,0,0,1,2,1,2,2,2,1,,1,1,1,1,1,0,1,2,1,0,1,2,1,2,0,1,1,0,0,1,1,0,0,0,1,0,1,1,1,1,1,1,0,1,0,1,1,0,1,0,2,1,2,1,0,1,1,0,1,1,0,1,1,2,0,1,2,2,1,1,1,2,0,1,0,0,1,1,1,2,1,0,1,1,2,1,1,1,1,1,0,0,1,1,0,2,,1
"rs00367",4,4420787,2,1,1,1,1,2,2,1,2,1,1,1,1,2,0,1,2,1,2,0,1,1,1,1,1,0,2,0,1,1,2,1,0,1,2,1,2,,,2,1,1,2,2,1,1,2,2,2,1,0,1,1,0,0,0,2,2,2,0,2,2,1,0,2,,1,0,1,1,1,1,1,1,0,2,2,0,1,2,1,1,1,1,1,2,1,1,1,0,0,0,1,0,1,0,1,1,1,2,1,1,1,0,1,2,1,0,0,0,1,2,0,0,1,1,2,1,2,2
"rs00368",4,4609864,0,1,1,2,1,1,2,2,1,2,1,2,1,2,2,2,1,1,1,1,2,1,2,0,1,1,1,2,0,2,1,1,1,0,1,1,1,1,2,1,0,0,0,1,1,0,2,2,1,1,2,1,1,2,1,1,1,1,1,0,1,0,1,2,1,1,1,0,2,1,0,1,2,2,1,1,1,0,1,2,1,0,1,1,1,2,0,1,0,0,1,1,0,1,1,1,1,0,0,2,0,0,1,1,2,1,0,2,1,1,2,2,2,0,1,1,1,1,1,2
"rs00369",4,4698715,1,,0,2,1,0,2,1,1,1,2,0,1,1,1,1,0,,2,1,0,1,2,1,1,2,0,2,1,1,1,1,0,1,2,1,1,1,2,0,2,1,2,1,1,2,,1,0,0,1,1,,1,2,1,2,1,1,,1,2,0,1,0,1,1,1,1,0,1,1,1,0,2,0,1,0,2,2,1,1,2,0,2,0,1,1,1,1,1,1,0,1,2,1,1,0,0,1,2,2,0,1,2,0,1,2,1,0,1,1,1,1,1,2,1,1,2,1
"rs00370",4,4720584,1,1,1,0,0,0,1,1,1,1,2,0,0,1,2,0,1,2,1,1,1,2,2,1,2,2,1,1,1,1,2,1,0,1,2,2,0,1,1,2,0,1,1,1,1,1,0,2,2,0,2,1,1,1,1,1,2,1,0,1,1,1,0,0,0,1,2,1,0,1,1,2,0,1,1,0,0,2,1,0,1,2,0,2,1,2,0,1,1,0,1,0,1,1,2,1,0,1,2,1,2,0,,0,1,1,1,2,1,0,1,1,2,0,1,0,1,1,1,0
"rs00371",4,4968640,1,0,1,1,1,2,0,2,1,0,0,1,2,0,1,0,0,2,2,1,1,0,0,1,1,1,1,2,,2,0,0,2,0,2,1,2,0,0,2,1,0,1,1,1,0,1,2,1,2,1,2,1,1,1,0,1,0,1,2,2,0,0,2,1,1,2,1,2,1,1,0,1,1,1,0,1,2,0,1,2,0,2,2,2,1,1,1,2,1,1,1,1,1,2,1,2,1,2,1,0,2,1,1,1,1,0,1,1,1,0,2,2,2,1,1,1,2,1,1
"rs00372",4,5075401,1,0,2,2,1,2,1,1,0,2,1,2,1,1,2,2,2,1,1,2,2,2,2,1,1,0,0,2,1,0,1,2,1,1,0,2,1,2,1,2,1,2,0,1,2,1,0,0,0,1,2,0,1,1,2,1,1,2,1,2,1,1,2,2,1,1,1,0,0,1,2,0,1,2,2,2,1,1,1,1,1,1,0,1,1,1,2,1,1,0,1,1,2,0,2,1,1,1,0,2,2,1,0,1,2,1,2,0,1,1,0,1,1,0,0,1,1,1,1,1
"rs00373",4,5183521,0,1,1,2,1,2,1,1,,2,2,1,1,2,2,1,1,0,1,2,0,1,0,0,2,0,1,0,2,1,1,2,1,0,1,2,2,1,1,2,0,1,0,0,1,1,2,0,1,0,1,1,2,1,2,2,1,1,2,2,1,2,0,0,1,2,2,0,1,1,1,1,0,1,2,0,0,2,1,0,1,0,1,1,0,1,2,2,1,2,1,2,2,2,1,1,0,0,1,2,0,0,2,1,2,1,2,1,1,2,,2,0,0,0,1,0,1,1,0
"rs00374",4,5330834,1,0,1,2,1,1,2,0,2,1,2,2,1,1,,1,0,1,1,2,1,2,0,2,0,1,2,2,1,2,2,2,,2,0,1,1,1,2,2,2,1,1,1,1,1,0,1,1,2,1,2,1,1,0,0,2,0,1,0,1,0,1,0,1,0,1,,2,2,2,1,2,1,0,2,0,2,1,0,1,1,1,1,2,0,1,1,1,1,0,1,2,0,1,1,2,0,1,0,1,1,0,0,0,1,1,1,2,2,1,1,2,1,2,2,2,2,1,1
"rs00375",4,5399612,,1,1,0,1,0,2,1,2,2,1,1,1,2,1,0,0,2,1,1,1,0,1,1,2,0,1,1,1,1,1,1,0,2,2,1,2,1,0,1,1,2,1,1,1,1,0,1,2,1,1,1,1,1,0,1,1,1,0,1,2,1,2,2,0,2,2,2,2,1,1,0,1,0,1,0,0,0,2,0,2,2,1,2,1,1,1,,1,,1,1,1,1,1,1,2,1,0,2,2,1,1,1,0,2,0,2,2,0,1,1,2,1,1,1,2,2,1,2
"rs00376",4,5548349,0,2,1,1,1,1,1,0,1,1,1,1,0,2,2,1,2,2,2,1,1,1,2,0,1,1,1,1,0,1,1,2,1,1,0,1,1,1,2,1,1,1,2,1,0,1,1,0,1,0,1,0,0,,2,0,2,0,0,0,2,2,1,1,2,2,0,0,1,2,0,0,2,1,,0,1,2,1,0,0,0,,1,2,1,2,2,1,,1,1,2,1,0,1,1,1,1,1,2,1,1,1,2,1,0,1,2,1,0,0,2,1,,2,0,1,2,0
"rs00377",4,5585950,1,1,1,1,1,0,0,2,1,0,0,1,1,0,0,1,0,1,1,1,0,1,0,1,0,2,2,0,,1,1,0,2,0,1,1,2,1,0,1,2,1,2,1,1,1,2,0,2,1,1,1,1,1,1,2,1,0,1,2,1,2,,,1,1,1,,2,2,2,0,1,1,1,1,2,2,0,0,0,2,2,1,0,1,1,1,1,1,1,1,2,0,0,1,0,0,1,0,2,,2,1,1,0,2,1,2,0,2,2,2,1,0,,2,,0,2
"rs00378",4,5685140,1,1,1,1,1,2,1,2,0,1,0,1,2,0,1,1,1,1,1,1,2,0,1,1,2,1,0,0,0,2,,0,2,1,1,0,0,1,1,0,1,0,1,0,2,2,1,0,0,0,2,1,1,1,1,1,1,1,1,0,1,1,1,1,1,0,0,0,1,2,1,1,1,0,2,1,2,2,2,1,0,1,0,1,1,0,2,1,1,2,1,1,2,2,1,1,1,2,1,2,0,2,1,0,0,0,1,1,1,1,0,0,0,2,1,2,1,1,2,2
"rs00379",4,5869216,1,0,1,1,1,1,0,1,0,0,0,1,0,0,1,1,1,1,1,0,2,1,0,0,0,0,2,1,1,,1,1,0,1,1,1,0,1,2,1,1,1,1,1,0,1,0,1,0,2,0,1,2,1,0,0,2,1,2,1,2,2,1,1,0,0,2,1,1,2,,2,1,1,2,1,1,1,0,0,0,1,1,1,1,1,1,1,0,0,0,2,1,1,2,0,1,0,1,1,2,1,1,1,0,1,1,1,1,0,1,1,0,,1,2,2,1,1,1
"rs00380",4,5914767,0,2,0,1,1,1,0,1,0,1,0,0,2,1,2,0,1,0,0,2,2,1,,2,0,1,2,1,2,0,0,1,1,1,1,2,0,1,2,2,1,0,2,1,1,0,1,0,1,0,,0,2,1,1,0,1,1,2,2,1,1,0,0,1,0,2,1,2,1,2,0,,2,0,0,0,1,1,2,1,1,1,1,1,1,1,1,2,1,1,0,0,1,1,1,2,1,1,2,1,0,0,0,0,1,1,1,2,1,1,1,0,2,1,2,1,0,1,1
"rs00381",4,6097464,2,0,1,1,2,0,0,1,1,2,2,2,1,2,1,1,0,2,1,1,1,1,2,0,0,1,0,2,1,1,1,0,2,1,1,2,1,0,1,1,0,1,1,2,2,0,1,0,2,0,1,2,2,1,1,2,1,2,1,2,1,2,1,2,1,1,2,1,2,0,1,0,0,0,2,0,1,1,0,2,1,1,0,0,1,,2,1,2,1,2,1,2,0,0,0,2,0,0,0,2,1,1,1,2,2,0,0,2,1,2,1,2,1,0,1,1,,1,2
"rs00382",4,6112789,1,0,0,0,0,1,0,0,1,2,1,1,1,1,2,1,2,2,1,0,1,1,1,1,1,2,1,1,2,2,2,0,0,0,0,1,1,0,1,1,1,1,1,0,1,1,,1,0,1,1,0,1,2,1,1,1,1,0,1,2,0,0,2,2,2,0,0,1,1,2,1,1,0,1,1,2,1,,0,1,0,1,0,2,2,2,1,1,1,0,1,1,1,2,1,0,0,0,1,1,1,1,2,2,0,1,0,2,,2,0,0,0,1,1,1,1,2,2
"rs00383",4,6379010,1,2,1,1,0,0,2,1,1,2,1,1,0,0,2,0,0,2,1,2,0,2,1,1,1,0,1,1,2,2,2,1,2,0,1,0,1,0,0,1,2,1,0,0,2,1,1,1,2,1,,2,0,1,0,1,0,2,0,1,0,2,0,2,1,1,1,,1,0,0,0,1,1,2,1,1,1,1,2,1,1,2,1,0,2,1,1,1,1,1,1,1,1,1,1,1,2,1,1,2,0,2,0,1,2,1,1,1,0,1,0,1,1,1,1,1,1,2,1
"rs00384",4,6437525,1,0,1,1,0,1,1,0,1,1,0,1,2,2,1,1,1,0,2,0,2,1,2,1,0,1,1,1,0,1,1,0,1,0,,1,0,1,1,0,1,1,1,1,1,1,1,1,2,1,1,1,0,0,1,1,1,1,1,1,0,0,1,1,0,0,1,1,1,2,1,1,0,0,1,0,1,1,1,1,0,1,2,0,1,1,1,1,1,0,1,2,2,1,0,0,1,1,2,0,1,1,1,2,2,0,0,1,,2,2,2,1,1,0,1,2,1,2,2
"rs00385",4,6580624,2,0,2,0,0,0,2,1,1,,2,1,1,1,0,1,1,0,2,0,2,1,0,1,0,2,1,1,1,1,1,0,0,1,2,1,1,0,0,0,2,2,2,0,1,0,1,1,1,0,1,1,1,,1,2,0,0,0,0,2,2,1,0,2,0,0,,1,1,1,2,1,1,1,0,1,2,0,0,1,2,1,1,1,0,1,1,0,2,2,,1,1,2,1,1,2,1,1,1,0,1,1,0,1,1,1,0,2,0,2,1,1,1,2,2,2,0,1
"rs00386",4,6675236,0,1,1,2,0,1,1,1,1,1,1,1,1,1,1,0,1,1,1,1,1,0,1,1,2,1,2,1,1,0,1,0,0,0,2,1,2,1,2,0,1,1,0,1,2,1,1,1,2,0,1,1,0,1,0,1,1,1,1,0,1,1,1,0,2,1,0,0,1,2,1,0,2,0,,1,2,2,1,1,0,1,1,1,1,2,0,1,1,1,1,2,1,1,2,2,0,1,,0,0,2,1,1,0,2,1,1,0,2,1,2,1,0,0,1,1,0,0,0
"rs00387",4,6738897,1,1,1,2,0,1,0,1,1,2,0,1,0,0,1,0,0,1,2,2,0,2,1,2,1,0,1,1,2,1,2,1,1,1,1,0,2,2,2,0,2,2,1,1,0,1,0,1,1,1,2,0,1,,1,1,0,0,1,0,1,1,1,1,1,1,2,0,0,0,1,1,2,2,2,1,1,2,1,2,2,2,0,1,0,2,0,0,2,2,0,2,1,2,0,1,0,2,1,1,1,1,2,2,2,2,2,2,0,0,0,0,0,1,1,1,1,2,1,2
"rs00388",4,6744650,0,1,2,1,1,1,0,0,2,1,2,,1,1,1,1,1,2,1,2,1,0,1,1,0,1,2,1,0,1,1,0,1,1,1,1,1,1,2,2,2,1,2,1,1,2,1,2,1,2,1,1,0,1,2,2,1,1,0,0,1,2,1,1,1,1,1,1,1,0,1,1,2,1,0,0,2,2,1,1,1,0,2,1,2,2,1,2,0,,1,2,1,0,2,1,1,1,1,1,0,2,1,1,0,1,1,1,2,0,0,1,0,2,2,1,1,1,0,1
"rs00389",4,6764115,1,0,1,1,2,0,0,1,0,1,2,1,0,1,0,0,1,1,1,1,2,0,0,0,0,2,,1,0,1,1,2,0,0,1,1,1,0,1,2,2,1,1,1,1,1,1,1,2,0,1,1,1,2,0,1,1,1,1,0,2,0,0,1,2,1,2,1,0,2,2,2,0,2,1,1,0,0,1,0,1,0,1,2,0,0,0,1,2,1,0,1,2,2,1,0,2,0,1,0,1,0,0,0,1,2,2,0,1,2,2,2,0,1,0,2,1,1,1,1
"rs00390",4,7085537,1,0,1,0,0,1,2,0,2,1,1,1,0,1,2,2,0,0,1,2,0,1,1,1,0,1,1,2,1,1,1,0,1,1,1,1,0,0,0,1,2,0,2,2,1,1,1,1,1,1,0,0,1,1,1,0,1,2,1,0,1,2,2,1,1,1,1,1,2,0,1,2,0,2,1,1,1,0,1,2,0,2,1,1,0,1,0,2,2,1,1,1,1,1,2,1,0,2,0,0,2,,1,1,1,1,1,1,1,1,2,1,1,1,0,1,1,2,1,2
"rs00391",4,7282150,0,1,1,2,0,1,1,1,2,0,0,0,1,1,2,1,2,0,1,2,0,0,0,1,0,2,2,1,1,1,0,0,2,1,1,0,1,1,,1,1,2,2,1,2,0,0,2,1,1,2,1,0,1,1,0,2,0,0,0,1,1,1,1,1,2,2,2,1,1,1,1,1,1,2,2,0,1,2,1,2,1,1,1,1,2,0,0,0,0,2,2,2,2,1,2,0,2,1,0,0,1,1,1,0,2,1,0,2,0,0,,1,,1,2,2,1,1,0
"rs00392",4,7500115,2,1,,0,1,1,0,2,1,1,0,0,1,2,1,2,1,1,1,1,2,,1,0,1,2,1,2,0,0,2,2,1,1,1,2,0,1,2,2,2,1,2,1,0,1,1,0,0,1,0,1,2,1,1,1,2,0,2,1,1,1,0,0,2,2,0,1,1,0,2,2,1,0,1,0,1,1,0,,0,0,1,0,2,2,1,2,0,2,0,1,1,0,1,1,1,1,1,0,2,0,1,0,1,1,2,1,1,0,1,1,,0,1,2,1,1,2,2
"rs00393",4,7583764,2,2,1,1,1,2,2,1,1,2,0,2,1,1,1,1,1,0,2,1,0,1,1,1,2,1,1,1,1,0,1,1,,0,1,1,1,1,1,0,0,2,1,2,1,2,0,1,2,,1,1,1,1,1,1,1,0,1,1,1,1,2,1,1,0,1,2,1,1,2,1,2,1,1,1,0,1,2,1,1,0,1,1,1,0,1,2,1,1,1,1,0,2,1,2,2,2,0,0,2,1,1,2,2,1,0,2,1,1,2,1,,0,2,2,1,1,1,1
"rs00394",4,7641819,1,1,2,1,0,1,1,2,2,2,0,1,1,2,1,1,1,1,1,0,0,1,1,1,1,2,1,1,1,0,0,1,1,1,1,2,1,2,0,1,0,1,2,0,1,1,1,1,1,1,1,1,1,0,2,0,0,1,0,1,1,0,0,1,,2,1,2,0,1,1,0,1,1,0,1,1,0,1,1,2,1,1,1,1,1,2,1,1,2,0,2,2,1,1,1,1,0,1,2,0,1,2,0,1,1,1,2,2,1,1,2,2,0,1,1,1,2,2,1
"rs00395",4,8193397,2,1,1,1,1,2,0,1,2,1,1,1,1,1,0,0,1,1,2,0,1,0,2,1,0,0,1,1,1,1,1,2,1,0,1,0,2,1,2,1,0,1,1,0,1,0,0,1,0,,1,2,1,0,1,1,1,1,2,0,2,1,1,0,0,0,1,1,0,2,1,1,1,2,0,0,1,2,0,0,1,,1,2,0,0,0,1,1,1,1,0,1,1,1,1,0,1,0,1,1,2,1,0,0,2,1,1,1,0,2,2,2,1,1,2,2,1,0,2
"rs00396",4,8331331,1,0,2,1,2,2,1,2,2,1,1,1,1,1,1,2,1,1,0,2,2,0,2,1,1,,2,1,0,0,1,2,0,1,2,0,1,2,1,1,1,2,2,0,2,1,2,0,1,2,0,1,1,1,0,1,1,1,0,0,2,0,0,2,2,2,1,2,0,0,0,2,1,2,2,0,1,1,0,0,1,1,1,0,1,1,0,0,1,1,1,1,2,1,2,2,1,0,0,0,1,2,1,2,1,0,1,2,0,1,1,1,2,2,1,1,1,0,2,0
"rs00397",4,8341297,0,1,1,0,2,1,0,0,1,1,2,1,1,2,1,1,,0,2,1,2,1,1,1,1,2,2,1,1,2,1,1,2,0,2,2,1,1,2,1,0,0,1,1,0,1,1,1,1,2,2,1,1,0,1,1,1,0,2,0,1,1,1,0,1,1,0,1,2,2,0,0,1,0,0,2,0,1,2,2,2,0,1,1,2,1,1,1,1,1,2,1,1,2,0,0,1,1,1,2,0,1,0,1,0,1,1,1,1,2,0,1,1,2,1,0,2,2,0,1
"rs00398",4,8392238,0,1,1,1,0,2,2,2,2,2,1,1,1,1,1,1,1,2,1,2,0,2,2,1,1,2,2,1,2,0,1,1,1,1,1,1,1,2,2,1,2,2,1,1,1,2,1,2,1,2,1,2,0,0,1,0,1,2,1,1,1,1,1,0,1,2,0,1,1,0,2,1,0,1,2,1,0,1,1,2,2,2,1,1,2,,1,2,2,,2,1,1,1,1,1,1,1,1,1,2,1,1,0,1,1,0,0,2,1,2,1,,1,2,0,0,2,2,1
"rs00399",4,8393640,2,2,2,1,2,0,1,1,2,0,1,1,2,2,0,1,0,0,1,1,0,1,1,1,2,2,1,2,1,1,0,1,0,2,2,1,2,0,1,2,2,1,1,1,1,2,1,1,2,2,0,2,1,2,0,1,0,0,1,2,2,2,0,1,0,1,1,1,1,2,1,1,0,0,0,1,0,1,1,0,0,2,0,0,0,1,0,1,0,1,2,1,1,2,1,1,2,0,1,1,0,1,0,1,0,1,1,2,2,0,0,2,1,1,1,2,1,2,2,0
"rs00400",4,8447071,1,2,1,1,0,2,1,0,0,2,0,1,1,0,0,0,2,2,1,1,1,1,0,0,1,2,0,0,0,1,1,1,1,1,1,0,0,,1,1,1,0,0,2,2,2,0,1,2,1,2,1,1,1,2,0,0,2,1,0,2,1,1,0,1,2,,2,1,1,0,2,1,0,1,1,2,1,1,1,0,0,1,1,1,1,1,1,1,0,1,2,2,1,0,1,1,2,0,1,1,1,2,2,0,1,2,1,1,1,2,0,2,1,,1,0,1,0,2
"rs00401",4,8672746,1,1,2,0,1,2,0,2,2,1,1,1,1,1,1,1,1,0,0,1,2,1,1,0,,2,0,1,0,0,2,0,2,2,1,1,0,1,2,1,0,2,1,1,1,1,2,0,,1,1,1,1,1,2,0,1,1,2,1,,1,2,0,0,2,0,0,0,0,2,0,1,2,1,1,0,0,1,2,1,2,,2,0,0,1,1,0,2,0,1,1,2,1,1,1,0,1,2,1,1,2,2,1,1,0,1,,1,0,2,1,2,2,1,1,2,2,0
"rs00402",4,8775608,2,1,1,0,1,1,0,1,0,0,0,1,0,2,2,0,0,1,1,2,2,1,2,0,1,1,2,0,0,2,1,0,0,0,1,,0,0,2,2,2,2,1,1,1,0,2,2,1,1,1,1,2,2,1,,0,1,1,1,2,1,2,2,1,1,0,2,0,1,0,1,1,1,2,0,2,1,2,1,1,1,1,1,1,1,1,1,0,0,0,0,1,1,1,1,1,1,0,1,2,1,1,1,2,2,0,1,0,1,1,1,0,1,0,0,1,2,1,1
"rs00403",4,8928029,2,1,2,0,2,1,1,1,1,1,1,1,0,2,1,1,1,1,2,2,0,1,0,2,2,1,2,1,0,1,1,,2,2,1,2,1,1,1,1,1,0,1,1,1,2,1,1,1,1,2,1,1,2,0,1,2,1,1,1,1,2,0,1,2,1,2,1,0,0,2,1,1,1,2,1,1,1,2,2,0,0,2,1,0,2,0,0,1,1,0,2,1,1,2,0,1,0,1,1,1,2,1,1,2,0,1,1,1,,0,0,1,0,1,2,2,0,1,1
"rs00404",4,8933233,1,1,1,2,2,2,1,2,0,2,1,1,1,1,0,1,1,1,2,2,1,1,0,2,0,2,2,1,1,1,1,1,1,0,1,1,2,2,1,0,2,1,1,0,0,0,0,1,2,1,2,1,1,1,1,2,0,1,2,0,1,1,1,2,0,1,1,2,0,1,1,0,2,1,1,1,2,1,1,0,2,1,2,1,0,1,2,2,2,2,1,0,1,0,1,2,1,1,2,1,0,2,0,1,0,2,0,1,0,1,2,1,2,2,1,0,2,2,1,1
"rs00405",4,9030285,0,2,1,,2,0,1,2,1,1,1,1,0,2,1,0,2,2,1,1,0,1,1,0,1,2,2,2,1,0,2,1,1,2,1,0,1,0,2,1,1,2,1,2,1,0,0,1,1,1,1,1,2,2,1,0,0,2,0,1,1,1,2,0,1,2,1,0,0,0,0,1,0,1,1,1,0,0,1,1,0,0,0,0,2,1,0,1,1,2,2,1,2,1,1,2,1,1,2,1,2,1,1,0,1,2,0,0,1,1,1,1,2,0,1,1,1,1,0,1
"rs00406",4,9117700,1,0,1,0,0,0,2,2,1,0,2,0,0,0,2,0,1,1,2,1,1,1,1,0,1,0,2,0,1,1,1,1,1,0,0,0,1,2,2,1,1,1,2,1,2,1,0,0,0,0,1,1,1,1,0,1,1,1,1,1,1,1,2,1,1,1,2,1,1,,1,1,1,1,0,1,0,2,1,2,2,1,1,1,0,1,2,0,2,2,2,1,1,1,1,0,1,1,1,1,2,2,0,0,,1,1,1,1,1,0,0,2,1,1,1,1,0,1,1
"rs00407",4,9201312,0,1,1,1,2,1,0,1,1,1,0,0,2,2,2,2,1,0,0,2,2,2,1,0,1,0,2,1,1,2,1,1,0,2,1,1,1,0,0,,1,1,0,0,0,1,0,1,0,2,1,1,1,2,0,1,,2,1,2,1,2,1,0,2,0,0,1,0,2,2,1,1,1,1,2,1,0,1,2,1,1,1,0,1,0,,0,2,1,1,2,2,0,1,0,2,0,0,0,2,1,0,0,0,2,1,1,1,0,0,2,2,1,1,1,0,1,1,1
"rs00408",4,9213249,1,1,2,2,1,1,0,2,0,0,1,2,0,2,1,1,0,1,1,2,1,2,1,1,0,0,2,0,2,0,2,1,0,2,0,2,2,1,1,1,1,1,1,2,2,2,0,2,1,0,1,1,1,1,1,1,1,1,2,2,0,1,0,1,2,1,0,0,0,0,0,0,0,0,2,0,1,2,2,0,1,2,1,0,1,1,0,2,1,1,0,1,2,0,1,0,0,2,0,2,2,0,1,1,1,1,0,1,1,1,0,1,1,2,1,2,1,2,1,1
"rs00409",4,9229158,1,2,1,1,0,2,2,0,0,2,1,0,1,1,1,2,1,0,1,1,0,1,2,2,1,0,1,1,1,1,2,1,0,1,1,1,1,0,0,0,1,1,2,2,2,0,1,0,0,0,0,1,2,1,2,0,2,0,1,1,1,0,0,,2,,0,0,0,2,2,2,2,1,1,,1,0,2,0,2,2,1,1,0,1,2,1,0,1,1,0,2,1,1,1,1,1,0,1,2,1,2,1,1,1,2,0,0,1,2,1,1,0,2,2,1,1,1,1
"rs00410",4,9235642,1,1,1,0,0,1,1,1,1,2,1,2,1,2,2,2,2,2,1,0,0,0,2,0,1,0,1,0,1,1,1,1,2,1,1,2,0,1,1,2,1,0,2,1,2,1,1,0,0,1,2,2,1,0,1,1,1,1,2,1,0,0,1,2,1,2,1,1,0,0,1,1,0,2,0,0,2,2,1,0,1,2,1,,0,,2,2,1,2,2,1,2,,1,1,1,1,1,1,0,0,1,1,2,2,1,2,1,2,1,0,1,2,0,0,1,2,2,0
"rs00411",4,9315776,1,1,1,2,0,1,0,1,1,0,2,2,2,1,1,1,2,2,0,0,1,0,2,2,1,1,1,0,0,2,0,0,1,2,0,0,1,1,2,2,2,0,1,0,1,0,1,1,2,0,0,2,2,1,1,0,1,1,2,0,1,1,0,2,1,2,2,0,0,1,0,1,1,2,0,0,2,1,2,2,2,1,1,2,1,2,1,0,1,1,1,0,2,1,1,2,1,1,1,1,1,1,1,0,1,0,1,1,0,0,2,0,0,1,,1,2,1,2,1
"rs00412",4,9389890,2,1,1,1,2,0,0,2,1,1,2,1,1,1,0,0,1,1,1,0,1,2,1,0,0,,2,0,1,1,,1,1,0,1,2,0,2,0,1,2,2,2,1,1,0,2,2,1,0,0,0,1,0,2,2,0,1,1,2,1,0,0,0,2,2,2,1,2,1,0,0,1,1,1,1,0,0,2,1,1,1,1,0,1,1,2,1,1,1,0,1,0,1,1,1,0,1,1,0,1,2,1,1,0,0,1,1,1,1,0,0,1,2,1,0,1,2,1,1
"rs00413",4,9470948,1,0,,0,1,1,0,2,0,,0,1,1,1,2,0,1,2,2,1,1,0,1,1,1,1,2,0,2,2,2,2,2,0,1,1,1,1,1,1,1,1,0,0,1,1,0,0,1,2,0,2,2,1,2,1,1,0,0,2,1,1,0,2,1,1,2,2,0,2,1,1,1,0,2,0,2,2,1,2,1,2,0,1,1,1,0,2,1,2,,2,1,2,0,1,2,1,1,2,2,1,2,1,1,2,1,1,0,1,1,0,2,2,2,2,2,1,1,0
"rs00414",4,9472809,2,0,1,1,1,2,1,1,2,1,0,1,1,1,1,1,0,0,1,1,0,0,1,2,1,1,0,1,1,2,1,1,2,1,1,1,1,2,0,0,0,0,1,1,2,2,1,1,1,1,0,0,1,1,2,0,2,2,1,1,1,1,1,1,1,0,1,2,1,2,2,1,2,0,2,1,1,1,1,1,0,1,1,1,1,1,2,1,0,1,1,,1,2,0,0,0,1,1,2,0,2,2,1,1,1,1,2,1,0,2,2,1,1,1,1,0,1,0,1
"rs00415",4,9529664,1,0,1,0,0,1,0,2,0,1,2,1,0,2,0,1,1,1,1,0,0,1,2,2,1,,1,1,2,2,1,1,0,2,1,1,1,0,1,0,2,0,1,,0,1,1,0,0,2,1,0,1,0,2,1,0,0,1,0,0,1,1,2,0,1,1,2,0,1,1,0,1,1,2,1,1,1,0,0,0,1,1,0,2,0,1,2,2,2,0,2,2,2,1,1,0,0,1,0,1,1,0,0,1,0,0,1,1,0,2,1,2,0,0,0,1,0,2,1
"rs00416",5,117388,1,0,1,1,0,0,1,2,2,2,2,2,0,1,1,1,2,1,0,0,1,2,1,0,0,0,1,0,1,0,1,2,2,1,2,1,2,1,,2,1,2,2,1,0,0,1,1,0,0,0,1,0,2,1,1,1,1,2,0,2,1,0,1,1,1,0,0,1,0,1,1,1,0,2,1,1,2,2,0,1,1,1,2,0,2,1,2,0,0,1,2,0,1,0,1,1,2,1,2,1,2,2,1,0,1,2,1,0,0,2,1,1,2,1,1,2,1,2,1
"rs00417",5,295688,1,0,2,0,2,1,1,0,2,1,2,2,2,0,1,1,1,2,2,2,2,1,0,2,1,1,2,2,1,1,1,0,1,2,2,1,0,2,2,1,2,0,1,0,1,0,1,0,2,1,1,1,1,1,0,2,1,0,1,1,2,2,0,1,2,0,0,0,2,2,2,0,2,1,1,1,1,0,2,1,1,2,1,2,2,1,1,1,1,1,0,0,2,1,2,1,,2,0,2,2,0,0,1,2,2,1,0,0,2,2,1,1,1,1,2,1,1,1,0
"rs00418",5,462768,0,2,1,0,0,0,0,2,,2,1,1,1,0,1,0,2,2,1,1,1,0,2,1,0,1,1,1,1,2,0,,0,0,1,1,0,1,1,1,2,2,1,1,1,0,1,2,0,1,,2,1,1,1,1,1,1,1,1,2,0,0,1,1,1,0,0,1,1,1,2,,2,1,2,1,2,0,0,1,2,,2,1,2,2,0,1,2,1,0,,1,1,1,0,1,1,2,1,0,1,0,1,2,0,1,1,0,2,1,1,1,1,1,1,1,1,2
"rs00419",5,535386,1,1,1,0,1,2,1,1,1,1,1,1,0,1,2,0,1,0,,0,0,0,1,1,0,1,1,1,1,1,1,0,2,2,1,0,2,1,1,1,0,0,1,1,2,1,2,1,1,1,2,1,2,2,,2,1,1,1,2,,2,2,1,1,1,1,0,0,2,1,0,1,1,0,0,0,2,1,1,1,0,2,1,1,2,1,1,1,0,1,0,0,2,1,0,2,0,0,2,1,1,1,1,2,1,0,1,,0,2,2,0,1,1,1,1,1,1,0
"rs00420",5,909814,1,1,0,2,1,1,0,1,1,2,0,1,1,1,2,1,1,1,2,0,1,1,0,0,1,1,1,0,1,2,1,0,1,2,2,2,1,2,2,1,0,2,1,1,,1,1,1,1,0,1,0,,1,0,2,2,1,2,1,2,1,0,1,,2,0,0,2,0,0,1,2,2,1,0,1,1,1,1,1,1,0,2,1,1,0,,2,2,0,2,0,0,2,2,1,2,1,0,2,0,0,1,1,1,1,2,2,1,1,1,2,2,1,0,0,0,2,2
"rs00421",5,1018079,,0,1,0,1,1,1,2,2,1,1,1,1,0,0,1,2,2,1,2,1,0,0,1,0,2,2,2,1,1,0,1,2,1,0,0,0,2,2,1,0,1,1,,0,1,0,1,1,2,1,1,2,0,1,0,2,1,0,0,2,1,2,1,0,1,1,1,1,2,1,1,0,0,1,2,0,2,1,0,0,1,1,1,1,1,1,0,1,1,2,2,1,1,2,2,1,1,1,2,0,1,2,2,1,1,0,1,1,2,1,2,1,1,1,1,1,0,2,2
"rs00422",5,1018156,1,0,1,0,2,2,1,2,0,1,2,1,1,1,1,1,1,2,0,2,2,2,1,1,0,2,1,0,0,0,1,1,2,1,2,0,0,1,0,0,1,0,1,1,0,0,2,0,0,0,2,1,1,0,1,2,2,1,1,1,1,1,2,1,1,1,1,0,1,1,1,1,2,1,2,1,1,1,2,1,1,1,1,0,0,2,2,1,1,0,2,2,2,0,2,1,1,1,0,2,1,2,0,1,0,1,1,2,0,1,0,0,1,2,1,1,1,1,0,2
"rs00423",5,1136719,0,0,0,2,0,1,1,2,1,1,1,0,0,1,1,2,1,1,1,2,1,2,0,2,1,2,1,1,1,1,1,1,0,0,2,2,1,1,1,2,1,1,1,,1,1,1,0,1,1,1,0,0,0,1,1,0,2,2,2,1,2,1,1,0,1,1,1,0,1,1,2,,0,2,1,1,1,0,1,0,1,1,0,0,1,0,0,2,1,0,1,0,1,0,2,0,2,0,0,1,0,2,2,1,,2,1,1,0,2,1,0,1,1,1,2,1,0,1
"rs00424",5,1220357,0,1,0,1,0,1,1,2,2,0,0,0,2,1,0,1,0,1,1,0,0,0,0,1,2,2,0,1,1,2,1,2,,1,0,2,2,1,1,2,2,2,2,2,1,2,2,1,1,1,1,0,1,1,1,1,1,1,1,2,0,1,1,1,1,2,1,2,2,0,1,1,0,2,1,2,1,2,1,1,1,1,2,2,0,1,1,0,2,,0,1,1,1,1,0,0,0,2,1,0,1,0,2,1,0,1,0,1,0,1,1,1,1,2,0,0,1,2,1
"rs00425",5,1390156,2,2,1,1,2,2,2,1,1,1,1,1,0,1,0,1,2,2,2,0,1,1,0,0,2,2,2,1,2,2,1,1,1,2,0,1,1,0,2,1,0,2,1,1,1,2,1,2,0,1,1,1,2,0,1,0,2,2,1,0,0,1,1,2,2,2,2,0,0,2,2,2,1,0,2,1,1,2,0,1,1,2,0,2,0,1,1,2,1,1,2,2,1,1,0,1,1,2,2,0,0,1,1,0,0,0,2,1,1,0,2,1,,2,1,1,2,1,0,2
"rs00426",5,1441235,1,0,0,0,1,1,1,1,1,1,1,0,1,2,,2,0,1,2,1,2,2,2,1,2,0,1,0,2,1,1,2,1,0,1,2,0,2,1,0,2,1,1,1,1,0,1,0,2,1,1,1,0,1,2,1,1,0,2,1,2,0,0,0,0,2,,1,1,1,2,2,2,0,1,0,0,1,0,1,1,,2,1,1,0,2,1,0,1,1,1,0,0,1,,1,0,0,2,2,0,1,0,0,2,1,1,1,2,1,0,2,1,1,1,0,0,,1
"rs00427",5,1467848,1,,1,1,0,1,1,1,0,1,2,1,2,1,1,1,0,1,1,1,1,2,1,0,0,2,1,0,1,1,0,2,2,2,1,0,2,1,1,1,2,1,1,0,2,1,1,1,1,0,2,0,2,2,1,2,1,2,1,2,1,0,1,2,0,1,0,1,1,2,1,2,1,1,2,1,1,1,0,2,1,0,1,1,1,2,2,1,1,1,2,1,0,0,0,0,2,1,1,0,2,1,1,1,0,1,1,1,0,2,1,1,1,0,1,1,0,2,2,2
"rs00428",5,1702291,1,1,1,0,0,0,0,1,1,2,0,1,2,2,2,1,2,2,1,0,1,1,0,1,1,1,1,1,2,0,,0,2,1,2,0,2,1,2,1,2,2,0,1,1,0,0,2,1,0,2,1,1,1,2,1,1,1,2,1,2,2,1,1,2,1,1,2,2,2,2,0,1,2,1,2,1,1,1,1,1,1,1,0,1,1,1,1,2,2,1,2,1,2,0,2,1,0,1,0,0,1,1,1,1,1,2,2,1,0,2,1,2,1,1,1,0,1,0,2
"rs00429",5,1910297,2,1,0,2,1,1,2,1,0,1,1,2,0,1,2,1,1,2,1,1,1,2,1,1,1,2,2,0,1,1,1,0,1,2,2,0,0,0,1,1,1,1,2,0,1,2,1,1,0,1,1,1,0,1,1,0,2,1,0,2,1,1,1,1,0,0,1,1,1,1,0,1,2,0,1,2,1,2,1,2,1,1,2,1,0,1,0,0,2,1,1,1,1,1,2,1,0,2,1,1,1,1,1,1,,1,0,0,2,0,0,1,1,1,1,1,1,1,0,1
"rs00430",5,2015278,2,1,0,1,1,1,0,0,1,1,2,0,0,0,1,1,1,2,0,0,,1,1,2,1,1,1,2,1,0,0,1,0,1,1,1,1,1,1,1,0,1,2,1,2,0,0,2,1,0,1,0,2,1,1,1,1,2,0,0,1,2,2,1,1,1,1,1,2,0,0,,1,0,1,1,0,1,2,2,,0,1,2,1,2,1,1,2,2,1,0,2,1,1,1,1,2,1,2,2,1,0,2,0,1,1,0,2,0,1,2,2,1,2,1,1,1,2,1
"rs00431",5,2052457,2,1,1,0,1,1,0,0,2,0,1,2,0,2,0,1,0,2,1,0,0,2,2,2,1,0,1,2,1,1,1,1,1,2,2,2,1,1,1,1,1,1,0,2,0,1,2,2,0,1,1,0,2,1,2,2,2,0,2,,1,2,0,1,0,,2,1,0,2,1,0,1,2,1,0,2,0,,2,1,2,0,1,1,0,1,0,1,2,1,1,1,1,0,1,2,2,1,1,0,1,2,,1,0,2,0,1,1,1,1,,1,1,2,1,2,1,
"rs00432",5,2241664,2,0,0,1,0,2,1,2,1,0,0,0,1,0,2,0,1,0,2,1,0,0,1,2,1,0,,2,1,0,2,2,1,0,1,2,2,2,1,,1,1,1,0,1,2,1,0,1,0,1,0,2,1,1,1,2,2,1,1,2,1,0,1,2,0,1,0,0,1,1,1,2,1,2,1,0,2,1,1,2,0,0,1,1,0,2,0,1,1,2,0,1,2,0,0,1,1,1,1,0,2,2,1,1,0,0,1,1,2,0,0,1,1,1,2,1,2,2,2
"rs00433",5,2516678,1,0,0,0,0,0,2,2,1,2,2,0,0,0,2,0,0,0,2,1,1,0,0,1,2,2,2,1,2,2,2,,1,2,2,1,2,2,1,0,0,1,2,1,2,0,2,1,1,2,1,2,1,1,1,2,2,1,1,2,1,1,1,1,1,1,1,1,1,0,1,,2,2,1,0,1,2,0,2,1,1,2,0,1,0,1,1,1,0,2,0,2,1,1,1,1,1,1,1,0,1,1,1,1,1,1,1,1,1,2,1,0,1,0,0,0,1,0,0
"rs00434",5,2739288,1,0,0,2,2,0,1,1,2,0,1,1,1,0,1,2,1,2,0,0,2,2,0,1,0,2,,2,1,2,0,1,1,2,1,1,,1,1,1,,1,1,,2,0,2,2,0,2,1,1,1,0,1,2,0,0,0,1,1,2,0,1,0,0,1,0,1,1,0,2,0,1,1,1,2,2,1,1,2,0,1,1,0,1,0,0,2,2,0,1,1,2,1,0,0,2,2,1,0,1,2,1,0,1,0,0,2,0,1,2,1,1,0,2,1,1,2,1
"rs00435",5,2976580,0,0,1,1,1,1,1,2,2,1,2,1,0,0,1,2,1,2,1,0,1,1,0,2,2,2,1,1,2,1,1,2,1,0,2,2,2,1,2,,0,1,2,0,1,1,1,0,2,0,1,1,0,1,0,1,0,0,2,2,1,1,1,1,1,1,1,1,1,1,1,0,1,2,0,2,1,1,1,2,1,1,1,1,1,1,1,1,1,0,1,1,1,0,1,1,1,,1,0,1,1,0,0,1,1,2,0,0,1,1,1,,1,2,2,1,1,2,1
"rs00436",5,3071764,1,1,2,1,1,1,0,1,0,2,0,2,1,0,1,1,2,1,1,0,0,0,0,1,0,1,1,1,1,1,1,1,1,0,0,1,0,2,1,0,2,1,1,2,1,0,2,0,0,2,1,2,0,0,0,1,1,1,2,2,2,1,0,1,2,1,1,0,2,1,1,0,2,0,2,1,1,1,0,1,2,0,1,1,0,0,1,1,2,0,0,1,2,0,1,1,2,0,1,0,0,1,,1,0,0,2,2,1,1,1,0,1,1,1,1,2,1,2,2
"rs00437",5,3088400,1,1,1,1,2,1,1,0,1,1,1,1,1,0,1,0,1,0,1,1,0,1,0,1,1,2,1,1,1,1,1,2,0,1,2,1,0,2,2,1,0,0,0,1,,1,0,1,0,1,1,1,2,,1,1,1,1,0,1,2,1,2,1,,1,0,1,2,0,0,1,1,2,0,2,0,2,2,0,1,0,0,1,1,0,0,0,,2,2,2,1,1,0,0,,2,1,0,1,1,0,0,1,1,1,1,2,0,2,0,1,2,2,2,0,1,2,2
"rs00438",5,3192620,1,1,0,2,0,1,0,2,0,1,1,2,1,0,1,2,1,0,2,1,0,1,,1,0,2,1,0,0,,2,2,0,2,1,2,1,0,1,2,2,2,1,2,2,1,1,1,1,0,1,2,2,2,2,2,1,1,2,2,2,2,2,1,1,,1,0,1,,2,2,0,2,0,0,0,1,1,0,0,1,0,1,1,2,1,1,1,1,1,1,0,0,1,1,1,2,1,1,1,0,1,2,0,1,2,1,0,2,1,0,1,1,1,1,0,1,1,2
"rs00439",5,3201539,1,1,1,0,2,1,2,2,,1,1,0,0,,1,0,1,2,1,2,1,0,1,1,2,0,1,2,1,1,2,1,1,2,1,1,1,1,1,1,1,2,2,2,1,2,1,1,2,0,0,1,0,0,1,2,2,2,0,0,2,2,0,2,1,2,1,,0,2,1,1,2,1,0,1,1,2,1,0,1,2,0,0,2,2,1,1,2,1,1,1,2,1,1,1,2,1,2,1,0,1,1,2,2,2,2,1,2,1,2,0,1,1,1,1,0,0,1,1
"rs00440",5,3333190,1,0,1,2,2,0,1,2,2,1,1,0,0,1,2,1,1,0,2,1,2,1,1,1,1,0,1,2,0,0,1,2,0,0,1,0,1,1,0,,0,2,0,1,2,1,1,1,0,1,1,2,0,0,1,0,1,1,2,2,1,1,2,2,0,2,,1,1,1,0,0,0,0,1,2,1,1,0,1,1,0,0,1,1,2,0,0,1,2,0,0,2,1,0,1,2,1,0,1,0,1,1,1,1,2,1,2,0,0,1,1,2,1,0,2,0,0,2,1
"rs00441",5,3416699,2,1,2,1,2,2,1,2,0,0,0,1,0,1,1,0,1,1,1,2,1,0,1,2,2,0,1,2,0,1,2,0,1,0,1,2,2,1,1,1,0,1,1,1,1,2,1,1,,2,1,1,2,2,1,1,2,1,1,0,1,1,1,1,0,1,1,1,1,1,0,1,1,1,1,2,0,0,1,1,1,0,0,2,1,,,2,,1,0,2,0,1,2,1,1,2,0,2,1,1,0,2,1,0,0,0,2,1,1,2,0,1,0,0,2,0,,1
"rs00442",5,3501740,0,2,1,1,0,1,1,2,1,2,1,1,1,0,0,1,0,1,0,1,0,0,2,1,1,0,0,0,,2,0,0,2,1,0,1,2,1,1,1,0,1,1,1,,1,2,1,1,0,1,2,1,,2,2,1,1,0,0,1,1,1,1,0,0,1,2,1,0,2,1,0,1,1,2,0,0,0,1,1,1,0,0,1,0,2,2,1,1,0,2,2,1,1,,0,0,0,1,0,1,1,0,0,1,1,1,0,1,1,1,2,1,1,0,1,,2,1
"rs00443",5,3696772,1,1,0,1,2,1,2,2,1,0,2,2,1,1,1,2,2,1,2,1,1,2,0,0,1,1,2,1,0,1,2,1,1,1,0,0,1,0,0,2,1,2,0,1,1,1,0,2,1,2,0,1,1,1,2,2,1,2,0,1,1,1,1,0,0,1,1,0,1,1,1,1,1,0,1,2,2,1,2,2,0,1,1,1,1,1,0,1,1,0,0,0,1,1,1,0,0,1,0,1,1,0,1,1,1,2,1,0,2,1,2,0,2,2,1,0,2,1,2,1
"rs00444",5,3967183,0,1,2,1,1,1,0,1,2,0,0,1,1,2,1,1,0,2,0,1,0,1,2,1,0,1,0,1,1,1,2,0,0,0,1,2,1,0,1,0,1,,1,2,2,1,1,1,2,1,2,2,2,0,1,1,0,2,0,1,1,2,0,2,1,0,1,1,1,0,2,1,1,0,0,2,2,1,0,0,2,1,2,2,0,2,0,2,1,1,1,0,1,1,2,2,0,2,0,1,1,2,0,1,0,1,1,0,1,0,1,0,2,1,1,2,1,1,2,1
"rs00445",5,4093421,1,0,1,2,1,1,0,0,0,2,2,2,0,0,0,2,2,1,1,2,2,2,1,1,1,0,1,0,1,0,1,1,2,0,2,1,2,1,2,2,1,0,1,2,1,1,1,0,1,2,1,1,2,0,1,0,0,1,1,2,0,0,2,1,0,0,0,1,1,1,1,1,0,1,2,1,2,1,1,0,0,0,1,1,1,1,0,2,2,1,2,1,1,1,,1,2,1,0,0,2,1,2,2,0,1,1,0,1,1,1,1,1,,1,2,1,1,0,1
"rs00446",5,4147776,1,1,2,1,1,1,0,1,2,1,0,1,1,0,1,0,1,2,1,1,2,0,1,1,1,1,1,2,2,2,1,2,1,1,1,2,1,0,0,1,0,2,1,0,1,1,2,2,1,0,0,1,1,0,1,2,0,0,0,1,2,1,1,2,0,1,1,2,1,0,0,1,1,0,0,1,1,1,1,0,0,1,2,1,2,1,0,2,1,1,0,2,2,1,2,2,1,2,2,2,0,0,0,0,0,1,0,1,2,1,1,1,2,0,0,2,1,2,1,2
"rs00447",5,4280093,1,1,2,0,0,1,2,0,2,0,0,0,1,1,1,1,1,0,1,1,0,1,1,0,2,0,0,0,1,1,1,,1,0,2,,1,0,1,0,1,1,1,2,0,1,1,0,2,0,1,2,1,0,1,0,2,1,1,0,1,0,1,2,1,1,1,0,1,2,1,0,0,0,2,2,1,2,0,1,1,0,0,1,0,1,1,0,2,2,1,1,1,1,2,2,0,1,2,0,2,0,2,1,0,1,2,1,0,0,2,2,0,1,0,1,0,2,0,0
"rs00448",5,4304044,0,2,0,1,1,1,1,1,1,0,0,0,,1,1,2,0,1,0,1,0,1,1,1,0,1,0,1,0,1,1,1,1,1,2,1,0,0,0,1,0,1,0,0,0,1,2,2,0,0,,1,1,1,1,1,0,2,1,1,1,1,0,1,1,2,1,1,1,2,0,1,1,1,1,,1,1,2,,1,1,2,1,1,0,2,0,0,1,0,1,1,1,1,0,1,0,1,2,1,0,1,0,1,0,0,0,0,0,1,1,1,1,1,,1,2,1,0
"rs00449",5,4585022,2,2,2,0,1,0,1,2,1,1,2,0,1,1,1,1,1,0,0,0,2,0,1,0,0,1,2,1,1,1,2,1,1,0,1,0,2,2,1,1,1,0,1,2,2,1,1,1,1,1,1,2,1,2,0,1,0,0,2,1,1,1,2,1,1,2,1,1,1,1,0,1,0,2,2,2,2,,2,0,0,2,1,1,1,2,0,2,,1,,2,1,0,1,0,1,2,1,0,1,0,1,2,2,0,1,0,1,2,2,1,1,0,0,1,1,1,0,0
"rs00450",5,4742747,1,1,0,1,1,1,2,2,2,0,1,2,2,0,0,2,2,2,2,0,0,1,0,1,2,0,0,2,0,1,0,1,2,1,2,2,0,1,1,1,1,0,1,1,0,0,0,1,0,0,1,1,2,1,1,0,0,2,1,1,2,1,2,2,1,2,0,0,0,1,0,1,1,1,1,2,1,1,1,0,0,,1,1,1,1,1,0,1,1,2,1,1,0,1,0,0,0,0,1,2,1,2,1,1,1,2,1,2,0,2,1,1,2,0,2,1,1,1,2
"rs00451",5,4871854,1,1,0,2,1,0,1,1,0,1,1,1,1,2,0,2,2,2,1,0,1,1,1,2,0,1,1,1,0,1,1,1,1,1,0,0,0,1,2,1,1,1,,1,0,1,1,1,1,0,0,1,2,1,0,1,,0,1,2,2,,1,0,2,2,0,2,1,1,2,1,0,1,2,0,1,2,1,1,2,1,1,1,1,2,2,0,2,1,1,0,0,1,1,1,1,1,1,2,1,0,0,1,1,1,1,0,1,0,1,1,2,2,1,1,2,1,1,1
"rs00452",5,4922735,1,1,2,2,2,2,0,0,1,1,0,1,1,0,2,1,1,1,1,0,2,1,2,,2,2,1,,1,2,0,1,0,1,2,0,1,2,1,1,1,0,1,2,2,1,1,0,2,1,1,0,1,1,1,1,1,1,1,0,1,0,1,1,1,1,2,,1,0,0,2,1,2,1,1,1,2,1,1,1,2,1,1,1,2,2,1,1,1,0,0,2,1,2,1,1,1,1,0,1,1,0,2,1,2,1,0,0,0,1,1,2,2,2,2,1,0,1,1
"rs00453",5,4995725,2,1,2,0,1,1,1,2,1,1,1,1,1,0,2,1,2,2,0,0,1,1,1,0,1,2,2,1,2,1,1,0,0,1,0,0,1,1,1,1,2,1,1,1,1,0,0,0,1,2,0,1,1,2,2,1,1,2,1,,1,0,1,2,1,0,0,1,0,1,1,2,1,,0,1,0,,1,,1,1,0,1,2,0,2,1,,,1,1,2,1,2,1,1,2,1,1,2,0,1,1,2,0,1,0,1,2,1,1,0,2,0,1,0,1,1,0
"rs00454",5,5067167,2,2,1,0,1,1,0,1,0,0,1,1,1,2,1,1,2,2,2,1,1,0,2,1,1,1,2,1,2,0,0,2,0,2,1,2,1,1,1,0,1,1,1,0,0,2,2,1,0,1,2,1,2,1,0,0,1,0,1,1,2,0,2,0,0,2,1,1,0,1,1,2,1,1,1,1,0,1,0,1,1,1,1,2,1,2,1,1,0,2,1,1,1,1,2,0,1,2,1,2,1,2,1,1,1,1,0,1,2,0,1,1,2,2,1,0,1,1,1,1
"rs00455",5,5203341,1,1,1,2,2,2,2,2,0,2,1,1,1,2,2,1,1,0,2,1,2,0,1,2,0,0,1,1,1,1,2,2,0,2,1,1,0,2,1,,1,2,0,0,1,2,0,1,2,0,2,0,0,0,2,2,2,1,,0,1,2,1,,2,1,1,0,2,1,1,,1,0,,1,0,1,1,1,0,1,1,0,1,0,1,0,0,1,1,1,0,1,0,1,1,2,0,0,1,0,1,1,0,1,0,1,2,0,1,0,0,0,1,0,1,0,1,1
"rs00456",5,5294063,1,2,0,1,1,1,0,2,1,0,1,0,1,1,1,2,1,1,1,2,2,1,0,1,2,1,1,1,0,1,1,1,2,0,1,2,1,2,0,1,1,,1,1,1,2,2,0,,1,0,1,2,2,1,0,0,0,2,1,0,1,0,2,1,1,2,2,1,2,0,2,1,1,1,0,1,2,1,1,1,1,1,1,1,1,2,1,2,1,0,2,0,0,1,1,0,1,1,0,1,0,2,1,0,0,,1,1,2,1,0,1,2,1,1,1,2,1,1
"rs00457",5,5624853,1,2,1,1,2,1,0,1,2,1,1,0,0,0,0,2,0,0,1,2,1,0,2,0,0,2,1,1,1,2,1,1,2,2,2,2,1,1,1,,1,0,2,1,2,0,1,0,0,0,0,1,2,1,0,1,0,2,2,2,2,1,1,1,1,2,1,1,2,2,1,2,0,2,1,1,2,1,0,0,0,0,0,2,2,1,1,1,2,0,0,1,0,2,1,2,1,2,1,1,0,1,0,1,1,1,1,1,0,2,1,0,1,0,0,1,1,1,1,2
"rs00458",5,5631813,2,0,1,0,2,2,1,1,0,1,1,1,1,2,0,1,0,2,0,0,1,0,1,2,1,1,0,1,1,1,2,1,1,2,1,0,1,1,2,0,0,2,0,0,0,0,0,1,1,2,2,1,1,1,0,2,1,2,0,1,0,0,0,2,2,0,2,1,0,1,1,1,1,2,0,1,2,2,1,1,1,1,2,1,2,2,2,1,1,0,0,1,2,1,1,0,1,2,1,0,2,1,0,2,1,2,2,1,1,0,1,2,2,1,2,0,1,1,1,1
"rs00459",5,5660001,0,2,1,1,2,0,1,1,2,0,1,0,2,,0,0,2,0,1,2,0,1,1,0,0,1,2,2,2,1,2,1,0,2,1,2,2,2,0,1,1,0,1,2,2,0,0,1,1,2,1,1,2,2,1,2,1,1,,,1,1,1,1,0,0,1,0,1,1,1,1,1,1,1,2,1,1,,0,2,0,0,1,1,0,1,0,2,0,1,1,1,2,0,1,2,2,1,0,1,1,1,0,1,1,,1,1,1,1,2,1,1,0,1,0,1,2,2
"rs00460",5,5702749,0,2,1,1,2,1,2,1,0,0,2,2,1,2,2,0,1,1,0,0,1,1,1,2,0,1,2,1,0,,0,2,2,1,2,0,2,2,2,1,2,1,0,1,1,2,1,1,0,1,0,2,1,1,2,2,1,1,1,0,2,2,1,1,1,1,1,2,2,1,1,0,2,0,0,1,1,0,1,0,0,1,1,1,1,1,1,2,2,1,1,1,2,0,0,1,1,2,0,1,2,1,1,1,1,2,1,1,2,1,0,2,2,0,1,2,1,1,2,1
"rs00461",5,5819075,1,1,2,0,1,2,1,1,1,1,2,2,0,2,0,1,1,,1,2,2,1,1,2,2,2,0,0,2,1,1,1,1,0,0,1,1,2,1,1,1,0,1,1,2,2,0,1,0,1,1,0,1,1,2,1,2,1,1,0,0,1,0,1,2,1,2,0,0,1,2,0,0,1,1,1,0,2,0,0,2,1,2,2,0,1,0,0,2,2,1,1,1,0,2,1,1,2,2,0,0,1,2,1,1,1,0,0,1,1,1,0,2,1,0,1,1,1,1,1
"rs00462",5,5923128,1,2,2,1,2,0,0,1,2,1,0,0,1,1,0,0,0,,0,1,1,1,1,1,1,1,0,1,1,1,2,2,1,2,0,1,1,1,2,0,2,1,0,1,1,1,0,1,1,2,1,2,0,1,0,2,2,0,0,0,1,0,1,2,0,1,1,0,0,2,2,2,1,0,1,2,1,2,1,2,2,2,2,2,1,1,2,1,2,1,2,2,1,1,2,0,2,1,,2,2,0,1,1,1,2,2,1,1,1,0,2,2,0,1,2,1,0,1,1
"rs00463",5,5953744,0,1,1,1,2,1,1,0,1,1,1,1,2,1,1,1,1,0,0,1,0,0,0,1,1,1,1,2,1,0,0,2,1,1,1,2,1,0,2,0,1,1,2,1,2,1,1,0,1,0,0,1,1,1,1,2,2,0,1,0,2,0,0,0,1,0,1,0,2,1,0,2,0,1,2,1,0,1,2,1,0,2,1,2,1,0,1,2,1,0,1,2,2,1,1,0,0,2,0,2,0,1,1,0,0,2,0,2,2,1,1,0,0,2,1,1,0,2,,2
"rs00464",5,6234919,1,0,1,2,1,1,1,2,0,2,2,2,1,1,1,1,0,1,1,0,0,2,1,1,2,1,1,2,2,2,1,0,2,0,0,0,2,1,1,1,1,1,0,1,0,2,2,2,0,2,1,1,2,1,2,1,1,0,0,1,1,1,1,0,1,1,1,1,2,0,0,0,1,1,2,0,1,2,,2,1,0,2,0,0,1,0,2,0,0,2,2,1,0,1,2,1,1,1,1,1,1,0,1,2,1,1,2,2,1,1,0,,1,1,0,,0,0,2
"rs00465",5,6537520,1,1,2,0,2,1,1,2,1,0,2,2,1,1,1,2,1,0,0,1,2,,1,2,0,1,2,0,0,1,0,1,2,,2,1,1,1,1,2,2,1,2,0,1,,1,2,1,1,1,1,0,1,0,1,1,0,2,1,1,1,0,1,1,1,1,0,2,0,1,,1,2,0,1,0,0,1,2,1,2,2,1,1,2,2,2,1,0,2,1,0,0,1,1,1,1,0,2,2,2,0,1,0,2,0,2,1,1,0,1,0,2,1,1,2,1,1,0
"rs00466",5,6627837,2,0,2,1,1,2,1,1,1,2,1,2,1,2,1,1,1,1,,1,1,0,2,0,0,0,1,1,1,0,1,2,1,0,1,,1,1,2,2,0,1,1,1,1,0,1,2,1,1,1,1,0,1,1,1,2,2,2,0,1,0,2,1,0,2,1,2,2,1,0,1,0,1,1,1,2,0,0,2,,2,2,2,1,1,2,1,0,1,0,0,1,1,1,0,0,1,1,2,0,1,1,1,2,2,0,1,1,2,0,2,2,2,2,1,1,2,0,0
"rs00467",5,6731402,1,1,1,1,,1,1,1,1,0,0,1,1,1,1,2,1,0,,,1,0,2,0,1,1,2,1,2,1,1,0,1,0,0,,1,2,0,1,1,1,2,1,1,1,0,2,1,2,2,0,2,1,1,1,2,1,0,0,0,1,1,2,1,1,1,0,1,2,2,1,2,0,1,2,1,1,0,0,1,0,1,1,0,1,1,1,2,0,0,2,1,2,1,1,0,0,0,1,2,0,0,1,1,2,0,1,0,1,0,0,2,1,1,1,0,,1,0
"rs00468",5,6930519,1,1,1,2,1,1,0,0,0,1,1,1,0,2,1,0,2,0,0,0,0,0,2,0,2,2,1,2,1,2,1,1,1,0,0,1,1,0,1,1,0,1,1,1,1,1,1,1,1,2,1,0,1,2,2,2,2,1,0,1,1,2,2,1,0,0,1,0,1,1,0,0,1,0,1,1,0,0,2,,2,1,0,0,1,1,1,1,0,1,2,0,2,1,1,1,2,2,2,0,0,0,0,1,2,0,1,1,0,0,1,2,2,1,1,1,1,1,1,1
"rs00469",5,7012867,1,0,1,1,1,1,1,2,0,1,1,1,2,2,1,1,1,1,0,0,1,1,1,2,1,0,0,1,0,2,0,1,1,1,0,2,1,1,0,1,1,1,2,2,2,1,1,0,2,2,1,0,2,0,1,0,1,2,2,1,1,0,1,1,0,,0,0,0,1,1,0,1,1,1,1,0,2,1,1,1,,0,1,1,0,0,2,1,0,1,1,1,1,1,2,2,1,1,1,0,2,1,1,1,1,0,0,2,0,2,1,1,1,1,1,1,1,1,0
"rs00470",5,7150353,0,1,1,1,0,1,0,1,0,1,1,2,1,2,1,0,1,1,2,1,0,0,0,1,1,1,2,1,1,1,0,1,1,1,0,1,1,1,2,0,0,2,1,1,2,1,1,1,1,1,2,0,0,1,1,1,1,2,,0,1,1,2,2,1,1,0,1,0,2,2,1,0,1,1,0,0,2,,1,1,1,1,1,0,2,2,1,0,0,2,1,0,,0,2,2,1,2,2,1,1,1,1,0,1,1,2,1,2,1,1,0,1,1,1,1,0,0,0
"rs00471",5,7165565,1,1,0,0,0,0,1,2,1,0,1,1,1,0,1,1,0,1,2,1,1,1,1,1,1,1,1,2,1,1,2,0,1,0,1,2,1,1,2,1,2,1,1,0,1,1,1,1,2,1,0,1,1,1,0,0,1,2,1,2,0,1,2,2,0,2,1,1,0,0,1,2,1,1,2,1,1,1,1,1,1,1,2,1,1,2,0,1,0,1,1,2,0,1,0,1,2,2,1,1,1,1,0,2,0,0,0,1,1,0,1,0,1,0,1,2,1,2,1,1
"rs00472",5,7177292,1,1,1,,0,0,0,2,1,0,1,0,2,2,0,0,1,2,1,0,0,0,1,0,1,2,0,0,1,0,0,2,0,1,1,0,1,2,1,1,0,2,2,1,2,1,1,2,0,0,2,2,1,1,1,,1,2,0,1,2,1,0,1,1,2,1,0,2,1,2,1,0,1,2,2,0,1,1,1,2,0,0,0,0,1,2,1,1,1,1,,1,1,2,1,2,2,1,2,1,1,1,0,0,2,0,1,0,2,0,1,2,,2,2,0,2,1,1
"rs00473",5,7188637,0,2,1,2,1,1,1,1,1,,1,0,0,2,2,1,1,1,1,0,2,0,2,1,0,1,2,1,1,1,2,1,1,2,1,0,1,2,1,1,1,2,2,1,2,0,1,1,1,0,1,1,2,1,1,1,1,1,2,1,0,1,1,1,2,1,0,1,2,1,1,1,1,0,2,1,0,0,0,2,1,1,1,1,2,1,2,2,0,0,0,1,0,1,1,0,1,1,1,1,1,1,0,0,1,1,2,0,1,0,1,0,0,2,0,2,1,1,0,0
"rs00474",5,7282533,0,2,0,1,0,0,0,0,1,2,2,2,1,2,1,1,1,1,2,1,,0,0,0,0,0,1,1,2,1,1,1,1,0,0,1,0,2,1,1,1,0,0,1,1,1,1,2,0,1,1,1,1,1,1,1,0,1,0,1,1,0,1,0,1,1,2,1,0,0,2,0,0,1,1,1,0,1,2,2,2,1,2,2,2,1,0,0,1,1,1,1,1,1,2,1,1,1,1,2,0,1,1,1,0,1,2,0,1,1,1,,0,0,0,1,2,1,,2
"rs00475",5,7291168,1,1,1,0,1,1,0,1,1,1,1,1,2,2,1,1,2,1,0,1,0,2,0,2,1,0,1,,2,1,0,1,1,0,2,2,1,1,1,0,0,1,1,1,1,0,1,0,1,1,1,,0,1,2,1,0,0,0,1,2,2,1,0,0,1,2,1,1,1,2,0,0,1,0,1,1,,1,0,0,1,2,2,0,1,0,1,2,0,0,0,2,0,1,1,2,0,1,1,1,2,1,1,0,1,1,0,0,1,0,1,1,0,2,0,0,0,0,2
"rs00476",5,7404613,,1,1,2,1,1,2,0,2,1,1,1,2,0,1,0,0,0,1,1,1,1,1,2,0,2,0,0,1,0,2,1,1,1,1,1,2,1,0,1,,2,2,2,0,1,1,1,1,0,2,0,1,1,0,2,1,1,1,2,1,1,1,0,0,1,0,1,1,2,1,2,0,0,1,0,1,1,2,2,0,1,1,0,2,2,1,1,0,1,2,1,0,1,1,1,1,1,1,1,0,1,2,2,2,0,2,0,0,0,0,2,0,1,1,0,1,1,1,0
"rs00477",5,7489814,,1,0,0,2,0,0,1,2,2,0,0,1,1,2,0,1,0,0,0,2,0,2,1,1,2,1,1,1,1,,1,1,2,1,0,1,0,1,1,0,1,,2,1,1,0,2,1,0,1,0,2,2,2,1,1,0,1,1,0,1,1,0,1,,2,0,2,1,2,1,0,1,1,0,0,2,1,1,2,1,1,0,1,0,1,0,0,2,0,1,1,1,1,1,1,2,1,1,1,2,1,1,0,1,2,1,1,1,0,2,1,2,,1,0,0,1,0
"rs00478",5,7579453,0,1,1,2,1,0,2,2,1,0,,1,2,2,1,1,2,1,1,1,2,2,1,0,1,2,0,0,2,1,1,2,1,1,1,1,0,1,1,1,2,1,1,2,2,1,2,1,0,,1,1,1,2,1,1,2,0,1,1,1,1,2,1,2,1,1,2,1,1,0,1,0,1,0,2,0,1,1,1,1,1,0,1,2,2,0,1,1,0,1,0,2,0,2,2,2,1,1,0,1,1,1,1,2,2,0,1,0,1,1,1,1,0,1,1,1,0,0,0
"rs00479",5,7729457,1,2,2,0,1,1,1,0,1,0,2,1,1,1,0,1,1,2,1,2,2,1,1,0,0,,1,1,0,2,1,2,0,2,1,1,0,2,1,1,2,2,0,1,2,1,0,1,1,2,2,2,,,1,2,1,0,1,0,1,2,2,0,0,2,1,0,1,0,0,2,1,1,1,2,1,1,1,2,0,2,0,0,,2,1,0,2,1,1,1,1,1,1,1,1,2,2,2,2,,1,1,1,1,1,1,1,1,1,0,1,1,0,2,1,1,2,1
"rs00480",5,7959292,0,1,0,2,0,0,0,0,0,0,1,1,2,2,0,1,2,1,1,2,1,1,0,2,2,0,1,1,,1,2,1,1,1,0,1,1,2,2,1,1,1,0,1,,1,0,1,2,2,2,2,1,2,1,0,0,,1,1,0,2,1,1,1,1,1,1,0,0,2,2,0,1,0,2,2,1,1,1,1,2,2,1,1,2,1,0,1,2,0,2,1,1,0,2,2,1,0,2,1,1,2,0,0,2,1,1,1,1,,1,2,1,1,0,1,0,1,1
"rs00481",5,8166571,1,1,1,0,0,0,1,1,0,1,1,1,0,1,1,1,2,0,0,0,1,0,,1,1,1,1,1,1,2,1,2,1,2,0,0,2,2,1,0,2,1,0,1,1,,2,1,1,1,0,2,2,1,2,2,0,2,1,1,1,1,0,0,0,2,1,0,1,2,1,1,0,2,1,2,0,1,1,1,1,,1,2,1,0,1,1,1,0,0,1,2,2,1,1,1,0,0,2,2,1,0,1,2,,1,2,1,1,1,1,1,2,1,1,1,0,1,0
"rs00482",5,8209351,2,1,0,1,0,1,1,0,2,1,2,0,2,1,1,1,1,0,0,0,2,1,1,1,1,0,1,1,2,1,1,2,1,2,1,1,1,0,1,1,1,2,1,1,0,1,2,1,2,2,1,2,1,1,2,1,1,2,1,0,0,1,1,1,2,1,1,1,,1,0,0,1,2,0,1,0,,1,,0,2,0,0,2,2,0,0,0,0,1,0,0,1,2,1,1,1,2,0,2,0,0,1,0,1,2,1,0,2,2,0,,1,1,2,1,1,1,0
"rs00483",5,8243022,0,1,0,1,1,2,2,1,2,2,1,0,1,2,0,0,0,1,0,0,2,1,1,2,0,,1,1,2,0,1,1,0,1,0,1,1,1,0,2,1,2,1,2,2,0,1,1,2,1,0,0,1,1,0,1,2,1,1,2,1,1,1,1,1,2,1,0,1,0,1,2,1,0,1,1,1,2,1,1,0,1,1,2,0,2,2,1,1,0,1,1,1,0,1,0,1,1,1,2,1,1,2,1,1,2,0,1,1,0,1,2,0,2,1,1,0,2,0,1
"rs00484",5,8994306,1,0,2,1,1,0,0,1,2,0,1,2,1,0,1,0,1,1,2,1,1,2,2,1,2,0,1,2,1,1,0,1,1,1,1,1,0,1,1,1,1,1,0,1,0,1,2,1,,1,1,2,2,,1,2,2,1,2,1,1,0,0,2,1,2,2,0,2,1,1,1,,1,1,0,1,1,0,2,1,2,2,1,1,2,2,1,1,1,2,2,1,2,0,2,2,1,2,1,1,1,2,1,1,1,1,1,1,0,1,1,1,2,2,0,1,0,2,0
"rs00485",5,9112504,0,1,1,1,1,0,1,2,1,1,2,1,1,2,1,1,1,2,1,2,1,1,0,1,0,1,1,1,2,0,1,1,1,0,0,2,1,,0,0,1,1,0,1,0,1,1,2,1,1,1,1,1,0,2,1,0,0,1,1,2,0,1,1,0,0,0,1,0,2,0,0,1,2,1,0,0,2,1,1,1,2,0,1,2,2,0,1,1,2,1,2,,1,1,0,1,1,0,1,2,2,1,1,0,2,2,2,1,2,0,1,1,1,1,1,2,1,1,1
"rs00486",5,9197295,1,1,2,1,1,2,1,1,2,2,0,0,1,1,2,1,1,2,1,1,1,1,1,2,1,2,0,1,1,2,1,0,1,2,0,0,2,2,0,1,2,0,2,2,1,1,0,0,1,1,1,0,1,1,2,0,2,1,,1,2,0,0,2,1,2,0,1,1,2,2,1,0,1,1,1,,0,1,2,1,2,0,0,2,0,,0,2,1,1,1,1,1,2,2,0,2,1,0,1,2,1,2,1,1,1,1,1,2,0,0,1,2,0,1,1,0,0,2
"rs00487",5,9207754,0,0,1,0,1,0,1,2,1,2,2,0,2,1,0,2,1,1,1,1,1,2,1,0,0,0,1,0,1,1,1,0,1,0,0,1,0,1,2,2,0,2,1,0,0,1,2,1,1,0,1,0,0,1,,1,1,1,1,1,0,1,0,0,2,1,1,1,2,1,1,0,1,1,2,2,0,2,2,0,1,2,1,1,1,1,1,1,1,1,1,,1,1,1,1,0,2,0,2,1,0,2,2,1,1,1,1,0,1,1,1,1,0,2,1,1,2,1,1
"rs00488",5,9231476,1,1,0,2,2,1,0,1,2,1,2,0,1,0,1,1,0,1,1,1,2,0,1,1,0,1,0,1,2,1,1,0,1,1,0,1,2,2,1,2,1,2,0,1,1,0,2,1,1,0,1,1,1,0,1,1,1,1,2,0,2,1,2,2,1,,1,0,0,1,2,2,2,0,0,1,1,2,1,1,1,1,1,0,2,0,1,0,1,1,1,1,1,2,0,1,1,1,1,2,1,1,1,2,0,0,1,0,0,1,1,1,2,1,2,0,2,0,1,1
"rs00489",5,9282276,1,1,1,0,1,0,2,1,1,1,0,1,2,0,1,1,0,1,0,1,0,1,1,1,0,0,0,2,2,0,0,1,0,0,1,1,1,0,2,0,1,1,1,1,1,1,1,0,0,2,1,2,2,1,0,1,2,1,2,1,2,2,1,1,1,0,2,1,0,1,2,2,2,2,0,2,0,0,2,2,2,1,1,0,1,1,,2,1,1,0,2,1,0,2,1,0,2,0,1,1,0,1,1,0,1,2,0,2,1,1,0,1,2,1,0,1,1,0,2
"rs00490",5,9296675,1,0,2,2,1,0,1,1,0,1,1,1,1,1,0,1,2,,0,2,0,1,2,2,2,1,1,2,2,2,0,2,0,2,1,1,0,1,2,1,0,2,1,1,1,1,0,1,2,1,0,0,1,1,1,1,1,2,1,2,2,,2,1,2,1,1,0,2,2,2,0,0,0,,1,0,0,0,2,1,1,1,1,1,1,1,2,0,0,1,1,1,1,0,1,1,0,2,1,0,1,1,1,2,1,1,0,1,1,0,1,0,2,1,0,1,2,1,1
"rs00491",5,9311725,0,0,2,2,0,0,1,1,2,1,1,1,1,2,2,1,2,0,0,,0,2,2,0,1,2,1,2,1,1,2,2,1,0,2,2,1,1,1,1,0,1,1,1,1,1,1,2,1,1,2,2,2,2,0,2,2,1,1,1,2,2,1,0,0,1,0,0,1,1,2,2,0,0,1,1,2,0,2,2,2,2,1,1,0,2,1,1,0,1,0,1,1,0,2,1,0,0,,0,1,0,1,1,2,1,,1,0,1,1,1,1,1,2,0,0,1,1,1
"rs00492",5,9423815,1,,1,0,2,1,0,0,2,1,0,1,2,0,1,2,2,1,1,2,2,1,2,1,1,1,0,0,2,0,1,0,2,2,1,2,1,2,1,0,1,0,1,2,1,0,1,0,2,1,1,1,0,0,2,0,1,0,0,0,0,0,2,0,1,2,1,1,1,0,1,1,1,0,1,1,0,2,2,0,1,2,,1,1,2,1,0,1,1,2,0,1,1,1,2,2,1,1,1,2,2,1,0,1,2,0,0,1,,2,0,0,2,1,1,1,0,2,1
"rs00493",5,9433244,0,0,1,1,0,2,1,2,1,1,0,1,1,1,1,2,1,2,1,1,1,1,1,1,1,0,1,1,0,2,2,0,2,2,0,0,1,0,1,1,2,0,1,0,1,2,1,1,0,1,2,0,1,1,0,0,1,1,2,2,2,1,1,1,2,0,2,2,2,2,2,0,2,2,1,1,1,1,0,2,1,0,2,1,0,2,2,0,0,0,1,0,1,0,1,2,1,1,2,0,0,1,2,1,0,1,1,0,1,2,0,0,0,2,2,0,1,1,0,0
"rs00494",5,9548735,1,0,1,0,0,1,1,1,2,,0,2,0,2,0,2,1,1,1,1,,1,1,1,2,2,2,1,1,2,2,1,0,1,1,1,2,0,2,0,2,1,0,1,0,0,0,0,1,1,0,1,1,0,0,1,1,0,1,1,1,2,0,1,1,0,0,1,1,,2,2,0,1,1,2,2,0,2,2,,2,2,2,0,1,0,1,1,1,0,2,0,,1,2,0,1,1,0,1,0,1,1,1,1,1,2,1,1,2,1,1,1,0,0,2,1,2,1
"rs00495",5,9703962,1,1,1,0,0,2,1,1,0,0,1,1,,2,1,1,2,2,2,0,1,2,1,2,1,2,2,2,0,1,2,2,1,2,0,2,2,2,,1,1,0,2,1,1,1,0,2,1,1,2,1,1,1,,0,1,1,1,,2,0,1,1,0,1,1,1,0,0,1,1,1,1,0,1,1,1,1,2,2,2,2,,2,0,2,2,,2,0,1,2,1,,1,1,2,2,2,0,1,2,1,2,1,1,1,1,2,0,1,0,1,1,0,1,1,1,
"rs00496",5,9726264,1,1,2,1,1,0,1,1,2,1,2,2,2,0,1,1,1,2,1,2,0,0,1,2,0,1,1,0,1,2,1,2,2,0,0,2,1,0,1,1,1,2,2,1,1,0,2,1,1,2,1,0,,2,0,0,1,0,1,1,1,,1,1,2,1,1,2,1,1,0,1,1,0,2,0,2,1,1,0,1,2,2,1,1,1,1,2,1,2,2,1,1,2,1,1,2,0,1,1,1,1,0,0,1,0,0,1,2,1,,0,2,0,0,2,1,0,1,1
"rs00497",5,9729156,0,2,2,1,1,1,2,2,1,1,2,1,1,1,1,0,1,1,0,2,1,1,1,2,,1,1,2,1,1,2,0,0,1,1,0,1,0,1,,2,2,1,1,2,,1,1,,1,2,2,,0,2,2,2,1,2,0,1,2,0,0,2,1,2,2,1,1,0,1,1,0,0,2,1,2,1,0,1,0,1,1,1,1,0,2,1,1,1,0,1,1,0,1,1,1,0,0,2,2,1,2,2,1,1,1,1,0,1,1,1,1,1,2,1,2,1,1
"rs00498",5,9778944,1,1,2,1,1,0,0,2,0,0,1,1,1,2,1,1,2,1,0,2,0,1,2,2,2,2,2,1,0,1,1,1,0,1,2,1,0,1,2,2,1,2,2,1,,1,2,1,0,1,0,1,1,0,0,2,1,0,1,0,1,0,0,0,0,0,1,2,1,1,1,0,0,1,1,2,0,1,1,1,1,1,1,2,2,0,1,2,0,0,1,2,0,1,0,0,2,2,0,1,0,0,1,1,1,1,1,2,0,1,,2,0,1,1,0,,0,1,0
"rs00499",5,9803656,1,1,1,1,2,1,1,2,2,2,1,1,2,1,1,1,0,1,1,2,0,1,1,1,1,1,1,1,0,0,2,1,2,0,1,0,2,2,0,0,1,1,0,1,2,1,1,1,1,2,0,2,1,1,1,1,1,1,2,0,1,2,1,0,1,0,2,0,2,0,2,2,1,1,0,0,2,2,2,0,1,0,0,2,2,2,2,0,2,1,2,2,2,0,1,1,2,1,0,,0,2,0,1,2,2,0,2,0,0,0,2,2,2,0,1,1,1,1,1
"rs00500",5,9900558,1,1,1,0,0,0,1,1,1,1,0,1,2,0,,0,2,,0,2,1,0,0,0,0,1,2,2,2,1,1,1,2,2,2,0,0,1,,0,1,2,0,0,1,2,1,1,1,1,1,1,0,1,0,1,1,2,2,1,0,1,2,1,0,1,1,2,0,1,1,0,1,1,0,2,2,0,0,1,0,1,0,2,1,1,2,0,1,1,2,2,0,1,1,0,0,0,1,0,1,1,2,0,0,1,0,2,0,1,2,1,1,1,1,2,0,0,1,2
