"SNP","Chromosome","Position_BP","S0001","S0002","S0003","S0004","S0005","S0006","S0007","S0008","S0009","S0010","S0011","S0012","S0013","S0014","S0015","S0016","S0017","S0018","S0019","S0020","S0021","S0022","S0023","S0024","S0025","S0026","S0027","S0028","S0029","S0030","S0031","S0032","S0033","S0034","S0035","S0036","S0037","S0038","S0039","S0040","S0041","S0042","S0043","S0044","S0045","S0046","S0047","S0048","S0049","S0050","S0051","S0052","S0053","S0054","S0055","S0056","S0057","S0058","S0059","S0060","S0061","S0062","S0063","S0064","S0065","S0066","S0067","S0068","S0069","S0070","S0071","S0072","S0073","S0074","S0075","S0076","S0077","S0078","S0079","S0080","S0081","S0082","S0083","S0084","S0085","S0086","S0087","S0088","S0089","S0090","S0091","S0092","S0093","S0094","S0095","S0096","S0097","S0098","S0099","S0100","S0101","S0102","S0103","S0104","S0105","S0106","S0107","S0108","S0109","S0110","S0111","S0112","S0113","S0114","S0115","S0116","S0117","S0118","S0119","S0120"
"rs00001",1,83933,1,4,2,2,4,0,1,2,0,3,2,2,4,0,1,2,3,2,2,0,0,0,0,1,1,3,4,2,1,0,1,3,2,1,2,0,3,3,4,1,0,1,2,2,3,0,4,1,2,3,2,3,4,0,4,1,0,2,0,2,4,2,0,3,2,0,2,0,1,3,0,2,1,4,3,1,4,2,3,3,0,0,3,4,2,4,2,2,3,2,3,4,1,4,4,0,3,1,2,3,0,1,2,2,0,0,4,3,4,4,0,2,0,0,2,4,0,3,0,4
"rs00002",1,123323,3,1,3,2,0,1,3,0,4,3,3,1,4,4,3,3,3,2,2,3,0,3,2,3,1,0,1,1,4,3,4,2,2,2,0,1,0,2,0,3,4,2,2,1,1,2,2,0,2,4,0,1,1,0,0,2,1,3,3,2,1,1,4,3,1,2,3,1,1,3,1,4,2,3,1,1,3,2,1,4,1,1,2,0,2,2,0,0,3,2,3,0,0,2,3,2,2,3,1,4,4,4,0,4,3,2,0,4,3,4,1,4,1,4,2,0,2,2,3,2
"rs00003",1,124758,4,3,0,3,3,2,0,0,4,4,3,3,1,1,0,3,3,3,3,1,4,0,3,0,1,2,1,3,1,1,3,3,1,4,4,0,4,1,1,1,4,4,4,4,0,2,3,1,0,3,2,1,0,4,0,0,1,3,0,4,2,1,4,0,2,3,4,3,3,0,3,4,4,3,4,1,4,1,3,2,2,3,4,0,3,0,4,1,4,0,2,0,1,0,3,0,2,2,3,3,4,1,4,4,0,2,2,4,1,3,4,4,0,3,4,2,0,0,3,1
"rs00004",1,150792,1,2,4,1,3,1,2,3,2,3,1,4,3,3,0,0,2,2,3,1,0,3,2,2,3,1,0,3,4,3,0,3,1,4,0,2,0,1,1,2,4,3,2,2,3,0,4,1,4,0,0,1,1,3,2,1,1,4,0,1,4,3,4,1,0,4,2,0,1,3,4,0,3,0,1,3,1,0,3,2,4,4,4,1,4,3,0,0,0,2,1,1,0,1,1,1,1,4,2,3,3,1,2,4,0,2,3,4,1,3,0,3,2,3,4,3,3,0,3,4
"rs00005",1,186310,0,3,4,4,0,2,1,3,0,4,1,4,0,0,3,2,1,0,1,2,2,4,4,2,2,4,2,2,0,1,1,2,1,1,2,4,3,4,0,4,3,4,3,4,2,0,3,3,4,4,4,1,3,4,0,0,2,0,3,3,1,2,1,0,3,0,0,1,2,3,2,2,0,4,4,0,2,1,4,3,1,0,0,1,1,3,0,0,0,4,2,1,1,2,3,2,4,1,2,3,1,3,1,1,4,0,2,0,2,2,1,4,0,1,2,4,0,4,0,2
"rs00006",1,192940,2,0,2,1,3,4,2,2,1,2,1,0,1,2,4,1,3,4,1,1,1,0,3,2,4,1,2,2,0,0,1,3,0,4,1,2,0,4,2,1,1,2,2,2,1,1,0,3,2,2,0,2,4,3,1,1,4,1,4,2,2,2,4,1,1,3,0,4,2,0,0,3,4,0,2,4,1,2,0,4,0,4,0,0,2,0,4,3,3,0,0,2,2,0,0,2,2,0,3,2,0,3,4,1,3,3,2,4,0,3,0,2,4,3,1,4,4,2,1,3
"rs00007",1,354634,3,1,1,0,1,3,3,1,3,2,3,2,3,1,2,1,2,3,4,1,0,2,2,0,2,3,4,4,3,4,3,3,2,0,2,4,0,1,1,3,1,1,4,3,4,0,1,4,3,1,2,0,0,4,3,1,1,3,4,3,2,1,0,1,0,0,2,4,2,0,0,3,1,0,4,1,0,0,1,1,3,2,0,2,0,1,2,4,1,2,2,3,2,2,0,2,0,0,3,2,4,0,4,2,3,4,2,1,3,3,1,3,2,2,3,3,4,2,1,2
"rs00008",1,636305,1,2,0,3,3,0,2,2,3,4,1,3,1,3,4,3,2,2,2,3,3,0,2,0,1,3,3,0,3,1,1,0,3,0,3,4,0,4,2,2,1,2,0,3,0,1,0,3,0,4,0,0,4,2,2,0,2,0,0,0,3,2,1,0,3,0,4,4,0,2,0,1,3,3,1,0,2,2,2,4,2,1,1,1,4,0,4,2,3,0,4,3,2,1,0,0,3,3,0,2,2,3,3,0,0,1,1,2,0,3,3,4,4,1,0,1,0,2,0,0
"rs00009",1,662870,3,0,0,1,3,2,3,4,2,1,0,4,0,0,4,3,1,3,1,3,0,3,4,3,3,3,3,1,4,2,3,3,3,0,2,3,4,1,0,4,3,3,0,2,2,2,2,3,1,4,1,2,4,2,0,4,4,4,0,4,3,3,1,3,1,4,3,1,2,0,0,3,0,4,4,0,0,1,3,2,3,3,0,1,3,4,3,4,4,1,2,4,2,3,0,1,0,3,2,4,1,2,3,2,0,4,0,1,2,0,0,4,1,0,0,0,1,1,4,2
"rs00010",1,835693,4,4,0,3,0,1,0,1,4,3,4,3,3,3,3,4,1,3,4,2,1,0,1,4,0,3,3,3,1,4,4,1,3,1,3,2,3,4,4,2,4,0,2,0,0,4,2,2,2,2,1,1,0,4,3,2,2,2,4,2,0,2,0,2,0,3,0,4,4,2,4,0,0,0,0,3,3,0,1,0,4,2,0,0,4,3,2,4,1,2,0,4,0,3,0,0,4,1,3,2,1,2,0,1,0,1,3,3,4,2,2,0,1,3,2,4,0,0,1,1
"rs00011",1,879285,1,4,0,4,1,4,2,3,4,1,2,1,4,2,3,4,4,3,4,3,0,4,3,4,1,3,2,2,2,0,3,2,4,1,3,4,0,3,2,2,1,4,2,3,1,2,1,2,2,4,1,2,0,3,2,4,1,1,3,3,4,4,3,3,2,2,0,0,2,3,2,2,0,1,0,2,0,4,1,2,2,4,2,4,4,3,2,4,4,1,4,1,2,0,2,3,1,3,1,3,2,0,1,1,1,3,2,0,3,0,1,3,2,2,3,3,0,0,3,2
"rs00012",1,973819,2,4,1,3,4,4,4,3,3,4,2,3,0,0,3,2,2,1,1,4,0,2,4,3,2,1,2,0,3,0,4,3,0,4,1,4,2,1,0,1,3,1,1,1,1,4,3,4,1,2,3,4,2,4,1,4,0,1,3,1,1,0,0,0,4,2,3,1,0,0,3,3,3,3,0,0,2,4,4,2,3,2,3,2,4,1,2,3,2,0,4,1,2,0,2,1,0,0,4,4,0,4,2,2,3,0,1,1,1,1,4,2,1,0,1,3,0,4,4,3
"rs00013",1,1066943,0,4,3,1,1,1,0,1,2,4,3,3,2,3,1,4,4,0,4,3,0,4,1,2,0,1,1,2,1,3,2,1,0,4,3,4,3,4,0,2,4,1,0,1,0,3,2,4,0,1,0,1,2,1,0,0,4,0,3,1,0,4,3,0,0,4,3,3,4,0,3,3,2,2,4,2,1,4,3,0,2,1,2,0,1,3,4,1,0,0,0,1,2,1,0,3,1,0,0,4,3,1,2,4,3,1,2,4,0,3,1,0,1,1,4,0,0,2,0,0
"rs00014",1,1143108,0,3,0,0,0,4,1,4,3,0,0,0,1,0,0,2,2,3,1,3,1,3,0,3,3,0,2,1,0,4,0,0,1,1,3,0,0,2,0,2,3,1,0,3,3,3,4,4,3,0,1,0,2,4,1,2,4,1,3,3,0,3,2,2,0,1,4,2,1,2,0,3,2,2,1,0,3,3,0,4,1,1,0,3,1,1,0,4,0,3,2,2,2,4,1,4,3,4,4,4,1,3,2,2,2,1,0,1,2,1,2,3,2,1,0,4,3,0,2,1
"rs00015",1,1175994,0,0,2,0,2,4,4,2,2,4,1,3,1,0,0,3,2,2,1,2,1,4,3,1,4,1,1,1,3,3,0,4,3,2,2,2,2,2,3,4,4,4,0,3,4,3,1,1,3,1,3,1,3,3,0,4,4,4,1,1,4,2,3,1,3,1,4,1,3,2,3,0,2,1,0,0,2,1,4,3,2,3,2,4,4,4,3,4,3,3,4,2,0,0,0,2,2,4,0,1,4,4,2,2,4,1,2,0,3,0,4,4,0,4,1,0,0,3,0,2
"rs00016",1,1226269,1,1,0,1,3,0,4,1,2,3,4,4,4,2,4,4,0,1,1,4,4,4,1,4,3,1,1,4,4,4,0,0,1,4,2,0,1,2,0,1,0,4,2,4,4,1,1,3,3,4,3,4,4,4,3,1,4,4,1,1,0,1,4,2,4,0,3,0,0,0,3,1,1,2,4,3,1,4,1,1,1,0,2,0,3,3,0,1,1,2,2,4,1,3,3,0,2,2,3,3,4,0,4,1,2,3,2,4,0,0,4,3,4,0,4,3,3,2,0,1
"rs00017",1,1229578,0,4,4,0,3,3,2,3,3,2,4,0,2,3,0,3,0,4,1,1,3,0,3,0,1,1,0,0,1,4,4,0,1,4,4,0,3,2,1,2,3,4,3,1,0,0,1,1,1,0,2,4,1,4,3,1,4,0,3,0,3,1,1,3,1,2,4,1,1,3,2,2,0,3,4,1,4,1,2,1,2,1,0,0,3,3,0,2,1,0,0,0,3,3,0,4,1,4,0,1,4,4,2,0,4,2,3,1,3,1,2,4,1,4,3,1,4,0,2,1
"rs00018",1,1259079,1,1,0,4,2,3,1,4,3,1,0,2,0,2,4,0,2,0,3,2,4,0,2,3,0,1,4,2,4,1,1,3,4,0,1,4,2,1,2,2,1,4,2,2,2,1,4,0,2,2,3,4,2,4,3,2,2,3,1,1,0,2,0,0,0,1,1,2,4,1,2,2,4,3,2,1,2,4,4,4,0,4,4,0,1,0,0,4,3,1,1,2,4,3,0,4,0,2,4,3,1,0,2,0,4,4,0,2,3,4,3,1,0,1,3,4,2,0,0,0
"rs00019",1,1265264,2,0,1,1,1,1,2,0,1,0,3,2,0,4,3,0,1,3,4,3,1,0,0,4,0,1,3,2,3,4,1,2,0,4,3,1,3,3,2,0,4,3,1,1,1,3,0,1,2,3,4,0,4,0,1,1,1,3,4,3,2,4,4,3,2,2,4,2,0,1,0,2,0,3,2,3,0,1,1,0,1,3,0,2,3,2,1,1,0,3,3,2,2,1,0,4,2,4,1,3,1,0,2,0,2,4,2,4,3,2,1,2,3,3,1,0,2,4,4,2
"rs00020",1,1359541,3,2,0,0,2,0,4,3,2,0,3,2,0,4,3,4,4,0,2,2,1,1,1,0,3,0,3,0,3,0,3,1,1,3,1,2,3,0,0,3,2,1,0,4,1,2,3,3,1,3,1,4,3,0,4,4,3,3,4,2,2,3,4,3,1,2,1,3,4,1,3,0,1,0,1,2,3,4,4,4,0,4,4,4,1,4,2,2,0,3,3,0,3,4,4,4,2,0,3,1,2,0,1,3,3,4,3,0,1,4,1,4,2,1,4,2,2,3,1,2
"rs00021",1,1429163,4,2,3,0,2,3,2,1,0,0,3,0,2,3,2,1,0,1,1,4,3,3,2,0,3,2,0,3,2,0,2,1,0,1,3,3,3,2,2,3,1,3,1,1,0,3,0,1,1,2,4,4,1,4,3,1,3,3,4,1,0,2,1,2,0,4,4,0,3,3,3,4,1,4,0,0,3,4,3,1,0,2,1,4,2,2,3,3,2,2,2,0,2,3,3,0,2,3,0,0,1,4,2,4,1,2,0,4,3,2,3,0,3,2,1,4,1,4,3,0
"rs00022",1,1438461,2,2,3,2,1,1,1,0,2,4,0,1,0,2,4,4,0,0,0,4,0,1,3,3,1,2,2,4,0,1,4,4,4,0,3,3,4,3,3,2,1,3,3,2,1,4,0,4,1,3,0,1,4,4,2,0,3,0,2,3,3,4,4,1,2,1,0,1,0,1,3,4,0,1,2,2,1,4,2,1,0,4,4,3,2,3,0,2,1,0,3,3,0,2,3,1,3,0,3,3,1,3,3,2,4,3,3,2,1,4,2,4,2,3,2,4,3,0,1,2
"rs00023",1,1514606,1,1,0,2,4,3,0,3,3,3,4,3,1,4,3,4,3,3,2,3,2,4,2,3,3,1,3,2,4,3,1,4,2,0,0,1,4,1,0,2,1,0,0,1,2,3,1,0,2,4,1,4,4,1,0,2,1,0,2,0,4,1,1,4,1,3,0,0,4,2,4,3,3,4,3,0,1,4,0,2,4,3,1,3,0,4,0,1,1,3,4,4,0,4,1,2,3,4,0,0,4,3,3,1,0,4,3,1,3,4,0,4,0,3,2,2,4,3,3,0
"rs00024",1,1583920,4,1,4,2,2,3,2,3,3,2,2,2,4,4,2,1,4,1,1,4,3,3,3,2,4,0,2,3,4,4,2,3,3,2,2,4,3,1,2,1,4,2,0,4,3,0,3,0,2,3,3,1,0,0,2,1,0,3,2,0,3,0,1,1,1,4,1,4,0,1,2,2,3,1,0,4,0,3,1,1,0,4,2,3,2,2,3,1,0,0,1,1,2,1,4,4,4,4,0,1,0,2,4,0,1,4,1,0,2,0,2,1,3,1,0,1,3,4,4,2
"rs00025",1,1761671,4,0,1,0,0,2,4,0,0,1,3,2,0,0,2,3,0,1,4,4,4,3,3,1,0,4,4,0,2,2,0,0,2,0,0,1,1,1,3,0,3,3,4,4,1,3,4,0,1,1,1,3,0,4,2,0,2,0,0,3,2,4,3,3,4,1,2,1,2,1,1,1,2,0,4,1,1,3,1,1,3,2,3,0,3,3,0,4,1,4,0,1,1,2,4,1,3,1,1,3,4,4,0,4,3,4,2,2,4,4,4,0,0,1,0,2,0,1,2,0
"rs00026",1,1762735,1,1,1,4,4,2,1,2,4,2,0,4,4,3,1,3,4,0,4,2,4,2,2,4,1,3,2,3,3,1,1,0,2,2,2,3,1,0,4,1,0,3,1,0,4,0,4,2,3,2,0,2,3,3,2,1,3,1,1,3,0,0,0,0,2,4,3,1,4,2,0,2,0,4,1,0,3,0,4,1,4,4,0,4,0,0,2,1,3,0,0,1,0,0,4,4,3,2,0,2,4,0,2,3,4,2,1,0,0,0,3,0,2,4,1,3,3,2,1,3
"rs00027",1,1837844,3,4,0,3,0,0,2,3,3,2,4,3,0,4,3,1,3,3,3,4,1,3,0,2,2,4,2,3,1,3,0,2,0,1,2,2,1,1,4,0,3,3,4,1,4,1,2,4,0,0,4,3,0,3,0,3,1,3,4,2,0,2,4,3,2,1,1,2,2,3,1,0,1,2,4,4,2,2,4,2,1,3,1,4,2,2,0,2,1,3,4,1,3,2,4,3,1,0,0,1,0,3,4,4,0,0,4,1,3,3,1,1,0,4,4,4,1,1,4,4
"rs00028",1,1905281,4,1,0,2,2,0,1,3,4,3,0,0,1,0,2,3,4,3,3,4,2,2,2,3,4,0,2,2,2,3,4,3,4,2,3,3,0,4,3,3,2,4,0,4,2,1,0,4,0,1,3,4,1,2,3,0,0,0,4,3,4,2,0,2,1,3,2,4,0,1,0,4,3,1,4,0,2,3,1,1,1,0,1,0,3,1,2,0,4,0,3,4,1,4,0,3,1,3,0,3,1,1,3,4,3,4,0,3,3,2,4,1,4,4,1,4,4,4,0,0
"rs00029",1,1934327,1,1,0,3,2,0,0,3,3,4,2,3,2,4,2,4,1,4,1,4,1,0,4,2,2,1,2,4,0,4,1,1,1,1,4,3,0,0,4,0,1,0,2,2,4,3,2,3,4,4,3,3,2,2,1,4,1,3,3,4,3,2,2,3,1,1,0,2,1,3,3,1,0,1,2,2,0,0,2,2,0,3,2,2,1,2,3,3,0,4,4,2,1,4,1,0,1,3,3,2,1,1,3,3,0,3,4,1,0,2,0,1,0,3,3,3,0,0,0,4
"rs00030",1,1983265,3,4,3,4,0,3,3,2,1,0,3,1,4,0,4,4,0,1,0,2,3,4,3,3,1,1,1,1,0,2,2,2,3,2,0,1,0,0,1,4,4,0,2,4,1,2,2,2,3,1,4,2,0,2,2,4,0,0,0,1,2,1,1,3,4,3,3,4,0,2,4,2,0,3,2,1,2,0,4,0,1,0,3,3,4,4,2,2,0,3,0,4,2,1,3,0,3,3,2,4,2,3,4,1,1,4,0,0,1,4,1,0,1,1,3,2,1,2,2,0
"rs00031",1,2037161,4,0,2,1,2,4,3,4,0,0,3,3,4,4,0,2,0,2,4,1,3,1,4,2,3,0,1,1,3,1,0,0,2,3,0,3,4,4,1,1,1,0,3,0,3,1,2,2,0,0,1,1,4,2,3,1,3,4,0,1,4,3,4,0,2,1,4,0,2,3,3,2,3,3,4,2,0,4,3,4,0,2,1,0,2,0,2,1,4,0,1,2,0,2,2,2,0,1,0,3,4,0,3,2,4,3,0,1,2,3,3,4,1,4,2,2,4,4,1,0
"rs00032",1,2156859,3,2,3,1,0,0,0,2,0,3,1,1,2,4,3,1,2,3,1,1,0,3,0,3,0,4,1,4,2,4,4,1,4,4,2,0,0,0,3,1,0,3,3,2,1,1,0,0,3,0,3,2,4,0,2,1,4,3,1,4,4,1,1,1,3,2,3,4,4,3,0,2,3,0,0,1,0,0,1,4,1,0,1,0,3,3,2,4,3,2,0,3,1,4,2,3,2,3,2,2,0,0,2,3,0,4,4,0,3,3,0,3,4,4,1,0,3,0,0,1
"rs00033",1,2193211,2,1,3,4,0,1,3,4,3,1,1,2,4,4,0,1,4,2,3,1,0,2,4,1,0,1,4,0,2,0,0,0,4,3,2,0,4,3,2,4,3,2,1,3,0,3,4,4,2,2,3,3,1,1,3,0,1,0,3,0,3,2,2,1,0,1,1,4,3,3,4,1,3,2,1,4,3,4,1,3,1,2,4,4,0,1,4,0,4,0,2,2,4,0,2,4,4,2,4,1,4,0,2,4,1,0,3,2,2,1,1,0,2,4,2,1,2,3,3,1
"rs00034",1,2337424,3,4,0,3,0,3,1,4,2,4,0,4,4,4,1,0,0,1,2,1,2,4,1,0,1,0,1,1,0,4,0,2,0,2,4,4,4,2,0,4,3,0,4,1,2,0,3,4,0,0,2,1,0,3,2,2,1,3,1,2,0,1,4,2,0,0,0,1,1,2,3,4,2,3,4,2,3,0,0,0,4,2,3,3,2,0,4,3,1,0,4,2,2,0,2,0,0,3,2,1,0,1,3,0,2,1,3,2,4,0,0,4,2,4,3,2,3,3,0,4
"rs00035",1,2394525,4,0,0,2,1,4,2,3,2,0,2,4,0,2,4,2,2,2,2,2,2,4,2,2,1,1,1,2,4,3,3,1,0,3,4,0,4,1,4,4,1,3,1,3,0,0,4,3,4,2,2,4,1,1,1,0,0,2,0,4,4,4,3,0,0,3,2,0,4,4,4,3,1,2,3,3,4,1,1,2,2,3,1,0,0,4,2,3,2,1,2,4,3,4,2,2,2,2,1,2,0,0,0,4,4,1,3,1,3,3,3,2,0,4,1,2,0,4,2,0
"rs00036",1,2457328,3,0,1,0,0,1,0,4,4,0,1,2,4,3,4,1,3,2,3,2,4,4,0,1,2,2,3,4,4,4,1,2,3,0,0,1,1,3,0,0,2,4,1,0,1,1,3,3,4,1,3,2,4,2,3,2,4,1,2,4,0,1,3,3,2,1,3,2,3,3,3,3,2,2,4,4,4,0,0,4,0,0,0,4,4,3,0,3,3,0,2,0,4,3,4,4,2,0,4,2,4,4,4,4,3,2,0,4,1,3,3,0,3,0,4,2,4,3,2,0
"rs00037",1,2461947,0,3,2,1,4,0,1,4,0,3,2,2,3,3,3,3,0,1,4,1,4,0,4,4,2,4,0,4,1,0,3,1,1,0,3,4,1,3,3,1,1,4,1,0,2,0,0,4,1,4,2,3,2,0,2,0,1,2,3,1,3,3,3,3,1,1,2,2,4,1,2,4,4,2,4,3,3,4,1,2,0,3,0,1,4,4,3,2,4,3,0,0,2,1,3,2,3,2,2,3,3,1,1,3,1,0,4,3,2,3,4,0,1,1,2,4,2,2,0,4
"rs00038",1,2494903,1,3,0,2,1,3,1,3,4,0,3,2,4,0,3,2,1,3,2,3,2,2,3,4,3,2,3,0,3,4,4,3,3,1,0,3,1,1,4,1,2,2,0,0,4,1,0,1,2,0,3,3,1,0,2,3,0,0,0,1,3,4,3,4,3,0,1,3,0,1,3,4,4,2,2,3,4,4,0,0,3,4,0,1,4,4,0,1,1,4,1,1,3,2,4,1,4,4,0,2,3,0,2,4,4,4,2,0,3,2,2,4,1,1,4,0,4,3,3,1
"rs00039",1,2643825,1,1,0,3,4,0,2,1,2,2,2,4,0,4,3,3,3,2,2,0,2,1,4,3,4,0,0,3,4,0,4,4,3,2,4,4,1,4,1,0,4,0,1,0,0,0,0,4,2,4,0,4,2,2,1,3,1,3,2,1,0,2,4,1,3,4,4,3,0,4,1,0,3,4,3,2,1,0,2,4,1,3,4,3,3,2,2,0,1,4,0,1,1,4,1,4,0,0,3,0,0,1,4,1,4,2,4,4,0,4,3,2,1,1,4,3,1,0,0,4
"rs00040",1,2904479,1,2,3,3,3,1,1,2,3,3,2,2,0,3,3,4,2,1,3,0,4,4,1,1,3,3,4,0,0,2,2,0,2,1,4,2,2,2,0,2,2,2,4,3,1,3,3,1,3,4,0,1,2,1,0,2,4,1,4,0,3,3,2,3,3,4,2,4,0,3,3,3,0,4,1,3,3,3,1,4,4,0,1,3,0,0,0,1,4,3,3,1,1,2,1,1,4,1,2,0,1,2,4,2,3,2,0,1,2,0,3,2,2,0,4,3,0,0,0,2
"rs00041",1,2960220,2,4,0,2,2,2,1,0,3,3,3,0,1,4,3,3,3,0,1,4,1,3,0,0,1,2,2,1,4,2,4,2,2,4,4,2,2,2,2,3,1,4,0,0,0,4,0,0,3,0,1,0,1,3,4,0,4,3,1,4,3,2,0,0,3,2,1,0,1,4,2,4,4,3,3,2,1,3,0,3,1,0,2,0,1,2,3,1,2,1,0,1,0,3,3,4,0,0,3,1,0,0,1,1,0,1,1,1,4,4,1,1,2,2,3,0,3,1,3,3
"rs00042",1,2967533,0,2,4,4,4,1,3,4,3,4,3,4,3,3,4,3,2,2,3,0,3,0,4,4,2,3,1,1,1,2,4,0,4,4,3,4,4,0,4,2,1,2,3,2,3,3,2,4,4,1,2,3,0,2,1,4,0,1,1,4,3,1,4,0,2,1,2,4,1,3,4,1,3,0,1,0,3,0,4,2,4,3,2,3,3,3,1,2,3,1,0,3,0,3,0,1,3,3,0,2,3,3,2,4,3,0,4,0,1,2,3,2,0,1,4,0,1,1,0,4
"rs00043",1,3020033,3,2,4,4,1,4,2,1,0,4,2,0,1,1,0,1,0,2,3,3,0,2,0,2,3,4,0,2,2,2,1,1,1,4,3,3,3,3,2,3,1,3,2,2,1,4,0,0,4,1,0,3,2,4,0,4,0,4,4,0,3,1,1,0,2,1,2,1,2,0,0,3,1,2,3,1,3,3,0,2,4,3,2,2,3,0,4,1,0,4,0,2,1,0,3,1,2,2,1,1,4,4,0,0,4,4,3,1,0,1,3,3,3,4,0,0,2,0,3,0
"rs00044",1,3131947,3,0,1,2,3,2,0,2,2,0,3,0,1,2,4,2,3,0,4,4,0,4,3,2,3,3,2,4,3,1,2,1,1,2,4,1,0,4,1,4,4,3,3,4,0,3,1,1,3,1,4,2,1,2,2,2,3,3,0,2,2,3,0,0,1,1,4,1,0,2,0,0,4,0,4,2,3,3,0,0,0,4,4,4,3,2,3,3,1,0,3,0,1,4,2,3,0,4,3,0,3,3,0,3,3,3,2,1,4,3,3,2,2,4,1,4,3,1,4,3
"rs00045",1,3150985,3,0,1,3,0,4,1,0,4,2,4,4,1,2,0,0,2,1,2,0,3,4,4,0,0,0,2,0,4,4,1,1,3,0,3,3,3,3,3,2,2,4,0,2,2,4,1,2,2,1,1,3,4,2,2,4,1,2,3,0,4,2,1,1,4,3,1,3,2,0,4,2,2,4,1,4,4,2,3,0,3,3,4,1,1,4,2,1,2,2,2,1,2,0,4,0,3,3,2,1,0,0,1,0,0,4,3,0,4,2,1,4,1,4,0,4,3,3,3,3
"rs00046",1,3222492,2,4,0,4,4,0,1,2,1,1,1,0,2,0,0,4,1,3,1,2,3,4,4,1,2,1,0,4,0,1,3,3,3,3,4,4,3,2,1,0,2,2,3,2,2,3,3,1,4,3,4,1,1,0,1,0,3,3,0,3,4,1,1,0,1,2,0,2,3,3,1,2,4,3,2,3,3,3,0,0,0,3,4,0,4,4,0,0,0,1,1,2,4,0,2,4,4,0,1,3,0,0,2,0,0,3,4,4,1,4,4,0,3,3,3,0,4,3,1,0
"rs00047",1,3257950,4,0,3,0,3,4,0,2,1,1,4,4,1,4,4,2,4,3,0,4,1,1,1,2,4,3,1,4,2,4,3,0,2,0,3,1,3,3,4,0,3,1,0,1,2,2,0,2,1,4,0,0,0,1,4,3,4,1,0,4,4,1,1,0,4,4,1,4,2,2,2,4,3,4,1,3,2,4,3,1,1,3,4,4,2,1,3,4,1,1,1,1,4,1,3,1,1,1,3,1,4,1,2,0,4,3,0,1,4,3,3,3,0,1,0,2,1,0,2,1
"rs00048",1,3376361,3,2,2,4,3,4,4,1,0,0,4,2,3,2,1,2,1,2,3,1,0,4,0,1,2,1,4,4,3,0,1,1,2,0,3,3,1,2,3,3,1,3,1,4,1,0,4,0,0,0,1,1,0,0,4,2,2,2,4,0,2,1,4,1,1,4,2,4,0,3,1,4,0,4,4,4,1,0,0,1,2,4,3,2,3,0,1,4,0,1,0,0,4,1,2,1,2,2,4,0,1,3,0,1,1,4,4,0,0,3,2,0,4,3,2,4,3,0,4,3
"rs00049",1,3443019,2,3,1,0,1,0,1,4,2,4,2,2,2,3,4,2,4,2,4,3,1,0,4,0,0,0,1,4,2,2,3,4,2,2,3,2,4,4,1,2,0,3,2,1,3,2,1,2,4,0,1,0,3,3,4,4,4,0,2,0,2,2,4,4,3,4,2,4,3,0,3,0,0,2,4,4,3,4,4,0,3,4,2,3,4,3,1,3,4,2,3,2,3,0,4,0,2,3,3,3,2,1,0,3,2,1,0,0,2,4,4,4,2,4,1,2,2,3,1,0
"rs00050",1,3464109,2,0,1,3,0,2,4,3,3,1,1,4,2,1,3,0,3,2,3,2,3,4,0,0,3,4,3,1,0,0,4,1,3,1,1,0,0,4,2,4,0,0,4,3,1,0,0,3,0,4,3,2,1,4,1,0,2,1,0,3,4,2,4,1,1,1,3,3,1,3,0,2,2,1,2,3,4,2,0,0,0,1,1,1,2,2,3,1,1,1,2,1,2,4,1,3,3,2,2,0,2,0,4,4,0,4,3,1,1,2,3,4,2,4,4,1,4,4,3,3
"rs00051",1,3679601,2,0,4,4,1,3,2,4,2,4,2,2,0,4,0,1,0,1,1,4,3,2,3,3,0,2,4,4,2,2,3,0,3,3,1,0,3,0,1,0,3,2,4,4,0,4,2,4,2,2,0,1,1,3,3,2,3,0,2,3,2,4,2,0,2,1,3,0,1,1,4,4,2,3,3,3,4,1,3,4,3,4,2,2,3,0,0,3,4,4,2,0,2,2,2,3,4,2,0,4,4,3,3,2,3,2,0,2,0,1,2,4,3,1,1,4,1,3,4,4
"rs00052",1,3778442,1,4,3,3,1,4,4,0,4,0,0,1,3,0,0,1,3,0,0,2,1,0,4,4,3,2,1,4,4,0,2,2,3,1,4,0,4,3,1,2,2,1,0,3,0,1,1,3,4,0,3,1,4,4,3,3,4,4,0,3,0,3,4,1,4,4,0,1,1,0,4,1,1,0,0,0,3,2,4,4,4,1,0,0,3,3,1,3,0,1,4,1,3,2,2,3,3,2,4,0,4,1,0,0,2,0,0,2,4,4,4,1,1,0,0,3,2,1,3,1
"rs00053",1,3867633,2,0,4,2,0,2,2,3,3,0,1,2,0,3,0,4,2,3,2,0,4,2,0,0,0,2,4,1,0,3,1,3,0,2,3,0,1,1,4,4,0,4,1,0,3,4,0,2,2,2,2,1,4,3,1,0,0,2,3,2,3,3,0,3,4,2,1,0,1,1,4,2,1,2,4,4,0,4,1,4,1,2,2,3,2,1,1,4,2,3,2,3,3,0,4,1,0,0,0,1,3,0,1,0,3,3,1,1,3,4,3,1,4,2,2,2,0,4,1,2
"rs00054",1,3956874,2,2,1,2,4,2,1,3,2,0,0,2,3,1,3,0,0,4,0,2,3,2,0,3,2,3,2,4,0,3,4,3,0,3,4,0,1,4,1,4,3,4,0,2,1,2,0,3,3,3,1,1,0,0,1,1,2,4,4,0,4,2,3,1,4,0,2,0,4,0,1,1,4,2,1,0,3,2,4,2,1,4,2,4,1,2,0,0,3,1,1,1,2,0,1,1,2,4,4,2,1,1,0,2,4,1,4,0,2,3,2,4,2,3,4,0,3,0,3,1
"rs00055",1,3963879,1,2,3,4,2,2,0,4,2,4,0,1,0,0,2,2,2,1,1,1,4,1,3,2,2,0,0,1,3,2,4,3,3,3,0,0,0,2,2,1,2,3,1,2,2,1,0,2,1,4,1,0,1,3,4,0,2,0,3,1,1,1,4,2,1,0,4,4,2,3,4,4,0,4,3,1,0,2,3,3,0,1,2,1,0,0,0,0,1,3,2,1,1,3,4,4,0,0,1,1,2,4,0,4,2,2,0,3,3,2,2,4,4,1,4,0,2,1,4,2
"rs00056",1,4228788,2,0,0,1,1,2,3,1,3,3,0,2,1,3,2,1,4,0,0,0,3,3,1,0,1,2,3,1,4,0,1,3,0,0,0,1,0,2,2,1,0,0,2,0,0,2,2,1,2,0,3,3,4,1,4,0,1,4,2,2,0,2,1,4,3,1,1,3,4,2,1,2,0,3,1,1,0,3,2,2,4,2,4,1,4,3,0,0,1,4,2,1,3,0,2,4,2,0,3,0,3,3,2,3,2,3,0,4,3,0,1,0,0,4,0,4,0,3,3,1
"rs00057",1,4296355,3,0,2,4,3,3,3,4,0,0,2,0,2,0,2,4,4,2,4,3,2,3,0,2,2,0,4,3,3,3,1,3,3,0,1,0,4,2,1,4,1,3,3,4,4,2,0,0,1,0,2,3,1,4,0,1,2,4,1,3,2,4,0,1,3,1,1,3,4,1,0,4,0,2,0,4,2,4,3,4,1,1,3,3,1,2,1,3,1,2,1,2,2,4,0,2,0,0,1,4,2,1,4,2,2,2,2,0,3,1,3,0,0,2,3,0,3,0,1,0
"rs00058",1,4297109,3,0,3,2,0,4,1,3,0,3,2,3,0,4,1,1,4,3,3,2,1,3,0,4,2,2,3,2,4,4,2,3,2,2,2,2,0,4,3,0,2,1,2,3,2,0,1,2,2,1,3,0,4,4,1,2,0,2,0,0,4,1,2,3,2,2,2,3,4,1,3,4,0,2,0,4,3,1,0,2,2,2,1,3,2,0,4,2,4,2,0,0,0,4,0,1,1,0,3,2,3,2,4,4,4,1,4,1,3,3,1,2,3,3,2,4,0,3,4,1
"rs00059",1,4301554,1,2,4,4,3,2,1,4,4,0,1,3,3,0,4,1,1,1,3,0,1,4,2,2,0,3,2,2,4,2,4,1,0,3,3,2,0,4,0,3,2,0,2,4,0,0,4,4,1,3,1,2,4,0,1,2,3,1,0,0,0,1,3,2,2,4,4,2,4,3,4,3,1,2,2,3,2,0,0,4,2,2,1,2,1,2,4,2,3,1,2,1,0,3,1,0,2,2,3,0,1,1,3,1,2,4,1,1,2,1,4,3,0,3,2,1,3,3,4,2
"rs00060",1,4464525,1,2,0,3,4,2,3,2,4,1,4,2,3,0,1,0,0,4,2,0,4,0,4,2,3,1,1,4,0,3,0,1,0,1,3,0,1,2,4,4,1,2,2,0,1,2,1,4,1,0,0,2,2,1,2,4,4,0,3,3,1,4,0,3,2,3,4,2,2,3,0,4,3,4,1,4,4,1,0,0,1,3,1,1,2,4,2,1,4,3,1,4,4,0,0,2,0,4,1,3,1,1,0,1,3,3,0,3,1,4,2,4,4,2,4,3,0,3,4,4
"rs00061",1,4468556,1,0,3,3,4,4,1,4,4,4,1,4,4,1,2,2,1,1,0,3,3,2,1,4,1,1,2,2,3,0,4,0,2,0,3,1,0,2,4,4,2,0,0,2,4,1,4,4,2,1,1,2,3,1,0,3,4,0,0,1,3,0,3,1,4,1,0,3,1,3,3,1,3,3,1,1,1,1,2,0,3,4,1,2,0,3,3,4,0,2,1,1,3,2,1,1,1,4,3,1,0,1,1,4,3,3,0,1,3,0,1,0,3,1,2,1,3,1,0,1
"rs00062",1,4553969,0,2,1,3,1,4,3,3,0,2,3,1,1,4,2,0,2,3,1,0,0,1,0,0,4,1,1,1,0,2,3,3,2,0,1,0,4,2,3,0,1,2,2,1,0,0,4,3,3,2,3,4,2,3,2,4,3,2,1,0,3,0,1,3,1,3,3,4,0,1,2,3,0,0,0,0,3,2,1,2,0,0,0,1,1,1,4,3,1,3,3,2,2,3,3,1,3,2,1,1,4,4,3,0,2,2,4,1,4,4,2,0,1,1,2,2,4,1,3,3
"rs00063",1,4967861,3,0,2,0,1,3,3,2,4,4,2,0,2,1,4,1,2,1,1,0,3,1,1,3,2,3,2,0,2,1,3,3,2,2,1,0,0,4,1,1,4,4,3,0,3,3,2,2,0,3,1,4,3,4,3,3,0,0,4,4,0,4,3,1,0,3,1,0,4,3,2,0,1,4,4,0,1,4,4,0,2,3,1,0,3,3,2,3,0,1,0,4,3,3,1,0,4,0,0,2,3,0,3,3,2,2,0,4,0,2,2,4,1,4,1,3,3,2,0,0
"rs00064",1,4982061,4,3,4,0,1,2,2,1,1,0,4,1,3,2,0,3,2,2,4,3,2,1,4,2,3,2,2,2,0,0,1,4,2,4,1,2,2,4,0,0,0,2,0,4,1,4,4,1,1,3,2,2,0,3,0,4,3,4,4,0,3,3,4,2,1,1,3,1,4,3,1,2,1,1,4,3,1,3,0,0,3,2,3,3,4,3,3,3,2,3,2,1,0,2,1,2,2,3,0,0,2,1,0,4,4,1,2,1,1,3,0,4,4,4,0,0,2,4,1,4
"rs00065",1,5155790,0,2,3,3,0,4,1,0,4,3,1,4,4,4,4,0,0,0,4,1,4,2,0,3,0,1,3,0,1,4,2,2,1,3,1,2,2,2,0,4,2,3,1,4,0,2,4,1,0,2,2,4,4,2,2,3,4,3,1,0,2,0,3,0,4,1,2,0,3,2,2,0,4,1,0,1,3,0,1,4,3,0,4,3,2,0,3,4,2,2,2,1,3,4,3,2,4,3,1,0,3,4,1,4,2,2,2,4,3,1,4,0,4,3,3,2,1,3,1,0
"rs00066",1,5257004,2,3,2,4,0,0,3,3,1,3,1,3,3,3,0,0,2,4,1,4,3,2,1,2,4,3,2,0,2,1,1,2,4,1,0,0,2,4,0,0,4,3,0,3,4,3,4,4,4,0,1,1,4,4,3,4,0,3,1,0,2,3,3,2,4,0,0,0,3,0,3,4,4,3,3,4,4,2,3,0,4,4,4,4,4,4,1,2,2,3,2,1,3,2,0,1,2,2,2,4,4,3,3,0,4,2,4,3,3,3,4,0,1,4,2,2,4,1,0,3
"rs00067",1,5261761,0,0,0,1,4,0,1,1,2,2,0,0,3,0,0,0,3,4,0,0,1,1,3,2,1,0,2,3,3,1,0,4,3,3,4,2,1,4,2,3,1,1,1,4,3,1,1,4,0,4,1,3,2,3,1,1,3,3,2,0,4,1,2,0,0,4,4,2,4,4,2,4,2,4,1,3,2,3,3,1,2,1,3,1,1,1,0,1,1,1,3,2,4,2,1,3,0,1,4,1,3,4,3,3,4,4,0,2,0,1,0,1,2,4,3,4,1,0,0,2
"rs00068",1,5655951,2,1,2,3,1,2,4,3,0,0,1,1,0,2,2,2,1,3,0,1,1,1,1,4,1,0,2,0,2,3,4,1,2,1,0,3,4,3,3,3,4,4,2,0,1,4,4,3,2,4,3,0,2,1,0,0,2,1,2,0,2,0,1,2,3,1,1,2,4,0,3,0,2,1,3,3,4,1,2,0,2,4,4,0,1,1,0,2,1,4,1,0,3,4,4,2,3,2,4,2,1,2,4,1,3,2,0,0,2,2,4,0,2,1,3,3,0,3,3,3
"rs00069",1,5726285,0,1,4,1,3,4,1,3,2,0,1,3,2,1,2,1,0,3,3,0,2,0,4,3,0,2,4,0,0,3,1,0,2,2,2,1,4,1,2,4,3,2,2,4,1,1,0,4,3,0,1,4,0,2,4,0,0,1,4,1,0,2,1,1,3,3,4,1,2,3,2,4,3,1,0,2,1,1,0,4,1,4,4,0,3,4,2,1,4,1,4,0,0,4,3,0,2,4,2,2,1,2,2,2,0,2,4,4,3,1,4,3,4,1,4,0,1,2,2,2
"rs00070",1,5915281,4,0,0,4,4,2,3,3,4,4,4,1,4,4,2,0,4,3,1,0,2,0,1,1,2,1,3,4,1,3,0,1,3,1,3,3,3,1,0,0,1,1,0,4,3,3,1,3,3,2,1,4,0,0,0,1,4,2,3,0,2,2,4,0,0,0,0,0,0,4,1,4,2,3,4,1,4,2,1,3,3,2,2,1,0,2,3,1,2,2,1,3,3,2,1,0,4,2,1,1,3,3,0,1,4,4,0,3,3,4,2,3,0,1,4,4,0,4,4,2
"rs00071",1,5916629,0,2,1,4,2,0,3,2,3,1,1,3,3,0,2,1,1,3,4,1,1,0,1,1,1,3,0,0,2,2,3,0,2,2,4,4,0,0,3,3,1,3,3,1,1,3,4,4,4,1,2,3,1,1,3,0,0,2,2,0,4,3,0,1,4,2,4,3,1,3,0,4,1,4,0,0,0,1,0,3,1,2,3,2,3,4,0,3,1,4,1,1,0,4,2,3,3,3,4,3,2,4,0,0,3,0,2,2,1,3,3,0,0,1,0,3,2,0,1,1
"rs00072",1,5939693,0,0,2,1,3,4,1,1,1,2,0,3,1,1,2,2,3,0,1,0,3,1,3,1,1,2,3,1,0,0,0,4,2,3,2,2,0,4,0,2,2,4,3,4,3,4,3,1,4,3,0,0,0,4,2,2,2,2,2,1,3,2,1,1,4,4,1,3,2,0,2,0,1,2,0,4,2,3,3,2,0,3,0,4,2,4,1,2,4,4,1,3,1,4,4,0,2,2,1,0,1,3,1,3,2,3,0,3,1,2,4,4,0,3,4,3,1,0,3,4
"rs00073",1,5971353,3,2,1,3,1,1,4,0,2,4,0,0,0,2,0,4,0,1,3,1,2,3,4,3,3,1,0,0,4,0,1,0,1,1,2,4,0,3,3,0,0,4,0,4,4,0,3,4,0,2,2,4,2,2,2,0,3,3,2,0,3,2,0,2,2,3,1,2,1,0,1,0,2,2,2,4,1,2,3,4,4,2,4,3,0,4,1,0,4,1,2,4,1,2,4,2,4,3,2,3,1,0,4,0,1,3,2,0,1,4,1,4,3,4,2,0,4,1,1,0
"rs00074",1,6010227,4,2,2,3,0,3,3,1,3,3,0,0,4,2,2,1,2,1,3,3,2,1,4,4,3,0,3,3,4,2,0,4,4,2,1,4,2,4,4,3,1,1,1,2,2,2,4,4,0,0,1,2,3,1,0,2,3,4,0,0,1,3,3,3,0,0,3,2,3,3,0,4,3,4,1,2,2,3,1,4,4,0,4,2,3,2,3,1,1,0,4,1,1,2,3,4,1,4,4,1,1,0,4,1,2,1,0,3,2,4,2,4,1,0,4,0,1,1,1,1
"rs00075",1,6146386,0,3,3,2,3,1,2,3,3,0,1,4,3,2,4,3,3,4,4,0,4,2,3,4,4,3,0,0,3,3,2,3,4,1,3,1,1,0,3,3,2,0,3,4,3,0,2,3,0,0,0,1,2,3,4,0,4,0,0,3,0,4,1,0,2,1,3,1,3,1,4,1,1,4,3,1,3,3,4,2,3,4,3,4,3,0,2,4,3,2,4,0,3,4,2,3,1,1,0,0,0,2,3,1,1,0,3,0,4,3,1,2,0,0,2,1,0,2,0,0
"rs00076",1,6175169,0,3,1,4,2,2,4,0,2,3,4,1,1,2,1,2,0,2,4,1,1,2,4,2,2,3,1,1,2,1,1,4,0,4,1,0,2,3,2,1,3,4,4,4,0,1,3,0,3,4,4,0,1,2,3,3,1,1,1,0,4,4,4,1,3,2,1,1,3,0,2,0,2,1,1,4,0,3,0,1,4,3,3,1,0,4,4,0,4,2,1,4,0,3,4,3,3,3,4,3,1,2,2,3,2,3,4,4,3,4,0,2,0,3,3,2,3,3,0,3
"rs00077",1,6241548,0,2,3,0,2,0,3,3,4,4,4,1,4,4,4,1,0,4,4,2,3,2,4,2,0,4,4,4,3,4,1,2,4,4,4,0,0,4,4,0,4,3,1,2,1,3,3,0,4,4,2,0,3,1,0,4,4,0,3,1,2,4,2,0,2,2,0,0,4,2,4,3,1,0,1,1,2,4,3,0,4,1,1,0,1,0,2,2,4,4,1,2,0,1,4,0,0,4,2,2,4,3,2,4,3,4,1,2,3,3,2,4,2,1,4,2,0,4,2,3
"rs00078",1,6301185,4,2,2,2,3,2,0,2,0,2,1,1,1,1,0,0,3,1,1,0,4,2,4,4,4,0,1,0,1,3,3,0,3,2,0,1,0,0,1,3,4,3,4,2,1,2,2,0,0,2,2,0,1,2,1,4,2,2,4,2,0,3,3,3,1,4,0,1,0,3,4,3,4,1,2,1,0,3,2,1,3,3,3,3,2,0,2,1,1,4,4,4,1,4,2,2,4,3,3,1,1,3,3,4,4,2,3,3,2,1,1,2,0,4,1,0,4,2,0,0
"rs00079",1,6475065,3,0,2,2,0,3,3,4,1,3,4,4,0,0,4,0,1,3,0,3,1,0,2,0,0,4,4,0,4,2,2,3,1,4,2,2,2,3,1,4,0,3,4,1,1,1,0,1,1,0,2,3,4,4,2,4,0,3,4,3,1,1,4,4,3,0,2,4,4,2,1,1,4,1,0,0,2,1,4,1,1,0,2,1,4,4,0,2,3,0,0,3,1,4,2,3,0,0,1,3,1,3,0,2,4,0,3,2,3,0,3,1,4,0,0,2,0,0,4,3
"rs00080",1,6488994,4,1,1,3,2,3,0,3,4,4,4,1,4,4,4,4,1,1,3,3,1,2,0,0,1,2,0,0,3,0,0,4,1,1,0,3,3,2,4,4,1,1,0,2,1,2,1,0,1,3,4,0,1,3,0,1,4,2,2,3,2,4,0,1,1,3,3,0,3,4,1,2,3,3,1,1,1,1,4,3,2,3,3,4,1,4,4,3,3,0,2,1,1,0,3,4,4,1,0,1,0,3,4,1,4,3,1,1,0,1,1,2,4,2,0,3,0,1,2,0
"rs00081",1,6596870,2,2,0,1,1,1,3,0,2,1,2,1,0,0,1,3,3,0,3,2,2,0,2,3,2,3,2,3,2,2,1,4,0,2,1,0,2,2,1,1,3,0,3,3,3,1,3,4,4,1,3,2,3,3,4,2,2,4,4,2,4,0,0,2,3,3,3,1,4,4,3,4,3,1,0,3,0,3,0,0,1,0,3,4,3,0,0,0,0,0,1,4,1,2,3,4,3,2,1,2,1,4,3,1,0,2,1,0,0,3,1,4,4,1,2,3,0,0,0,4
"rs00082",1,6612761,1,4,4,1,0,0,4,0,2,2,3,2,2,2,2,4,3,0,3,1,2,3,2,1,4,2,2,2,4,3,1,0,2,3,4,3,3,1,4,1,3,3,2,1,4,3,3,3,0,1,0,3,1,3,4,4,3,1,1,4,2,4,0,3,0,0,4,1,2,1,2,0,0,1,2,2,3,1,0,0,4,0,1,1,0,1,0,2,2,0,1,0,3,3,3,4,0,0,3,3,4,1,1,3,0,4,2,0,4,2,0,4,2,1,2,2,0,0,3,0
"rs00083",1,6647952,4,4,3,3,2,1,1,0,2,3,2,3,4,1,1,2,1,0,4,2,2,4,2,1,3,3,1,2,3,1,1,0,3,4,2,4,3,3,3,4,0,2,2,3,1,2,4,2,4,4,4,0,0,0,3,4,3,4,1,4,2,0,4,4,0,4,1,3,3,0,3,3,0,1,4,4,1,3,0,0,1,2,0,3,3,4,2,3,1,4,0,3,3,3,1,0,1,0,1,4,2,4,3,3,4,0,1,2,3,0,0,0,3,3,3,2,2,4,4,4
"rs00084",1,6849492,3,1,1,2,0,2,1,2,2,4,0,3,0,2,4,1,3,4,0,0,1,0,4,1,4,3,3,1,0,1,0,0,3,0,2,3,1,1,4,0,1,0,4,4,3,3,4,2,4,3,2,2,3,2,3,4,2,2,4,3,3,3,2,3,1,2,2,1,0,1,0,1,0,4,0,2,2,0,4,4,2,1,4,2,0,2,2,3,4,1,4,1,4,2,0,4,4,0,0,2,4,4,0,0,3,4,4,1,4,2,3,2,3,3,2,0,3,0,0,0
"rs00085",1,6883728,1,3,3,3,2,2,3,0,1,3,1,1,1,1,2,3,3,1,0,1,3,0,0,1,4,4,3,1,0,0,0,4,3,4,3,0,4,0,3,3,3,2,0,0,2,4,3,4,2,4,3,4,3,4,3,3,1,1,3,3,2,0,2,2,3,3,0,3,3,3,3,1,2,1,2,4,3,3,0,1,2,0,0,2,3,0,3,3,2,1,4,4,3,0,3,0,4,2,1,2,1,1,2,1,2,4,3,2,3,2,0,3,0,1,3,3,4,3,4,1
"rs00086",1,7005397,3,4,0,3,1,0,2,2,3,3,3,2,0,3,4,3,2,3,2,2,3,4,4,1,2,4,3,3,1,3,2,4,4,0,0,2,4,2,0,3,1,4,4,1,4,3,2,1,3,2,4,3,0,2,4,0,1,4,0,2,0,2,1,3,3,0,3,0,0,0,1,4,4,1,0,2,4,0,2,2,3,3,3,4,0,1,2,4,1,4,4,4,0,0,2,3,1,1,3,1,1,1,3,4,2,4,1,3,1,0,2,0,0,2,2,0,2,1,4,0
"rs00087",1,7006861,3,4,1,0,0,0,1,2,4,1,3,0,4,1,0,2,0,0,4,4,3,2,2,4,3,0,1,1,1,1,3,0,4,4,3,3,0,3,0,2,2,0,0,4,0,4,0,3,3,2,1,2,3,1,2,0,0,2,2,3,3,2,1,1,3,0,1,3,0,2,4,1,1,4,1,1,2,0,3,0,2,2,2,0,0,0,3,1,2,2,1,3,2,3,3,1,1,0,3,2,1,0,1,0,2,3,0,0,1,3,1,1,2,0,0,2,4,1,1,2
"rs00088",1,7040141,4,2,0,1,3,2,3,3,2,1,3,3,1,0,1,0,1,4,1,0,0,1,3,1,2,0,1,4,1,0,3,1,2,3,2,1,3,3,3,2,4,2,2,4,1,1,3,4,4,0,1,3,1,0,3,1,3,2,1,3,1,3,2,2,2,3,2,0,1,3,3,3,4,4,0,1,2,0,2,0,3,0,1,1,4,3,0,3,0,4,4,4,3,3,4,3,4,0,1,3,4,0,1,1,3,2,3,3,0,4,2,2,2,2,1,4,0,2,1,0
"rs00089",1,7209777,2,2,3,0,1,0,3,2,0,2,1,3,3,4,3,3,0,4,4,4,1,3,2,1,1,2,2,2,0,4,1,2,2,3,1,2,1,3,0,4,3,2,0,0,1,3,4,1,2,2,3,0,4,1,1,0,2,0,3,4,3,3,1,0,4,1,4,0,4,2,1,2,0,1,1,2,2,2,2,0,0,4,2,4,4,1,4,3,4,4,2,4,1,3,3,4,0,4,0,3,4,3,2,3,0,1,4,4,0,2,1,4,0,1,4,1,1,4,0,1
"rs00090",1,7256108,3,2,1,0,2,3,0,1,2,3,4,0,1,2,3,1,4,0,1,0,4,4,2,1,1,0,2,4,0,0,2,3,2,3,3,4,1,2,4,3,3,2,0,2,2,4,2,1,0,1,4,4,2,0,4,0,0,0,3,0,0,3,0,4,2,0,2,2,1,1,1,4,3,1,4,1,1,0,3,0,0,0,3,1,3,2,1,0,3,2,0,3,4,1,4,2,1,0,0,0,1,3,0,4,3,4,1,2,4,1,2,4,3,2,4,3,0,1,0,1
"rs00091",1,7338809,1,3,2,3,4,0,0,3,0,1,4,4,0,4,1,4,0,0,2,4,2,0,4,1,3,1,2,1,0,3,3,1,1,2,1,4,0,0,0,1,3,2,2,0,2,4,1,3,0,1,3,1,1,3,0,2,1,1,0,1,4,4,4,0,3,0,2,4,2,3,3,4,0,4,3,4,4,2,0,2,1,2,0,0,3,1,4,0,1,2,0,0,0,2,2,0,2,0,3,4,0,0,2,3,3,4,1,3,2,1,3,4,0,3,1,0,3,3,4,3
"rs00092",1,7379678,1,4,4,4,3,2,4,4,0,1,4,3,0,0,1,0,0,3,4,4,3,0,2,3,4,3,0,4,2,1,2,0,0,1,0,1,1,4,3,1,3,4,2,3,2,1,3,0,4,3,0,1,4,1,2,1,2,1,3,2,0,3,1,1,4,3,0,2,2,3,0,3,4,1,2,3,0,1,1,4,3,0,3,0,3,2,4,2,1,1,4,1,0,3,3,1,3,1,1,0,3,2,4,2,1,0,1,2,0,1,1,0,4,1,1,1,4,2,3,4
"rs00093",1,7489921,4,4,4,3,1,3,4,0,1,1,1,3,0,4,1,0,0,4,0,4,2,3,2,0,1,1,1,3,2,1,0,4,0,0,0,2,0,1,0,0,1,1,3,0,3,3,4,0,1,1,2,2,0,4,3,0,4,3,0,4,1,0,1,4,3,4,3,1,4,3,3,1,0,3,0,3,4,4,1,2,2,4,1,0,3,4,2,3,1,2,0,0,3,4,2,1,4,2,2,3,3,1,4,0,3,4,2,1,2,0,0,0,4,1,3,3,0,4,0,1
"rs00094",1,7518930,2,1,1,4,3,2,1,2,3,3,1,0,4,2,2,4,1,2,4,3,1,3,1,4,3,3,0,0,1,1,4,2,2,1,0,3,1,2,2,2,0,3,0,1,0,1,4,3,2,2,1,0,2,4,3,4,4,2,4,0,1,3,3,3,4,0,0,0,1,3,0,4,4,1,3,3,3,4,4,4,2,4,2,2,4,0,1,4,2,1,4,3,0,3,3,1,2,4,1,4,0,4,3,4,0,0,3,1,4,4,0,4,2,2,4,1,1,0,4,3
"rs00095",1,7536139,0,4,4,3,0,0,4,4,2,1,3,0,2,3,2,1,1,1,0,0,3,2,4,1,4,0,2,0,2,0,2,0,3,0,2,4,2,2,3,2,2,3,2,3,1,3,1,3,2,3,0,3,3,4,3,1,3,3,4,4,4,0,0,4,2,1,2,1,0,4,0,1,2,3,1,2,4,3,3,2,1,0,4,3,0,3,1,3,3,2,3,2,4,1,0,4,1,3,3,1,1,3,0,4,4,0,0,1,3,4,0,0,4,0,3,0,4,0,2,3
"rs00096",1,7538384,1,4,0,1,0,4,1,3,2,0,1,0,3,2,3,1,2,2,2,0,1,4,2,1,1,2,1,0,4,2,4,1,0,1,4,4,2,1,1,0,2,3,0,1,1,0,4,4,2,1,4,4,1,4,3,0,4,3,4,4,4,0,1,3,4,1,3,2,0,0,3,3,0,4,2,4,4,1,1,1,3,2,3,0,0,0,4,1,4,4,3,4,1,3,3,3,2,3,1,3,4,1,3,4,0,1,1,0,4,0,0,2,2,1,0,0,4,3,4,0
"rs00097",1,7611473,2,1,0,0,4,4,3,0,2,0,4,1,4,0,1,4,1,1,1,0,3,3,2,1,4,2,3,1,2,0,0,0,2,2,2,2,3,2,1,0,3,0,2,4,0,3,1,3,4,0,1,1,0,1,2,4,2,2,0,1,0,0,3,1,0,4,4,0,1,2,3,3,4,4,2,3,1,4,1,4,1,4,2,3,2,2,4,3,4,3,3,2,1,3,1,1,0,3,1,3,2,4,4,1,1,0,1,4,2,0,4,3,2,1,0,3,2,1,2,4
"rs00098",1,7773284,4,4,2,0,0,3,0,4,1,4,1,2,4,3,3,3,1,4,0,2,0,0,0,1,0,4,0,2,2,3,3,3,3,3,2,4,2,0,2,0,4,3,2,0,1,3,2,2,2,2,4,1,3,2,2,3,2,2,3,4,1,1,4,3,0,1,0,3,0,1,1,2,1,0,4,1,0,4,1,2,3,1,0,3,4,2,1,0,3,3,3,2,3,3,4,1,3,3,3,4,2,1,4,3,2,2,3,1,3,2,3,0,1,3,4,1,1,1,1,3
"rs00099",1,7900911,1,1,4,4,1,1,2,0,3,3,4,4,0,2,0,4,2,3,1,0,1,1,1,0,1,1,2,1,4,3,0,4,3,2,2,2,4,1,1,4,1,2,3,2,2,4,3,1,1,2,2,2,3,3,4,1,0,2,4,4,1,2,0,3,0,3,1,1,0,4,3,1,1,1,3,0,1,3,1,4,1,2,2,1,0,2,0,1,3,0,0,1,4,1,0,2,1,3,4,0,2,0,2,1,1,3,3,2,0,3,1,4,1,4,1,3,4,0,4,0
"rs00100",1,7909897,3,3,1,0,2,3,0,2,0,4,4,2,0,1,1,2,1,0,2,4,1,2,2,3,4,4,3,4,3,2,2,0,4,2,4,4,3,2,4,1,0,1,0,4,0,1,3,3,2,0,3,0,4,1,1,3,0,4,2,0,3,1,2,0,0,1,2,2,0,3,3,4,3,4,4,0,4,2,3,1,3,0,0,1,3,3,0,0,0,3,0,0,4,3,3,1,4,0,1,3,0,2,0,0,3,2,3,4,0,3,2,2,1,1,0,2,2,4,1,0
"rs00101",1,8197512,2,2,0,3,3,0,3,3,2,3,2,0,1,0,2,0,1,1,0,4,4,1,0,4,4,1,1,1,0,2,1,1,2,0,0,2,3,0,2,3,4,3,4,1,2,3,3,4,1,3,0,0,3,0,1,2,3,1,2,0,3,3,3,1,3,2,3,1,4,0,4,2,1,2,0,2,4,3,0,1,3,2,1,1,1,2,2,1,2,3,0,4,1,0,4,0,1,1,0,1,3,0,3,2,0,3,1,3,4,3,0,4,4,1,3,2,0,1,4,0
"rs00102",1,8464517,3,2,4,2,2,0,0,2,0,0,0,4,4,1,3,0,4,4,3,3,1,2,1,2,1,0,3,0,3,1,1,2,1,3,4,3,2,3,3,0,1,1,1,3,4,3,3,2,2,4,2,0,4,0,3,1,2,0,3,4,4,1,0,1,1,1,2,4,0,2,2,0,1,3,0,1,1,3,1,0,1,0,2,2,1,2,4,0,1,1,3,1,0,1,4,2,0,4,4,2,4,2,4,0,2,0,0,2,3,2,1,4,2,3,0,4,1,4,2,1
"rs00103",1,8521383,4,3,2,4,2,0,4,4,2,4,3,0,1,4,3,1,3,3,2,3,4,2,3,4,1,0,4,2,3,1,1,0,4,2,1,0,2,4,1,4,2,3,2,4,1,1,2,4,3,2,1,1,2,0,4,4,2,3,2,4,0,2,0,4,3,4,4,3,3,0,4,2,1,3,3,4,3,4,4,0,4,0,3,1,1,4,2,0,4,3,0,3,2,3,4,4,2,4,0,1,0,1,1,3,2,0,1,4,0,3,4,1,4,4,1,4,2,4,2,1
"rs00104",1,8534618,1,3,4,2,1,0,2,3,4,2,0,1,4,4,0,2,1,2,1,1,4,0,4,4,0,0,3,1,3,1,2,1,3,1,0,2,1,0,0,1,2,3,0,4,2,1,2,4,4,2,4,2,3,2,3,2,4,0,1,3,3,0,0,2,0,1,2,3,1,4,1,3,3,3,0,4,1,4,4,3,1,0,3,1,1,4,4,0,4,1,2,3,0,2,3,0,1,3,4,1,0,2,0,0,1,2,3,0,3,2,3,0,3,1,3,2,4,4,4,4
"rs00105",1,8591921,3,0,2,3,2,3,2,0,3,0,1,0,2,2,2,0,4,4,2,1,4,3,3,0,4,1,4,0,3,0,3,4,3,1,1,2,4,3,1,1,3,4,3,1,3,4,3,1,0,1,2,4,2,2,2,0,2,4,4,3,2,0,3,3,4,4,2,3,0,4,4,0,1,3,3,3,3,0,4,1,3,1,4,1,1,0,1,2,3,4,0,3,2,4,4,0,4,2,0,3,2,3,2,0,2,0,1,4,1,2,3,1,1,4,3,4,4,2,1,3
"rs00106",1,8596756,4,1,4,0,4,4,3,0,2,0,2,0,0,0,3,4,2,4,3,4,0,0,1,4,0,4,3,3,2,0,3,2,0,4,3,0,0,0,3,0,2,3,3,0,2,2,0,2,3,4,0,2,0,4,0,3,2,0,4,1,3,3,0,2,3,4,0,0,3,0,2,1,4,1,3,0,4,1,4,1,4,2,3,2,4,3,4,1,4,1,3,2,1,4,2,0,1,3,3,0,0,4,1,1,3,0,3,4,4,3,3,4,0,1,4,0,4,1,2,4
"rs00107",1,8613597,4,3,0,0,4,1,0,0,1,1,2,1,0,0,2,0,3,1,4,3,1,2,4,0,0,0,3,2,2,3,4,4,3,4,0,2,4,3,3,4,4,4,3,1,3,4,0,3,3,4,2,4,0,3,3,2,4,1,2,0,0,3,3,0,2,1,1,0,2,1,1,3,2,0,1,3,1,0,2,2,3,3,3,1,0,0,4,2,4,4,1,2,0,1,1,4,2,4,3,3,4,0,1,2,1,4,1,2,0,1,4,0,1,4,1,3,2,3,3,0
"rs00108",1,8779472,4,1,0,2,2,2,1,4,3,0,0,3,0,2,1,4,3,0,0,3,2,2,4,4,4,3,0,2,1,3,0,2,1,2,4,2,2,1,4,3,1,4,1,2,4,1,1,4,1,1,2,3,4,1,4,3,3,4,3,3,2,2,0,4,4,4,2,2,1,2,1,4,1,3,0,3,1,1,1,3,3,3,4,4,3,1,3,2,1,3,4,2,4,4,1,2,2,4,1,0,2,2,2,2,4,3,1,2,1,3,0,1,3,3,1,0,3,0,1,2
"rs00109",1,8782733,1,1,1,4,0,1,1,0,0,1,2,3,2,1,4,3,3,1,1,0,3,2,2,4,3,1,3,1,3,0,4,3,3,0,2,2,0,1,3,1,2,0,4,3,3,3,0,1,1,3,4,0,1,3,0,1,2,2,2,4,1,1,3,2,4,2,3,4,2,1,3,3,3,2,4,0,2,0,2,2,1,0,4,0,3,0,0,2,1,2,1,4,1,2,2,4,0,2,2,4,1,0,2,2,2,3,4,0,1,2,1,0,1,0,2,3,4,4,3,3
"rs00110",1,8809429,3,0,4,0,3,4,1,0,3,2,4,4,4,0,1,3,2,0,2,3,3,0,4,2,0,0,0,4,1,2,1,4,3,2,4,1,4,0,4,3,3,1,0,2,1,1,3,4,4,4,3,4,3,0,2,3,2,2,0,0,4,3,3,1,0,2,0,1,0,2,0,0,3,1,1,3,3,0,1,3,0,4,4,2,2,2,1,1,1,3,2,1,0,3,3,3,0,1,3,3,3,0,0,0,4,1,4,2,3,4,3,2,2,1,4,1,4,2,2,1
"rs00111",1,8827408,4,4,1,3,3,4,2,2,1,0,2,0,1,3,4,2,1,4,2,1,2,0,2,2,2,4,1,0,4,2,2,0,2,3,3,0,2,4,1,2,3,1,2,1,0,2,2,3,2,4,3,3,0,1,2,4,4,0,0,2,3,0,1,2,4,0,4,2,1,2,3,4,0,0,4,3,1,4,0,1,4,4,2,0,2,1,1,1,3,3,2,0,4,1,3,0,0,4,2,1,1,3,1,0,0,3,4,2,3,2,3,1,0,1,4,0,2,4,1,0
"rs00112",1,8917737,3,0,0,0,0,1,3,1,0,1,4,3,2,0,0,4,0,1,1,3,2,1,3,2,0,2,4,4,1,4,0,4,3,3,3,3,0,0,3,3,4,0,0,1,3,1,4,1,4,2,4,0,0,1,3,1,2,1,3,4,1,1,2,0,1,1,0,1,2,0,2,2,2,3,3,0,2,4,1,4,0,4,1,4,1,4,0,4,4,2,1,2,1,1,1,0,3,3,4,3,3,0,2,2,2,3,0,2,0,1,0,2,0,3,0,3,2,0,1,1
"rs00113",1,9063548,1,1,4,0,2,1,2,0,0,1,1,0,2,1,2,0,3,1,3,1,3,0,0,0,1,1,0,2,3,4,0,2,4,1,0,2,1,1,4,2,3,1,3,2,1,2,1,4,0,0,3,4,1,1,0,3,0,2,4,4,1,2,3,4,3,2,2,4,0,2,0,2,0,1,1,2,3,0,2,0,2,4,1,2,4,3,4,4,1,3,1,3,1,0,0,3,1,3,1,4,4,2,0,3,4,1,4,1,1,1,2,0,0,0,2,3,0,4,0,1
"rs00114",1,9105879,0,3,1,4,4,0,0,1,1,4,0,0,1,4,2,4,4,4,4,1,2,3,0,3,2,4,0,3,4,0,3,2,1,3,1,2,0,2,3,0,0,4,3,2,3,0,1,3,2,4,3,2,4,0,0,3,3,2,3,4,1,4,3,0,0,3,1,1,0,4,2,0,3,4,3,3,1,4,2,3,1,2,2,4,4,1,1,3,0,1,2,1,4,3,3,3,1,4,0,3,2,3,2,3,0,1,3,1,2,1,1,4,0,2,0,3,4,4,2,4
"rs00115",1,9351600,2,1,4,1,1,2,0,1,1,1,2,1,1,0,4,1,3,4,2,1,2,0,0,1,3,4,1,0,1,1,0,1,1,4,4,4,2,2,0,4,3,3,3,1,3,1,1,1,4,1,2,0,3,1,2,4,1,4,3,4,1,3,4,2,0,2,4,2,1,0,4,1,1,2,3,0,0,4,1,1,3,0,3,4,2,1,3,4,4,3,4,3,2,2,4,1,1,3,2,0,3,4,3,2,1,2,1,2,1,3,0,1,0,2,4,0,0,1,3,3
"rs00116",1,9400910,0,0,2,2,0,1,1,3,4,4,4,2,2,4,0,3,4,0,1,0,0,1,3,2,0,1,1,2,4,3,0,0,1,3,3,1,1,0,3,2,3,3,2,3,2,1,3,2,4,4,0,2,1,0,4,0,3,0,2,3,4,2,1,3,0,0,1,2,4,2,2,1,0,2,2,2,4,3,1,4,3,3,3,1,1,2,4,1,3,0,2,1,1,0,3,4,4,3,4,2,2,3,4,0,4,0,3,2,2,0,3,0,0,2,3,4,4,3,1,3
"rs00117",1,9414476,2,0,3,1,4,4,1,3,4,3,1,0,0,2,2,2,0,1,1,0,3,3,2,3,1,3,2,4,0,2,0,3,0,3,0,0,2,3,0,4,3,4,1,1,2,2,0,0,1,4,3,2,3,0,1,2,3,3,4,4,2,4,1,0,1,4,4,2,0,0,3,1,0,3,1,4,2,0,0,0,4,3,1,4,2,4,4,0,4,0,3,3,1,3,4,3,3,2,1,1,1,4,3,0,4,1,0,1,2,2,0,2,0,0,1,2,1,3,0,2
"rs00118",1,9438620,2,1,0,0,2,0,2,4,3,3,1,3,0,4,0,4,2,2,2,4,2,1,1,4,0,1,2,1,2,4,4,3,2,3,3,2,2,2,4,1,1,3,4,0,3,3,1,3,4,2,4,1,2,4,2,3,1,4,1,4,3,3,3,4,4,3,0,2,4,0,1,0,3,3,0,4,1,2,3,4,0,1,2,1,4,1,3,0,1,2,1,2,3,3,0,4,2,0,1,2,1,4,3,2,0,2,4,4,2,2,0,1,1,2,2,2,3,4,3,0
"rs00119",1,9439706,0,4,2,3,0,0,1,4,2,4,4,2,4,1,1,3,4,0,0,1,4,0,3,1,4,1,3,4,4,1,4,3,1,2,3,1,3,0,2,2,4,4,3,4,0,2,0,4,3,2,4,2,2,3,4,4,4,0,0,4,4,3,2,1,3,0,2,2,2,1,3,2,3,4,1,1,0,3,1,2,4,2,3,3,1,1,4,3,3,4,3,2,4,3,4,1,2,0,3,2,1,4,0,1,2,4,2,0,3,2,2,1,0,4,2,0,3,0,3,1
"rs00120",1,9508360,3,1,0,4,3,1,4,3,2,2,0,4,2,3,0,3,1,0,4,0,0,4,0,4,0,0,1,3,1,3,4,1,0,3,4,0,0,2,1,3,4,2,3,2,1,4,3,3,1,0,3,4,2,3,3,2,2,0,2,1,2,0,1,2,3,2,2,1,4,4,2,0,1,3,0,0,2,0,0,1,1,4,4,0,1,0,2,3,4,3,3,0,2,3,0,1,1,0,0,0,3,1,2,2,3,2,0,1,2,3,0,1,2,2,4,1,2,1,2,1
"rs00121",1,9571034,2,0,1,1,0,0,2,0,3,1,4,1,0,4,1,3,4,4,3,1,0,3,1,2,0,0,1,0,0,0,0,2,2,3,3,4,1,0,0,0,1,1,1,3,3,1,1,1,3,1,3,1,4,2,2,4,1,4,4,1,1,1,0,2,0,2,3,4,2,4,1,1,0,3,1,1,3,2,3,3,0,2,2,4,0,0,4,1,4,2,3,0,2,2,1,1,3,4,1,4,1,1,2,2,1,4,2,2,1,1,1,4,2,0,1,0,3,0,1,2
"rs00122",1,9646211,4,2,1,1,2,0,4,1,4,1,2,2,2,3,3,2,3,0,3,0,0,3,1,1,2,2,2,1,3,4,1,2,0,3,3,4,0,1,1,4,4,2,0,0,3,1,3,4,2,2,3,0,2,3,3,1,2,0,4,3,2,4,3,2,2,1,4,1,2,1,0,1,4,0,4,2,0,2,3,3,4,4,3,3,0,1,4,3,4,0,1,4,1,1,4,3,2,2,3,0,1,3,2,0,4,3,3,3,2,0,3,4,4,3,4,4,1,2,3,4
"rs00123",1,9663259,3,2,3,1,1,0,4,2,4,4,0,1,4,2,4,2,1,4,0,0,3,4,1,3,1,0,1,0,4,2,3,2,1,0,4,3,4,3,4,1,1,1,2,4,4,0,3,3,4,3,0,4,2,2,0,0,0,2,0,0,1,0,4,3,2,2,4,3,2,1,0,2,1,3,1,1,1,1,1,3,3,0,1,1,0,1,1,2,3,4,0,0,4,1,3,3,4,3,0,1,4,0,0,1,1,4,3,2,4,0,1,4,4,3,4,2,1,2,1,3
"rs00124",1,9749220,1,2,0,4,3,4,3,1,2,2,0,2,0,4,0,1,1,3,4,2,4,2,4,2,2,2,3,1,3,3,4,2,3,1,3,3,0,3,3,0,0,4,3,4,4,0,2,3,4,0,2,2,2,1,0,2,3,4,2,1,0,4,2,1,0,2,2,3,4,3,1,2,0,2,3,3,0,1,2,0,2,1,1,1,0,2,2,2,4,3,2,3,4,4,1,1,3,1,2,4,3,3,0,1,2,0,1,0,1,1,4,2,2,3,4,2,1,3,4,3
"rs00125",1,9882650,3,4,0,4,2,0,1,0,1,3,3,4,2,2,2,2,0,4,2,1,4,3,0,3,2,4,1,1,3,4,2,4,0,2,1,1,0,2,2,0,3,2,0,4,0,2,3,4,1,4,3,3,3,0,0,3,3,2,1,1,3,0,1,0,1,4,2,1,3,4,4,2,4,2,2,4,2,0,0,3,1,0,3,4,3,2,2,0,3,2,2,1,4,3,1,2,2,2,0,0,3,1,1,0,4,0,0,1,4,3,4,3,0,2,0,2,3,4,2,0
"rs00126",1,9974516,1,3,2,2,4,4,2,4,4,4,3,2,2,1,0,4,0,0,0,1,0,2,2,4,2,4,4,0,2,0,1,1,3,3,2,3,3,2,4,1,2,2,2,2,3,4,4,4,3,4,4,0,1,1,0,0,2,3,2,3,2,0,0,4,0,2,3,3,4,1,0,4,0,1,4,2,0,2,1,3,4,2,4,0,4,0,2,4,4,0,4,2,2,1,4,3,0,3,2,3,1,2,2,2,0,1,0,1,4,3,2,4,0,0,0,2,3,0,1,1
"rs00127",2,19879,4,2,0,0,3,3,0,3,3,3,2,1,3,3,2,1,1,2,2,3,4,3,2,4,4,0,0,4,0,2,4,2,0,2,1,1,3,0,2,1,3,4,4,3,0,1,4,0,0,4,4,0,2,0,0,3,1,3,2,1,3,1,2,3,3,4,1,2,3,0,4,2,4,3,1,1,1,0,1,2,0,3,1,1,3,0,4,1,2,3,0,4,2,3,4,3,4,4,1,0,1,1,0,1,4,1,2,1,2,1,4,3,1,4,1,1,0,3,3,3
"rs00128",2,40222,2,3,4,0,0,0,2,4,1,2,4,3,4,4,2,0,4,3,4,2,1,2,2,1,4,1,1,3,1,2,1,2,3,3,2,2,4,0,3,2,2,4,0,2,0,4,4,0,3,4,1,0,1,2,3,2,1,4,0,1,3,2,0,4,1,1,2,4,3,0,1,1,3,3,4,0,0,3,2,3,2,1,0,0,0,3,2,4,0,3,2,2,4,3,4,1,0,0,0,4,0,3,0,1,3,2,1,2,1,2,2,3,4,1,2,1,4,4,4,4
"rs00129",2,160993,2,0,1,3,4,1,1,2,4,4,3,1,0,1,3,4,0,0,3,4,4,0,0,3,1,3,3,1,0,1,3,3,2,4,0,0,1,1,3,3,4,3,4,3,0,1,0,3,1,4,4,1,3,0,4,4,3,0,0,3,3,2,3,1,1,1,0,1,2,3,3,2,1,4,2,4,3,4,2,2,2,2,2,3,1,2,1,4,4,0,3,0,2,4,1,4,4,1,2,3,3,3,3,1,4,3,0,3,2,0,4,4,0,2,0,2,3,3,1,4
"rs00130",2,321632,1,4,4,4,3,3,4,0,4,3,0,3,2,2,4,4,0,4,4,2,1,0,3,3,3,3,2,2,2,4,1,2,0,0,2,2,4,3,4,2,2,2,4,0,0,1,3,2,0,0,4,1,0,0,2,0,0,2,4,2,4,2,3,0,3,0,4,1,1,1,2,2,0,3,0,2,1,3,4,3,2,1,2,3,3,4,2,2,4,1,3,2,2,4,0,1,4,2,2,2,2,0,3,4,1,3,4,2,0,3,2,0,1,0,1,0,0,4,4,1
"rs00131",2,403072,2,1,1,1,4,3,4,0,1,3,2,1,3,0,4,0,3,1,2,0,3,2,1,2,4,0,3,1,2,2,2,1,4,0,1,1,1,4,0,3,2,3,3,0,0,1,4,2,0,2,4,1,4,1,4,1,4,2,1,1,0,1,1,0,0,4,2,1,0,1,3,0,2,0,3,1,1,1,2,1,4,2,2,1,2,4,2,1,2,0,2,4,4,1,1,4,4,2,3,4,0,3,2,0,1,2,2,4,2,4,4,4,1,4,2,2,1,4,2,1
"rs00132",2,503941,2,3,3,0,3,1,0,1,4,1,0,4,0,0,3,1,0,2,4,1,0,1,0,0,1,3,0,4,1,0,3,3,4,4,1,1,3,2,4,0,2,4,3,2,3,3,4,0,2,1,2,0,0,4,1,0,0,3,0,3,1,2,1,3,4,2,4,4,2,4,1,3,4,0,3,1,3,1,1,2,3,0,0,0,2,3,1,4,0,3,1,1,3,3,0,2,2,0,3,1,4,2,2,4,0,2,0,1,0,2,1,0,0,0,1,4,1,3,0,4
"rs00133",2,514539,0,1,2,1,4,0,3,4,2,0,0,0,2,3,3,3,2,0,3,0,1,0,2,2,1,3,4,2,4,3,1,1,0,1,0,1,1,4,3,4,2,0,1,4,3,0,1,4,3,4,1,2,2,0,4,3,1,1,2,1,3,4,4,1,3,3,4,0,1,2,2,1,0,0,2,2,0,0,0,1,3,1,4,0,3,1,1,4,0,4,2,1,3,3,3,3,3,2,0,3,2,0,3,0,2,1,0,3,2,4,4,3,1,2,1,2,1,1,4,1
"rs00134",2,580099,1,1,2,4,2,0,0,2,2,4,1,2,2,4,3,4,2,0,4,3,3,3,3,2,1,2,3,1,4,3,4,3,2,3,1,0,3,0,2,2,4,3,0,4,4,3,4,2,1,0,4,3,1,2,0,0,0,1,0,4,2,2,4,0,1,2,3,3,4,1,0,2,0,0,3,2,0,3,1,0,3,1,4,4,3,4,1,2,4,0,2,2,1,0,2,4,4,2,3,1,0,4,4,3,1,3,4,3,2,0,0,1,3,0,4,4,1,1,3,2
"rs00135",2,673670,1,1,1,1,1,3,2,2,3,1,0,3,3,0,2,3,2,4,0,2,2,1,3,1,0,2,4,0,1,0,2,0,2,0,4,2,0,3,4,1,0,3,4,4,2,1,3,1,4,1,3,1,0,3,1,3,0,1,3,2,2,4,2,0,3,4,4,1,1,4,0,2,4,3,2,2,2,2,1,4,0,4,2,3,0,4,1,3,3,1,3,4,0,1,4,2,4,2,1,2,3,1,3,1,2,1,4,3,3,1,0,4,2,1,3,1,1,1,0,0
"rs00136",2,761841,3,1,1,3,3,2,2,4,3,3,4,4,3,1,4,2,3,1,1,0,0,0,0,3,1,1,3,1,0,2,0,0,2,0,2,0,1,0,2,0,3,0,3,4,3,1,3,4,2,2,0,4,4,0,2,1,1,2,3,1,4,4,0,0,1,2,0,1,4,0,4,3,1,2,0,4,3,3,4,1,4,3,4,1,2,3,4,2,2,2,3,0,3,0,3,4,4,2,1,0,3,3,1,3,3,2,1,0,1,2,1,2,1,3,0,3,0,3,1,2
"rs00137",2,1010424,1,2,2,3,0,0,2,2,0,2,1,2,1,2,0,0,0,1,4,2,0,4,4,0,2,3,3,0,4,3,1,1,3,2,1,1,4,2,0,4,2,3,4,3,2,2,4,0,3,2,0,3,4,4,0,2,3,0,3,4,2,0,1,1,2,0,1,1,0,1,4,3,1,1,2,1,3,3,0,3,4,0,0,2,4,4,4,3,4,2,0,0,3,1,2,0,4,4,1,3,1,0,2,1,2,2,3,4,1,4,4,4,3,1,0,1,3,0,0,3
"rs00138",2,1046279,4,4,1,1,0,4,3,2,4,4,3,0,2,1,1,3,2,2,0,1,0,3,1,3,2,2,2,0,1,2,3,1,4,3,1,4,4,4,4,3,1,0,0,1,0,2,1,0,2,1,3,3,2,3,4,2,2,0,0,4,0,1,0,2,3,3,1,4,3,0,2,0,0,4,0,3,1,2,0,0,1,4,0,1,4,4,3,0,3,1,0,0,4,0,3,4,1,0,1,0,3,2,1,2,2,0,1,1,3,2,2,2,1,3,2,1,1,1,4,2
"rs00139",2,1556188,1,2,0,0,1,4,0,2,0,4,4,0,3,4,2,4,3,3,2,1,0,2,4,1,1,4,1,4,3,2,1,4,1,2,0,2,3,4,3,0,4,0,4,4,2,3,2,3,0,4,4,2,4,0,3,1,3,0,3,4,3,0,0,4,1,2,2,1,0,3,3,0,4,1,0,0,1,2,2,2,1,0,3,0,3,4,1,0,0,4,4,2,0,0,3,2,3,1,4,3,2,1,3,3,2,2,4,4,0,4,1,4,0,2,0,1,4,4,3,0
"rs00140",2,1611064,0,4,4,4,4,2,2,0,0,4,3,3,2,3,2,2,0,1,2,1,3,0,4,2,2,3,3,4,4,0,0,0,2,1,4,4,4,3,0,1,2,1,2,2,1,0,1,3,2,3,2,4,4,1,2,4,2,4,2,0,1,1,2,3,1,3,2,1,3,4,3,1,1,3,0,4,1,1,1,0,1,2,3,4,2,3,2,4,1,1,4,3,0,4,3,3,1,3,1,0,3,4,4,2,3,1,1,4,0,1,2,1,1,0,1,0,1,1,2,3
"rs00141",2,1744241,1,3,2,2,2,3,3,3,0,2,4,2,0,4,1,2,4,3,4,1,0,0,1,0,4,0,4,3,1,1,1,4,3,0,3,1,2,1,2,1,0,4,4,4,1,3,3,3,3,2,2,3,4,3,3,3,3,0,0,0,2,2,1,1,3,1,4,1,0,1,2,4,2,2,3,3,3,2,0,0,0,2,0,0,2,0,4,1,1,0,4,2,2,4,2,1,4,0,0,4,1,2,4,2,2,1,2,1,2,4,1,1,0,4,3,2,4,1,2,3
"rs00142",2,1866797,3,1,1,0,4,2,2,3,3,0,0,3,2,0,1,4,1,0,3,2,0,1,0,0,4,0,0,2,4,2,3,0,1,1,1,4,2,0,2,3,4,1,3,0,0,4,0,0,0,3,4,3,1,1,2,4,2,0,1,2,0,1,2,2,0,1,1,1,2,1,1,4,0,3,1,3,1,0,0,1,3,2,2,2,3,0,3,3,3,4,1,4,0,0,0,1,1,3,1,4,2,4,3,3,4,2,1,3,2,1,2,4,3,3,0,3,3,0,0,4
"rs00143",2,2095225,3,3,3,0,4,4,0,3,3,1,3,4,2,0,1,3,2,0,2,0,4,3,2,1,4,3,1,0,4,1,3,3,1,3,0,3,3,0,4,1,1,0,3,2,0,2,4,1,1,2,0,2,4,4,1,2,3,2,0,2,2,1,3,3,3,3,0,1,2,0,2,2,2,4,2,4,4,1,1,2,2,2,4,0,4,4,3,2,0,0,0,4,3,2,0,0,2,0,2,4,2,2,1,2,1,0,4,4,1,2,1,0,3,4,0,3,1,2,4,2
"rs00144",2,2110456,4,3,4,1,3,4,4,3,1,0,4,0,2,1,4,4,2,3,0,2,0,4,1,3,1,3,4,3,0,3,2,1,1,3,2,4,4,3,2,3,3,1,4,3,3,1,0,2,2,2,4,1,0,3,0,2,0,4,3,1,4,2,3,0,2,4,3,0,0,1,4,1,0,0,3,2,2,3,2,0,0,1,0,0,4,3,2,4,4,3,1,2,1,3,2,1,3,4,2,1,0,1,0,4,1,2,0,0,1,4,1,3,2,0,3,1,1,1,0,0
"rs00145",2,2156801,3,3,0,4,2,0,3,0,1,0,2,3,2,3,4,1,4,0,0,1,3,1,4,2,1,2,0,0,3,2,0,3,0,2,0,1,1,3,4,0,1,1,4,0,1,4,3,2,3,0,1,3,2,4,4,4,4,3,0,4,2,2,0,0,4,2,2,2,0,1,2,1,4,2,3,0,2,2,0,3,3,1,4,4,0,0,2,2,0,3,0,3,3,3,3,2,2,2,0,2,3,2,3,1,2,4,3,1,3,1,2,4,0,2,1,3,2,2,0,4
"rs00146",2,2212696,3,1,3,1,0,0,1,0,3,1,0,3,1,2,4,1,1,4,1,3,0,1,3,3,2,2,3,3,1,2,4,1,0,3,2,1,2,2,4,1,2,1,3,0,2,1,1,0,2,2,4,4,0,3,1,3,1,4,3,2,3,3,0,4,1,4,2,2,0,1,0,1,0,2,1,4,1,0,0,0,2,2,4,4,2,0,0,0,2,2,3,3,1,3,3,3,2,3,2,2,4,1,1,1,4,1,2,2,1,0,1,2,0,3,1,2,4,0,0,4
"rs00147",2,2238821,3,3,1,2,1,3,3,4,2,0,2,2,0,3,0,0,2,4,3,2,2,4,0,3,0,3,1,3,4,0,2,4,4,4,0,3,3,3,4,0,3,0,4,3,1,0,2,3,2,0,1,1,1,2,4,4,0,1,0,4,4,0,3,1,4,3,4,3,3,2,4,1,1,0,0,3,1,2,1,1,3,0,2,3,3,3,1,1,2,1,3,4,0,2,4,3,1,2,0,4,4,0,1,0,1,0,3,0,1,4,1,4,4,3,0,3,4,2,4,0
"rs00148",2,2262734,4,4,1,1,1,3,3,4,0,4,0,4,4,4,3,3,2,2,0,1,2,2,1,3,0,3,1,3,4,0,0,4,2,2,2,2,2,1,2,0,1,3,1,1,1,1,0,4,2,1,3,0,0,1,3,1,3,4,0,2,0,0,2,1,2,3,0,3,2,2,3,2,4,4,4,3,3,4,2,4,0,4,0,4,4,1,2,1,2,3,4,3,4,2,3,3,3,1,3,3,1,1,1,1,1,1,0,3,3,0,1,3,2,2,1,1,3,0,4,2
"rs00149",2,2389783,3,4,4,1,1,2,0,2,0,0,4,1,4,3,1,0,4,4,2,4,0,1,4,3,4,4,2,1,0,1,1,2,2,1,2,4,2,3,0,4,3,1,3,4,4,2,2,3,3,1,2,3,1,1,0,2,3,1,3,0,2,0,0,0,4,4,3,2,3,4,1,2,4,1,1,4,1,0,4,4,4,1,1,0,2,0,4,1,3,3,1,3,1,3,1,1,3,0,1,3,4,0,0,4,0,1,3,1,0,2,4,4,1,4,4,0,2,1,4,4
"rs00150",2,2418971,2,4,1,1,2,2,4,4,0,4,0,1,4,4,2,0,3,0,2,3,1,3,1,4,3,3,4,1,3,3,4,1,0,4,4,3,2,2,0,0,3,2,0,3,4,0,0,3,1,4,2,3,3,0,3,3,0,2,2,1,0,0,3,2,0,4,1,1,1,3,0,0,3,2,4,2,4,2,0,3,1,1,4,1,4,1,1,0,3,3,3,4,0,4,4,1,0,2,3,3,2,3,3,0,0,0,2,2,2,2,4,1,3,1,3,4,4,2,3,3
"rs00151",2,2736320,2,1,0,0,1,1,1,4,2,1,4,2,2,3,3,4,4,1,0,2,3,2,4,0,1,0,3,0,3,3,2,0,3,2,3,0,4,3,3,4,2,2,3,4,4,3,3,2,4,4,4,1,4,2,3,1,0,1,1,1,2,4,0,2,2,0,2,1,1,1,4,3,2,3,1,4,4,3,4,0,4,2,2,0,3,0,4,3,2,3,3,0,3,3,2,4,0,2,2,3,3,0,0,3,2,3,4,1,3,4,1,0,4,4,4,3,0,0,2,2
"rs00152",2,2983172,0,1,2,4,1,2,4,0,3,2,0,1,0,1,4,2,3,0,4,0,0,3,3,0,4,4,1,4,2,4,1,1,3,1,2,0,0,2,3,3,1,0,3,4,1,2,4,0,4,2,4,3,1,0,0,1,1,2,0,3,4,3,2,3,4,3,1,0,4,0,4,0,3,3,2,1,4,4,3,3,3,4,2,4,3,2,3,4,3,4,0,4,3,3,4,1,0,0,2,4,4,1,2,1,1,4,3,0,2,4,0,3,3,2,3,4,3,2,1,1
"rs00153",2,2983764,3,4,1,2,2,1,0,4,3,3,1,3,1,4,2,0,3,4,0,4,4,4,1,1,4,0,3,2,0,4,2,4,2,2,4,2,3,4,4,1,1,2,3,0,3,1,0,2,0,1,1,1,0,3,2,0,4,3,4,4,1,4,2,1,1,0,0,4,0,1,0,3,4,1,1,0,2,4,2,2,3,0,1,2,3,2,1,4,1,0,2,2,0,0,4,2,3,0,0,2,1,3,3,3,4,3,2,3,1,2,0,1,0,0,3,4,3,2,0,3
"rs00154",2,3199444,3,3,4,0,3,4,2,4,3,0,2,4,4,1,3,2,1,0,4,0,2,4,0,3,4,1,2,4,2,1,2,4,1,4,0,2,3,3,4,3,0,4,1,4,3,2,2,1,1,2,0,1,4,0,3,4,0,0,2,0,4,0,2,3,1,3,3,1,2,2,2,2,0,3,0,2,3,0,3,4,0,2,3,3,1,1,3,0,2,0,4,0,4,3,1,4,4,3,3,0,3,4,4,2,1,4,3,4,4,3,2,0,0,0,2,4,1,4,2,1
"rs00155",2,3214621,3,1,3,0,0,4,3,2,0,1,0,1,1,1,3,1,3,1,1,0,3,1,4,4,0,3,1,0,0,0,3,4,4,1,4,0,2,3,1,3,2,2,2,4,4,3,2,1,0,2,3,4,1,3,2,4,0,0,3,4,0,1,1,4,2,3,2,1,1,3,2,1,1,4,0,1,2,0,4,1,2,2,4,1,2,3,1,0,3,2,0,0,0,0,1,2,1,2,4,4,4,0,4,4,4,3,4,2,3,0,2,3,0,1,1,0,2,0,0,4
"rs00156",2,3333729,0,0,2,3,4,3,4,2,0,3,3,2,4,3,1,4,0,2,4,3,3,3,1,3,0,4,1,2,3,3,2,1,2,0,3,0,0,2,4,2,4,0,4,1,1,2,0,4,0,0,1,2,3,4,0,4,3,3,0,1,0,0,1,2,1,1,1,3,4,3,2,2,0,4,3,2,0,2,0,0,0,2,3,3,2,1,4,1,1,1,0,0,3,4,0,4,2,4,4,2,2,4,3,1,1,4,2,3,0,1,4,4,4,1,2,0,2,0,0,2
"rs00157",2,3348577,4,3,3,4,3,1,0,1,3,3,3,0,3,3,2,1,1,1,1,3,4,1,4,0,4,2,2,2,3,2,0,4,1,2,4,3,1,3,0,1,2,1,0,4,3,1,2,4,2,0,4,4,2,3,0,0,1,4,1,0,2,2,2,3,0,3,4,2,1,1,1,3,1,0,0,3,4,2,3,4,4,4,1,2,2,2,1,3,3,2,4,0,0,4,2,0,2,0,3,1,4,3,3,2,0,0,4,4,2,4,1,4,4,1,4,0,4,0,0,2
"rs00158",2,3450464,4,4,2,1,4,3,3,0,4,4,1,1,1,2,1,0,2,0,3,0,3,0,1,3,4,0,1,0,0,2,4,2,1,2,4,4,1,0,2,2,0,3,2,2,4,2,0,2,2,1,4,4,4,0,3,2,0,2,0,2,2,4,3,3,1,4,4,3,3,3,1,3,2,1,0,3,2,1,2,0,4,1,3,0,4,0,2,4,1,3,2,4,0,3,0,3,3,0,2,4,2,1,0,0,1,2,3,3,4,3,1,4,3,4,2,3,1,0,2,3
"rs00159",2,3489446,2,1,3,3,4,3,1,3,2,3,0,4,4,0,3,1,0,2,0,3,1,1,0,2,0,4,1,3,3,4,4,2,1,4,3,0,3,4,0,3,4,4,0,1,1,0,1,1,0,4,4,0,3,3,2,3,3,0,0,3,1,0,3,4,2,1,2,2,2,4,2,1,1,1,1,1,2,4,2,3,1,1,4,2,0,1,1,1,3,1,2,1,0,4,2,2,0,0,1,2,1,4,3,3,4,4,1,2,0,1,2,0,0,4,0,2,3,1,2,3
"rs00160",2,3503461,3,0,0,3,2,1,3,2,0,3,4,3,4,1,0,0,2,0,3,3,1,2,0,2,2,2,2,3,1,2,2,4,2,2,4,4,2,2,3,1,1,1,3,2,1,2,2,1,4,4,4,4,0,0,2,2,1,2,1,1,2,0,4,3,3,4,0,2,1,3,0,4,3,4,0,2,4,1,2,3,2,1,3,1,1,4,4,0,1,1,2,4,1,0,0,0,4,2,1,3,0,1,2,3,1,0,2,4,2,0,0,2,2,3,1,3,2,0,3,4
"rs00161",2,3606157,0,2,1,1,4,3,1,1,2,2,2,3,4,2,1,4,2,3,0,3,4,3,1,3,3,1,3,2,3,3,2,3,0,4,4,3,0,1,1,4,3,4,1,0,1,4,2,1,4,4,0,4,0,4,0,4,0,4,1,2,3,0,3,4,3,0,0,2,4,2,1,0,4,2,3,4,4,2,0,3,0,2,3,3,4,0,0,3,2,4,1,4,0,1,4,3,1,0,0,4,2,3,3,2,2,0,4,0,1,1,3,2,3,0,1,3,1,4,2,0
"rs00162",2,3699115,0,2,1,1,1,3,2,3,3,2,2,1,3,1,3,0,1,1,1,0,2,3,3,0,3,3,3,0,2,3,3,3,4,3,2,4,3,3,4,3,3,1,2,2,2,2,2,0,4,0,4,0,0,2,2,1,0,4,4,3,4,4,0,3,0,2,0,2,3,1,4,4,0,4,0,1,0,1,0,0,0,1,4,1,3,3,3,2,3,0,1,0,0,0,3,0,2,4,3,3,0,3,3,3,2,2,2,2,3,0,0,2,3,4,0,2,2,1,0,1
"rs00163",2,3843545,2,2,3,3,1,3,4,2,4,1,2,4,3,0,1,0,1,4,2,2,1,3,4,2,1,1,4,2,3,2,1,3,0,0,1,0,4,4,0,1,2,0,0,0,1,3,4,0,3,3,3,3,0,2,3,2,3,0,4,4,0,0,0,2,1,2,1,0,1,4,0,2,1,0,1,4,1,3,1,0,3,3,2,1,2,4,2,4,0,2,0,2,2,0,2,3,3,3,1,0,2,2,2,1,1,1,3,3,2,4,0,0,0,1,3,4,1,4,3,1
"rs00164",2,4061150,2,0,0,2,1,4,0,3,4,1,2,0,3,1,2,0,3,3,2,4,4,1,0,2,2,4,1,4,2,1,3,0,4,0,3,3,1,1,3,2,0,0,3,1,0,4,1,2,1,1,4,0,0,3,1,2,4,1,3,4,4,0,0,2,4,3,0,1,0,2,1,0,2,1,4,2,0,0,3,3,1,2,0,3,1,4,1,4,2,3,0,0,4,3,4,2,2,3,3,3,3,2,2,4,3,1,0,4,1,4,0,2,2,1,1,2,0,1,3,4
"rs00165",2,4128212,4,3,1,0,0,3,0,3,2,2,0,3,0,1,4,3,1,2,3,4,1,4,1,4,3,4,4,4,0,4,0,1,0,2,1,4,3,2,3,3,2,0,3,4,0,2,4,4,3,3,4,4,2,3,4,4,4,1,1,2,0,3,0,0,2,1,3,4,0,2,3,2,0,0,2,0,0,3,0,0,4,3,4,2,1,0,1,3,3,4,0,2,0,0,2,4,2,3,4,3,0,2,3,4,2,0,2,2,3,0,0,1,4,0,0,0,4,0,4,0
"rs00166",2,4150010,1,4,1,0,3,1,1,0,3,4,1,3,2,0,0,4,1,1,3,1,4,4,2,1,1,0,2,3,1,2,4,4,1,0,4,0,4,4,4,4,4,0,2,3,3,0,4,4,0,4,3,1,0,0,2,0,0,2,0,4,4,0,4,4,3,0,0,2,3,3,4,1,3,0,4,4,1,0,0,4,0,4,3,3,1,4,4,2,3,3,1,2,0,2,3,2,1,4,1,1,4,3,2,1,4,2,2,2,4,4,3,1,0,0,3,4,4,1,4,1
"rs00167",2,4155282,2,4,3,2,2,4,2,2,2,2,0,0,2,4,1,1,4,1,3,2,2,2,0,4,1,0,2,4,0,0,3,4,2,1,1,2,4,4,4,3,0,2,3,1,1,3,4,1,0,4,1,2,3,0,2,0,1,2,1,1,2,1,0,3,4,2,2,2,0,3,1,4,0,1,1,2,2,4,1,2,2,3,4,3,2,0,3,4,4,0,3,0,0,0,3,2,1,2,0,3,0,0,4,3,2,4,3,0,1,4,1,4,2,3,0,0,3,3,4,4
"rs00168",2,4155849,1,0,2,1,1,4,4,0,0,4,1,0,1,4,1,3,0,1,0,4,3,3,3,4,3,3,4,0,4,0,2,1,1,1,2,2,2,0,0,2,4,4,2,0,0,2,4,3,0,1,4,1,1,3,2,3,1,4,3,0,3,4,0,3,1,3,0,3,1,4,3,1,4,4,4,2,1,1,1,3,0,3,4,2,1,1,0,4,0,0,0,0,3,0,4,1,0,2,0,3,3,2,0,1,0,0,2,4,2,0,0,4,0,1,0,0,4,1,0,1
"rs00169",2,4262838,2,2,4,1,4,4,0,0,0,4,3,1,4,3,1,4,2,4,4,0,3,4,3,4,2,4,4,3,0,2,4,1,1,4,0,0,0,3,3,3,4,4,4,3,1,3,1,4,3,2,4,1,0,4,0,4,0,4,4,3,2,1,4,1,2,3,2,2,4,1,2,3,4,1,0,2,2,4,4,2,1,3,2,1,0,0,3,3,0,2,2,1,1,4,4,0,0,3,2,0,4,4,0,4,0,4,2,3,3,1,3,1,0,2,2,3,1,1,3,2
"rs00170",2,4357854,4,4,1,1,3,2,1,3,0,2,1,1,2,2,1,3,0,2,4,0,0,1,1,0,4,4,0,2,4,1,4,2,3,4,4,0,2,1,3,3,1,1,2,4,2,4,1,4,1,0,2,4,1,0,0,3,1,0,2,3,1,1,1,3,2,3,4,2,0,4,4,3,4,4,4,3,1,3,4,2,1,0,1,4,0,1,0,0,1,0,0,2,1,3,0,2,2,1,4,3,3,2,3,0,0,0,3,4,3,1,4,2,3,1,0,3,4,0,1,1
"rs00171",2,4530552,0,0,2,4,4,4,2,1,2,3,0,3,2,1,4,3,4,2,4,4,4,2,2,2,0,3,4,0,2,4,4,1,0,0,1,3,2,0,2,1,0,3,2,4,4,0,1,2,3,4,4,4,4,4,1,4,0,1,1,0,0,3,3,1,0,2,1,1,0,2,3,4,4,3,0,0,0,0,0,0,0,2,4,0,3,2,2,1,0,0,2,4,3,0,2,2,3,1,1,0,1,4,3,4,3,0,3,4,4,1,0,0,1,4,4,1,1,3,3,0
"rs00172",2,4608287,3,1,4,4,1,4,1,2,2,3,1,0,0,0,1,1,0,3,1,4,3,0,2,4,1,3,3,2,2,3,0,3,2,1,2,0,2,1,4,2,0,3,1,3,0,0,0,0,3,3,4,1,0,4,2,3,2,2,2,3,2,1,2,2,2,4,1,4,4,3,1,3,3,4,4,0,2,2,1,2,0,4,1,3,0,0,4,1,1,2,3,4,4,1,1,3,1,4,2,0,0,2,2,0,2,2,4,0,4,4,0,2,0,3,2,1,3,3,4,3
"rs00173",2,4696841,2,4,2,4,4,2,2,1,4,3,3,1,2,1,0,0,2,1,1,0,1,1,1,4,2,4,3,3,4,3,0,2,4,1,3,1,4,2,0,3,3,1,0,4,1,4,4,4,0,4,3,1,1,1,2,3,0,2,0,1,3,0,2,4,0,1,1,1,3,2,1,1,3,1,1,0,4,3,1,2,1,0,1,4,4,2,4,3,4,4,4,2,3,1,3,0,1,2,2,0,4,3,4,0,3,2,0,1,1,3,4,4,1,2,0,0,1,3,0,0
"rs00174",2,5138445,0,1,3,3,0,3,4,0,2,4,3,2,1,1,4,1,1,2,0,1,0,2,0,0,3,0,0,3,1,0,2,1,1,4,3,0,4,4,2,3,4,1,3,3,2,0,0,2,0,2,4,2,4,4,2,0,0,3,0,4,3,1,4,3,0,3,4,2,1,0,0,2,4,2,2,0,0,2,3,2,3,3,3,2,0,2,1,2,0,4,1,2,4,1,0,1,1,3,1,0,1,4,1,1,3,4,1,2,1,3,4,2,0,3,4,1,0,4,4,3
"rs00175",2,5144096,3,0,2,3,4,0,2,4,2,2,3,0,0,4,1,1,3,1,0,0,4,4,4,4,0,3,1,4,1,3,2,1,0,0,3,3,4,0,4,4,2,1,2,3,2,4,4,4,4,1,4,2,1,1,0,0,3,1,4,1,3,2,3,3,4,0,0,2,3,4,2,4,1,0,1,0,1,0,3,3,3,4,2,3,3,4,2,2,2,4,3,1,1,1,4,2,2,0,3,1,4,0,3,1,1,4,4,0,3,1,1,1,0,4,4,4,0,2,3,2
"rs00176",2,5231295,4,1,1,2,0,4,1,4,3,4,4,0,2,4,0,4,0,3,3,3,2,3,0,0,4,4,3,3,3,1,4,4,1,2,3,3,0,2,4,0,3,1,4,0,4,1,2,0,2,0,1,2,4,2,4,0,4,4,2,0,4,3,2,4,0,4,3,3,2,2,4,1,3,4,2,3,2,3,0,3,2,2,4,3,0,4,0,0,0,3,2,3,1,1,1,1,2,0,2,1,0,1,2,3,1,2,4,3,3,0,4,0,4,3,2,0,0,1,1,0
"rs00177",2,5277023,3,0,1,3,3,2,2,3,2,0,2,4,1,4,2,1,3,2,3,0,3,2,0,4,0,0,3,3,1,1,4,2,2,0,4,4,2,3,2,2,1,1,2,3,4,4,2,3,4,3,1,1,3,1,4,3,3,3,4,1,2,0,2,0,0,0,4,0,3,1,1,0,2,2,4,2,1,2,3,2,4,1,0,4,3,0,0,3,3,3,2,2,0,2,2,0,0,2,0,3,2,1,4,1,1,2,1,0,0,0,2,0,2,1,1,1,4,1,1,1
"rs00178",2,5277782,2,0,2,3,3,0,4,3,0,0,0,2,1,3,2,2,3,2,1,1,2,4,3,4,1,2,0,3,0,0,2,4,1,4,4,3,3,4,2,2,0,3,2,2,2,3,4,3,0,2,0,4,0,1,3,4,4,2,2,1,1,3,1,0,3,1,2,2,4,2,2,2,1,2,0,0,4,0,4,2,0,0,4,0,4,1,3,3,3,0,3,0,3,4,0,1,0,2,3,3,4,1,4,3,0,2,0,4,0,3,2,4,1,3,3,1,2,3,2,0
"rs00179",2,5381017,1,4,1,3,3,4,4,4,4,2,3,1,2,4,2,2,3,0,0,1,1,1,0,0,4,2,4,0,3,1,3,4,1,4,2,4,0,2,4,1,1,1,1,1,1,4,2,4,4,0,1,0,3,3,1,0,3,0,2,4,3,4,3,3,0,1,2,1,3,0,0,1,4,0,3,1,4,3,2,4,1,2,3,0,2,0,0,0,2,3,0,0,1,0,2,4,1,2,1,0,1,0,4,4,4,4,1,2,1,0,2,3,3,1,2,4,0,2,2,4
"rs00180",2,5406667,4,3,2,2,0,1,0,3,2,1,2,0,3,3,0,0,2,3,2,3,1,3,1,3,4,1,0,4,1,1,3,1,1,1,3,0,3,4,4,4,3,1,4,0,1,2,1,0,0,2,1,2,0,1,0,3,1,0,3,1,1,1,3,3,3,3,4,4,0,0,1,2,4,1,3,3,0,3,4,4,0,2,2,1,4,4,1,1,0,0,3,1,4,2,1,3,0,3,1,3,4,4,3,3,0,0,4,2,1,2,4,0,3,1,1,4,0,1,1,4
"rs00181",2,5431334,2,0,4,3,0,1,4,4,4,3,4,3,3,1,4,4,3,2,2,3,3,0,2,2,2,3,2,4,0,1,1,0,2,2,2,4,2,1,0,4,0,1,3,3,2,0,0,4,1,4,4,0,4,2,2,2,2,0,4,4,2,2,3,3,3,4,3,0,2,3,3,2,0,2,4,1,1,2,4,0,2,2,1,0,4,3,0,1,3,1,1,1,2,3,1,2,3,3,3,3,3,4,1,1,0,3,2,1,0,0,0,3,4,0,2,4,0,2,4,0
"rs00182",2,5663669,4,1,2,2,3,1,0,1,0,3,1,2,3,3,1,4,4,1,2,1,0,3,2,2,2,4,3,4,3,2,1,3,4,3,1,2,1,3,1,1,0,3,3,3,0,0,1,3,0,3,3,0,3,2,0,0,1,0,2,4,3,0,3,1,0,3,1,1,3,2,3,0,2,4,2,0,1,2,0,2,3,0,3,0,4,4,1,4,4,2,1,2,2,2,4,3,1,2,4,4,1,3,0,4,1,0,1,1,4,3,0,2,3,3,4,4,1,0,1,4
"rs00183",2,5694573,4,1,1,2,4,2,0,0,0,0,2,0,4,4,0,1,2,0,2,1,0,3,2,4,4,3,2,2,2,0,3,3,0,1,0,0,4,2,0,1,4,2,3,1,1,2,2,0,4,1,4,3,3,3,2,1,2,1,1,0,3,3,1,0,3,2,0,0,2,3,2,3,1,3,0,4,3,3,2,2,0,4,2,3,1,1,2,3,0,1,3,2,2,0,0,1,4,1,0,4,1,2,2,2,0,2,1,3,2,4,4,2,1,0,0,3,0,4,0,3
"rs00184",2,5716211,0,0,3,1,0,3,2,1,2,4,3,4,0,2,2,1,2,1,2,0,4,2,4,1,4,4,4,3,1,3,2,1,3,4,2,0,1,4,4,4,3,4,4,3,1,2,2,2,1,4,1,3,1,2,3,4,4,0,3,2,0,4,1,1,1,1,3,1,2,2,3,3,1,0,0,1,2,1,1,1,2,0,4,0,3,1,4,1,2,0,0,0,4,4,2,2,1,3,0,2,2,4,3,3,3,2,4,0,2,2,4,3,0,4,0,3,1,2,0,1
"rs00185",2,5761539,1,4,4,0,2,0,4,3,4,1,0,3,3,4,0,1,0,0,1,4,3,2,4,0,1,3,3,0,0,1,3,3,1,1,3,0,0,3,3,0,1,3,3,0,0,2,0,0,1,0,4,1,2,2,4,2,3,4,3,3,1,4,4,3,0,4,4,3,1,3,1,0,4,2,0,2,2,0,2,3,1,3,0,2,2,2,4,0,2,4,4,0,1,4,2,2,0,4,2,0,4,3,2,3,0,1,3,0,4,4,1,2,2,4,3,4,1,1,4,0
"rs00186",2,5811951,1,4,1,1,2,2,1,2,4,3,0,2,0,3,2,4,4,2,1,1,0,1,3,0,2,0,2,4,1,1,3,4,2,4,1,4,4,3,4,4,3,4,2,3,0,0,2,2,4,4,1,4,3,4,4,2,2,0,3,2,1,4,2,4,1,2,2,4,2,0,2,0,1,0,2,0,2,4,1,0,4,3,4,0,3,3,0,0,2,0,2,3,0,1,4,1,0,4,4,3,1,1,2,3,4,4,1,1,1,0,3,0,4,2,0,0,4,3,1,1
"rs00187",2,5833392,0,2,1,3,1,0,3,3,3,4,1,0,3,1,1,1,0,3,4,4,2,4,2,0,4,4,4,0,3,4,4,4,1,0,1,0,0,3,2,0,2,0,4,4,0,1,2,0,1,1,2,1,3,0,2,0,0,1,3,1,3,3,4,2,0,4,2,0,1,0,1,2,4,1,3,0,1,1,0,4,1,4,0,0,3,0,3,3,3,3,3,2,2,0,3,0,1,0,1,0,3,2,3,1,2,0,0,2,3,0,1,2,4,0,4,0,4,1,0,3
"rs00188",2,5933276,1,0,0,4,2,0,0,4,0,3,3,0,3,2,2,0,1,3,1,0,2,0,1,3,1,0,3,4,1,3,4,1,3,1,2,3,1,4,3,2,0,2,3,0,0,4,4,4,3,2,2,3,4,0,1,3,3,0,4,1,1,4,1,2,0,2,3,4,0,0,4,0,4,3,2,0,3,3,1,2,2,4,0,2,2,2,1,0,3,1,0,3,1,4,4,3,0,0,1,2,3,0,2,2,1,3,0,3,4,1,4,4,3,4,4,3,2,0,0,2
"rs00189",2,6138898,4,1,0,2,4,3,1,4,4,2,3,3,0,0,4,0,4,3,1,3,4,1,2,1,4,3,3,0,4,0,2,2,2,0,2,2,3,2,0,4,0,0,0,1,4,3,4,2,3,2,2,2,2,3,3,3,0,2,3,4,0,3,1,2,1,3,1,0,3,4,0,0,1,4,2,0,3,1,1,2,4,2,1,4,0,1,3,0,4,3,2,3,2,4,1,1,3,0,0,2,3,4,3,3,4,3,2,4,0,4,3,1,4,4,1,1,4,2,1,3
"rs00190",2,6298289,0,2,0,3,4,0,1,2,0,0,0,0,0,2,2,2,4,0,2,1,3,3,3,2,0,3,3,0,1,2,4,0,4,3,1,0,3,2,0,4,3,1,4,4,2,0,1,0,3,3,0,1,1,3,1,0,4,2,3,1,1,3,0,1,1,2,2,3,3,2,2,2,4,4,3,4,3,3,1,2,4,0,3,0,4,1,3,0,1,1,1,2,2,1,1,0,2,2,3,1,4,0,4,3,3,0,4,3,2,2,1,2,0,0,3,4,1,4,4,0
"rs00191",2,6336776,0,2,0,4,3,3,2,4,4,4,0,3,1,1,1,0,0,3,2,2,1,0,1,1,0,2,2,4,0,0,4,1,4,0,2,4,1,2,1,4,4,4,2,1,4,2,1,0,2,3,0,0,4,3,2,0,0,1,0,0,0,1,4,0,1,3,3,4,1,4,0,2,2,3,2,2,4,3,3,3,3,4,2,0,3,2,1,4,2,3,3,4,4,1,4,3,3,2,4,2,0,4,3,1,3,2,1,0,0,4,0,2,0,3,1,1,3,3,3,1
"rs00192",2,6393833,4,1,4,0,0,3,0,0,0,4,3,2,3,3,1,3,2,1,2,2,2,3,0,0,0,0,2,1,1,0,2,0,2,3,1,2,0,1,1,4,3,4,2,0,3,1,1,1,3,4,4,0,3,4,3,3,2,2,3,0,1,2,1,1,4,3,3,3,4,4,1,0,3,1,2,3,0,3,3,1,1,4,4,4,0,4,0,0,0,1,0,1,4,0,0,2,1,1,2,2,4,1,3,2,1,0,1,1,4,0,2,2,0,3,2,3,0,2,4,0
"rs00193",2,6510778,1,0,2,3,4,1,4,4,0,2,0,4,2,4,4,4,2,1,1,2,2,2,4,2,1,4,4,3,0,2,3,3,3,2,0,3,2,0,3,3,3,2,3,2,4,2,1,2,3,3,2,3,3,4,2,0,4,2,0,2,4,0,3,4,4,1,4,4,0,1,3,0,0,4,2,3,4,1,4,1,2,3,0,1,2,4,1,2,3,4,3,3,1,1,4,4,1,1,1,2,0,4,0,1,4,1,4,4,3,1,4,2,0,1,3,3,2,0,2,3
"rs00194",2,6541140,0,1,1,1,2,1,2,4,2,0,2,2,4,2,2,3,4,3,4,2,2,3,1,2,3,0,0,1,4,0,2,2,4,2,3,0,4,1,2,4,3,4,2,3,1,1,0,3,2,1,1,4,4,0,0,4,0,1,2,1,4,2,0,4,0,1,3,0,0,4,2,1,2,0,2,2,0,4,3,3,3,1,3,0,2,2,3,4,1,3,1,4,4,0,3,2,1,1,2,3,0,0,0,1,3,2,3,0,1,3,1,1,0,2,2,4,3,3,2,2
"rs00195",2,6555332,4,3,2,4,2,2,4,0,3,1,2,3,0,3,3,1,0,3,2,4,0,4,0,3,1,0,4,0,2,4,3,4,2,4,1,1,0,3,1,3,1,3,2,0,1,3,1,0,4,4,3,1,4,0,4,2,0,0,4,1,4,4,3,4,2,2,2,4,3,2,0,0,3,2,2,3,3,4,4,0,3,1,2,2,3,1,0,2,3,1,4,2,2,4,0,3,0,1,2,2,2,0,3,1,4,2,3,2,0,2,1,2,1,3,3,0,1,4,3,3
"rs00196",2,6638330,4,1,4,4,3,2,1,2,3,2,4,3,4,2,0,1,4,3,4,0,2,1,0,2,1,1,3,2,1,2,0,2,3,0,0,2,3,1,1,3,3,3,3,0,1,0,2,2,4,2,1,2,0,3,1,1,3,3,3,1,0,2,4,3,1,0,3,4,3,1,4,2,2,3,2,4,0,3,2,4,1,1,3,1,3,3,1,1,0,4,1,2,0,4,1,0,3,2,3,3,3,2,2,0,0,4,1,0,0,1,4,0,1,2,0,3,4,4,3,2
"rs00197",2,6839991,2,2,0,4,1,1,1,1,0,2,0,2,2,1,1,1,0,0,0,3,1,2,4,4,1,1,3,2,3,2,3,0,0,2,3,0,4,3,1,2,2,3,2,3,0,4,1,4,0,0,4,3,2,3,4,4,1,3,2,4,0,1,0,2,4,3,4,0,0,1,0,1,2,0,0,3,0,0,1,3,4,3,2,3,4,4,3,3,3,4,2,2,3,0,3,0,4,4,0,0,2,1,3,1,1,1,3,2,0,4,3,2,4,1,1,3,0,2,1,3
"rs00198",2,7134561,0,3,2,1,3,4,4,3,1,2,0,3,3,3,1,1,1,0,3,0,1,4,1,3,4,1,0,0,0,0,0,1,3,0,2,0,0,0,3,1,4,3,0,1,0,4,4,1,4,3,3,3,1,4,1,0,3,1,0,4,0,2,3,1,3,2,4,3,4,2,3,1,4,0,3,2,3,2,2,2,0,4,4,3,4,1,0,4,2,1,0,3,4,2,3,0,2,2,1,0,1,0,3,0,2,1,0,1,2,2,4,4,3,2,3,3,2,0,1,4
"rs00199",2,7218714,0,3,4,0,1,4,2,2,4,1,0,2,2,4,3,4,1,1,1,0,3,0,1,0,0,2,3,0,1,2,4,3,0,2,0,2,0,2,4,1,2,4,0,1,0,4,0,3,3,0,1,3,2,0,3,3,0,1,0,4,0,2,4,4,0,4,0,0,1,2,2,0,4,3,2,4,0,4,4,0,0,2,4,4,3,2,3,2,2,2,1,2,0,1,4,0,3,1,2,0,4,4,4,0,3,0,0,0,1,3,1,2,4,3,1,2,4,1,2,4
"rs00200",2,7273362,4,0,0,1,3,3,0,3,0,0,4,0,4,0,0,1,0,3,0,3,3,2,3,3,3,4,3,1,3,0,0,4,2,1,3,2,0,3,1,3,3,3,4,2,3,4,1,4,3,0,1,3,1,3,3,2,2,1,0,3,3,4,3,2,2,1,1,4,1,1,2,4,1,4,3,0,3,4,1,4,3,2,4,1,1,0,2,4,2,2,0,3,3,4,1,2,0,4,3,4,1,0,1,2,3,4,3,3,4,1,0,2,4,3,1,4,0,4,0,1
"rs00201",2,7338031,3,1,0,2,3,0,4,0,2,1,1,3,0,1,4,0,3,4,1,3,1,2,1,2,4,1,0,4,1,4,3,2,4,1,3,0,2,4,1,4,0,1,3,2,0,4,4,1,4,3,0,0,2,2,0,3,0,3,0,4,0,2,1,1,2,1,1,2,4,2,3,3,4,4,2,3,0,1,3,3,0,1,2,0,2,3,1,0,0,4,1,3,3,3,1,4,2,3,3,1,2,3,1,2,3,3,0,3,3,3,4,2,3,4,4,3,0,3,1,0
"rs00202",2,7397854,3,4,0,1,4,4,2,1,3,2,2,2,1,0,1,2,1,0,0,0,4,1,4,3,3,1,0,0,0,4,1,4,4,2,0,3,0,4,1,0,0,1,2,0,3,3,3,0,3,3,4,0,0,4,0,1,2,1,1,4,1,3,2,3,3,1,3,2,3,3,1,1,3,2,0,3,1,3,0,4,4,3,2,2,2,0,1,1,4,4,2,3,3,3,1,1,2,4,1,2,1,1,3,1,0,0,1,2,1,2,1,2,3,4,3,3,4,1,0,2
"rs00203",2,7508804,3,4,2,4,3,1,1,1,1,1,3,0,4,2,4,2,2,4,1,3,4,2,1,3,4,2,4,4,4,3,1,0,3,3,4,4,3,0,2,1,4,3,2,0,3,4,4,4,1,0,3,3,2,4,3,1,1,4,1,4,4,2,1,2,0,4,1,2,3,3,2,2,0,3,1,0,2,1,2,1,1,2,4,0,4,4,2,0,0,0,0,3,1,3,4,4,3,1,4,0,0,3,0,1,0,4,0,2,3,4,4,0,1,1,3,0,3,2,0,0
"rs00204",2,7684340,2,1,3,2,2,0,2,2,2,0,2,4,0,2,3,4,4,3,0,4,3,4,2,0,0,4,0,3,3,2,0,4,3,1,1,1,0,0,1,2,2,4,0,4,2,3,2,3,3,0,4,2,4,4,1,3,0,1,4,0,4,3,0,3,2,3,2,2,4,4,4,0,2,0,3,2,0,2,2,4,4,1,4,3,1,0,4,3,2,2,2,3,0,2,4,3,1,1,0,3,0,4,1,2,3,4,4,3,4,0,0,4,4,1,4,0,4,1,0,3
"rs00205",2,7702078,0,2,1,4,1,1,0,1,0,0,4,3,4,3,4,4,0,3,1,4,2,0,3,1,4,2,0,1,3,1,2,0,2,3,1,0,0,4,0,1,3,1,1,4,1,3,4,3,2,4,0,1,0,4,2,4,0,1,4,0,0,1,0,4,4,3,1,1,2,1,0,4,1,0,1,3,4,0,1,4,4,4,3,2,3,1,4,4,0,1,2,3,4,4,3,4,4,3,2,2,3,2,3,3,2,0,2,4,2,3,2,3,0,4,1,1,1,1,2,2
"rs00206",2,7725586,2,2,4,2,0,2,4,4,2,4,0,3,4,1,3,4,3,4,1,0,3,2,3,2,4,4,0,2,1,3,4,3,2,4,4,4,3,4,0,0,0,2,1,3,3,4,2,0,1,4,2,3,4,1,3,0,0,2,2,2,0,2,4,3,3,1,0,2,1,0,1,4,0,1,0,2,2,1,1,2,1,4,1,1,4,3,2,4,0,3,1,1,0,3,3,1,0,4,4,1,1,1,4,4,4,4,2,1,2,0,3,2,0,0,1,2,2,1,2,3
"rs00207",2,7901534,1,0,2,4,1,3,1,3,3,0,1,4,3,2,4,4,2,4,1,4,4,1,4,3,3,1,0,0,3,0,1,4,0,2,3,4,2,3,3,2,1,2,4,0,2,1,3,2,2,2,0,1,4,3,2,3,3,4,2,0,2,3,2,1,0,3,3,0,2,1,3,4,3,1,0,3,1,0,2,2,2,0,3,1,0,4,3,1,2,3,3,1,3,1,2,1,0,0,0,4,3,3,3,2,3,1,2,1,2,4,3,0,4,3,1,3,4,0,1,2
"rs00208",2,7997022,2,1,2,3,4,1,4,2,2,3,2,4,1,3,3,4,4,3,2,2,1,1,1,2,0,3,4,3,4,3,0,3,4,1,4,0,3,0,2,2,0,3,3,4,0,1,1,2,0,0,1,2,2,2,4,3,2,0,3,2,4,2,0,2,2,2,1,2,4,4,4,0,1,1,1,3,2,3,1,1,1,4,0,1,3,2,0,0,1,2,3,2,3,0,1,3,0,1,0,2,3,0,2,1,4,0,2,0,0,1,1,0,1,0,4,3,3,3,2,2
"rs00209",2,8060377,0,2,4,2,3,0,2,3,3,4,4,1,4,0,2,0,2,0,3,2,2,1,2,3,3,1,4,4,1,1,2,1,4,1,1,4,2,4,1,2,0,3,2,2,4,3,3,2,3,3,1,0,2,0,4,3,2,2,2,4,3,4,1,4,4,3,4,4,2,3,2,4,4,2,4,3,3,2,0,3,4,1,1,0,1,1,1,0,3,2,1,2,2,2,4,1,3,3,3,0,0,4,2,4,3,4,0,4,4,3,1,3,1,1,2,1,0,2,4,0
"rs00210",2,8254345,2,2,4,0,2,2,1,3,3,4,1,1,1,1,4,3,4,1,1,3,3,3,0,3,4,0,2,1,4,2,4,0,1,1,3,2,0,2,3,1,2,1,1,3,1,3,1,0,2,4,0,3,2,1,3,1,1,1,2,0,0,0,3,2,1,4,3,0,2,2,4,3,1,0,4,1,3,4,1,4,1,1,0,0,4,0,4,4,0,3,2,0,0,1,4,3,0,1,4,4,4,1,3,3,2,2,3,0,0,0,3,0,4,3,0,1,3,3,2,4
"rs00211",2,8355139,0,3,1,3,2,1,3,0,0,4,2,1,4,0,0,2,0,3,3,3,1,1,4,4,3,1,3,2,2,2,3,1,3,3,2,0,2,0,2,2,3,2,0,1,2,3,1,0,4,0,2,0,1,2,0,0,3,0,3,4,4,3,1,1,0,4,3,2,3,2,0,3,3,1,4,1,3,3,1,2,0,2,4,4,3,3,1,4,2,1,1,2,1,1,0,2,3,2,0,2,3,3,3,2,1,2,2,2,4,4,3,0,2,4,3,2,3,3,3,3
"rs00212",2,8538823,3,2,4,3,3,4,0,2,3,3,0,3,0,4,2,1,4,2,2,1,1,0,1,3,0,3,3,4,2,4,1,2,2,0,1,4,2,2,4,0,2,0,3,0,3,4,4,0,2,2,3,4,4,1,1,3,4,2,4,4,3,2,1,1,4,4,2,0,3,1,0,3,3,2,3,3,4,1,2,0,4,3,1,0,2,4,4,0,2,0,1,2,3,3,0,4,0,1,4,2,0,2,3,2,2,1,3,0,1,2,3,2,2,2,0,0,0,2,2,4
"rs00213",2,8775289,0,2,0,3,3,2,2,3,2,3,1,1,2,3,0,4,1,1,2,0,1,3,0,2,4,2,2,1,1,2,4,1,3,3,3,2,3,0,4,3,0,3,0,3,2,1,0,3,4,0,3,1,2,3,4,1,3,2,2,1,2,4,4,4,1,3,4,2,2,3,3,0,4,4,1,4,0,2,1,0,2,4,0,3,0,3,4,3,0,0,2,4,2,0,2,1,4,0,3,1,0,4,2,1,2,2,0,2,0,3,3,1,3,2,1,1,4,1,4,2
"rs00214",2,8956496,1,3,3,1,3,2,1,3,4,2,4,0,2,3,1,3,2,1,3,1,0,1,3,1,3,1,1,1,1,1,1,3,4,3,4,4,3,4,0,3,4,1,3,0,3,0,1,2,1,4,2,0,3,0,2,3,4,3,1,4,0,0,1,0,0,4,2,3,3,1,3,3,1,3,0,0,0,3,4,2,3,3,3,4,1,0,2,0,3,0,2,0,0,1,1,2,0,3,4,0,4,3,3,0,3,4,3,2,2,1,3,0,3,2,3,0,0,3,2,2
"rs00215",2,8957120,2,2,2,4,0,0,2,4,2,0,1,1,3,4,2,3,4,1,0,4,2,4,3,1,0,4,1,0,1,1,3,1,1,4,4,0,4,4,3,1,4,3,4,0,3,2,2,1,4,4,1,1,2,1,1,2,3,0,4,4,1,4,3,3,4,3,2,1,2,3,3,4,1,3,4,2,3,3,1,4,3,4,3,1,2,3,1,0,4,1,4,1,1,3,4,2,1,2,0,2,2,1,3,3,0,2,2,4,1,1,1,2,0,0,3,3,2,4,1,2
"rs00216",2,9021971,0,0,1,3,4,4,4,0,0,4,1,0,3,1,2,3,3,1,2,3,0,4,0,0,1,0,3,2,1,1,1,2,0,3,4,4,1,2,0,3,3,0,3,0,0,0,0,4,0,3,4,1,3,4,2,3,3,1,0,2,2,1,3,2,4,3,1,2,1,3,3,2,4,3,1,4,2,0,1,2,0,1,3,2,3,2,2,2,1,2,4,1,2,1,4,3,2,0,0,3,4,3,3,1,4,1,2,3,4,1,1,4,3,1,1,3,1,3,1,2
"rs00217",2,9037719,1,1,2,3,0,4,1,1,4,3,4,0,0,2,2,1,3,1,1,3,0,2,1,3,0,2,2,4,3,2,4,2,2,2,3,3,2,4,0,2,1,1,1,4,1,2,3,4,4,2,4,0,2,4,4,1,1,4,2,2,1,4,1,2,0,2,1,2,1,0,4,4,1,0,1,1,3,1,1,1,2,1,2,1,2,0,1,1,2,4,3,1,4,2,4,2,2,0,4,0,3,2,2,4,2,2,0,1,1,1,2,1,0,2,3,3,4,1,1,2
"rs00218",2,9239994,3,4,1,2,1,2,1,0,0,2,1,4,4,2,0,2,0,3,4,1,1,2,2,2,1,3,1,0,4,4,2,2,2,0,1,2,2,3,3,1,4,4,1,4,1,3,4,0,0,3,1,0,4,1,3,0,2,4,0,4,0,3,3,0,2,3,2,3,0,0,1,2,4,1,1,2,4,1,3,0,2,0,1,2,0,1,4,0,3,1,4,3,1,2,1,1,3,3,2,1,0,2,1,4,1,4,4,2,2,1,3,0,2,3,2,0,2,4,3,1
"rs00219",2,9263453,1,0,0,1,3,1,4,0,2,3,4,0,3,4,1,3,0,4,1,0,3,2,0,3,1,0,1,2,2,1,2,4,4,3,1,3,0,3,0,4,2,0,3,3,3,3,2,0,3,2,1,3,2,1,2,0,4,0,4,2,2,1,0,2,0,3,2,1,4,1,4,0,1,1,4,4,0,2,2,4,0,2,2,1,1,4,4,0,3,0,2,2,4,4,4,1,2,3,0,2,1,1,1,2,3,1,1,3,0,4,0,3,1,3,2,4,2,2,2,1
"rs00220",2,9324024,3,2,1,1,4,2,3,3,1,0,3,2,3,0,3,2,3,3,1,1,4,2,3,1,0,1,2,0,3,2,3,1,3,1,1,0,4,0,0,2,1,0,2,2,2,2,4,0,4,3,3,3,4,2,2,2,4,1,3,3,0,3,1,3,0,1,3,2,3,3,2,1,1,1,4,1,0,4,0,3,1,1,3,3,2,1,2,4,2,1,1,2,3,0,3,3,2,1,1,2,4,4,2,1,4,4,2,0,1,3,1,2,1,1,3,4,0,1,0,0
"rs00221",2,9380113,0,0,1,4,3,2,0,3,0,2,4,2,1,3,1,2,2,4,3,4,1,0,0,2,1,4,1,0,0,4,0,4,4,2,0,2,2,0,4,2,0,0,0,4,2,2,0,0,2,3,1,1,4,1,4,1,3,0,2,0,3,4,3,0,4,2,0,4,2,2,4,1,2,1,3,0,3,3,4,1,3,2,1,2,4,1,0,2,1,4,2,0,0,2,2,2,1,4,4,1,0,1,4,0,2,1,2,3,4,4,3,3,2,1,0,1,1,0,0,1
"rs00222",2,9570937,3,1,1,1,2,0,1,0,1,1,0,0,2,4,1,1,4,1,3,3,0,2,3,1,2,1,3,0,1,2,3,2,0,1,3,4,2,2,2,2,2,2,3,3,1,4,0,2,2,4,0,2,4,4,4,0,3,2,3,1,1,4,4,4,1,3,3,3,4,3,0,0,4,1,0,3,3,2,4,3,2,4,4,0,0,1,0,0,1,0,3,1,1,4,4,0,0,1,3,2,4,4,4,1,3,1,1,0,4,0,2,1,1,0,2,4,2,0,1,2
"rs00223",2,9722249,3,1,3,2,3,4,0,4,2,3,1,4,2,2,0,4,1,0,1,2,2,2,0,2,2,3,3,0,0,4,4,3,4,1,0,3,1,3,0,1,2,0,3,4,2,4,0,3,2,0,0,0,0,4,2,0,4,2,4,2,1,4,4,0,3,3,3,0,2,4,2,0,0,4,0,4,0,2,0,1,3,3,4,4,2,4,1,4,0,3,4,4,4,1,1,0,1,1,1,2,2,0,0,3,4,0,1,0,0,1,1,4,3,2,0,2,4,1,4,3
"rs00224",2,9881237,0,4,4,1,2,4,2,4,3,1,1,4,2,4,3,1,2,1,1,4,2,3,3,0,3,2,4,4,0,4,4,2,2,4,3,2,4,2,1,0,0,1,0,2,1,0,4,0,2,0,0,4,4,2,4,0,3,3,3,0,1,2,0,3,1,2,4,1,3,4,4,2,0,1,3,3,0,1,4,3,2,4,4,4,2,0,0,2,3,3,3,1,1,2,4,0,4,2,3,1,0,3,4,1,2,3,0,2,0,3,1,2,4,2,1,3,3,1,4,2
"rs00225",3,9991,2,4,3,2,1,3,1,4,4,3,2,0,4,1,4,4,2,3,0,1,0,2,3,4,1,2,2,4,0,4,3,0,0,2,1,0,0,3,3,3,1,4,0,0,0,0,1,0,1,2,2,0,0,1,1,2,2,3,0,4,3,0,2,0,1,0,2,2,0,2,1,0,3,0,2,2,4,1,4,0,0,4,3,1,2,3,4,4,4,2,2,0,2,0,3,3,0,4,4,0,2,0,0,4,4,4,3,1,3,3,2,2,1,3,3,3,4,0,0,2
"rs00226",3,97913,0,3,1,2,1,3,3,2,3,4,4,1,4,1,3,4,0,0,2,1,4,2,3,0,1,4,2,1,1,0,3,2,0,0,2,0,2,0,0,4,1,2,3,1,4,1,2,0,1,2,4,3,0,0,2,2,4,2,1,3,0,1,4,1,1,2,4,2,4,2,4,1,4,4,1,0,4,1,1,1,4,0,0,0,4,2,0,4,1,0,3,1,1,1,2,1,2,2,4,3,3,0,0,4,0,2,4,2,2,0,0,0,2,0,0,4,2,1,1,4
"rs00227",3,212657,0,1,1,4,4,1,1,2,3,4,0,0,2,4,1,4,4,4,1,0,2,0,4,4,3,0,0,4,4,1,4,3,2,4,1,3,3,4,4,3,1,4,3,1,4,1,1,2,0,4,0,4,0,3,1,2,3,0,2,4,4,2,1,1,3,4,1,0,2,2,0,2,1,3,0,1,2,2,0,0,2,3,1,1,2,1,2,0,0,2,3,0,0,2,1,0,4,1,4,2,4,0,4,2,1,3,4,0,2,4,2,4,2,3,3,2,2,1,3,4
"rs00228",3,231408,3,1,1,4,3,1,1,0,1,1,1,0,0,3,1,1,1,4,4,2,1,3,0,3,2,0,2,1,1,4,4,4,2,2,0,0,0,2,2,2,2,0,1,4,4,3,0,1,1,2,0,1,2,2,1,4,3,0,2,0,0,1,0,3,4,0,0,1,0,4,4,1,3,2,3,0,3,0,0,4,1,0,0,2,1,4,1,0,4,0,0,2,1,3,4,4,4,0,3,2,4,3,2,3,1,2,3,0,2,2,0,2,0,0,4,3,4,4,2,0
"rs00229",3,365963,0,2,0,3,0,1,0,4,4,3,1,0,4,2,4,4,3,1,3,1,3,0,1,1,4,1,0,1,3,0,0,0,1,0,4,3,0,2,2,3,2,0,1,4,0,0,1,0,1,3,0,0,3,1,4,3,4,3,1,1,4,4,0,2,4,4,2,2,4,1,1,4,2,0,3,4,0,1,3,1,3,4,0,0,2,0,4,0,0,4,1,4,1,4,3,3,1,1,1,1,2,4,3,0,3,2,0,3,2,1,0,3,0,3,3,1,4,4,0,1
"rs00230",3,379779,3,4,3,1,3,4,4,4,0,3,0,3,3,2,1,1,0,4,4,0,0,0,4,3,2,0,4,0,4,4,0,0,4,3,3,2,0,2,3,4,4,3,4,1,1,1,3,1,3,0,1,0,2,3,3,2,1,1,0,0,0,3,3,3,0,3,1,0,3,1,1,4,0,1,2,0,2,3,4,0,3,0,0,3,3,2,0,0,2,3,2,1,3,0,4,3,4,3,4,2,1,3,4,2,2,3,1,1,2,1,2,2,3,3,1,1,3,3,3,2
"rs00231",3,417652,0,2,2,4,2,1,1,1,0,4,0,3,0,2,0,4,4,2,3,1,4,0,1,3,2,3,1,4,1,1,3,4,2,4,4,4,1,4,3,0,2,0,4,2,1,0,0,4,0,2,4,2,3,1,2,4,4,0,2,2,3,2,1,0,1,0,2,0,0,4,0,1,2,0,1,3,3,2,2,2,0,3,2,3,3,4,3,0,4,0,0,2,2,3,4,3,0,3,4,2,1,1,2,3,1,2,4,1,0,3,1,4,0,1,0,3,3,1,3,2
"rs00232",3,422727,4,4,4,4,0,1,3,3,2,2,3,4,4,2,2,4,1,0,3,2,1,1,2,0,2,0,3,2,0,1,4,2,0,1,3,4,2,3,3,3,1,4,2,4,1,3,0,3,0,4,1,1,0,2,4,3,1,1,3,4,3,2,1,1,3,2,4,3,2,0,3,0,1,3,0,0,1,2,1,4,4,4,2,0,2,1,1,4,3,2,0,4,3,3,3,1,2,2,2,1,2,3,3,3,1,0,4,1,1,4,2,1,0,1,3,3,0,0,2,1
"rs00233",3,442258,1,1,3,2,0,0,2,2,4,4,0,4,3,3,1,0,4,2,3,2,2,4,1,0,4,2,0,0,1,3,2,1,2,2,1,2,1,0,4,4,4,4,2,2,2,2,1,4,0,1,4,3,4,0,0,1,0,0,0,1,3,2,2,0,3,3,2,3,0,4,2,2,2,3,3,2,3,0,1,4,3,4,2,1,1,3,0,2,0,0,2,3,3,1,1,2,3,1,3,3,2,3,1,1,3,4,3,4,2,2,0,3,1,1,4,0,4,1,2,1
"rs00234",3,637907,2,4,0,4,1,3,3,1,3,1,3,1,1,2,2,3,1,4,1,1,3,0,1,1,1,2,2,2,1,0,0,1,4,3,0,1,2,3,2,2,3,3,3,0,2,1,1,4,1,3,3,1,0,1,3,0,2,2,2,1,2,0,4,4,0,4,1,2,4,0,0,2,0,1,0,2,4,1,1,4,1,3,2,0,3,3,1,3,0,1,1,4,1,0,4,1,3,0,1,1,4,4,0,4,4,3,3,1,4,2,1,2,2,1,0,4,3,3,0,2
"rs00235",3,840315,1,2,1,4,0,3,2,4,2,1,3,2,2,4,4,2,4,3,3,2,2,1,1,4,0,1,0,4,0,3,3,4,0,3,3,4,3,1,4,0,3,4,0,4,2,4,2,0,2,3,0,3,1,1,3,0,1,1,2,2,2,4,2,0,1,2,1,3,4,4,1,0,1,1,4,4,4,3,0,4,2,3,0,0,1,3,0,2,3,0,1,3,3,2,1,1,0,0,0,2,4,3,4,0,1,0,1,4,2,2,2,3,2,2,0,4,4,3,3,4
"rs00236",3,871651,0,0,4,3,1,4,3,2,1,1,4,4,2,2,0,4,1,1,3,4,1,2,4,4,3,2,4,3,4,2,1,2,1,3,4,0,3,4,1,0,0,3,1,4,1,0,3,1,1,0,1,2,4,4,2,4,1,3,2,3,4,4,0,2,3,1,4,1,1,3,0,4,2,1,1,1,4,4,3,1,0,1,0,1,2,2,2,2,3,0,0,1,0,1,2,0,4,0,3,0,0,0,2,2,0,0,4,3,2,1,3,2,4,2,0,1,4,3,3,2
"rs00237",3,1474308,3,2,0,2,2,3,4,0,3,3,0,3,3,4,1,0,4,1,1,2,4,0,0,0,4,3,3,2,0,1,4,3,1,1,1,1,0,4,2,0,1,4,2,0,3,0,2,3,0,4,0,3,3,0,1,3,3,4,1,0,4,3,1,0,3,3,4,4,2,2,2,2,0,4,4,2,4,4,2,3,3,2,4,2,0,3,0,3,0,1,4,3,3,1,4,2,0,4,1,3,1,1,2,4,2,0,3,2,4,0,0,3,2,2,2,0,0,0,3,3
"rs00238",3,1596956,0,3,1,0,3,3,2,2,1,2,4,1,4,4,4,0,3,1,1,0,4,3,1,2,0,0,0,1,0,0,2,0,0,3,3,0,4,1,1,4,1,4,0,2,2,4,0,0,3,1,0,3,1,4,2,0,4,2,1,4,3,1,1,4,3,4,3,4,0,4,4,2,2,0,0,0,1,2,1,3,4,2,3,3,0,0,3,1,0,1,3,2,0,2,1,4,3,0,0,1,2,2,0,2,4,1,0,2,0,0,2,4,4,4,1,4,4,3,1,3
"rs00239",3,1610908,4,2,3,3,0,3,1,2,4,0,4,1,0,1,2,3,0,3,2,4,3,2,4,2,0,4,1,0,1,3,3,2,4,3,4,4,4,1,3,4,0,2,0,1,2,4,2,4,2,0,0,2,4,2,1,2,1,0,3,0,2,4,4,4,3,4,4,0,4,4,2,4,3,1,0,1,4,0,4,4,3,1,3,0,4,4,0,3,4,2,3,4,4,4,0,0,3,2,3,4,3,3,3,0,3,1,4,2,4,0,0,1,3,0,4,3,4,4,3,1
"rs00240",3,1956156,3,1,2,0,2,2,2,3,3,2,0,3,2,1,0,2,4,4,0,2,3,2,4,1,0,1,1,3,2,1,0,1,1,1,0,0,0,2,4,0,4,2,2,3,3,3,1,3,0,2,0,3,0,4,3,0,2,1,2,0,4,2,0,1,1,3,3,4,2,2,1,3,3,0,0,2,3,3,0,3,3,3,1,0,0,4,4,4,3,2,0,2,4,3,3,3,2,3,1,0,2,3,0,3,3,0,4,0,2,4,0,1,2,3,2,1,2,2,1,2
"rs00241",3,1986029,1,0,1,2,0,3,0,2,3,4,0,1,1,3,3,4,1,3,4,3,4,2,2,1,0,1,2,4,1,1,1,3,4,3,1,0,4,0,4,0,4,2,4,4,1,2,3,2,2,4,3,3,1,3,0,0,1,2,1,1,1,0,3,4,0,3,0,3,2,3,0,2,3,1,0,4,2,4,1,2,3,2,4,1,4,0,2,0,3,1,4,4,0,4,2,1,2,0,3,2,3,2,4,0,0,1,4,1,3,4,3,4,1,4,0,3,3,2,0,4
"rs00242",3,2001845,0,2,3,3,4,4,2,2,0,1,3,4,2,0,0,4,0,2,1,2,1,4,1,0,0,0,1,3,4,0,0,1,0,4,2,3,1,1,4,2,0,2,3,2,3,2,3,2,0,4,1,3,4,2,0,1,0,3,3,3,1,4,0,0,4,1,3,2,4,2,2,4,1,4,1,1,1,4,1,1,3,4,3,3,3,4,0,3,4,4,3,2,3,0,3,0,1,0,2,0,1,0,4,2,2,1,1,2,0,2,4,3,3,2,4,1,1,3,0,3
"rs00243",3,2226359,4,2,1,4,1,0,0,0,3,4,0,0,0,2,3,3,2,3,4,1,3,1,2,3,2,0,0,1,0,1,2,0,0,0,0,3,1,3,2,4,0,0,2,4,1,0,0,0,0,4,2,0,3,3,0,0,2,1,4,2,4,2,3,0,2,1,0,0,4,0,2,1,2,0,3,3,3,4,1,1,3,3,3,2,1,3,3,3,4,4,4,3,3,1,2,3,0,3,2,3,2,4,3,1,1,4,0,4,0,0,3,4,0,0,2,0,3,2,2,2
"rs00244",3,2281239,1,4,4,4,0,2,1,4,0,0,3,0,2,0,1,1,0,4,3,0,4,1,2,2,3,0,3,0,1,4,2,4,0,4,1,3,4,1,1,3,3,4,0,4,3,4,0,0,3,3,2,3,2,4,2,0,3,3,2,1,2,4,4,0,2,2,0,4,0,3,2,0,3,0,1,2,0,2,2,1,3,1,0,3,1,1,1,3,1,3,2,0,2,3,1,4,3,2,0,2,4,2,4,3,3,4,1,4,4,2,2,2,3,0,3,4,2,1,2,1
"rs00245",3,2284039,0,4,0,2,4,0,0,0,4,4,4,2,4,1,3,4,2,0,1,2,1,1,0,4,1,0,2,1,0,4,1,2,3,4,3,2,1,1,0,0,1,1,3,3,4,1,1,4,1,2,4,0,0,0,1,4,3,4,3,3,4,0,2,2,3,4,2,0,4,4,2,0,1,0,1,2,1,3,2,1,1,1,1,2,0,3,4,1,1,0,1,2,4,0,3,3,1,1,1,1,0,1,0,4,4,2,3,2,4,4,3,0,0,0,3,3,0,2,0,2
"rs00246",3,2290412,1,1,4,1,3,0,4,4,3,2,3,3,0,4,4,3,4,4,4,4,2,0,0,1,2,1,4,4,0,2,3,0,2,2,3,3,0,1,3,4,1,3,2,4,2,1,1,2,4,2,1,3,0,0,2,1,2,1,1,4,0,1,3,0,0,1,3,1,1,1,4,2,4,4,2,1,4,1,1,3,0,3,3,1,3,4,0,0,2,2,4,1,0,2,0,1,4,0,3,4,1,3,4,3,2,3,0,1,3,2,2,3,3,4,3,3,0,2,4,2
"rs00247",3,2303260,1,3,1,2,3,2,1,1,2,0,4,4,3,4,4,1,3,3,3,0,4,4,4,0,3,0,0,3,3,1,3,0,1,2,3,3,0,0,1,2,1,3,4,4,2,0,2,0,0,4,4,2,2,2,4,0,1,3,2,4,3,1,4,3,2,2,4,3,1,1,3,0,2,1,0,3,2,2,3,3,0,4,4,0,3,1,2,3,1,0,4,4,4,3,0,3,1,1,2,1,4,3,4,1,1,4,2,2,1,1,1,1,4,4,1,4,2,3,3,3
"rs00248",3,2653617,3,0,2,4,3,4,2,4,0,2,2,4,1,4,0,4,2,2,2,3,2,3,3,2,3,2,2,3,2,1,2,4,2,0,0,2,3,0,0,2,2,4,2,1,0,3,1,2,4,4,1,2,0,4,0,1,0,2,2,4,1,3,4,3,2,4,1,2,2,2,3,2,3,2,1,2,2,2,2,1,0,0,2,1,2,3,2,0,4,2,4,4,0,4,2,3,3,2,4,0,4,2,2,4,4,0,4,2,3,2,1,2,0,0,4,1,0,0,4,4
"rs00249",3,2742410,2,1,1,0,3,2,1,2,0,1,3,1,3,2,4,4,3,0,1,1,0,0,3,4,2,2,4,0,4,2,0,1,4,3,3,4,3,4,3,4,0,1,2,4,4,4,3,3,1,0,1,0,4,1,0,2,0,2,1,2,3,2,3,4,3,3,4,0,2,0,4,4,3,2,1,4,0,3,1,2,4,0,1,2,0,0,0,1,4,0,3,1,1,4,0,0,1,4,2,1,0,0,0,4,2,3,1,1,4,4,2,1,2,4,3,2,0,2,3,1
"rs00250",3,2769911,4,1,0,0,2,3,0,4,2,1,2,1,2,4,0,0,1,3,0,1,3,1,2,2,0,2,1,4,2,1,3,1,2,3,3,0,2,3,3,2,3,4,0,3,0,2,3,0,1,4,3,2,0,3,0,3,3,4,4,2,3,1,0,2,1,3,3,0,1,4,3,0,1,4,4,0,0,1,3,3,1,3,4,0,0,4,4,2,2,2,3,0,0,1,3,1,3,2,3,4,0,1,4,4,1,2,0,1,1,3,4,2,0,1,0,2,4,1,4,3
"rs00251",3,2821156,0,2,1,2,1,2,0,0,1,1,4,1,3,4,1,1,3,3,2,2,3,4,1,2,4,2,3,1,1,2,2,3,2,4,2,2,0,1,2,0,4,1,2,1,1,1,3,1,0,4,1,0,1,3,3,2,4,3,0,2,1,4,2,1,2,3,3,1,1,1,3,3,1,1,0,4,3,4,4,4,1,0,4,4,0,1,0,4,4,2,2,0,0,1,1,2,0,0,2,4,1,1,4,2,3,3,0,2,2,4,3,0,4,3,1,1,3,3,2,0
"rs00252",3,2979907,1,0,2,4,0,1,3,3,0,4,0,0,0,4,4,2,1,1,3,4,4,2,2,1,3,2,4,2,3,3,0,4,3,0,2,2,3,3,0,2,0,3,1,2,1,4,1,2,2,2,3,1,4,2,0,4,4,4,4,1,0,1,0,2,0,2,3,3,1,2,4,3,3,4,4,1,3,4,3,4,3,0,2,0,1,4,2,3,4,4,1,4,0,1,4,2,4,2,0,1,0,1,2,3,4,4,0,0,3,0,4,1,1,1,3,1,4,2,2,3
"rs00253",3,3003993,1,2,1,4,3,4,3,1,3,2,1,4,4,2,4,3,2,3,3,1,1,3,0,3,2,3,0,0,0,4,1,4,2,1,4,3,0,4,0,4,2,2,3,0,2,3,4,2,2,3,3,1,3,1,1,1,3,0,0,3,3,0,1,2,0,0,4,2,3,4,3,4,4,3,4,3,4,4,3,0,1,3,3,3,1,2,3,0,4,1,2,0,3,0,3,0,0,3,3,2,0,0,0,4,0,4,1,2,4,3,2,4,3,1,1,0,0,0,2,4
"rs00254",3,3082753,0,1,2,3,0,3,0,2,2,1,2,1,4,0,2,1,1,1,1,4,1,3,0,1,0,0,1,4,0,4,0,2,3,4,1,4,4,1,1,1,1,1,2,3,1,0,3,4,2,2,4,0,0,1,0,3,1,3,0,1,4,1,2,1,4,0,2,3,0,3,1,0,3,1,4,4,4,0,0,1,1,1,3,1,1,0,2,2,4,0,3,1,0,0,0,0,3,2,2,0,0,3,3,4,2,1,1,0,2,3,1,3,3,1,1,2,3,3,1,0
"rs00255",3,3349155,0,0,3,1,1,0,4,0,4,0,2,1,0,0,4,3,1,4,0,1,3,0,4,3,2,3,0,4,1,2,4,0,0,4,3,3,4,4,4,1,0,0,1,4,1,0,0,1,4,1,0,2,0,0,3,1,2,1,1,4,2,0,1,1,3,3,4,2,0,4,4,4,2,0,4,1,0,4,1,2,0,0,0,4,2,0,3,0,2,2,1,0,0,0,3,2,1,0,1,2,1,2,4,0,2,0,1,1,3,2,2,1,1,4,0,0,4,1,0,2
"rs00256",3,3423572,3,1,0,4,1,4,3,0,4,3,2,3,4,3,3,1,2,4,0,2,1,3,1,4,3,3,4,2,1,2,2,1,1,0,0,3,0,0,0,0,4,4,0,0,2,2,1,2,2,3,0,0,2,1,4,2,4,1,0,0,4,3,0,4,3,1,2,1,0,3,0,0,1,4,0,3,1,2,1,3,0,1,0,4,4,0,0,4,1,2,1,2,1,4,4,1,3,4,1,4,2,3,3,3,4,3,3,1,0,1,2,0,3,3,3,4,1,2,1,3
"rs00257",3,3474353,2,0,1,1,0,1,3,3,4,2,0,4,1,3,4,0,2,1,2,2,2,4,1,1,1,2,2,3,3,1,4,4,0,2,2,0,1,0,3,3,2,1,1,1,3,2,1,3,3,2,1,0,4,0,1,4,1,2,1,4,3,3,1,0,3,1,1,4,2,3,3,3,3,2,3,0,4,0,3,2,0,1,4,3,4,3,3,2,2,1,2,2,0,3,1,0,0,0,1,3,0,3,2,3,3,1,4,1,4,4,2,1,2,3,4,3,2,4,0,1
"rs00258",3,3535638,4,0,2,2,3,2,3,2,0,4,4,3,3,0,0,1,1,1,4,1,1,1,1,2,1,0,2,4,2,2,1,1,2,2,3,1,4,4,3,1,0,3,4,2,1,2,1,0,0,3,1,4,2,3,0,1,1,4,0,0,4,2,1,1,0,4,1,2,0,2,0,3,4,3,3,0,4,1,4,2,2,0,2,0,4,4,4,0,1,0,4,4,3,4,1,1,4,1,0,0,4,2,1,3,2,3,2,3,1,2,4,2,1,4,2,1,4,4,1,2
"rs00259",3,3764508,4,4,3,2,3,4,0,3,1,4,2,4,0,1,1,2,3,2,1,1,2,3,2,1,0,1,0,4,0,0,1,0,3,0,1,2,1,1,4,1,2,0,3,2,0,0,4,0,2,3,0,4,3,3,2,3,0,0,4,4,2,4,3,3,0,2,3,1,0,4,2,1,2,0,2,1,4,2,1,2,4,3,3,0,3,2,2,2,0,1,1,1,1,4,1,0,0,1,4,3,3,2,4,1,4,0,4,4,4,3,0,2,4,1,4,3,4,0,0,3
"rs00260",3,3986205,4,0,3,0,1,1,1,4,3,2,1,0,3,3,3,0,1,0,0,0,1,1,1,1,1,4,4,0,1,0,1,2,0,4,3,3,3,1,2,4,1,3,4,0,1,4,3,1,4,2,4,0,2,4,3,2,4,3,3,4,0,2,2,0,3,0,3,2,2,2,2,3,2,0,1,0,0,4,1,2,0,4,4,0,4,3,1,1,0,3,1,1,0,4,3,0,0,2,0,2,4,3,1,3,0,4,1,1,3,0,0,0,3,3,3,2,1,4,0,0
"rs00261",3,4147113,0,0,1,1,0,2,1,4,1,0,0,2,0,2,3,2,1,1,1,1,4,0,0,0,3,1,1,1,2,1,0,1,2,1,0,2,2,0,0,1,3,4,4,3,3,1,1,4,3,0,4,1,2,4,4,3,1,3,0,1,2,1,3,4,1,3,1,2,2,0,3,1,1,0,1,0,4,1,2,1,0,1,4,2,2,1,3,2,3,3,1,0,1,3,0,3,1,1,2,3,1,3,2,1,3,0,1,0,4,0,1,3,0,1,4,3,3,4,3,4
"rs00262",3,4217734,2,4,4,0,2,3,2,2,1,4,3,4,0,3,3,3,0,2,0,4,1,1,4,1,0,0,4,3,1,3,1,3,1,3,2,0,2,0,0,3,0,3,0,1,1,1,1,0,0,0,4,3,1,2,1,1,3,1,0,1,1,3,1,0,2,0,4,2,4,0,0,4,3,3,4,4,1,4,4,4,3,4,3,0,4,4,3,0,2,3,4,4,1,1,0,0,1,0,2,3,0,4,0,3,2,3,0,3,3,0,4,3,1,3,1,2,1,0,1,2
"rs00263",3,4366115,0,0,2,1,2,1,4,4,2,4,1,2,3,3,1,4,0,3,4,0,1,0,1,2,2,3,3,0,4,4,1,0,4,1,3,0,2,1,0,0,0,4,1,4,4,0,4,3,0,0,1,1,3,2,0,1,2,4,2,1,0,3,3,3,4,1,0,2,2,4,4,3,2,2,2,3,0,0,4,0,2,4,3,4,4,2,3,2,3,3,0,1,4,2,2,2,0,2,1,1,1,3,0,0,1,0,4,2,1,0,4,1,0,0,4,4,2,1,1,2
"rs00264",3,4420669,2,4,1,1,1,3,3,0,2,0,3,4,1,1,4,1,2,0,2,3,2,2,3,2,0,4,0,1,1,0,0,4,4,4,3,3,3,2,3,0,3,4,3,1,4,2,1,4,1,1,0,3,2,4,0,2,3,2,1,1,0,4,0,2,2,4,4,0,4,3,0,0,2,4,4,1,3,3,2,3,4,0,3,1,1,2,2,0,1,3,4,2,1,4,4,3,0,3,2,4,1,4,2,2,2,2,0,4,0,4,4,2,2,0,1,0,4,2,1,0
"rs00265",3,4468357,3,1,1,3,1,2,3,0,0,3,4,4,4,0,1,2,2,4,2,2,1,4,0,4,3,2,2,4,3,2,0,2,0,3,2,4,0,0,0,3,2,1,4,4,4,2,3,4,3,0,3,3,2,0,0,2,3,1,0,3,1,3,3,2,4,0,4,3,4,2,4,2,2,3,0,0,3,1,2,0,3,0,2,3,3,3,1,2,0,4,0,2,3,3,2,1,3,2,3,3,1,3,0,3,1,0,0,4,2,4,1,2,0,1,2,3,0,3,1,0
"rs00266",3,4478447,0,1,0,2,2,2,0,3,3,1,2,3,2,1,2,3,2,2,4,1,0,0,1,4,3,2,3,3,3,2,0,1,3,3,2,2,2,0,0,1,4,0,3,0,4,4,4,3,2,2,4,0,3,1,3,4,4,4,0,2,3,4,4,4,2,4,2,4,3,2,0,3,0,0,0,3,1,4,1,4,1,0,4,4,1,1,1,0,1,1,0,2,4,3,1,4,3,4,0,2,4,3,4,1,2,3,2,0,1,4,3,1,3,3,3,4,0,4,0,1
"rs00267",3,4663815,1,1,0,0,2,1,2,4,0,4,0,3,0,3,2,3,0,3,3,4,4,2,1,3,4,4,4,4,0,3,3,4,4,4,0,0,3,1,3,4,3,2,2,1,0,1,0,1,4,3,3,4,4,4,1,4,2,0,0,3,1,0,4,1,2,0,0,1,4,4,1,1,0,2,2,0,0,1,1,4,2,2,1,3,0,2,3,1,3,4,3,2,1,2,3,1,2,2,1,3,4,1,3,4,4,0,2,1,1,3,0,4,2,1,4,1,4,0,0,3
"rs00268",3,4686030,0,1,0,4,0,2,2,0,1,4,2,4,1,4,1,2,2,1,1,3,4,4,3,1,2,1,3,0,0,4,0,4,0,0,2,3,3,1,1,3,2,4,1,4,1,3,0,2,1,3,0,4,1,0,3,1,1,1,1,3,3,2,0,3,3,3,3,3,0,2,0,3,1,2,4,3,3,0,4,1,3,0,2,4,1,4,2,2,3,4,4,4,3,0,3,2,4,4,0,3,0,4,2,1,2,3,1,3,1,4,1,4,0,2,0,3,0,0,2,3
"rs00269",3,4807635,1,4,2,1,4,4,3,3,1,3,0,1,2,0,0,0,1,2,3,3,4,4,4,0,4,3,3,2,2,2,3,0,1,3,2,2,2,0,0,1,2,2,1,0,1,0,1,0,2,1,0,4,0,4,3,2,3,2,1,3,1,2,2,3,1,1,3,4,3,4,0,1,2,4,0,1,2,1,2,2,1,0,2,0,0,3,0,0,0,4,2,1,3,3,3,0,1,0,3,1,4,2,2,0,2,3,2,3,0,1,2,4,2,4,3,0,1,3,4,2
"rs00270",3,4882339,0,4,4,3,4,1,0,2,3,3,0,4,1,0,2,0,1,1,4,2,3,4,0,3,3,0,2,0,4,1,4,4,3,2,1,4,2,4,4,3,3,4,0,0,1,2,4,0,1,4,2,2,4,0,4,2,1,4,3,4,2,1,0,1,1,4,2,2,4,3,4,2,3,1,2,2,0,0,1,4,1,1,0,2,2,0,1,3,3,2,4,1,0,3,0,2,0,2,0,3,0,3,2,1,4,4,1,1,0,0,0,3,4,1,4,3,2,0,0,1
"rs00271",3,4939311,1,0,2,1,1,3,0,1,4,4,0,1,2,3,1,1,0,3,1,0,0,1,1,4,2,3,2,3,0,3,3,0,1,2,1,2,1,3,1,1,1,1,0,1,2,2,1,2,1,1,1,2,0,3,4,3,2,1,0,1,4,2,3,2,0,3,4,4,2,0,2,2,0,2,3,0,4,0,4,3,3,2,1,4,3,3,4,0,0,0,2,4,1,2,4,2,0,1,4,0,3,4,4,4,0,3,1,0,3,1,4,1,0,0,4,0,4,0,2,3
"rs00272",3,4983088,3,0,2,3,2,1,4,1,2,1,1,3,4,0,1,1,4,4,2,2,1,4,3,3,1,3,4,2,1,2,3,3,0,2,0,2,0,4,2,2,1,3,1,4,2,4,0,2,2,2,1,4,1,4,4,4,4,4,3,4,1,1,4,2,0,2,0,3,3,3,2,1,2,1,3,3,4,2,0,3,0,2,2,3,2,4,1,3,4,4,4,0,0,4,0,2,4,1,2,1,3,1,0,0,2,2,2,1,1,4,1,3,2,4,2,3,1,3,1,4
"rs00273",3,5073968,1,0,2,1,2,4,4,2,0,1,4,3,1,0,0,3,0,2,3,2,1,2,3,1,4,1,2,4,3,3,3,4,0,2,1,2,2,1,4,3,3,0,0,3,1,1,4,4,1,3,1,3,4,2,4,1,2,1,0,3,3,0,1,0,0,4,2,4,2,0,4,1,2,3,4,3,4,2,0,4,4,0,1,3,1,1,2,2,4,0,3,2,3,3,0,3,2,3,2,1,1,3,3,3,2,1,0,3,2,0,1,4,4,1,1,4,4,1,3,1
"rs00274",3,5119090,2,2,1,3,3,0,3,4,1,3,3,2,1,1,1,1,3,3,3,4,1,2,0,4,1,3,4,2,3,3,4,3,1,0,3,2,3,1,3,4,4,0,2,3,0,0,4,4,0,1,3,2,1,4,4,2,2,3,4,3,0,4,3,3,3,2,2,4,3,0,0,0,4,1,3,1,4,1,1,3,2,0,4,3,0,3,1,1,3,0,0,4,4,0,3,2,1,3,2,2,2,1,2,0,3,1,0,3,2,3,4,2,2,1,0,4,0,0,0,0
"rs00275",3,5405689,4,3,3,3,1,1,3,0,3,4,1,3,4,2,4,4,3,3,2,4,1,1,0,2,1,4,4,3,4,4,3,0,2,0,4,3,2,0,1,0,1,2,1,3,4,4,2,1,1,3,2,0,3,0,4,2,0,0,4,1,1,0,1,3,4,1,0,0,4,2,1,1,2,2,3,4,1,3,0,0,0,0,0,1,4,1,1,1,2,1,3,3,2,4,3,3,3,2,0,1,4,4,2,3,4,0,3,3,3,0,0,4,4,0,4,4,1,3,3,1
"rs00276",3,5502386,1,1,0,3,2,3,3,1,4,3,0,1,3,3,4,2,2,0,0,0,4,3,2,0,0,0,3,0,0,4,2,3,3,3,1,4,1,4,2,3,2,4,4,3,1,4,3,1,2,2,2,2,0,3,3,2,2,2,1,3,2,2,1,2,3,0,0,0,4,1,3,2,1,2,1,4,4,4,0,0,4,4,3,1,2,0,0,4,4,3,2,1,2,4,4,3,4,1,2,1,0,2,2,0,4,1,2,2,2,4,0,1,2,4,1,4,3,4,2,0
"rs00277",3,5544458,0,0,1,4,3,1,0,1,1,2,4,0,2,3,4,4,3,1,3,3,1,4,4,3,0,0,4,1,2,3,0,0,1,0,4,1,3,3,0,1,0,4,2,1,1,3,2,1,3,2,4,0,4,4,0,1,1,4,3,2,2,2,4,0,0,1,3,0,1,2,0,2,4,2,2,1,2,1,4,0,2,1,4,1,3,2,0,4,1,0,3,3,2,2,0,0,0,4,4,4,1,1,2,4,1,1,4,2,2,1,2,2,4,1,1,1,2,4,1,2
"rs00278",3,5644186,2,0,1,3,2,3,3,3,3,3,1,3,2,4,0,0,0,4,0,0,0,3,4,2,0,4,2,3,0,1,2,3,3,4,0,1,0,3,1,3,2,0,3,4,3,4,2,3,1,4,2,1,3,1,0,3,3,1,3,4,0,2,4,4,0,0,3,0,3,4,3,4,0,1,4,1,0,2,4,4,3,0,4,2,0,0,1,1,2,2,2,2,1,0,2,0,0,3,2,0,4,3,0,2,4,2,2,3,1,4,4,1,2,1,2,4,4,2,0,4
"rs00279",3,5863742,2,4,4,4,4,0,2,3,1,2,4,4,2,2,4,1,3,0,0,4,2,0,0,0,3,4,3,0,3,2,3,2,1,3,2,3,3,0,0,3,1,0,0,2,2,4,3,3,4,0,3,1,2,2,2,4,3,4,4,4,2,1,4,3,1,0,3,1,2,3,1,3,3,2,3,1,4,0,3,3,2,2,0,3,2,4,2,1,0,0,0,3,3,0,3,2,0,0,1,2,2,2,1,0,4,1,0,3,4,3,4,0,3,3,0,4,1,4,0,4
"rs00280",3,5868977,2,2,2,3,3,0,1,2,1,0,0,2,3,1,2,1,0,0,0,3,4,1,3,4,0,1,2,1,1,2,1,1,3,0,2,3,2,3,1,4,3,1,2,4,4,4,2,1,1,2,1,0,2,1,4,0,1,0,0,1,3,0,2,0,2,2,3,4,3,3,2,0,1,3,3,0,2,0,2,4,4,2,3,1,3,2,0,2,2,3,1,4,0,4,2,3,0,3,1,3,0,2,0,4,2,2,3,0,4,1,1,4,3,4,3,0,1,4,1,4
"rs00281",3,6205415,0,2,4,3,4,3,2,2,2,2,2,2,3,3,3,0,3,3,0,0,0,4,4,4,0,0,1,2,3,4,2,4,4,0,2,1,3,2,4,4,4,4,4,4,3,0,0,2,4,1,0,4,1,0,1,4,4,1,0,2,2,3,4,3,0,0,2,0,3,1,0,2,0,1,4,4,2,1,1,3,1,2,1,2,0,0,2,2,3,2,4,2,2,1,4,4,1,2,4,1,4,1,1,3,3,2,1,4,1,3,1,4,2,1,0,0,3,0,3,1
"rs00282",3,6301754,1,1,3,0,2,2,4,3,3,4,0,0,3,0,2,4,3,1,0,3,4,4,2,0,0,3,3,2,3,0,0,0,3,2,1,0,4,4,1,1,3,4,4,4,3,0,0,3,1,3,3,2,4,3,0,0,4,4,1,0,3,4,2,0,1,3,4,1,1,3,0,0,1,2,3,0,0,2,0,3,1,0,4,2,3,1,3,2,2,0,0,4,4,4,0,3,1,0,2,0,3,1,1,0,4,4,2,3,2,2,0,2,4,3,4,4,1,2,3,2
"rs00283",3,6305811,2,4,3,2,1,0,1,4,2,0,0,3,4,1,0,4,2,1,0,1,3,1,3,2,2,0,3,2,1,1,2,3,1,4,4,0,1,1,3,2,0,2,2,1,4,4,4,1,0,3,2,1,1,0,2,4,2,0,4,3,2,1,1,3,0,1,2,3,4,4,4,4,4,3,4,1,0,1,0,1,2,2,2,1,4,2,2,1,2,0,3,3,2,2,4,1,1,4,2,4,2,3,2,4,1,1,3,4,4,1,4,4,1,0,2,0,0,3,2,2
"rs00284",3,6411434,1,4,0,4,0,0,1,0,1,2,0,4,4,0,4,3,4,2,0,2,0,1,2,0,4,0,3,1,4,4,1,2,1,3,3,3,2,0,2,0,1,0,0,3,2,1,1,2,2,1,0,4,2,4,0,3,2,0,4,2,3,3,0,1,4,4,0,1,2,1,2,3,3,3,3,2,4,0,0,4,3,4,2,3,2,2,2,3,2,2,3,0,1,2,0,4,3,0,2,3,3,4,4,2,1,1,2,2,2,2,3,0,3,3,4,4,4,4,4,4
"rs00285",3,6428593,1,4,0,2,0,1,3,4,2,3,0,3,1,1,4,3,4,2,3,1,4,2,0,0,4,0,0,1,0,4,1,3,1,1,2,3,0,2,0,1,2,4,4,3,3,0,3,2,2,4,4,2,3,3,3,4,1,1,3,4,2,3,0,2,2,1,2,4,4,1,2,0,4,2,3,3,2,3,0,2,3,4,3,2,1,2,1,0,3,4,4,4,2,3,2,2,2,3,3,4,4,1,0,1,4,2,2,0,2,2,1,1,2,4,4,3,0,1,3,0
"rs00286",3,6433977,1,3,4,4,0,0,4,3,1,2,4,1,3,2,4,2,1,3,2,3,2,3,3,0,2,1,1,1,0,4,2,3,3,1,0,4,1,0,1,1,2,4,3,1,3,4,3,2,2,2,2,2,3,2,4,2,4,2,1,0,0,3,0,3,4,2,4,3,3,4,0,0,3,4,1,2,1,4,1,4,2,2,3,3,1,2,0,1,2,2,2,2,4,2,1,1,0,0,3,0,1,4,1,4,4,1,0,2,2,1,2,4,3,4,4,2,0,2,1,4
"rs00287",3,6521115,2,3,2,0,0,3,2,4,2,1,1,0,4,3,0,2,4,2,0,1,0,2,4,4,2,3,3,1,1,3,3,0,2,1,3,0,0,4,3,2,3,2,3,2,1,2,1,4,2,0,0,1,2,0,0,2,4,3,3,3,0,2,2,2,3,1,0,1,0,2,1,4,1,0,4,4,0,3,0,2,0,3,4,3,4,3,0,2,4,0,2,3,0,0,0,4,4,1,0,0,3,2,2,4,1,1,3,4,1,3,1,4,0,1,3,1,4,4,3,0
"rs00288",3,6586318,2,0,1,4,1,2,0,0,1,0,2,1,0,2,0,0,0,0,4,0,1,0,2,3,3,0,2,0,2,3,4,3,4,0,3,4,1,3,0,2,2,4,1,3,4,0,1,1,1,4,3,1,2,2,0,1,3,3,3,4,4,0,2,3,4,1,0,2,0,3,2,1,3,0,4,4,1,1,1,4,3,2,2,4,1,3,2,2,1,2,2,2,1,4,2,4,0,2,4,2,0,4,0,1,3,3,3,3,3,3,4,4,2,3,3,3,4,0,2,3
"rs00289",3,6779633,1,3,1,1,4,1,2,1,4,1,0,1,1,2,0,1,1,0,0,0,3,2,4,3,1,1,2,1,3,3,0,2,4,1,3,4,3,3,4,2,2,4,0,2,1,4,3,1,3,3,2,2,2,3,0,1,2,1,3,2,0,2,4,0,3,4,2,1,1,1,2,4,2,1,1,0,4,4,3,2,3,1,2,1,4,0,0,3,1,3,3,1,1,0,0,0,2,1,4,3,3,0,0,4,2,0,3,4,0,4,0,4,1,0,1,1,1,0,2,2
"rs00290",3,6859984,0,3,1,1,1,4,2,1,3,4,2,0,0,3,2,1,0,0,1,4,4,1,2,2,3,0,1,1,4,1,3,1,2,3,0,0,4,4,2,3,3,4,3,2,2,2,1,1,3,2,1,3,2,2,0,4,2,4,4,4,2,3,3,1,0,3,0,2,3,4,1,2,1,0,4,4,2,3,4,0,0,4,4,1,0,2,0,0,4,0,2,4,1,3,4,4,1,3,1,3,0,1,4,0,2,1,1,2,3,4,2,1,3,4,4,0,0,2,1,2
"rs00291",3,6936236,1,4,0,4,2,3,4,2,1,3,2,2,3,1,3,4,0,2,0,0,2,3,3,2,1,1,2,4,0,1,1,2,2,0,0,0,1,3,0,4,3,1,0,3,3,1,2,4,2,2,3,3,3,4,3,1,1,4,0,1,2,3,3,0,1,4,3,4,4,1,4,1,2,4,4,2,1,4,4,0,0,3,1,0,1,4,4,2,0,4,1,2,1,1,4,1,4,4,3,0,1,1,1,0,0,0,2,0,2,1,0,1,3,1,3,4,2,2,2,1
"rs00292",3,6977038,0,0,0,1,3,1,2,0,1,1,4,0,3,1,0,3,1,0,0,1,2,1,1,1,3,0,0,3,0,1,0,2,4,0,3,2,0,0,2,0,2,4,3,2,1,2,4,1,2,3,3,3,2,0,3,0,0,3,4,0,1,2,0,3,2,1,2,0,0,2,0,3,4,0,4,4,3,3,4,4,0,4,4,4,3,4,3,2,2,2,2,0,4,3,4,0,3,3,1,0,1,0,2,3,1,0,2,1,1,0,3,1,2,4,2,4,3,2,1,3
"rs00293",3,7100704,1,4,2,2,2,3,3,4,0,1,3,4,1,2,3,4,0,4,2,2,2,2,1,2,1,4,3,3,4,3,1,3,4,3,0,4,3,2,3,2,4,3,1,4,3,4,2,3,1,3,2,1,3,1,1,0,0,2,4,0,3,0,4,0,1,2,4,2,2,2,3,1,1,2,3,4,4,0,3,1,4,3,0,4,3,0,4,4,0,1,4,1,1,4,0,2,4,1,2,1,2,1,0,2,0,1,1,0,1,1,0,1,0,3,1,1,4,4,4,2
"rs00294",3,7293725,1,4,3,3,4,1,3,2,4,4,1,4,3,4,3,4,1,4,3,2,4,2,0,2,4,1,0,4,0,3,4,4,3,3,2,1,3,1,0,0,2,0,3,1,4,3,4,2,2,3,3,4,3,1,1,0,2,1,4,1,4,0,2,0,3,2,4,2,0,2,1,0,1,0,3,1,0,2,1,0,4,2,2,2,4,3,1,3,1,0,2,3,2,0,0,0,1,3,2,2,0,2,3,2,0,1,3,4,2,0,0,0,3,0,1,0,3,0,1,2
"rs00295",3,7449645,3,3,4,0,3,2,0,0,2,0,0,1,1,3,1,2,4,0,3,2,3,0,0,3,2,2,1,1,0,3,1,1,3,0,1,4,1,0,2,2,2,2,2,4,1,1,1,0,4,2,2,2,1,4,3,4,3,1,1,2,2,3,2,1,1,1,3,4,1,2,3,4,3,2,1,0,3,3,0,4,3,2,0,0,3,0,1,2,0,3,0,3,4,3,2,0,0,0,3,1,3,3,4,4,1,2,2,1,1,2,3,2,2,0,4,3,3,2,2,4
"rs00296",3,7595752,4,1,2,0,1,0,3,3,0,1,4,2,1,1,3,1,1,3,0,4,0,2,0,2,0,3,2,1,1,1,4,4,4,0,2,2,3,3,2,2,4,1,0,3,2,1,1,3,0,2,2,0,3,3,4,1,4,2,0,4,1,4,0,3,2,0,4,2,2,2,4,3,4,0,0,3,4,0,4,0,0,4,4,3,2,0,0,2,1,0,2,2,4,1,3,2,3,4,3,4,2,3,1,2,1,0,4,1,2,4,0,4,1,4,4,2,4,3,1,3
"rs00297",3,7746831,1,3,0,3,1,0,0,1,0,0,1,0,0,0,4,1,3,1,1,3,2,2,3,0,2,2,2,3,4,3,0,3,2,2,2,1,3,3,1,1,1,0,4,0,3,4,2,3,1,3,3,0,3,2,2,2,2,2,4,0,3,2,3,1,1,3,4,2,3,3,4,2,3,4,1,2,1,3,0,0,4,4,4,2,0,3,1,1,2,1,2,0,3,2,2,2,3,0,3,2,2,1,1,1,1,1,2,3,2,2,4,3,3,4,4,0,0,0,3,3
"rs00298",3,7753110,0,2,3,1,4,1,3,4,3,2,0,4,2,1,2,2,3,3,2,0,4,1,0,2,0,2,3,3,1,2,3,4,2,0,4,4,3,3,0,3,3,2,1,4,4,0,4,3,2,2,1,2,2,4,0,0,2,0,0,4,2,1,1,0,0,0,4,4,0,4,4,0,4,0,4,0,0,1,0,4,0,0,2,2,3,1,0,0,1,2,4,0,3,3,2,3,2,0,4,0,1,0,3,4,4,2,2,3,1,4,2,4,2,3,1,1,2,1,3,2
"rs00299",3,7828979,4,3,0,1,4,4,0,2,1,3,4,0,4,0,1,2,0,3,3,2,4,0,2,3,4,1,4,0,4,1,2,0,2,1,4,4,2,3,1,3,4,1,1,1,3,2,3,0,1,4,0,0,0,0,4,3,0,2,1,1,1,4,4,4,0,1,3,2,1,4,3,1,2,0,1,0,1,2,3,4,2,4,0,0,1,0,4,1,4,0,0,3,0,0,3,1,1,0,0,0,4,1,0,3,0,1,1,3,2,0,4,3,2,2,4,4,3,0,0,1
"rs00300",3,7868792,1,1,2,3,2,1,1,4,0,4,3,1,3,3,0,4,1,1,4,1,4,2,1,0,3,2,0,2,0,0,0,2,1,4,2,4,3,1,1,4,2,0,1,1,4,3,3,1,0,1,2,1,3,3,2,3,3,2,3,3,3,2,4,3,1,3,1,4,2,2,3,1,4,2,4,2,3,2,1,1,3,0,2,4,3,3,1,0,1,2,0,4,2,2,4,1,1,1,0,2,3,1,2,1,1,1,1,4,2,3,2,3,3,2,2,2,1,1,3,4
"rs00301",3,7925909,3,3,4,1,0,2,4,3,4,0,1,0,4,3,4,0,4,1,3,3,1,1,0,0,3,0,4,3,1,4,4,3,3,1,4,3,1,3,3,3,4,4,4,0,0,3,3,0,1,3,1,4,4,4,4,2,4,1,2,0,4,1,4,3,3,1,0,0,1,2,4,1,0,0,0,3,1,2,1,4,0,0,1,3,1,0,0,1,0,4,0,1,3,2,1,2,2,0,4,3,3,2,3,4,2,3,3,4,3,0,1,0,2,3,0,1,0,4,4,0
"rs00302",3,8045950,1,2,1,3,2,4,4,3,0,1,1,2,0,2,1,3,2,0,3,1,1,3,2,2,2,4,1,2,0,2,0,1,1,4,3,4,2,4,0,4,2,1,3,3,0,2,4,4,2,0,2,3,2,4,4,3,2,3,0,0,0,1,2,4,0,3,1,4,0,4,0,1,2,0,4,3,2,2,3,1,0,3,4,2,0,0,0,4,2,2,3,1,2,0,4,4,3,4,2,4,0,3,2,4,1,0,3,0,2,0,1,0,4,0,3,0,0,2,1,2
"rs00303",3,8049386,1,0,1,1,4,0,0,2,1,4,0,0,2,4,2,3,4,1,3,0,2,2,0,0,0,3,0,2,1,1,1,1,4,0,1,3,4,1,0,3,2,4,3,2,2,4,1,2,3,4,0,2,4,4,3,3,3,0,1,0,2,0,1,3,2,3,0,1,0,1,3,1,2,0,1,2,2,2,1,0,0,1,0,3,0,0,2,1,4,4,4,1,3,1,2,0,3,3,1,4,1,2,0,1,1,2,3,1,4,1,3,2,4,2,4,2,0,0,0,4
"rs00304",3,8112012,1,1,1,1,4,4,3,2,4,1,0,1,2,4,0,1,2,2,3,2,0,1,1,2,0,2,2,4,2,1,3,2,0,3,3,4,4,0,4,3,3,0,4,2,2,2,4,3,3,2,2,0,0,1,1,4,3,4,2,2,1,1,3,3,3,4,3,1,3,3,0,4,4,1,4,2,3,0,0,4,1,3,3,0,4,1,2,4,2,4,4,1,3,4,2,3,1,2,2,2,1,1,2,0,4,3,4,1,2,1,0,2,4,1,2,2,0,3,1,3
"rs00305",3,8167829,4,1,0,0,2,1,2,0,2,4,1,2,3,2,4,1,1,4,1,4,4,2,4,2,4,3,3,3,1,3,0,2,3,3,4,1,2,4,3,0,1,2,3,0,4,4,0,3,4,3,3,3,1,1,2,3,0,0,1,2,0,0,4,1,1,4,4,0,4,2,3,2,0,2,1,1,2,4,3,2,2,0,1,4,3,3,0,1,4,4,0,2,0,0,4,2,1,0,4,4,3,4,4,0,1,3,1,1,2,1,3,4,2,3,1,3,0,2,3,2
"rs00306",3,8211660,0,4,2,3,0,0,3,1,1,0,0,1,3,4,2,2,4,0,3,4,1,3,1,1,4,3,2,1,2,0,3,0,2,3,3,1,4,0,3,0,4,2,1,0,0,3,0,0,1,2,3,1,1,3,0,0,0,0,0,3,0,3,3,3,0,1,1,1,1,4,2,4,0,2,2,4,1,0,4,1,1,4,4,3,1,4,4,0,4,1,1,0,2,3,4,1,2,2,3,3,4,1,2,1,4,0,0,3,4,3,3,4,0,2,3,1,2,4,0,1
"rs00307",3,8270168,3,0,1,2,1,0,4,1,3,4,0,3,1,3,3,2,1,4,1,0,4,1,1,2,1,4,1,4,0,1,1,0,0,4,3,0,1,3,1,4,3,2,4,1,0,0,3,1,4,1,4,4,1,1,1,0,3,4,0,2,0,0,3,2,0,2,2,0,3,0,3,4,2,2,4,4,0,3,1,2,4,2,1,4,4,3,4,4,2,2,1,3,0,2,0,2,0,3,2,4,2,0,4,0,1,3,0,1,0,3,4,0,3,1,0,1,0,0,1,3
"rs00308",3,8328353,0,3,2,1,1,3,1,3,2,2,3,3,2,1,2,3,3,1,2,4,1,2,4,3,0,2,4,4,1,3,2,3,0,1,0,2,4,4,0,3,4,2,4,3,1,0,2,1,4,4,4,0,0,3,3,2,4,0,3,0,1,3,3,2,1,4,3,0,2,2,3,3,3,0,3,1,2,2,1,4,3,4,0,0,4,0,0,0,2,1,4,3,4,1,3,3,1,3,4,3,4,2,2,4,1,1,0,0,2,2,4,2,2,2,1,0,2,1,4,0
"rs00309",3,8423193,2,4,1,4,0,0,4,3,0,0,2,2,2,3,2,0,0,2,3,0,0,0,3,3,1,3,3,4,2,0,2,3,0,0,1,3,4,3,0,4,2,2,1,1,2,1,4,3,2,4,1,1,4,2,4,2,4,0,3,4,1,0,4,0,4,1,3,2,2,3,2,1,2,2,2,3,0,2,3,1,3,1,1,3,4,4,4,4,1,3,2,2,3,0,4,2,4,3,4,3,4,2,3,0,0,0,1,3,2,3,4,3,0,3,4,3,1,0,0,2
"rs00310",3,8463640,3,1,0,2,3,1,3,3,1,0,3,3,3,4,2,0,1,2,2,4,2,0,3,3,2,4,2,4,1,0,2,2,1,2,1,0,4,3,0,3,4,1,1,0,4,4,0,3,3,3,3,2,1,2,3,4,1,0,1,0,1,0,2,1,4,1,2,0,1,0,2,4,0,2,1,1,0,2,4,3,3,2,4,2,1,3,3,0,4,4,4,4,4,0,4,1,2,4,1,2,4,3,1,1,1,4,4,2,2,4,2,2,2,3,4,3,4,4,1,0
"rs00311",3,8594744,3,3,0,4,2,1,3,4,4,4,3,3,2,0,0,1,3,3,4,3,0,3,4,1,3,3,2,0,2,1,4,3,2,0,4,2,2,2,1,1,3,1,4,3,4,3,2,3,0,0,1,0,1,1,4,4,2,3,1,0,3,0,4,3,2,1,2,2,4,1,2,1,2,0,1,3,1,4,0,3,0,1,4,0,3,1,4,1,4,1,3,1,4,0,4,2,4,4,0,2,3,2,3,3,4,2,0,1,4,3,2,3,2,2,0,4,2,4,1,3
"rs00312",3,8773006,2,2,2,0,1,2,4,4,0,0,0,3,3,3,4,3,4,2,1,0,2,0,1,2,1,3,2,4,1,0,1,0,3,1,3,1,2,3,4,3,2,3,4,3,0,1,3,0,0,2,4,0,4,2,4,1,0,3,2,2,3,2,4,4,3,4,0,1,4,1,4,2,1,0,0,1,4,3,2,1,3,4,0,2,3,4,2,4,3,0,2,1,4,2,0,4,2,3,4,0,4,0,0,3,0,3,1,3,4,3,2,1,2,1,3,1,0,3,1,2
"rs00313",3,8847641,4,1,3,3,1,3,1,3,3,2,1,1,2,4,2,3,4,0,4,2,3,4,1,1,3,1,1,4,0,1,0,0,1,0,3,3,1,3,3,3,0,0,0,1,4,2,1,1,4,1,2,4,3,1,4,3,0,0,0,2,0,3,0,4,2,3,1,3,0,1,3,1,2,1,3,1,3,1,4,0,1,1,3,0,2,2,1,0,4,4,1,0,4,3,0,1,2,4,0,0,4,1,4,2,2,2,2,1,1,1,1,3,4,2,4,0,2,3,2,0
"rs00314",3,8922500,4,3,4,0,1,3,3,1,1,2,4,3,4,1,4,3,0,2,3,4,3,4,1,0,3,1,2,4,1,0,2,0,1,3,3,4,2,4,0,4,2,0,3,0,1,3,1,1,4,2,2,4,3,4,1,4,4,1,1,3,3,4,4,3,3,3,0,3,2,0,3,4,2,2,3,0,3,1,1,1,0,1,3,0,0,2,2,2,0,3,0,1,1,2,3,2,3,1,0,4,1,3,4,1,1,1,0,3,0,3,4,1,3,1,1,4,2,0,3,4
"rs00315",3,8990312,2,1,4,2,0,2,0,2,3,0,0,4,2,3,1,3,4,0,2,2,0,3,1,1,1,0,2,3,1,0,4,1,3,4,0,0,1,3,0,2,0,3,3,4,4,2,0,3,2,4,4,0,1,2,1,2,0,1,1,2,3,3,2,3,3,0,3,2,2,0,2,3,2,4,2,2,0,1,0,1,4,2,2,3,2,1,0,1,3,0,0,4,2,3,3,4,2,2,3,2,2,2,0,1,1,1,3,2,0,0,0,0,3,3,2,0,3,2,0,0
"rs00316",3,9367404,0,3,4,0,1,3,0,1,2,2,0,4,2,1,0,3,1,4,4,3,2,1,3,1,2,2,1,3,2,2,2,3,1,0,2,4,2,1,4,1,4,3,3,3,3,4,4,4,0,2,0,2,3,0,3,4,2,2,2,2,0,1,0,2,0,1,1,4,4,0,3,1,0,1,0,4,3,4,0,0,3,3,4,1,1,2,0,0,0,4,4,0,2,3,3,0,0,4,4,0,3,4,3,3,0,0,4,3,3,3,4,1,3,0,1,1,4,1,3,0
"rs00317",3,9502646,3,0,2,4,0,1,2,1,0,4,2,1,3,0,1,3,2,1,0,0,0,4,1,4,4,2,0,1,0,1,1,4,3,2,3,2,4,4,2,0,3,4,4,2,3,3,2,0,3,2,1,2,1,4,4,3,2,4,3,1,4,4,2,3,3,2,1,2,4,3,2,1,1,2,0,4,2,2,0,2,0,3,3,4,0,4,0,4,0,3,2,2,1,2,4,3,2,0,4,3,2,2,4,2,2,4,2,4,3,2,3,3,0,3,3,4,4,0,3,4
"rs00318",3,9533933,0,4,1,0,1,0,0,4,3,0,3,3,4,3,0,4,4,4,1,4,0,3,4,2,4,4,3,4,4,0,3,3,1,1,1,0,3,3,2,0,0,4,0,0,1,1,0,3,2,2,3,3,0,3,3,0,2,0,4,4,4,0,0,2,1,4,2,2,2,0,1,4,4,4,2,0,1,1,1,4,4,0,4,0,2,2,4,3,0,0,3,0,1,1,2,1,2,1,4,1,3,3,2,3,4,2,0,4,1,3,4,1,2,4,0,2,3,3,3,2
"rs00319",3,9590771,1,4,3,0,4,0,0,0,1,4,1,3,0,0,0,3,0,1,2,0,4,0,1,2,3,1,3,2,4,0,1,1,0,1,0,3,3,2,2,4,2,0,3,4,3,4,1,1,1,4,3,0,2,2,2,4,2,4,4,2,4,2,4,0,0,1,0,0,4,2,2,1,0,1,1,1,3,1,0,2,4,1,1,3,3,3,0,2,1,0,4,3,2,1,2,1,4,0,2,0,2,0,4,3,4,3,0,4,0,2,0,3,2,4,2,2,4,2,2,1
"rs00320",3,9664263,2,2,3,0,2,4,3,0,2,3,4,2,0,2,0,4,2,1,0,4,0,2,0,2,0,1,1,4,2,3,2,2,3,1,1,1,3,3,4,4,4,1,2,2,1,4,4,1,1,1,0,4,2,1,1,1,2,0,4,0,4,1,4,2,3,1,3,0,4,1,2,1,4,4,0,2,4,4,2,0,1,4,1,0,3,3,2,0,0,2,1,4,4,2,3,3,0,0,2,2,1,4,2,1,0,2,1,0,0,0,2,2,3,0,2,2,2,2,4,2
"rs00321",3,9804581,0,2,2,0,2,3,4,0,2,3,1,4,2,2,2,4,2,1,3,2,0,3,0,4,2,2,0,4,1,1,0,0,4,1,1,4,2,3,0,0,0,4,1,2,0,0,2,3,0,0,1,1,3,2,4,3,1,1,0,1,4,0,3,2,1,4,4,3,1,3,1,0,2,2,4,3,2,3,0,0,3,1,4,3,3,0,2,4,4,1,3,2,1,1,2,3,4,2,2,0,1,3,0,1,1,1,2,0,1,0,1,0,3,1,3,3,1,2,4,0
"rs00322",3,9812779,3,2,0,3,0,2,1,1,0,1,0,3,0,4,0,4,2,0,3,0,1,1,1,0,1,1,1,4,3,4,2,4,4,3,3,2,2,1,4,0,1,2,1,1,2,4,1,2,1,1,0,3,4,1,4,0,1,3,2,3,0,3,0,1,2,1,2,0,2,0,2,2,2,4,0,2,4,4,1,4,4,0,0,0,0,2,3,0,0,4,0,4,1,3,3,0,3,2,0,2,2,2,4,3,0,2,4,3,3,1,2,0,1,1,4,0,2,4,4,3
"rs00323",3,9849299,4,1,0,1,3,0,0,2,0,3,4,1,2,1,0,2,1,4,2,0,0,3,0,2,4,4,4,1,3,1,1,1,2,1,0,0,0,2,1,2,0,4,0,4,3,3,4,2,4,1,2,4,0,0,4,4,1,3,1,3,2,0,1,4,4,2,1,3,4,3,2,4,4,0,3,2,1,3,4,4,2,1,3,1,3,4,4,2,2,0,4,3,4,4,2,2,1,0,0,4,1,1,2,1,4,1,4,4,3,2,0,1,2,2,2,1,2,2,2,3
"rs00324",3,9894236,4,4,1,2,0,1,2,2,1,3,0,1,0,3,1,3,1,3,3,1,2,2,1,0,1,1,0,4,0,1,3,3,1,4,3,0,4,3,1,3,2,2,1,2,4,3,2,2,0,2,1,4,0,3,0,2,1,2,4,0,1,0,2,4,4,1,1,4,0,2,1,0,2,1,0,3,0,3,2,1,3,4,2,1,4,4,4,2,3,0,3,2,1,2,2,1,0,2,2,0,3,1,4,1,3,3,1,1,0,3,1,3,2,0,1,4,1,1,2,0
"rs00325",3,9899454,0,1,1,3,2,0,4,1,2,0,3,4,2,3,1,2,4,3,1,4,1,3,2,4,1,1,2,1,4,1,0,1,2,1,1,2,0,2,3,0,0,4,2,0,3,0,1,1,3,3,1,2,0,0,0,3,2,3,4,4,4,0,0,1,4,1,1,2,1,1,0,0,3,2,3,1,4,1,0,1,3,0,4,0,4,1,2,0,3,0,0,2,2,2,2,4,4,1,0,2,2,3,1,4,4,0,1,3,4,4,3,0,4,4,4,1,0,1,3,3
"rs00326",3,9920640,1,0,3,3,4,1,3,2,3,0,2,2,1,4,1,4,4,1,3,4,0,3,3,1,0,3,1,0,0,3,0,1,1,0,3,0,4,2,3,4,2,3,3,0,0,1,1,3,3,3,2,0,4,3,1,0,2,3,4,3,0,3,4,1,4,3,4,2,3,2,3,1,2,4,1,2,2,3,2,2,3,0,2,1,4,0,0,0,4,1,1,0,3,4,3,4,0,0,4,0,0,2,3,0,0,1,4,2,0,4,1,4,4,4,1,3,3,3,1,0
"rs00327",3,9946743,2,4,0,0,2,2,1,3,1,1,0,2,0,0,2,3,2,4,1,4,2,3,2,1,4,0,4,4,0,4,3,4,0,4,2,1,3,0,4,0,0,0,3,2,0,3,1,1,2,4,0,2,2,0,1,0,4,3,2,0,4,4,2,3,0,0,0,0,0,0,3,3,4,4,0,0,2,1,4,0,4,4,0,4,1,2,4,2,3,1,0,3,0,4,0,3,0,4,0,3,0,2,3,1,4,1,1,0,1,4,1,1,1,0,0,4,3,1,1,0
"rs00328",3,9960130,1,0,1,0,4,2,3,3,0,3,0,1,0,3,2,4,2,1,2,3,2,1,3,4,2,0,0,4,1,4,0,1,2,1,2,4,3,1,4,4,1,4,4,3,1,2,3,2,4,0,1,0,4,3,1,1,3,0,4,4,2,2,0,3,0,4,3,0,0,0,3,2,2,3,0,4,0,1,2,0,3,2,0,2,3,1,1,4,0,1,4,4,3,2,4,1,2,1,3,2,2,0,3,0,4,0,1,1,2,3,4,4,1,2,3,4,2,1,1,0
"rs00329",3,9980742,0,4,0,2,2,2,0,2,0,0,3,4,4,1,1,0,3,3,0,1,4,3,1,3,3,1,2,2,0,3,3,1,3,0,0,0,2,3,4,4,1,1,1,0,3,0,3,4,0,4,0,4,3,4,4,1,3,2,4,4,3,4,3,1,3,3,2,2,0,2,0,3,3,0,4,3,2,2,4,1,1,0,2,1,0,0,0,2,1,3,1,4,3,2,1,4,2,1,4,0,4,4,4,1,0,1,3,4,3,2,0,4,4,3,1,0,2,3,3,1
"rs00330",4,43909,0,2,3,3,2,0,4,0,4,1,0,2,0,1,1,0,0,0,4,1,0,0,1,4,4,4,0,1,4,0,4,3,3,3,1,1,3,0,1,2,0,2,4,2,2,1,2,4,0,1,4,2,2,4,3,1,0,1,4,2,4,0,0,4,3,4,1,2,3,2,2,4,2,1,4,3,0,1,1,1,2,0,0,0,0,3,0,2,3,0,0,2,1,2,1,3,0,4,0,3,1,1,4,2,1,1,0,2,3,4,2,4,2,0,2,4,0,1,0,1
"rs00331",4,168005,3,0,1,0,0,3,2,0,0,0,3,2,4,1,1,4,2,0,1,3,2,0,2,0,4,1,2,2,2,4,0,4,4,4,4,4,4,1,2,0,2,1,0,4,1,4,2,4,3,4,0,4,4,0,4,4,1,2,1,1,3,0,4,2,2,4,2,1,4,3,3,4,2,1,2,0,3,3,1,4,2,2,1,4,0,4,0,3,2,2,4,0,2,4,0,3,3,3,3,3,0,4,2,2,3,4,1,0,1,0,0,1,3,2,4,2,3,2,3,0
"rs00332",4,349206,0,3,0,3,2,3,0,2,4,4,4,0,3,0,1,3,3,2,2,3,4,4,1,4,2,4,2,2,1,0,0,0,2,1,2,3,4,0,4,3,2,2,1,1,4,0,3,3,1,2,3,2,1,0,3,3,0,1,3,3,1,4,4,3,1,2,0,2,3,1,3,0,4,2,0,1,3,2,4,3,1,2,4,4,3,2,0,0,4,0,0,0,2,1,3,3,3,4,3,4,1,0,2,3,4,4,2,2,2,4,4,4,0,1,4,1,1,1,1,2
"rs00333",4,371007,3,3,2,1,0,1,3,1,1,2,0,4,4,2,3,3,1,1,2,2,1,0,2,2,1,1,4,2,1,4,3,3,3,1,0,0,0,3,1,0,4,3,4,2,3,1,3,4,1,4,3,2,3,3,4,0,2,2,4,1,1,3,4,4,1,3,2,4,2,2,2,3,2,3,4,0,3,3,2,1,3,2,3,0,0,0,3,1,4,3,3,1,4,1,2,0,4,4,0,0,2,4,2,0,3,0,3,3,1,0,3,1,4,1,4,3,4,4,3,3
"rs00334",4,490101,3,2,4,4,3,0,2,2,2,1,1,0,1,2,3,2,1,2,0,2,1,0,0,1,4,0,0,0,0,2,1,0,4,0,0,4,4,1,2,4,1,2,0,3,1,0,4,1,4,4,2,4,0,0,1,1,1,1,3,1,3,1,2,2,1,4,4,1,1,0,4,0,4,1,0,3,4,2,1,2,2,0,2,1,4,2,3,1,2,1,1,4,1,1,1,3,1,1,4,1,3,1,2,0,4,1,4,3,0,4,0,0,0,4,0,4,3,2,4,4
"rs00335",4,494145,0,0,1,2,0,1,4,0,0,1,4,3,4,3,2,2,1,1,1,3,1,0,0,1,2,3,0,2,3,1,4,1,4,4,4,1,4,4,0,4,2,2,2,4,4,0,0,1,0,1,3,3,0,2,0,1,0,0,2,3,3,3,4,0,4,3,4,4,0,1,3,2,4,2,1,4,0,3,2,4,1,2,3,2,1,2,3,4,1,1,3,0,1,3,0,3,1,4,2,0,2,0,4,1,2,4,4,3,3,0,3,1,4,4,3,1,2,0,1,4
"rs00336",4,498447,0,1,2,0,1,4,0,2,1,3,0,1,3,3,2,0,1,4,4,4,2,4,4,4,0,1,3,0,4,4,2,3,2,2,0,3,4,3,3,1,2,1,2,0,0,2,2,2,3,1,2,4,4,1,0,0,3,2,4,0,3,3,4,3,0,1,2,3,1,2,0,0,2,2,4,4,2,0,2,3,2,4,3,2,2,1,0,3,1,3,4,3,1,0,1,3,0,4,3,2,2,0,3,1,2,0,4,3,1,4,4,1,4,3,2,3,4,2,2,2
"rs00337",4,590388,2,0,1,3,4,0,0,3,0,4,1,2,4,3,1,1,3,1,2,1,2,0,4,3,4,1,2,1,3,1,2,4,1,1,4,0,4,0,0,1,4,1,3,3,2,3,1,2,4,4,3,4,0,2,4,4,1,3,3,0,2,4,0,3,0,0,0,2,1,0,4,0,2,0,3,1,3,4,0,0,1,1,3,2,0,1,2,4,1,4,2,4,3,2,0,4,1,0,4,0,3,1,1,0,0,0,2,3,4,4,0,3,0,1,0,2,2,1,4,3
"rs00338",4,728945,3,0,2,1,3,3,0,4,0,3,1,3,0,1,1,3,0,0,0,4,1,0,0,2,1,4,4,0,0,3,1,0,0,0,4,2,3,1,2,1,3,1,2,3,4,3,3,3,3,3,2,1,3,0,3,2,3,3,2,0,1,2,1,3,2,2,3,0,1,1,4,0,2,2,1,2,4,2,4,3,1,1,0,1,1,3,3,4,4,4,0,4,0,3,3,3,1,0,0,1,2,0,3,3,3,0,2,0,0,1,4,4,2,0,0,3,1,2,0,4
"rs00339",4,878083,1,0,4,4,4,3,1,1,0,1,3,4,0,4,1,1,2,1,1,2,3,2,1,0,3,2,3,1,1,3,1,2,0,0,3,0,0,3,2,2,2,1,1,4,4,2,2,2,2,0,1,2,1,1,1,1,2,1,1,4,3,4,1,0,4,2,0,1,4,1,2,1,1,0,3,1,1,4,0,1,1,2,3,3,2,1,2,3,0,3,2,1,0,1,4,1,3,2,0,2,4,4,1,3,0,4,3,2,4,2,0,2,2,3,0,3,0,0,0,0
"rs00340",4,903091,0,2,3,3,1,0,4,0,4,3,0,3,1,4,1,1,0,3,3,2,0,3,2,4,0,1,4,2,3,2,3,4,0,1,0,4,0,4,4,0,1,4,4,4,3,4,4,4,3,3,2,2,3,2,1,2,1,4,2,4,4,2,0,4,0,0,2,4,3,4,1,0,2,4,2,1,0,4,0,0,4,1,0,2,4,2,4,2,4,4,3,3,0,2,3,1,2,2,2,4,4,4,3,2,3,4,4,0,2,3,1,1,0,4,0,0,3,0,4,4
"rs00341",4,1332159,1,1,0,0,4,1,1,1,4,3,2,4,2,0,3,2,0,0,1,2,4,2,3,2,4,1,3,4,2,0,4,1,0,0,2,1,0,2,3,4,1,3,0,1,4,2,1,4,0,3,1,4,1,2,3,2,3,0,2,2,1,0,0,4,3,3,4,3,1,1,0,3,4,1,3,4,3,4,0,1,0,0,1,0,2,0,2,3,4,1,4,0,4,3,1,0,4,1,1,4,0,0,0,3,4,3,2,4,1,4,4,0,2,1,4,2,3,4,1,3
"rs00342",4,1345042,2,0,3,3,0,4,0,4,0,4,4,0,4,2,1,4,1,3,4,0,1,0,1,3,0,1,2,3,1,3,4,3,2,1,3,2,3,0,1,4,2,1,0,4,3,3,4,0,2,1,4,0,3,3,0,4,2,0,0,4,0,2,3,4,3,2,4,1,1,2,0,0,1,4,2,2,0,3,4,0,4,2,2,3,4,4,3,3,3,4,3,2,3,0,3,4,0,0,2,3,4,3,4,0,0,0,4,3,4,2,2,4,4,2,3,1,3,4,3,4
"rs00343",4,1508491,1,0,0,1,3,2,4,3,3,0,4,3,2,2,1,1,4,3,2,2,0,0,0,4,2,1,3,1,3,1,3,2,4,0,4,3,1,4,3,1,3,4,2,1,2,0,4,2,3,2,1,2,3,3,1,1,0,4,1,0,0,2,2,0,2,1,0,1,2,0,4,2,4,1,4,4,4,1,3,3,3,1,1,0,2,3,3,1,1,0,2,1,4,1,1,1,0,0,1,3,4,0,0,1,1,1,3,1,2,0,4,4,1,4,1,3,1,0,0,0
"rs00344",4,1665943,1,3,1,0,3,2,2,1,3,3,1,4,1,0,2,4,3,3,0,3,0,3,2,4,4,0,1,2,0,2,4,3,3,2,2,1,2,3,4,1,3,0,3,2,4,4,2,2,2,1,2,1,1,3,3,3,1,4,1,0,2,3,0,4,0,2,0,3,1,2,3,0,0,2,1,1,1,1,0,4,2,4,1,4,2,4,0,1,2,3,3,4,1,1,3,2,3,1,2,0,4,2,4,4,3,0,4,2,0,0,3,1,4,3,1,0,2,4,4,1
"rs00345",4,1735588,1,4,1,1,2,4,4,3,4,0,0,0,2,4,0,1,0,2,2,0,3,3,1,0,3,4,3,3,3,3,1,2,1,4,3,0,3,0,0,2,0,4,4,2,1,1,1,2,3,3,2,1,2,2,1,0,0,1,2,2,4,4,4,1,2,1,4,1,1,1,0,2,2,1,4,3,3,4,1,0,0,3,4,0,4,2,0,4,3,0,0,2,4,0,3,2,2,2,4,2,3,3,3,4,4,1,1,2,0,4,4,2,2,1,1,3,2,3,4,2
"rs00346",4,1760116,1,4,1,0,0,4,3,2,3,3,4,1,4,2,4,0,3,2,2,0,1,1,3,3,2,4,4,0,3,3,0,0,3,3,4,3,1,3,4,2,1,0,0,1,0,4,3,4,3,0,2,0,4,0,0,4,2,3,3,0,1,3,2,0,1,3,3,3,0,0,0,2,1,1,3,2,3,4,1,0,1,4,1,2,2,1,3,3,1,4,0,3,4,3,3,4,4,2,0,0,0,2,4,3,4,4,4,3,2,0,0,3,0,2,2,0,4,4,4,3
"rs00347",4,1925990,1,2,4,3,0,3,2,1,0,3,2,1,1,0,2,4,1,1,1,0,0,2,1,2,0,4,2,0,0,4,3,3,0,2,2,4,1,4,3,2,3,1,3,0,4,4,2,2,1,1,1,0,1,0,2,3,4,2,4,1,0,3,2,0,1,3,3,3,3,0,3,3,0,1,3,2,2,0,2,1,4,4,1,0,1,4,3,2,0,1,3,4,0,1,2,3,1,0,4,0,0,1,0,2,1,3,0,3,3,0,4,3,0,4,1,0,3,0,3,2
"rs00348",4,2134625,2,1,1,0,3,2,1,0,1,3,1,0,1,4,2,4,3,3,4,2,1,4,3,0,0,4,2,2,3,1,4,2,2,4,0,1,4,0,0,0,0,2,1,2,3,0,4,1,1,1,1,0,2,4,1,2,4,4,4,3,0,3,4,3,1,3,0,2,4,2,3,1,1,4,2,1,1,3,3,0,0,1,2,0,0,0,4,0,1,2,4,1,0,4,2,3,3,0,3,1,1,0,0,4,0,1,2,4,3,1,4,2,3,3,0,4,2,3,3,3
"rs00349",4,2259179,3,1,3,3,3,0,2,2,1,4,3,1,0,3,1,4,4,2,0,1,4,2,2,3,1,2,3,4,2,1,0,4,2,4,1,2,4,3,0,2,2,2,1,3,3,0,2,0,3,2,4,4,3,2,0,0,2,2,1,1,2,0,2,3,1,2,0,0,3,1,4,1,1,4,3,2,4,4,3,0,2,2,3,0,1,4,0,1,3,1,0,3,4,1,4,4,3,0,3,4,3,1,1,1,0,0,3,4,1,0,1,2,1,3,0,2,3,2,2,4
"rs00350",4,2328847,1,3,1,3,4,4,4,0,3,1,2,4,4,0,4,4,4,0,1,0,2,4,1,0,1,3,3,4,0,1,1,1,1,0,4,2,0,4,3,0,2,4,4,4,1,2,1,3,1,2,4,1,1,2,1,4,1,4,0,4,3,3,4,1,0,3,4,0,2,1,3,0,0,4,0,3,2,2,1,4,2,1,2,3,3,0,3,0,3,2,2,3,2,0,3,2,4,1,1,0,2,3,1,0,3,1,1,0,3,1,1,1,3,1,0,4,0,0,0,0
"rs00351",4,2501891,3,0,3,1,0,2,3,3,0,0,0,4,0,0,3,3,0,0,0,1,3,4,0,3,1,0,0,3,0,3,3,2,1,1,0,3,1,4,1,4,2,2,3,0,0,0,2,1,0,2,3,4,1,3,2,4,0,2,3,3,0,0,4,2,2,4,3,2,4,4,3,4,4,2,4,4,2,1,4,2,4,0,3,0,3,4,4,4,0,3,1,0,3,0,0,0,4,3,2,1,1,0,0,1,1,1,2,1,4,1,1,0,3,2,4,4,1,2,2,1
"rs00352",4,2882220,2,2,2,0,2,1,2,0,3,0,1,0,2,4,2,1,0,3,0,0,2,0,3,1,3,4,4,2,4,2,1,4,4,1,2,0,0,1,1,1,1,4,1,4,1,0,3,2,4,1,1,1,2,1,2,3,4,3,4,1,2,3,4,4,0,3,1,3,2,4,2,2,0,4,1,0,1,0,0,1,2,1,4,2,4,4,2,1,4,4,0,1,1,4,4,2,0,0,0,4,3,3,4,4,4,0,1,2,0,3,2,2,4,4,0,3,1,3,0,0
"rs00353",4,2908054,4,1,2,0,2,2,3,4,1,2,2,4,3,0,3,3,4,2,3,2,3,2,0,1,0,2,2,0,1,2,3,1,2,0,4,0,1,4,3,1,1,4,1,2,0,2,1,2,0,0,3,2,1,4,3,4,1,3,2,2,4,4,1,0,4,3,3,1,3,1,0,0,0,0,3,3,0,1,0,4,2,3,0,4,0,0,1,1,3,2,4,2,1,0,4,2,3,2,0,3,3,4,0,1,2,4,4,1,4,2,4,2,0,1,3,2,4,0,1,4
"rs00354",4,2966335,1,4,2,3,4,4,0,0,0,2,0,0,1,0,1,2,4,3,2,1,0,4,3,0,3,4,3,2,0,1,4,4,1,2,3,0,2,0,3,1,1,4,0,1,4,1,0,3,0,0,2,3,3,1,0,1,0,3,2,1,4,4,4,1,0,3,3,3,3,1,0,0,4,3,3,0,2,4,0,4,3,1,1,0,0,0,3,2,4,1,1,2,2,0,1,4,1,1,1,1,3,3,0,3,0,3,1,3,1,2,0,4,4,1,0,1,1,1,2,4
"rs00355",4,3019009,4,1,1,4,3,1,3,2,1,0,4,4,0,3,0,2,4,3,3,3,4,2,4,4,0,0,2,3,3,0,1,1,1,2,3,3,1,4,4,4,3,1,2,1,0,4,4,1,4,0,0,4,2,3,2,4,1,1,0,4,2,1,1,0,3,2,4,0,4,1,4,1,0,2,2,4,2,3,2,0,0,0,2,2,2,1,3,0,1,2,1,2,1,1,4,3,1,1,1,0,2,2,4,0,4,2,1,1,3,1,4,3,2,0,0,3,2,2,2,3
"rs00356",4,3043271,0,0,2,4,3,1,0,2,2,2,0,3,3,1,1,3,0,1,2,4,2,3,3,2,4,2,3,1,2,3,4,3,4,3,4,2,4,4,4,3,4,4,1,1,4,1,4,4,1,1,4,4,4,1,3,0,0,4,1,4,3,4,4,4,0,4,2,3,3,3,0,3,3,3,4,2,2,3,0,4,3,3,4,2,2,1,2,2,2,2,1,3,4,1,1,0,0,1,4,0,0,3,1,4,3,0,3,1,2,3,1,1,0,1,3,1,4,2,2,2
"rs00357",4,3132966,2,3,4,2,3,2,1,3,2,2,3,0,2,4,1,0,4,1,3,1,0,2,0,3,3,4,0,3,4,3,4,0,1,0,4,2,0,4,4,2,1,2,0,2,0,3,3,1,3,2,3,1,2,2,3,1,3,0,0,3,0,3,1,4,3,1,4,3,4,3,3,1,1,2,0,4,0,0,2,1,4,3,2,4,0,0,1,1,4,0,0,2,4,2,2,1,4,3,4,3,1,3,2,0,1,0,2,0,3,0,2,2,0,1,1,3,4,1,2,1
"rs00358",4,3334513,2,3,2,2,1,1,2,1,3,3,1,0,4,2,2,1,0,4,3,4,1,0,3,1,4,3,4,1,4,3,0,1,4,1,3,3,2,1,0,2,4,0,0,4,1,1,2,2,4,2,4,1,0,4,3,1,0,1,3,1,2,3,0,4,4,4,1,0,4,4,3,3,2,0,0,1,2,0,0,0,0,1,2,0,3,3,1,0,1,3,4,2,1,2,1,4,1,0,2,4,4,3,1,3,4,3,4,0,2,1,1,3,4,0,2,1,4,4,3,2
"rs00359",4,3373382,2,3,4,3,0,3,2,2,0,2,2,2,2,0,2,0,4,0,1,3,4,3,2,0,3,0,1,0,4,3,0,2,2,1,1,3,4,2,3,3,0,2,1,2,3,1,4,1,1,3,0,3,3,0,3,0,3,2,2,4,1,2,0,3,0,4,2,1,0,4,0,1,4,3,0,3,3,1,2,4,4,4,3,1,4,4,1,0,2,1,4,3,3,0,2,2,2,4,4,2,4,3,1,4,3,4,2,1,0,4,2,3,0,1,3,4,3,2,4,3
"rs00360",4,3408470,4,0,3,3,3,0,0,0,2,2,4,3,0,1,4,2,4,4,1,4,1,0,0,4,0,0,2,3,4,3,3,2,2,0,4,4,2,0,3,3,1,0,1,3,2,0,3,1,3,4,4,3,3,1,4,0,0,2,1,1,1,3,2,2,0,0,0,4,4,4,2,2,0,0,3,0,1,3,0,4,2,3,3,4,1,1,2,2,4,2,2,1,1,2,4,1,3,1,3,4,1,1,2,1,0,0,0,3,3,2,3,3,3,4,2,1,1,4,1,3
"rs00361",4,3511411,4,3,3,0,3,3,3,2,0,3,0,1,3,2,0,1,2,0,4,2,3,3,0,0,0,0,2,2,2,1,1,1,2,2,0,2,3,2,3,0,3,2,2,1,1,2,3,1,1,1,1,2,1,3,2,4,2,3,1,0,4,4,2,2,1,1,2,0,4,0,4,4,0,2,0,3,0,0,2,4,2,1,0,4,2,4,4,1,3,2,3,2,4,4,3,0,0,3,3,3,3,3,3,4,1,2,0,3,3,4,2,3,0,0,1,0,4,3,0,2
"rs00362",4,3608244,4,4,4,2,4,4,3,0,1,3,1,3,3,2,0,2,2,3,0,3,3,3,0,1,2,2,1,1,0,2,3,4,0,1,4,0,4,0,4,3,4,0,2,0,2,0,2,4,4,0,3,0,3,3,0,1,0,4,0,2,2,0,2,0,4,2,1,1,1,2,0,2,0,4,4,0,1,4,4,0,4,1,3,1,4,1,4,2,4,3,3,0,4,0,3,2,0,3,0,1,4,0,1,0,1,4,2,2,4,0,2,3,4,3,1,2,2,2,1,2
"rs00363",4,3817933,0,3,3,3,4,3,2,0,4,4,1,0,3,3,2,3,2,3,2,3,4,4,1,3,2,1,0,3,2,0,3,1,3,2,0,0,3,2,3,3,1,4,3,1,1,3,1,4,3,3,3,2,2,0,3,0,2,2,3,3,2,2,2,4,1,1,4,2,3,3,1,1,3,4,2,3,3,4,0,4,4,4,0,2,1,0,4,1,2,4,3,1,4,2,3,2,2,3,2,4,1,2,4,1,2,0,1,4,3,3,3,2,3,0,3,3,2,0,2,1
"rs00364",4,4157825,2,4,4,2,0,2,3,3,1,2,3,3,2,0,3,1,4,3,2,4,4,0,3,2,2,3,0,3,1,0,3,2,4,2,1,1,1,4,3,1,0,2,2,0,1,2,2,0,3,3,2,2,0,0,2,1,4,1,4,1,2,0,3,1,3,2,2,0,2,4,0,3,0,2,1,2,2,1,0,1,0,1,1,2,0,4,1,3,3,1,3,4,0,3,3,3,1,2,4,3,0,4,2,3,1,3,3,4,0,1,3,0,1,1,4,1,1,1,2,2
"rs00365",4,4218995,3,3,3,2,2,4,0,1,4,0,4,4,2,3,2,3,1,3,1,2,0,4,0,1,0,1,4,0,4,3,2,2,3,1,2,2,3,2,0,3,1,0,1,0,3,2,0,0,3,0,0,1,1,0,4,4,2,3,3,3,0,3,2,4,4,4,3,1,3,3,3,1,0,0,4,1,0,1,3,3,2,1,2,2,0,0,0,4,4,1,0,3,1,0,1,4,4,4,1,0,1,0,1,0,1,0,0,2,0,0,2,0,1,2,3,0,1,4,1,3
"rs00366",4,4379414,1,3,0,0,1,2,4,1,2,3,0,1,4,0,1,2,4,3,4,4,0,1,4,1,0,0,2,3,0,0,2,2,4,4,3,0,4,2,1,1,4,4,1,2,2,1,1,2,1,3,4,1,2,3,4,2,0,3,0,3,0,2,4,2,1,1,4,1,1,2,2,4,1,4,1,4,1,3,1,4,2,0,4,4,2,1,3,4,3,2,4,4,2,0,0,0,0,3,2,3,1,3,4,3,4,0,3,3,4,0,4,1,0,4,3,2,0,4,0,1
"rs00367",4,4420787,1,2,2,0,2,1,4,1,2,3,1,3,1,3,3,3,2,2,4,3,3,4,4,1,4,1,2,2,3,1,1,3,2,1,2,4,1,2,2,2,1,4,0,2,0,4,2,3,2,1,2,1,3,2,4,0,2,1,0,4,0,0,4,1,1,0,2,1,2,0,1,2,4,1,3,2,2,3,4,0,0,1,1,3,1,1,4,2,2,3,3,2,4,1,1,3,4,4,1,1,3,3,3,1,4,2,1,4,3,3,3,3,0,4,4,3,2,0,2,4
"rs00368",4,4609864,0,0,2,4,0,2,2,0,2,3,1,2,1,0,2,3,4,3,2,3,3,2,3,3,0,1,1,0,1,0,3,1,1,3,4,1,0,4,3,0,1,4,0,0,3,0,1,3,3,4,0,2,2,0,3,2,2,0,0,0,4,0,1,1,4,2,0,2,0,0,0,4,0,2,0,3,1,1,4,1,2,0,1,3,0,4,3,1,1,0,1,4,3,0,4,4,3,0,4,0,2,2,2,3,2,3,1,2,1,1,4,2,2,1,3,4,3,3,2,0
"rs00369",4,4698715,1,2,1,4,3,2,0,0,1,1,0,4,4,4,1,1,1,4,1,1,0,0,0,2,3,4,4,2,3,3,3,1,1,0,4,0,4,0,3,1,2,2,1,2,1,2,2,3,1,4,1,3,2,1,1,0,4,4,4,0,2,1,3,0,2,0,1,4,0,2,4,4,2,3,1,1,2,2,0,1,4,4,1,3,3,4,3,0,4,3,0,3,2,2,3,2,0,4,0,0,4,2,4,0,2,4,2,3,2,4,2,1,4,2,0,0,1,1,3,2
"rs00370",4,4720584,4,2,0,1,3,3,2,0,4,1,2,2,0,2,2,2,2,3,1,1,4,1,2,1,1,4,0,3,1,4,3,4,1,4,2,2,4,0,3,2,3,4,3,2,2,1,2,4,0,4,4,3,2,2,2,2,4,3,2,0,4,1,3,2,1,0,2,4,4,0,2,0,3,2,3,0,2,1,3,1,3,3,4,2,0,4,0,1,2,2,2,4,0,3,3,2,3,3,4,3,0,1,0,2,4,1,3,0,0,2,4,4,4,4,3,3,3,0,3,2
"rs00371",4,4968640,4,1,3,0,1,0,4,3,1,2,3,4,1,2,4,4,2,1,2,0,3,2,3,1,3,3,3,1,2,2,4,4,2,3,2,0,3,2,4,2,3,3,4,0,3,2,4,3,2,2,3,4,1,0,0,2,0,4,2,3,3,1,4,1,1,4,3,3,1,0,1,2,1,0,2,0,3,1,1,3,2,1,3,4,1,3,2,3,3,4,3,1,1,4,4,0,1,2,0,0,1,1,0,4,3,0,4,2,2,2,2,0,1,2,4,2,3,2,0,3
"rs00372",4,5075401,4,0,1,3,2,4,0,3,3,0,2,2,1,0,4,1,0,0,3,1,1,4,4,0,3,4,2,0,2,3,0,2,1,1,4,3,0,1,2,2,4,2,4,4,4,1,1,1,2,0,3,1,2,2,1,3,4,4,3,1,1,1,0,1,3,2,1,1,0,4,1,3,1,3,4,3,4,1,0,3,3,2,3,0,1,3,1,1,1,2,1,0,1,1,4,4,1,2,4,3,1,0,4,0,2,4,4,4,2,1,4,3,2,3,4,1,0,2,4,0
"rs00373",4,5183521,2,3,4,3,1,0,4,4,0,4,2,1,1,2,0,2,1,1,0,0,2,2,3,4,3,0,2,0,3,3,3,0,0,4,4,4,3,0,4,1,2,4,0,3,0,4,4,3,2,4,4,2,0,4,0,4,2,0,2,1,4,2,2,1,1,3,2,3,4,0,0,3,0,1,3,0,3,1,3,1,4,4,4,4,2,4,4,3,0,0,3,4,2,1,2,4,0,1,1,1,0,0,3,3,3,0,3,4,0,2,2,0,0,0,2,3,3,4,4,4
"rs00374",4,5330834,4,4,1,4,0,2,1,1,0,0,1,1,1,3,1,2,4,3,4,2,1,4,0,2,1,2,0,2,0,1,4,4,3,1,4,2,2,2,3,4,4,0,4,0,4,3,0,3,3,3,0,1,2,0,3,3,1,2,1,3,2,3,4,0,4,2,4,2,2,4,1,2,4,0,1,1,1,3,3,0,3,3,0,3,0,3,0,2,3,2,3,1,2,3,2,3,4,2,0,3,1,3,0,3,3,1,4,3,3,4,2,4,3,4,2,4,2,3,0,2
"rs00375",4,5399612,1,2,1,4,1,4,3,1,2,3,2,2,2,3,4,4,1,2,2,2,4,0,1,0,3,2,0,0,1,4,2,2,2,0,2,0,3,4,3,1,1,2,1,1,0,4,3,2,3,0,1,0,0,1,0,0,3,0,3,0,2,4,2,2,0,0,3,3,4,1,3,4,1,3,1,1,0,1,4,4,0,3,1,3,2,3,0,1,4,3,0,3,2,3,3,1,0,4,3,2,4,4,4,3,2,0,1,1,3,1,1,3,1,0,2,4,3,1,0,2
"rs00376",4,5548349,2,2,4,4,2,1,1,4,4,1,3,0,1,3,0,0,1,0,4,1,3,2,3,4,3,1,2,3,2,2,2,2,2,4,2,3,2,4,1,2,0,0,4,2,4,3,4,1,4,4,1,4,3,3,4,0,3,4,3,3,4,2,1,1,4,2,4,0,2,1,3,2,3,4,3,2,0,3,3,0,4,4,4,3,4,3,3,4,4,1,2,3,4,2,4,4,2,3,0,1,0,4,2,1,4,2,3,3,4,0,1,1,1,3,3,2,4,3,2,2
"rs00377",4,5585950,0,1,0,0,0,0,1,0,1,3,2,3,3,2,1,0,2,4,1,2,4,3,1,2,1,1,4,2,2,4,0,1,0,1,2,0,3,3,3,3,2,3,1,0,4,2,3,0,2,3,1,4,2,1,4,2,4,3,4,4,0,2,2,4,3,4,4,1,3,3,2,0,1,4,0,3,1,4,3,1,1,3,3,1,2,2,4,0,3,0,1,4,0,0,4,2,4,2,4,4,2,0,1,1,3,1,2,1,1,0,4,0,0,3,1,0,3,2,4,3
"rs00378",4,5685140,4,2,0,0,1,2,3,0,0,3,0,4,1,4,4,4,1,0,2,2,4,4,1,1,0,2,2,1,2,1,1,1,3,3,2,1,1,4,0,0,4,4,1,0,0,1,3,3,4,4,1,0,2,4,3,4,1,4,3,4,0,2,2,3,4,0,2,0,2,2,0,1,0,4,1,0,0,0,3,2,4,1,4,2,2,0,3,4,4,2,1,4,3,3,1,1,2,0,1,4,4,3,0,4,0,0,0,3,3,4,4,4,4,0,4,1,1,2,0,4
"rs00379",4,5869216,4,3,0,2,0,3,2,2,4,0,3,1,0,0,3,3,3,4,3,2,3,1,3,3,0,2,0,1,0,0,4,2,3,3,4,1,3,3,3,4,4,3,4,4,2,4,1,1,2,4,2,2,0,1,2,4,2,3,1,3,4,1,1,3,2,3,3,1,0,4,2,0,2,2,1,2,4,1,1,4,2,3,3,3,2,3,4,3,4,1,3,2,0,3,0,0,0,4,0,2,4,1,0,2,1,1,2,1,0,4,2,4,4,2,3,1,0,1,0,0
"rs00380",4,5914767,3,4,2,4,4,4,2,1,3,3,4,1,1,1,3,2,0,2,4,2,3,0,3,1,0,3,4,0,3,4,4,0,3,1,2,4,1,3,1,4,0,3,0,4,2,3,3,2,3,0,0,4,3,4,3,2,1,3,0,4,1,4,2,2,4,3,1,1,0,2,2,1,0,0,3,1,4,0,1,4,4,3,1,2,0,0,4,2,1,3,0,1,0,0,2,4,2,4,0,0,2,0,4,2,3,4,3,3,3,4,0,2,3,1,0,3,3,4,0,3
"rs00381",4,6097464,0,3,1,0,1,4,2,0,1,2,0,2,2,3,4,0,2,1,4,4,1,0,3,3,3,2,0,4,1,4,2,0,3,0,1,1,3,2,1,2,3,2,3,3,1,1,4,3,1,2,2,3,2,0,4,1,1,4,3,0,3,3,1,2,0,0,4,3,2,1,0,1,4,3,3,2,3,1,0,0,2,1,3,3,2,0,2,3,1,4,1,2,3,1,1,2,3,3,2,1,3,4,0,0,3,1,2,4,0,3,3,4,4,2,3,2,3,3,3,0
"rs00382",4,6112789,2,2,0,4,1,4,4,2,4,1,1,3,0,4,4,4,3,3,1,2,3,2,1,1,3,1,4,0,2,2,1,3,1,0,0,3,1,0,1,3,4,1,0,3,1,3,3,2,0,0,4,3,0,4,0,1,0,0,1,2,4,2,2,3,2,0,2,2,2,2,3,2,2,4,2,1,0,4,3,3,1,0,1,0,1,0,2,0,3,0,1,0,1,4,3,0,4,2,2,0,0,2,3,4,0,2,3,4,2,0,1,3,4,0,4,1,2,3,1,3
"rs00383",4,6379010,4,3,2,2,3,2,1,0,1,0,3,3,1,4,2,2,0,4,0,2,2,4,0,3,2,0,1,3,2,4,2,2,4,4,0,3,3,0,0,0,0,4,3,4,2,3,3,3,0,1,2,0,1,2,4,2,2,4,2,4,3,2,3,1,2,2,2,1,0,0,4,3,4,2,0,0,0,4,2,4,2,0,0,3,0,4,0,1,1,2,4,2,2,4,1,3,0,0,3,4,0,4,0,1,2,3,4,0,3,3,0,3,4,2,4,4,1,2,1,2
"rs00384",4,6437525,3,2,0,2,4,2,3,2,0,4,3,2,1,1,3,4,1,4,4,2,2,3,3,4,2,4,0,2,1,1,3,0,0,2,1,4,2,2,2,2,4,2,3,2,3,4,4,0,4,4,4,1,1,0,3,0,0,1,1,1,0,0,3,4,4,0,4,2,0,2,4,4,2,1,2,1,0,0,2,2,0,1,4,2,4,1,1,2,0,4,4,0,1,1,1,2,2,3,2,1,2,0,0,0,3,1,3,2,0,4,2,4,4,3,1,1,2,0,1,4
"rs00385",4,6580624,4,4,2,1,4,4,1,3,2,2,4,1,2,1,2,1,3,1,3,1,1,1,1,4,2,4,4,3,0,3,2,0,0,4,3,4,4,4,3,0,2,2,3,1,0,3,4,0,3,0,0,1,1,0,2,0,2,3,2,0,2,1,3,1,3,1,3,4,2,2,0,4,4,3,1,0,3,3,3,0,2,4,0,0,1,1,3,4,4,0,0,1,0,0,1,0,4,0,1,2,0,4,0,3,3,2,2,2,3,3,0,2,0,0,2,1,3,3,0,1
"rs00386",4,6675236,1,4,4,1,2,4,4,0,2,2,2,1,0,2,3,4,3,2,3,3,0,3,0,2,2,2,4,4,2,4,4,3,4,1,3,1,3,2,1,1,1,2,3,3,4,3,0,1,4,1,4,3,3,1,2,2,1,0,0,4,2,3,3,0,2,3,2,0,0,3,1,3,4,2,1,2,2,1,4,1,1,2,0,0,4,2,1,2,4,4,0,4,0,4,2,1,0,0,0,2,1,1,3,1,2,2,0,2,1,2,2,2,3,2,4,1,4,3,2,0
"rs00387",4,6738897,1,4,0,1,2,0,1,3,1,2,1,0,0,2,3,4,0,2,3,3,2,3,4,1,4,2,4,1,2,0,0,2,4,2,1,3,3,3,3,3,0,1,2,3,3,4,2,3,3,4,0,4,4,1,2,0,3,1,3,4,0,2,4,3,2,2,3,2,4,0,1,1,0,4,4,0,4,1,2,0,2,2,1,1,1,2,2,2,0,3,4,0,2,3,3,1,4,3,1,1,3,4,4,4,3,4,4,3,1,0,0,2,4,4,4,3,4,0,1,4
"rs00388",4,6744650,0,0,4,1,0,3,2,3,0,3,1,4,4,3,0,3,2,1,0,1,0,1,4,0,0,1,4,1,3,0,1,0,0,1,2,0,2,0,0,0,4,3,1,4,4,4,1,0,0,4,3,0,0,0,0,0,3,2,1,2,4,0,4,0,3,1,2,4,0,0,3,2,3,0,4,1,1,3,4,0,1,1,1,2,1,4,1,1,2,0,0,0,4,3,4,3,4,1,3,1,2,4,0,3,0,3,3,1,4,1,1,1,0,2,1,1,3,3,1,4
"rs00389",4,6764115,4,2,2,3,4,0,2,3,4,0,1,4,4,2,3,4,0,4,3,4,3,3,1,4,0,1,3,4,1,2,4,2,2,0,4,2,0,2,4,0,4,4,1,0,2,0,0,0,2,0,3,2,4,4,1,3,3,4,3,3,0,2,2,0,1,4,3,3,0,2,4,1,4,1,3,4,0,0,4,3,4,3,1,3,3,3,3,0,1,3,2,1,4,4,0,3,2,3,3,2,2,1,1,3,1,0,4,2,2,4,0,2,0,0,4,0,2,4,4,0
"rs00390",4,7085537,1,1,0,1,0,3,3,1,3,4,3,1,3,4,3,2,3,1,2,0,1,2,0,3,1,2,1,0,1,3,3,3,2,3,0,2,4,1,4,1,4,0,0,1,4,4,1,4,2,4,3,2,3,3,4,4,0,4,4,2,4,1,1,4,4,1,3,3,3,0,3,3,2,3,2,4,2,1,1,0,4,4,1,1,3,0,0,2,1,2,1,4,0,1,3,2,2,0,4,1,0,2,3,0,1,0,0,1,4,0,3,4,3,4,0,0,3,0,0,3
"rs00391",4,7282150,1,2,3,4,0,3,3,0,0,0,2,1,3,1,2,2,1,2,4,3,2,1,4,4,0,0,3,4,4,2,2,2,1,0,3,0,0,0,2,1,0,3,3,3,2,3,3,2,0,0,3,0,1,3,0,4,1,2,1,3,2,4,0,4,2,4,4,2,1,3,2,1,0,3,3,1,4,1,3,3,0,4,0,2,4,0,2,4,3,2,0,3,0,4,1,4,1,4,0,2,1,1,4,3,1,0,1,3,2,0,1,0,4,2,2,4,3,4,2,1
"rs00392",4,7500115,1,4,1,4,0,4,0,1,0,4,1,4,1,4,3,2,2,3,3,4,0,4,0,2,1,3,2,1,3,4,0,3,0,4,4,1,2,3,3,0,3,4,1,1,3,3,1,0,2,3,0,4,4,3,4,4,4,0,2,4,0,1,0,2,1,4,4,1,2,4,3,1,3,3,3,1,1,0,3,2,3,0,2,3,2,2,2,2,4,3,0,1,2,4,1,0,1,1,1,1,4,4,1,1,2,3,3,0,2,1,0,1,3,0,3,1,3,1,2,1
"rs00393",4,7583764,4,3,3,0,1,3,0,2,3,0,0,2,3,4,1,0,4,1,0,1,1,2,2,2,1,2,3,3,3,4,4,0,0,3,0,4,4,3,2,3,0,1,1,1,3,3,3,3,4,0,1,3,0,1,3,0,3,3,0,1,4,4,1,1,3,4,1,2,4,2,1,0,0,3,3,1,2,0,4,1,1,0,2,0,3,2,0,1,2,0,3,2,0,1,4,1,0,0,3,2,4,2,2,0,3,1,4,2,3,1,2,1,4,3,0,0,4,1,3,1
"rs00394",4,7641819,4,0,4,3,2,0,0,3,1,3,4,3,2,1,2,2,4,0,1,2,2,4,0,0,0,1,2,0,4,3,3,0,2,4,1,3,2,0,3,2,4,2,0,4,4,1,0,4,3,4,3,1,0,3,1,4,4,4,2,0,1,0,2,4,1,1,4,4,1,1,4,0,3,3,2,3,1,4,1,1,2,2,1,3,1,3,0,3,4,2,0,4,2,0,4,3,4,4,1,3,1,3,0,1,1,3,0,0,1,0,1,4,1,1,3,3,1,0,2,3
"rs00395",4,8193397,0,2,3,1,4,3,4,3,1,4,2,3,3,3,2,2,4,4,2,2,1,3,3,1,3,1,3,1,0,1,4,1,3,3,2,3,4,0,2,1,0,1,4,1,3,4,4,4,3,2,0,4,1,3,3,0,2,4,3,3,1,0,2,4,0,3,3,3,3,3,0,4,2,0,0,2,4,0,2,1,4,1,0,2,1,1,4,3,2,2,1,1,4,1,4,0,0,4,4,2,1,0,0,0,0,2,2,0,3,4,2,4,0,4,3,2,0,3,1,4
"rs00396",4,8331331,3,0,4,2,1,1,2,0,2,1,1,0,4,1,2,2,4,0,0,2,0,3,0,0,4,4,2,3,1,2,3,1,1,4,3,1,2,4,0,2,4,2,4,3,3,1,4,4,0,2,2,0,1,3,4,1,1,2,4,1,2,3,4,0,4,0,2,0,0,3,2,1,4,4,2,3,0,1,3,2,4,1,2,1,0,2,4,2,0,4,2,2,1,2,4,3,2,4,1,1,0,2,1,1,3,0,3,2,3,4,3,0,1,0,2,4,1,0,4,4
"rs00397",4,8341297,0,1,0,0,4,4,3,0,2,4,4,4,2,2,2,2,0,4,2,4,2,1,4,0,0,4,2,0,4,1,0,3,4,3,1,2,4,1,0,3,2,1,0,4,4,3,3,3,0,2,2,4,3,3,1,2,2,1,1,2,4,2,4,1,4,1,2,4,3,1,1,1,2,2,3,4,3,2,2,0,0,3,0,3,0,4,2,2,1,2,1,1,1,0,2,4,4,3,0,1,2,3,0,3,1,2,1,0,4,3,3,0,0,3,3,3,0,1,1,2
"rs00398",4,8392238,3,4,3,0,0,3,2,2,3,0,2,0,2,4,0,4,2,2,4,4,3,4,2,0,4,4,4,3,3,3,3,1,2,2,3,4,2,2,2,3,2,2,3,2,2,0,4,1,2,3,4,2,2,1,1,1,2,3,1,2,3,0,4,1,1,4,0,3,4,2,2,1,2,3,2,1,3,2,0,4,4,0,3,0,1,3,1,4,3,0,0,3,4,4,4,0,3,4,0,1,4,2,0,1,3,3,2,1,2,3,4,1,1,4,4,2,3,3,2,0
"rs00399",4,8393640,4,0,0,0,0,3,4,0,2,2,0,3,2,3,0,0,2,2,3,0,1,0,0,1,3,1,3,4,1,4,2,0,0,0,4,2,2,4,4,2,2,1,1,1,2,4,3,1,0,2,0,0,1,3,1,2,1,2,1,4,1,0,0,0,1,2,4,3,4,3,1,3,3,2,1,1,2,2,1,3,0,1,0,0,1,0,0,4,1,0,3,2,1,0,1,3,3,0,3,1,2,0,0,2,0,4,0,1,2,2,2,0,4,3,0,3,4,1,2,4
"rs00400",4,8447071,2,0,3,2,3,3,3,2,3,3,4,3,3,1,4,2,1,0,1,2,1,1,0,2,3,0,4,3,1,2,2,1,4,2,0,4,2,1,4,2,1,1,1,1,2,3,1,2,4,4,4,1,1,2,2,2,0,3,0,3,2,4,2,2,1,1,1,2,0,2,4,4,1,0,4,1,3,1,0,2,2,1,2,0,4,0,4,2,2,4,0,2,3,3,1,2,3,2,0,3,4,4,3,3,0,2,3,4,1,0,4,0,0,2,3,3,2,1,0,1
"rs00401",4,8672746,3,3,2,4,3,1,3,3,2,4,1,3,3,0,4,4,3,3,3,0,2,4,4,0,4,0,2,3,2,1,0,3,4,0,1,1,0,3,2,1,2,3,1,0,1,1,0,3,2,1,2,3,3,2,4,2,3,4,0,4,0,3,2,0,1,4,3,4,4,3,1,1,1,2,2,3,1,1,2,3,0,2,3,4,4,4,4,4,2,4,4,1,2,2,2,4,2,2,1,0,3,4,4,2,1,1,1,2,2,3,1,3,3,3,3,2,4,2,2,3
"rs00402",4,8775608,2,2,0,0,1,4,1,1,1,2,1,2,3,2,4,3,2,4,4,1,0,1,1,0,0,3,3,2,0,3,2,2,3,4,3,0,3,2,3,2,1,4,3,1,4,3,2,4,4,1,4,0,2,2,3,0,0,1,2,1,2,1,3,4,2,4,0,1,4,2,3,0,2,2,2,3,2,3,2,4,1,3,3,4,0,0,2,4,2,2,1,4,0,0,3,2,3,3,2,2,2,4,1,0,4,0,3,3,4,2,3,0,2,4,3,1,3,1,3,0
"rs00403",4,8928029,2,1,2,4,0,0,1,1,2,3,3,3,1,4,0,2,3,1,3,1,3,3,4,3,0,1,3,4,2,2,3,1,2,0,2,2,0,1,4,0,1,0,0,2,3,1,0,0,3,0,0,2,0,4,0,3,1,3,4,1,3,3,2,2,0,4,2,2,3,3,1,4,4,1,4,4,4,3,1,4,4,4,0,3,1,2,0,1,3,1,4,2,1,4,2,2,3,4,0,1,4,0,3,4,4,3,4,3,3,1,3,3,0,3,2,2,0,1,4,0
"rs00404",4,8933233,4,2,0,2,3,3,4,4,3,3,0,1,2,0,2,1,0,3,0,3,0,0,1,4,0,4,3,3,0,4,3,0,2,0,0,0,4,1,0,2,2,1,3,1,2,1,0,2,2,0,2,0,4,1,3,0,4,3,2,4,3,1,4,4,2,2,3,2,2,2,0,3,2,0,3,2,3,0,0,4,3,3,0,1,2,4,1,3,3,0,2,0,4,4,0,3,1,1,0,0,0,1,1,2,4,0,0,3,1,2,1,3,3,2,2,3,3,3,4,4
"rs00405",4,9030285,1,0,3,0,4,4,0,0,1,1,0,2,3,3,2,0,0,1,1,0,2,4,2,4,1,3,1,2,4,2,0,1,4,1,1,0,0,3,1,1,0,2,3,1,2,1,4,4,2,2,1,0,1,1,0,2,0,3,4,4,1,3,2,0,4,3,3,4,2,1,4,2,0,1,4,0,0,3,0,2,0,2,4,2,0,0,4,2,1,2,1,4,2,3,2,0,0,0,0,4,1,0,4,4,3,4,4,4,4,4,1,0,1,4,2,0,3,1,1,1
"rs00406",4,9117700,1,4,3,1,1,0,4,1,1,4,1,0,2,2,2,2,0,0,0,2,0,2,3,1,0,1,4,3,1,3,1,3,3,2,0,2,3,2,2,3,2,0,1,4,2,2,4,2,3,3,4,2,3,2,0,2,0,0,3,2,0,1,3,3,4,2,2,1,4,0,2,0,1,3,2,2,2,0,1,1,0,0,0,3,0,2,4,2,0,1,1,3,3,4,1,2,4,3,0,4,1,3,3,1,3,4,0,0,2,4,3,0,4,2,0,3,3,1,2,2
"rs00407",4,9201312,0,3,2,1,2,4,3,4,3,3,1,4,4,2,3,0,1,4,2,0,0,3,2,2,2,2,2,2,1,3,0,3,1,1,0,4,3,2,3,3,3,0,0,4,3,2,3,2,4,4,3,0,4,0,4,0,3,0,2,1,1,2,3,0,2,4,2,2,0,2,2,2,2,1,0,4,3,1,4,4,0,4,2,1,3,1,2,1,0,0,2,1,2,4,3,0,3,0,0,1,4,2,1,1,2,2,3,3,4,3,3,0,0,2,4,1,4,0,2,1
"rs00408",4,9213249,1,2,3,1,1,0,4,0,0,2,3,2,2,4,3,2,3,2,4,2,1,2,4,0,1,4,1,2,3,3,0,0,4,4,0,0,0,4,3,2,3,4,0,1,2,3,4,3,0,4,4,0,2,2,0,1,1,0,2,2,1,3,3,1,0,3,3,3,4,0,2,1,4,4,1,2,2,2,2,2,0,2,2,0,0,3,0,2,1,4,2,2,4,3,0,3,4,1,3,3,3,2,4,4,3,4,1,2,3,2,3,1,1,2,2,4,3,3,1,4
"rs00409",4,9229158,4,1,2,4,1,2,3,4,4,3,2,4,3,4,2,4,3,2,4,0,0,4,3,0,0,4,2,1,3,1,1,4,1,2,0,4,4,0,1,3,2,3,2,4,0,3,2,4,0,4,4,4,2,0,4,0,0,2,1,2,2,3,2,0,4,2,2,0,0,1,4,1,0,0,1,2,3,2,4,3,0,2,1,4,1,0,2,2,1,1,2,0,4,1,1,3,0,1,2,1,2,2,1,4,0,4,0,4,2,1,1,1,4,3,0,2,0,3,4,4
"rs00410",4,9235642,1,1,2,0,4,0,3,0,0,2,4,0,1,0,4,3,1,0,4,1,1,2,1,1,2,2,2,4,3,1,3,3,3,1,1,4,2,3,3,3,2,2,4,0,1,3,2,1,2,4,4,1,4,3,3,3,1,0,4,2,4,3,4,3,3,4,1,2,3,1,3,1,1,0,3,3,0,1,0,2,0,2,2,2,0,3,2,4,0,2,1,0,4,3,1,2,4,1,3,3,0,3,0,0,4,1,4,2,1,4,2,0,4,1,2,3,3,0,0,4
"rs00411",4,9315776,4,0,4,2,4,2,2,1,2,0,2,4,4,1,1,4,3,4,1,4,0,2,2,3,1,1,0,4,2,4,1,4,3,0,4,0,1,4,0,1,3,3,4,1,2,0,1,1,2,4,2,4,4,0,3,1,3,3,1,3,4,0,0,3,4,3,1,2,3,4,3,0,1,3,4,3,2,4,4,4,0,3,0,4,0,2,4,4,3,1,4,4,1,2,4,3,4,1,2,4,2,4,4,1,3,4,0,0,1,4,3,1,2,4,3,0,4,0,4,2
"rs00412",4,9389890,1,4,3,2,2,4,2,4,3,2,0,4,0,1,1,2,1,3,0,1,2,2,1,0,0,0,0,0,0,0,2,4,3,2,2,3,1,1,3,2,3,2,2,3,1,3,1,2,1,3,4,0,0,0,2,2,3,1,3,1,2,1,3,4,3,4,0,2,2,3,4,3,1,4,3,3,1,0,4,4,4,1,1,2,2,1,1,2,4,0,2,1,3,2,0,3,1,2,2,1,3,0,4,2,3,2,4,1,3,1,0,2,1,2,2,0,2,4,1,1
"rs00413",4,9470948,4,1,0,4,4,0,1,0,0,2,3,1,0,1,1,1,0,4,1,3,3,2,0,4,3,4,1,1,0,0,4,3,0,3,0,2,1,1,4,2,1,1,1,4,0,4,2,2,3,3,3,3,0,3,4,3,4,3,0,0,0,3,4,4,2,0,2,4,0,2,1,0,2,1,0,4,3,3,0,0,3,4,2,1,0,0,3,2,2,1,2,0,0,3,2,1,0,0,0,0,2,1,1,2,1,4,1,4,3,4,4,2,0,4,0,3,1,1,4,1
"rs00414",4,9472809,0,4,1,2,1,0,4,0,0,1,4,4,2,2,4,4,3,1,2,4,1,3,0,2,0,2,3,1,1,2,4,3,3,1,1,1,4,3,0,2,3,2,4,0,2,4,3,1,0,4,4,1,0,2,0,1,0,0,4,0,0,1,4,4,4,2,0,0,3,2,1,0,0,2,1,2,4,2,4,4,0,2,3,0,3,4,4,3,2,3,3,0,4,3,0,4,4,3,1,1,4,2,3,0,0,3,1,1,2,0,0,0,2,1,0,4,3,3,0,0
"rs00415",4,9529664,4,1,4,3,2,2,0,2,0,3,0,0,2,0,4,3,4,1,2,1,2,2,1,3,3,4,3,2,1,2,4,1,4,3,3,2,4,4,4,4,2,1,3,4,4,0,2,2,2,1,4,0,1,0,4,1,4,3,3,3,2,3,0,0,0,4,2,2,4,2,1,1,1,0,4,0,3,3,1,2,4,1,0,1,2,1,2,2,1,2,0,0,3,1,1,1,0,0,3,2,2,3,2,2,1,0,4,1,3,0,2,4,0,0,0,4,3,1,3,2
"rs00416",5,117388,0,0,4,4,3,3,3,1,3,1,3,3,4,4,3,0,0,3,3,3,0,2,2,0,0,1,4,4,3,3,0,0,0,0,4,4,3,4,4,0,4,1,2,3,0,1,0,4,1,3,2,0,2,1,1,2,2,4,2,1,0,0,3,0,3,2,4,2,1,0,4,2,3,2,1,0,1,4,3,2,3,2,4,1,0,2,0,2,4,2,4,2,0,2,1,4,4,3,3,4,3,0,1,3,2,0,1,1,2,2,0,3,4,0,0,1,4,1,2,1
"rs00417",5,295688,1,0,0,2,3,3,2,4,0,0,0,2,0,1,0,2,3,0,2,1,2,0,1,0,0,4,4,3,0,0,2,2,0,0,0,4,1,3,0,4,2,0,1,4,4,3,2,1,4,1,3,3,1,0,3,0,0,2,1,4,0,1,3,1,2,2,3,0,4,3,1,1,3,3,2,1,3,2,4,3,4,2,1,2,2,2,1,0,0,1,0,0,2,2,3,1,2,1,3,0,3,3,3,4,2,0,4,3,0,2,4,1,0,0,2,2,3,4,3,1
"rs00418",5,462768,0,4,2,0,1,0,0,0,0,0,4,4,0,3,0,3,2,1,2,0,4,1,3,2,0,0,0,4,3,3,0,2,0,3,0,0,3,3,2,0,4,2,2,2,2,0,1,1,0,4,3,3,0,0,4,2,3,0,0,0,1,4,3,2,0,4,3,0,1,3,0,0,2,0,2,0,0,4,1,3,1,2,2,4,0,2,0,0,1,2,3,4,3,0,0,3,4,4,2,4,1,0,0,4,1,3,3,0,2,3,0,0,3,3,2,2,1,3,0,1
"rs00419",5,535386,2,4,1,2,2,4,0,4,4,0,0,3,2,2,2,1,3,4,1,2,0,1,4,2,3,0,0,4,4,1,4,3,0,0,3,1,1,2,4,3,2,4,1,1,1,0,3,3,0,3,2,4,2,0,3,3,1,1,3,1,3,4,2,3,0,1,2,2,2,0,2,3,3,3,3,2,0,3,4,3,1,3,0,2,2,4,1,2,4,3,0,2,3,4,1,3,2,2,2,1,0,3,3,3,0,2,2,4,0,1,2,1,2,1,4,4,0,3,4,3
"rs00420",5,909814,3,2,0,0,2,4,4,2,1,1,3,2,1,1,3,1,3,2,4,0,4,4,0,2,3,3,3,1,4,0,4,4,0,4,0,1,0,3,0,1,4,1,0,3,0,4,1,3,3,4,4,1,0,2,1,4,3,1,1,1,4,0,1,4,4,2,0,0,2,0,2,1,0,4,0,3,3,3,4,3,4,2,1,3,0,0,1,4,0,3,0,3,1,1,1,1,3,4,2,4,4,4,4,2,0,4,3,1,0,2,4,2,3,2,4,1,2,1,1,2
"rs00421",5,1018079,0,4,3,4,0,3,4,3,0,0,0,1,2,0,4,2,4,3,4,4,2,2,1,2,2,4,4,0,4,0,1,0,2,4,0,1,2,2,0,3,1,0,1,1,4,1,1,4,0,2,2,0,2,3,3,1,3,1,0,3,4,3,2,1,4,2,2,0,1,4,3,3,0,2,1,2,2,2,2,4,1,2,0,1,2,2,4,0,1,1,4,1,3,0,3,2,0,2,3,3,4,1,3,1,3,0,1,4,3,3,3,3,2,2,0,3,2,2,3,4
"rs00422",5,1018156,3,4,4,1,3,3,0,4,1,2,3,4,3,2,2,1,3,3,1,4,1,0,2,4,2,2,2,4,2,4,2,0,4,0,4,1,0,3,3,3,1,2,1,0,3,4,0,3,3,2,2,4,0,1,1,2,4,1,4,2,0,1,1,3,3,0,2,3,3,4,2,3,0,1,1,0,1,1,1,3,3,3,1,1,3,2,1,1,0,1,3,2,2,3,4,4,1,0,4,1,0,2,0,2,4,1,2,0,3,3,3,1,2,3,4,0,3,4,3,1
"rs00423",5,1136719,3,4,4,2,0,3,3,2,1,3,0,4,0,2,3,3,1,3,3,0,2,1,4,4,0,3,2,3,0,2,0,0,2,3,1,0,2,3,3,4,4,2,2,3,2,3,4,0,1,1,3,4,2,4,3,1,1,3,0,0,3,3,0,0,3,1,3,4,0,0,2,1,2,2,0,0,1,2,4,4,1,0,1,4,2,0,0,1,4,1,1,3,0,0,0,3,2,2,3,0,1,4,2,3,2,4,1,2,3,3,2,4,0,1,4,0,0,2,1,3
"rs00424",5,1220357,2,2,1,3,2,3,1,2,2,2,1,3,1,1,4,1,3,0,1,2,4,4,3,1,0,2,2,3,0,2,1,0,4,2,0,2,1,1,2,0,1,2,3,2,3,3,1,1,3,2,0,4,4,1,1,3,2,3,3,2,1,3,2,1,3,3,1,2,4,3,1,1,0,0,0,3,0,3,2,4,0,1,3,2,3,4,4,4,2,4,2,4,4,1,2,3,2,2,4,0,1,3,4,3,4,2,0,2,3,0,0,0,1,1,2,1,1,0,0,0
"rs00425",5,1390156,3,4,3,0,2,2,3,1,3,0,2,1,1,1,3,2,3,4,0,0,4,1,0,3,4,1,4,0,3,4,1,0,2,0,2,4,4,4,1,4,0,0,1,1,2,0,4,0,3,2,4,3,1,3,2,4,1,0,1,2,2,4,4,1,3,3,4,3,3,0,1,1,1,3,1,3,1,4,2,4,3,2,3,4,2,4,1,0,3,2,4,1,3,4,0,2,2,0,2,4,4,2,4,1,1,3,3,4,0,1,4,1,4,1,0,1,0,2,2,4
"rs00426",5,1441235,2,2,4,1,2,0,1,3,0,4,4,1,4,1,2,4,2,4,2,1,4,1,0,4,3,1,0,4,4,3,0,3,4,4,2,4,4,1,3,4,4,2,3,1,1,0,3,0,3,1,2,0,2,2,3,2,4,4,0,4,0,3,4,1,4,2,4,2,0,2,0,0,2,0,1,1,3,1,3,3,4,3,3,4,4,3,0,3,1,1,0,4,4,0,4,0,3,4,1,1,4,1,2,3,2,3,0,0,3,4,2,0,2,3,1,2,2,2,4,4
"rs00427",5,1467848,1,1,2,3,0,3,2,3,2,0,0,2,0,2,2,0,2,4,2,1,4,2,4,2,3,1,2,2,1,1,1,1,4,3,4,3,3,0,3,4,3,3,2,3,1,1,3,3,2,1,3,2,3,3,0,0,4,3,3,3,0,4,0,1,1,3,2,1,0,4,3,2,4,4,3,2,4,1,1,0,2,0,2,0,4,4,1,3,0,0,1,1,0,1,2,1,1,4,3,2,1,1,1,2,2,4,0,3,2,3,4,2,2,4,1,0,1,0,4,0
"rs00428",5,1702291,1,2,3,4,2,4,0,1,0,2,3,3,2,1,0,2,2,4,1,2,1,4,2,3,3,0,3,3,3,0,4,3,2,4,1,0,2,4,0,1,1,1,0,2,1,1,3,1,4,0,1,0,3,0,1,0,0,0,4,4,0,0,1,3,4,4,3,3,0,1,1,2,0,1,2,3,2,2,1,4,4,3,3,0,1,1,4,4,3,0,2,4,3,0,3,2,1,2,0,3,1,3,1,4,1,2,0,1,4,3,2,0,1,2,1,4,1,4,4,0
"rs00429",5,1910297,4,3,4,1,0,0,4,3,2,2,1,0,3,1,2,0,0,0,1,4,4,0,0,2,3,3,1,1,0,4,4,4,1,0,2,2,1,2,4,4,0,4,4,2,3,3,1,3,2,4,0,1,4,0,0,1,2,2,1,4,3,4,4,4,0,4,2,3,0,3,2,3,3,0,2,4,3,3,3,4,1,1,0,4,2,3,2,0,4,0,0,2,0,3,1,3,3,1,3,0,0,2,3,0,4,2,1,2,4,1,4,1,4,0,4,3,0,4,1,3
"rs00430",5,2015278,2,2,2,0,3,2,2,2,2,2,4,1,2,3,2,1,4,3,4,2,3,2,4,3,4,3,0,0,1,4,1,0,0,1,2,4,3,4,0,3,4,0,0,3,4,0,3,4,2,3,1,3,0,3,1,1,4,0,2,4,0,0,1,0,3,0,1,3,1,4,4,4,2,0,2,3,3,3,4,4,0,3,0,0,1,0,3,2,1,2,3,0,3,1,3,0,0,4,0,1,4,0,0,2,1,0,4,4,1,2,4,1,0,1,4,3,4,3,1,4
"rs00431",5,2052457,1,2,0,3,3,4,0,3,1,4,1,0,1,1,0,2,1,2,3,4,4,0,2,3,3,1,3,1,2,1,1,1,2,2,2,2,2,1,0,1,0,1,0,1,4,3,0,2,2,3,1,2,0,2,3,4,4,3,0,4,3,0,3,1,3,0,1,1,4,0,1,2,1,1,2,2,4,3,4,1,4,3,1,4,1,4,1,1,4,0,3,4,0,4,3,0,2,3,1,0,4,2,2,0,0,1,4,1,2,4,1,3,1,0,4,4,2,3,2,3
"rs00432",5,2241664,2,0,2,1,4,0,3,4,0,3,1,0,4,0,3,4,2,4,1,3,3,2,0,1,0,3,1,4,3,3,2,2,3,1,1,0,0,4,2,4,3,0,3,3,1,4,2,2,3,3,4,1,0,1,3,1,4,4,1,3,3,2,0,4,0,0,4,0,2,3,0,3,1,1,1,4,2,1,4,1,0,4,0,3,2,4,1,1,4,3,1,0,2,0,2,4,1,4,4,4,4,4,2,1,0,4,1,0,0,4,1,3,2,2,4,0,3,3,2,4
"rs00433",5,2516678,2,1,2,0,1,2,2,4,1,2,1,2,4,0,1,2,4,0,1,1,1,4,1,4,4,0,0,4,3,2,1,1,4,4,4,2,1,4,3,2,3,4,0,4,1,3,2,1,1,3,2,0,1,0,1,4,4,4,3,0,4,3,4,3,2,2,0,4,3,3,1,3,2,0,4,3,0,4,2,2,2,4,1,3,4,1,3,1,2,2,1,3,3,3,0,0,1,0,1,0,0,4,1,2,1,4,0,0,2,1,2,4,3,2,2,2,3,3,0,4
"rs00434",5,2739288,1,2,1,1,4,3,3,0,3,2,3,2,2,4,3,1,4,3,2,2,1,1,1,1,2,4,2,1,3,2,3,4,3,3,4,1,3,1,1,0,0,1,1,2,2,1,1,1,3,2,2,0,1,2,2,3,2,3,4,1,4,3,3,3,0,3,0,4,4,3,0,2,2,3,4,4,2,3,2,2,0,2,0,1,4,2,3,0,0,0,0,1,0,3,1,3,3,1,0,3,4,1,2,0,1,4,2,4,4,2,4,2,3,4,4,1,2,4,3,3
"rs00435",5,2976580,4,1,3,0,4,0,3,4,0,2,0,2,3,2,4,0,4,0,1,1,4,2,1,1,3,2,2,2,1,0,1,0,3,3,3,1,2,3,1,2,4,0,1,1,0,2,4,3,4,3,0,0,2,1,1,2,2,2,3,3,0,4,2,3,2,3,2,4,2,4,2,2,0,0,0,2,3,2,4,1,4,2,4,1,1,0,1,3,4,2,4,1,4,3,2,2,0,4,1,0,0,1,0,4,2,0,0,4,4,4,2,3,1,1,4,3,0,1,4,0
"rs00436",5,3071764,3,2,4,2,2,4,1,4,3,2,3,3,4,0,2,0,1,3,1,3,2,4,3,4,2,1,2,1,0,2,4,4,1,4,4,4,1,2,4,0,1,3,0,3,0,0,4,1,1,4,4,3,0,4,4,3,4,1,3,2,4,2,0,0,0,3,3,3,3,1,4,4,0,3,0,2,3,2,0,0,4,4,3,1,4,3,0,4,3,4,2,4,1,2,1,0,4,0,4,3,1,3,1,3,4,0,2,0,1,2,2,2,1,4,1,2,4,0,3,0
"rs00437",5,3088400,4,3,2,4,1,0,2,2,2,0,0,2,4,1,4,3,2,3,2,3,2,1,4,1,2,4,3,4,1,4,2,2,3,0,3,3,1,4,2,1,2,4,3,2,3,1,4,0,1,1,1,1,4,0,2,4,2,2,4,1,2,0,2,2,1,3,1,4,0,1,4,4,0,0,1,0,3,4,3,0,1,4,3,0,3,0,1,3,4,0,0,3,2,3,2,0,0,4,4,2,3,2,4,2,3,1,2,3,4,1,4,4,1,0,0,2,4,2,2,1
"rs00438",5,3192620,1,2,0,0,1,3,4,4,1,2,2,1,1,4,1,0,0,4,4,1,0,0,3,4,3,1,2,1,2,1,0,4,4,3,1,2,1,0,1,3,4,3,2,1,0,4,1,1,1,1,1,1,1,2,0,3,4,2,1,4,2,1,4,1,0,0,2,2,3,3,4,4,3,2,4,1,3,0,4,2,0,2,1,2,2,3,1,1,4,1,2,0,1,0,0,0,2,3,0,4,4,0,0,4,4,1,0,1,0,4,4,1,4,3,0,2,2,0,0,0
"rs00439",5,3201539,3,2,2,0,1,1,3,2,3,3,3,4,4,2,0,0,4,2,4,0,2,1,1,1,2,4,2,3,2,3,0,2,2,0,2,4,4,2,3,2,3,4,1,0,2,2,4,3,0,4,1,0,2,0,1,4,0,4,0,0,1,0,2,3,4,3,0,2,1,3,1,4,2,0,0,1,2,0,3,4,1,1,4,3,4,3,2,3,0,3,1,4,2,0,2,3,2,4,3,4,4,3,0,1,2,1,1,1,3,2,1,3,4,1,1,3,2,4,1,3
"rs00440",5,3333190,0,3,0,2,2,2,3,3,4,0,3,4,2,3,1,4,0,4,3,2,4,1,3,1,2,2,1,3,3,0,1,0,4,4,4,2,1,3,1,4,1,1,3,4,1,1,1,0,4,2,3,3,3,0,1,1,2,0,4,2,4,2,2,4,2,3,2,1,3,2,4,3,4,0,2,4,1,2,0,1,4,3,1,1,3,1,4,2,2,0,1,0,0,1,2,1,0,1,4,1,0,4,4,0,1,3,0,1,1,2,3,1,4,0,4,3,4,1,1,1
"rs00441",5,3416699,3,3,1,3,4,2,1,3,4,0,3,2,0,4,0,2,3,2,1,3,4,4,4,4,1,4,2,0,0,4,2,4,4,2,0,2,0,2,0,3,1,1,1,2,1,2,0,0,4,0,2,4,4,4,0,0,3,3,4,4,2,4,2,0,4,0,3,2,4,1,2,4,4,3,2,0,1,1,3,2,2,3,0,3,3,3,1,3,2,4,2,0,2,1,1,1,2,3,2,0,2,3,0,0,2,1,3,3,3,3,1,1,0,3,0,3,3,2,3,3
"rs00442",5,3501740,1,4,0,0,0,4,1,4,2,4,0,3,1,1,3,3,4,1,1,4,4,0,0,0,4,0,4,1,3,4,2,2,2,0,2,2,1,4,2,2,0,3,4,3,2,3,4,4,0,0,3,2,2,3,1,3,3,3,2,2,4,0,2,3,0,0,3,2,1,4,2,1,4,2,4,3,3,3,3,0,3,4,4,1,0,0,3,2,3,2,2,4,3,4,4,1,1,4,3,0,2,4,0,4,1,0,2,3,1,2,3,4,2,3,3,0,3,2,3,4
"rs00443",5,3696772,0,2,1,4,1,3,4,0,2,2,0,2,4,3,2,3,2,1,4,1,1,4,0,4,0,2,2,0,4,3,0,1,3,2,0,0,2,2,0,2,0,3,1,0,3,1,0,3,2,3,2,1,0,0,2,0,3,2,0,2,3,1,1,1,3,4,0,0,3,0,0,3,0,4,3,1,3,4,3,0,1,3,4,4,3,4,2,1,1,0,2,3,1,2,0,2,3,1,2,2,2,2,1,4,1,0,3,1,4,0,4,2,0,4,4,0,0,3,0,0
"rs00444",5,3967183,3,4,2,1,4,0,1,3,4,1,4,3,3,1,3,4,4,3,3,0,4,0,0,2,2,2,4,0,1,2,3,2,1,2,3,2,4,3,2,4,2,0,1,4,0,0,1,2,4,1,1,3,0,3,1,4,3,2,0,1,2,4,0,3,3,4,3,4,3,0,1,3,3,4,3,0,4,1,3,2,4,2,0,2,2,0,2,4,1,0,2,0,1,0,0,2,0,0,3,0,1,0,4,0,3,4,2,4,1,4,3,2,2,4,3,2,3,3,4,4
"rs00445",5,4093421,0,2,0,4,0,0,1,2,4,0,2,3,3,2,0,3,2,1,1,4,2,2,1,3,4,3,1,0,0,4,4,2,1,2,1,1,1,3,0,2,4,1,3,2,4,2,4,2,0,4,0,4,0,0,2,2,4,1,3,3,0,3,2,3,3,4,3,4,2,2,3,2,2,3,0,4,2,3,4,3,0,4,0,2,0,1,2,1,0,4,4,0,4,4,4,1,2,1,4,1,3,2,3,3,3,2,3,1,3,1,1,4,0,2,4,2,2,2,3,4
"rs00446",5,4147776,2,4,4,0,1,0,3,2,0,4,2,2,3,4,3,3,0,4,4,2,1,2,2,4,0,2,0,0,3,2,2,2,1,4,1,1,0,2,1,0,0,2,3,1,0,3,4,0,2,2,3,0,1,2,1,4,2,3,3,2,0,4,1,4,3,1,2,4,4,4,2,0,4,4,2,2,1,2,3,3,2,3,4,3,4,4,2,1,3,2,0,1,3,1,3,2,0,2,2,0,0,4,2,0,2,2,3,2,1,4,0,4,0,4,4,1,4,4,1,4
"rs00447",5,4280093,4,3,3,3,0,4,0,0,2,4,2,0,3,0,0,1,3,1,4,3,3,2,4,3,4,1,1,1,3,4,2,2,3,0,0,2,3,3,1,4,2,3,4,1,0,0,2,3,3,0,4,0,3,3,4,1,4,2,3,1,1,3,2,0,1,3,3,0,3,1,4,1,0,1,2,4,1,4,3,0,1,3,1,0,3,3,0,4,0,2,2,1,1,2,1,3,3,4,3,4,1,3,2,3,0,1,1,2,4,0,4,1,4,2,2,0,0,4,1,1
"rs00448",5,4304044,4,0,3,1,2,4,0,1,1,1,1,1,2,3,2,2,3,4,3,4,1,4,1,4,1,4,3,3,4,3,4,4,0,1,0,0,3,1,1,2,0,1,0,4,1,3,1,1,1,2,2,0,0,4,1,0,2,3,4,4,1,1,1,4,0,3,1,3,3,4,1,4,1,4,1,1,0,0,3,0,3,4,0,3,1,1,3,4,1,3,0,2,4,1,4,3,0,4,1,3,4,1,0,2,2,3,0,1,1,2,4,4,4,0,0,1,1,2,2,4
"rs00449",5,4585022,3,3,2,3,4,4,1,0,1,2,1,1,1,0,4,3,2,0,2,2,3,3,0,1,2,4,0,0,2,0,3,0,3,4,0,0,0,3,1,4,4,3,4,0,1,3,4,1,0,2,2,2,4,1,3,0,3,3,1,3,1,4,2,1,3,1,1,4,1,0,2,4,0,4,0,4,3,2,1,3,0,3,3,0,1,0,2,3,3,3,3,0,3,3,1,4,2,2,1,0,0,0,2,4,0,3,0,2,4,0,1,3,1,0,1,1,4,0,0,2
"rs00450",5,4742747,4,1,0,1,2,2,2,0,1,1,2,2,4,3,3,0,0,2,0,2,3,4,2,1,0,3,1,2,2,1,0,4,3,3,4,2,2,2,2,2,2,0,0,3,3,4,0,3,4,4,3,4,3,1,2,3,0,3,2,0,0,2,4,4,0,4,3,3,3,4,3,2,1,3,1,1,3,4,4,1,0,4,3,0,2,3,4,1,0,2,2,4,2,1,4,0,0,2,4,4,3,0,0,2,3,1,3,0,1,0,2,0,4,1,2,0,0,3,1,1
"rs00451",5,4871854,1,4,4,0,2,0,0,1,4,0,4,1,2,2,0,3,4,0,0,1,0,0,1,1,0,0,2,2,2,4,3,4,3,3,2,4,1,1,3,0,1,4,0,2,1,4,1,4,1,3,1,4,0,4,2,3,2,3,2,3,0,2,3,1,1,2,2,0,4,2,2,2,0,0,1,4,3,3,4,2,2,2,3,4,1,0,3,0,1,4,1,2,2,0,3,1,0,2,4,1,4,1,1,1,0,0,1,2,1,0,4,1,1,0,3,1,1,0,1,1
"rs00452",5,4922735,4,1,1,2,4,3,0,1,0,4,4,0,4,3,3,4,3,2,2,2,1,1,0,4,2,2,2,2,2,4,2,1,2,2,2,4,1,2,0,0,3,3,3,4,0,1,1,0,2,3,4,0,3,4,3,3,3,3,4,0,1,0,4,3,3,1,3,0,4,3,1,2,4,2,0,2,4,1,4,4,4,0,3,3,2,1,4,2,0,0,2,3,0,1,1,3,3,1,0,4,2,1,4,3,2,3,1,1,2,2,1,0,1,4,3,4,4,0,3,1
"rs00453",5,4995725,1,2,3,1,0,3,0,1,4,4,2,3,2,1,3,4,0,3,0,3,4,2,3,2,2,0,2,0,4,4,2,2,3,0,4,0,0,2,1,3,3,0,0,4,0,4,1,4,4,0,2,2,4,1,2,2,3,0,4,1,0,4,1,4,1,4,0,1,3,3,1,2,4,1,1,2,2,1,1,0,3,0,1,0,1,2,4,3,2,2,1,3,1,2,1,4,2,0,3,3,1,4,1,2,2,1,2,0,1,3,4,3,4,4,0,0,0,0,2,4
"rs00454",5,5067167,3,2,4,4,0,3,3,1,2,0,3,4,2,0,1,2,3,0,0,4,3,4,0,2,2,1,4,4,4,2,3,2,4,4,4,0,4,2,0,3,1,0,0,2,0,3,2,3,4,1,1,3,4,4,0,4,4,0,2,0,2,3,2,4,4,3,2,3,3,1,1,1,1,0,3,2,3,4,1,1,1,3,1,4,3,0,0,3,3,2,1,1,4,2,3,4,2,1,2,4,4,1,1,3,3,2,4,2,4,3,3,1,3,3,3,0,4,0,1,1
"rs00455",5,5203341,1,3,2,0,2,0,0,0,2,1,4,2,0,4,0,4,4,3,1,1,2,3,2,3,0,2,1,4,2,0,3,3,0,4,4,3,3,2,4,1,4,2,1,4,2,4,4,0,3,2,0,1,4,3,3,4,2,1,0,1,4,0,1,2,0,1,2,1,1,1,0,3,4,2,0,0,1,0,2,3,4,4,3,1,0,1,1,4,2,4,4,0,0,0,0,2,0,2,2,3,0,2,2,2,1,1,1,0,2,0,2,0,0,1,1,1,4,3,3,0
"rs00456",5,5294063,4,0,0,1,1,0,1,2,4,4,1,2,2,0,3,0,3,0,2,4,0,4,1,4,2,0,1,3,0,3,1,4,2,4,0,4,0,2,1,2,4,1,2,1,0,4,4,0,0,4,2,1,1,3,0,0,2,4,2,1,0,4,2,3,3,3,4,1,1,1,2,0,2,3,4,4,2,4,1,3,4,0,4,1,4,2,0,2,0,1,4,4,0,4,4,2,0,0,3,3,1,2,3,0,3,4,0,1,1,1,1,0,3,1,1,3,4,1,2,3
"rs00457",5,5624853,3,4,4,4,1,0,1,3,1,4,4,1,4,1,1,0,0,4,0,1,3,4,2,3,3,2,1,4,1,4,3,4,1,4,0,2,0,4,1,0,0,4,0,3,4,1,3,0,1,4,1,2,3,2,2,2,3,1,1,4,0,1,2,2,2,0,3,0,0,4,0,1,4,0,4,1,3,3,4,4,3,4,1,3,1,2,2,4,4,3,0,0,1,4,4,0,0,1,0,0,0,2,3,4,3,1,0,4,4,0,4,4,3,4,4,1,0,0,1,0
"rs00458",5,5631813,0,1,0,2,3,4,1,1,0,0,0,0,3,2,3,0,0,3,1,3,0,3,0,1,2,3,2,3,3,3,3,0,3,3,1,4,4,4,2,2,3,3,2,2,2,1,1,2,3,1,4,3,1,3,3,1,3,4,1,3,1,4,2,0,2,3,0,0,4,2,4,2,1,2,0,0,4,3,3,4,1,3,3,3,3,1,2,2,4,3,2,0,3,4,4,2,3,1,3,2,1,2,4,0,0,2,0,3,4,3,0,3,3,1,1,1,1,0,4,1
"rs00459",5,5660001,0,4,2,4,0,4,0,1,3,1,1,3,1,1,1,2,2,2,1,1,4,4,1,0,1,3,0,3,4,4,1,4,0,3,4,1,3,4,2,4,4,0,3,2,3,4,2,3,2,0,4,4,0,1,3,4,0,1,1,3,0,3,0,0,0,0,0,2,4,3,0,1,1,4,2,4,2,1,4,0,3,3,4,4,0,3,0,0,0,3,2,1,3,0,1,2,1,0,4,3,1,4,4,2,1,4,3,1,2,3,2,2,0,4,2,4,0,1,3,0
"rs00460",5,5702749,0,2,2,0,3,1,3,4,4,4,0,0,3,0,3,2,3,4,2,2,0,4,4,0,2,2,2,1,4,0,4,4,4,1,0,2,2,3,3,3,4,0,4,1,1,2,2,1,4,3,3,1,1,4,4,1,3,4,4,3,1,4,0,4,1,2,2,0,2,1,2,1,1,3,3,0,2,3,1,0,0,0,3,3,3,2,0,1,3,2,3,1,3,3,0,1,3,3,0,2,0,0,4,1,1,4,4,3,2,0,1,0,4,1,1,4,4,2,3,3
"rs00461",5,5819075,3,4,1,2,2,2,0,1,3,2,4,2,3,0,3,0,1,0,2,2,3,3,1,1,4,2,1,0,2,0,1,0,1,1,4,2,1,4,0,0,0,1,0,4,1,3,3,1,4,3,2,2,1,4,2,4,3,4,0,3,1,1,1,0,3,1,1,2,3,4,3,2,3,2,3,0,2,1,1,3,4,1,0,3,4,1,3,3,0,3,0,2,2,1,0,4,0,2,2,4,2,0,4,3,0,1,2,2,2,0,4,1,1,1,4,1,2,0,3,0
"rs00462",5,5923128,4,0,2,4,2,1,0,1,3,1,1,1,3,3,4,4,3,3,2,1,1,3,3,3,4,3,2,4,2,0,1,0,1,1,2,2,0,0,3,0,0,1,2,3,2,0,1,2,4,1,2,3,4,3,3,2,4,1,0,3,1,0,3,2,3,4,4,1,2,4,4,1,3,2,3,1,3,2,4,2,2,4,4,4,3,1,0,1,4,3,2,3,1,3,4,2,4,1,1,3,2,3,2,4,1,0,4,3,3,3,3,4,0,4,0,1,3,0,3,0
"rs00463",5,5953744,3,3,0,1,3,3,1,3,3,1,4,3,3,4,2,1,4,2,0,0,2,4,4,3,4,1,1,3,1,2,0,1,2,4,1,0,1,1,4,3,0,3,1,3,2,4,3,1,3,1,0,3,3,3,3,1,2,3,0,0,2,1,3,3,1,4,2,0,0,0,2,0,1,0,0,1,2,3,1,0,3,0,3,4,3,3,4,2,3,1,0,2,1,4,0,0,0,4,4,1,3,3,1,2,3,2,4,2,0,1,1,3,0,0,4,3,2,3,2,1
"rs00464",5,6234919,0,0,4,0,3,0,3,2,2,0,0,0,3,1,2,2,0,2,0,4,1,0,3,2,3,1,1,3,0,1,0,4,2,1,4,3,1,0,2,3,2,4,4,3,3,1,1,2,0,2,0,1,4,2,1,0,4,2,4,2,2,0,1,1,1,1,0,4,0,4,2,4,1,0,0,1,1,0,1,1,1,3,0,3,1,0,0,4,0,1,2,4,0,0,3,1,0,2,0,3,2,2,2,2,1,4,0,4,0,3,1,0,1,0,2,4,2,2,1,0
"rs00465",5,6537520,3,2,4,0,0,3,4,4,2,3,4,3,0,0,3,1,2,1,0,0,2,1,3,2,0,3,0,1,0,1,4,1,1,1,0,2,4,3,4,0,3,1,0,0,2,0,1,1,0,3,4,1,1,2,3,1,0,3,2,3,1,0,2,4,4,2,4,2,2,0,1,3,1,1,2,2,4,0,1,1,0,3,0,0,1,0,1,3,2,0,1,3,0,4,4,0,4,2,2,1,0,4,1,0,2,4,3,1,0,3,2,3,0,0,0,1,0,0,3,2
"rs00466",5,6627837,1,1,0,0,3,2,3,1,3,1,1,1,4,4,4,2,4,2,2,1,0,0,4,4,2,1,2,2,1,2,1,2,1,4,4,4,3,1,3,4,2,2,4,3,0,2,4,4,2,3,2,4,2,4,3,1,1,0,1,0,4,2,2,1,1,1,3,4,0,4,1,0,3,1,2,1,0,3,1,3,2,0,1,4,0,1,4,2,4,2,1,4,3,3,4,3,1,4,1,4,2,4,2,3,0,4,0,0,4,0,3,1,1,4,1,2,1,0,2,3
"rs00467",5,6731402,1,4,2,4,1,0,4,2,2,3,0,0,0,3,0,4,3,3,4,3,0,4,4,2,3,0,1,3,2,4,3,2,3,2,3,2,1,4,1,1,0,0,4,1,0,1,0,4,1,3,1,1,0,1,3,3,3,4,0,0,0,3,2,4,1,2,2,4,2,3,2,0,3,1,1,0,0,4,3,3,1,3,2,2,3,2,3,2,1,4,0,3,4,0,3,4,1,1,0,0,1,2,0,2,2,3,0,3,3,2,1,1,4,2,1,3,1,0,2,4
"rs00468",5,6930519,1,0,2,0,4,0,3,4,0,1,1,1,0,4,1,4,3,1,1,0,3,4,2,2,0,4,3,3,1,2,3,2,2,4,3,4,3,0,1,4,2,2,1,3,2,3,2,0,0,0,1,2,1,4,3,1,1,2,1,3,3,2,3,0,3,2,1,2,4,2,3,0,0,0,1,0,2,0,1,3,3,1,3,3,4,4,0,1,3,0,1,4,3,3,1,2,4,4,3,3,2,0,2,1,0,2,3,4,1,0,0,0,1,3,3,0,1,2,3,4
"rs00469",5,7012867,0,3,4,2,2,0,1,4,4,2,1,0,3,3,4,2,0,1,3,1,0,2,1,4,0,2,2,4,2,1,3,4,2,3,0,1,0,3,0,1,4,0,3,4,1,0,4,2,2,1,3,4,0,1,4,3,1,4,4,0,3,3,2,0,3,2,4,2,0,4,1,0,3,1,0,2,3,0,0,0,3,3,3,2,4,4,0,4,2,3,0,0,3,4,2,3,4,2,0,3,1,3,4,3,1,0,3,4,1,3,2,3,2,4,0,2,1,3,3,4
"rs00470",5,7150353,4,4,2,3,1,3,3,1,1,3,2,4,3,2,2,3,0,2,1,0,3,4,1,0,0,4,2,2,1,2,1,3,2,4,0,2,0,3,0,0,1,2,4,0,4,1,2,0,1,1,3,3,1,4,3,0,0,0,1,0,0,1,3,1,2,3,3,1,4,2,2,0,4,2,1,1,2,4,1,2,1,1,2,4,2,3,1,3,0,2,3,1,3,1,0,4,4,3,0,4,3,0,4,0,2,1,4,3,1,4,4,2,4,1,0,4,3,2,4,0
"rs00471",5,7165565,4,3,0,1,3,4,4,2,0,1,4,0,3,0,4,2,0,0,4,1,0,2,2,2,0,1,2,2,4,2,4,4,2,4,2,3,4,2,0,3,3,2,2,0,4,3,2,4,0,1,1,2,3,4,0,4,1,4,3,1,3,3,2,4,1,0,2,4,4,3,1,1,1,1,1,4,3,3,2,1,1,2,4,4,3,0,2,4,0,2,1,0,0,3,1,4,0,4,4,0,1,2,1,2,2,0,1,4,4,2,1,2,0,2,1,4,1,0,4,3
"rs00472",5,7177292,4,1,4,2,2,1,2,2,2,3,3,3,4,0,1,0,0,1,1,3,3,3,0,2,0,2,3,4,1,0,1,3,4,4,3,1,4,3,4,1,0,1,4,4,1,1,4,2,0,1,2,0,3,2,1,3,4,1,1,1,4,3,0,1,2,3,3,1,2,4,3,0,3,4,3,1,1,1,1,2,3,1,0,4,2,0,1,1,0,1,0,3,3,2,4,2,0,3,2,1,1,1,3,3,2,3,1,4,3,2,1,2,0,2,3,1,0,1,2,1
"rs00473",5,7188637,4,0,1,4,1,2,0,3,4,0,2,1,1,0,0,3,3,4,1,1,2,1,2,4,1,0,0,2,1,1,4,1,4,2,2,4,4,0,2,2,4,2,2,1,1,2,0,1,3,4,1,3,0,3,1,3,2,0,0,3,4,3,0,0,2,4,1,0,1,1,3,2,0,0,1,2,1,0,1,0,4,1,2,1,3,4,2,4,0,2,1,4,3,4,2,2,0,3,0,3,2,4,4,3,0,0,0,4,1,2,3,0,2,2,0,4,2,4,2,2
"rs00474",5,7282533,2,4,2,4,2,3,1,3,1,3,3,4,4,3,2,1,0,3,0,1,1,3,2,3,1,1,4,1,4,4,4,3,2,3,2,0,1,0,4,2,4,4,4,4,0,0,2,3,2,4,3,4,2,2,1,1,3,1,3,2,0,0,4,2,1,2,1,4,3,4,0,1,0,3,1,1,4,2,2,2,4,4,1,0,3,3,4,4,0,1,2,0,4,1,0,0,0,4,1,3,1,2,4,3,0,0,4,0,0,2,3,3,2,3,4,1,2,4,1,1
"rs00475",5,7291168,2,4,0,2,4,0,4,0,2,0,2,3,0,1,2,0,2,4,2,3,1,1,3,1,4,2,2,0,4,3,4,1,1,0,1,0,4,1,3,2,3,3,4,4,2,0,1,2,2,1,1,3,0,0,2,4,4,4,2,4,1,1,2,3,0,4,0,1,0,0,2,0,1,0,1,0,1,2,3,2,0,3,2,4,4,0,3,3,4,1,3,2,1,3,0,4,2,3,3,1,2,2,3,0,3,3,4,4,1,1,2,3,2,3,3,0,0,3,0,4
"rs00476",5,7404613,0,4,3,0,1,3,0,1,4,0,0,4,2,0,4,3,3,1,3,2,3,0,2,1,0,2,0,1,1,2,0,0,0,0,3,0,1,4,2,4,0,1,3,0,2,2,2,1,3,2,1,0,3,4,4,2,3,4,2,1,4,0,2,1,4,3,0,3,0,2,0,3,1,4,3,4,2,1,1,1,0,0,1,4,2,3,4,3,2,1,1,4,2,4,3,3,3,0,4,4,0,0,2,2,1,3,3,0,0,3,1,1,2,4,1,2,1,0,4,0
"rs00477",5,7489814,0,3,0,1,3,4,4,0,0,1,0,4,1,2,1,4,3,0,4,2,1,1,1,4,4,4,2,4,2,0,1,1,3,0,0,3,2,1,0,3,3,1,4,0,4,3,2,0,1,1,1,3,0,1,2,3,0,1,0,2,1,3,4,1,1,3,0,2,2,2,1,3,4,1,3,0,1,2,3,3,3,3,4,0,0,1,1,0,1,4,4,0,0,4,4,3,1,2,2,1,4,4,4,0,2,0,3,4,2,0,2,4,2,3,2,2,1,1,3,4
"rs00478",5,7579453,1,0,3,3,4,4,3,1,1,3,2,3,2,3,2,4,3,1,4,2,0,1,0,1,3,4,1,0,4,2,2,3,0,1,2,4,4,0,2,2,2,3,0,4,4,4,4,1,3,4,2,0,0,3,3,0,1,0,0,0,1,1,1,1,3,0,0,3,4,0,3,2,3,1,3,4,2,4,1,1,2,4,3,2,2,0,1,0,4,2,4,4,3,2,4,1,1,3,0,0,3,4,2,2,1,4,2,0,2,4,1,1,2,3,1,3,2,0,0,0
"rs00479",5,7729457,0,4,3,2,4,2,0,0,4,0,3,0,0,4,0,0,2,2,0,3,4,1,0,2,1,3,2,4,4,2,2,0,3,2,1,2,1,0,2,0,3,4,1,0,3,4,4,0,3,2,3,0,2,2,1,3,1,2,2,0,3,2,1,1,2,1,1,4,2,0,1,2,1,3,1,1,1,1,1,4,1,4,4,4,3,4,4,4,0,0,2,4,4,4,4,4,4,2,2,2,1,3,4,0,4,1,3,0,3,1,0,1,1,2,2,0,3,2,2,1
"rs00480",5,7959292,4,2,4,2,3,4,1,3,2,0,2,3,1,1,4,2,2,2,4,2,1,0,3,3,1,3,2,2,2,4,3,2,4,1,3,3,4,4,0,4,4,3,4,3,4,2,1,0,1,3,4,2,1,2,0,1,3,2,3,3,4,2,0,3,3,1,2,1,4,2,1,1,1,2,3,1,0,4,1,3,0,2,3,2,3,3,2,4,3,2,0,4,3,1,1,1,0,0,4,4,1,4,0,2,1,2,0,0,3,4,4,1,1,2,0,0,4,0,2,1
"rs00481",5,8166571,2,2,2,1,3,0,4,0,2,0,3,2,0,0,1,3,1,0,2,0,2,0,1,2,0,3,4,0,4,4,3,1,3,4,3,0,0,4,4,0,1,1,1,3,0,2,3,4,1,3,1,1,1,0,2,4,0,3,2,0,2,1,0,0,4,3,2,0,3,4,4,3,3,3,4,0,1,2,4,0,4,2,1,1,1,0,3,4,3,4,3,2,0,1,1,3,1,2,4,2,0,0,3,0,4,3,0,2,2,0,4,1,0,1,4,3,4,1,4,2
"rs00482",5,8209351,3,1,2,1,2,3,0,0,4,0,0,0,3,4,1,3,3,0,2,4,0,3,4,4,0,3,4,0,1,2,4,1,2,1,1,1,4,1,2,0,2,0,4,4,4,0,0,1,0,0,0,3,0,4,2,4,3,1,2,3,4,2,0,2,1,1,3,4,3,0,2,2,1,0,0,3,3,4,0,4,4,1,4,0,3,3,3,3,4,4,0,0,4,3,3,4,4,3,3,0,3,3,2,1,4,3,1,2,0,4,1,4,3,1,3,3,2,3,2,3
"rs00483",5,8243022,2,2,1,4,4,1,0,0,3,3,0,4,4,3,0,1,4,4,3,1,3,4,0,1,0,2,2,4,1,1,3,3,3,1,1,3,1,4,0,0,1,0,0,0,0,4,0,0,1,1,4,1,2,0,3,0,2,4,2,3,1,2,2,1,3,1,4,1,2,2,4,3,4,1,0,2,3,2,3,1,4,1,3,2,3,1,0,0,0,0,0,1,1,1,1,2,4,4,0,1,1,0,3,1,0,0,2,3,1,2,1,1,1,4,3,0,3,3,4,4
"rs00484",5,8994306,1,0,3,0,2,2,3,0,2,0,2,0,1,4,0,3,3,4,0,2,1,1,1,1,4,2,1,4,1,2,3,1,0,3,0,1,0,4,3,2,1,3,2,0,4,1,4,1,0,4,1,4,2,2,0,0,2,3,1,3,3,4,2,4,3,4,4,2,1,2,4,4,2,1,2,4,2,2,2,2,0,1,2,2,4,4,3,3,2,4,4,1,0,2,4,0,2,4,3,2,2,0,1,3,3,1,1,3,4,3,2,4,1,3,1,3,3,3,2,0
"rs00485",5,9112504,1,4,4,2,0,3,3,4,3,2,2,3,1,4,1,4,3,2,0,0,2,2,2,0,3,1,4,2,0,4,3,2,1,4,3,3,1,2,1,4,1,2,2,1,3,3,4,2,4,2,4,3,3,0,0,0,1,4,3,1,3,1,0,1,4,3,4,1,3,2,4,0,4,1,2,2,2,1,1,0,2,2,0,1,3,0,2,3,1,3,4,4,2,1,4,4,0,2,1,3,2,3,2,1,1,1,3,4,1,4,3,4,4,1,1,2,1,0,3,1
"rs00486",5,9197295,4,3,2,3,1,0,1,1,4,2,3,3,3,0,1,2,4,3,1,0,2,2,0,1,2,2,4,4,3,1,3,3,0,1,3,4,3,0,4,4,2,0,0,0,2,3,4,0,2,4,2,3,1,1,4,4,4,1,0,4,2,1,4,4,3,1,1,4,1,0,3,4,1,2,4,4,4,0,4,1,1,4,4,2,1,0,4,4,2,2,2,4,3,0,3,4,0,4,1,3,1,0,1,1,4,1,2,0,4,0,0,1,2,1,0,2,0,4,0,0
"rs00487",5,9207754,1,4,0,4,1,3,0,4,0,4,4,1,0,3,1,2,0,1,0,0,3,4,0,3,3,0,4,1,1,3,0,4,1,0,2,2,4,3,3,4,4,2,2,3,3,1,0,4,2,2,3,3,0,1,0,0,1,2,3,0,1,3,3,2,3,1,1,0,1,1,4,0,1,4,4,4,1,4,0,3,1,2,3,2,3,4,3,4,3,2,0,2,3,4,1,0,1,4,3,4,1,0,2,3,3,1,1,3,1,4,3,1,1,0,2,4,2,1,1,3
"rs00488",5,9231476,1,0,4,0,4,2,4,0,2,1,3,3,1,3,3,0,2,4,4,2,4,4,0,1,1,0,0,4,4,4,2,0,3,1,1,3,2,4,3,2,4,0,0,3,2,3,0,1,4,3,1,1,4,0,0,3,4,0,2,3,4,3,3,1,1,1,3,1,1,3,4,0,2,2,0,0,4,4,4,1,4,4,0,1,2,4,4,3,0,1,3,0,1,3,3,1,1,1,0,1,4,3,3,1,4,3,2,3,4,1,4,1,4,0,3,4,1,4,4,0
"rs00489",5,9282276,4,2,4,1,2,0,0,1,4,2,3,0,1,4,4,4,0,0,4,0,0,0,3,3,4,0,2,0,1,2,1,0,4,3,0,3,2,0,0,2,4,2,1,3,0,3,3,4,0,1,3,3,3,3,0,4,0,0,3,4,3,3,0,3,3,2,1,0,1,4,1,3,3,2,4,0,3,0,1,4,3,3,1,2,0,0,0,3,3,1,2,3,2,0,1,0,1,2,4,2,1,4,3,4,1,2,1,0,1,3,4,1,0,1,0,3,0,2,0,2
"rs00490",5,9296675,4,3,4,1,4,2,0,2,1,2,4,1,0,2,4,0,3,0,1,4,1,4,0,2,1,0,3,2,3,2,0,1,2,3,1,3,3,0,1,1,2,0,3,2,3,4,3,2,1,2,0,0,2,4,4,3,4,4,3,1,1,0,1,1,2,4,2,3,0,2,4,2,2,3,3,1,1,4,0,2,3,0,0,2,2,0,3,3,2,3,3,0,0,0,2,1,4,1,0,4,4,1,1,0,3,1,4,1,3,3,2,4,0,4,2,1,3,4,2,3
"rs00491",5,9311725,1,0,3,4,2,3,1,4,2,3,0,2,3,3,1,4,3,3,2,2,2,3,0,0,4,2,1,3,3,1,1,1,2,4,1,4,0,3,1,2,1,2,4,0,1,3,3,4,3,1,1,3,2,4,3,3,1,1,1,3,3,2,4,0,1,2,2,2,4,3,3,4,4,2,1,2,0,4,0,0,3,1,0,4,4,1,4,0,3,0,0,1,2,0,1,2,2,1,4,1,1,2,0,1,2,0,3,4,0,1,0,1,1,3,3,1,3,0,4,4
"rs00492",5,9423815,0,4,3,0,3,4,2,3,3,1,1,1,2,1,0,1,3,3,0,2,2,0,0,4,1,1,1,2,0,2,3,0,4,4,0,3,3,1,3,1,2,3,0,3,0,4,1,1,3,2,0,0,0,2,2,4,1,2,1,1,3,1,4,0,4,4,2,4,4,0,0,2,1,0,2,3,3,1,0,4,0,4,0,3,4,4,2,2,3,2,3,2,1,0,2,1,2,0,4,0,4,0,4,2,1,0,1,1,2,1,2,2,0,3,1,0,1,3,3,1
"rs00493",5,9433244,4,1,2,0,3,2,0,1,4,2,1,1,4,2,2,2,2,4,4,0,0,4,3,1,0,4,2,4,3,1,3,3,2,4,2,1,2,1,2,4,2,2,4,1,3,4,2,0,3,4,3,1,2,4,0,2,0,4,1,3,0,3,1,1,3,3,0,1,0,3,3,3,2,2,0,2,0,3,0,1,0,4,2,0,3,3,0,1,4,3,3,1,4,2,0,4,3,1,0,2,4,0,1,4,1,3,0,2,0,1,4,4,2,0,0,2,0,2,0,4
"rs00494",5,9548735,1,4,2,1,4,0,2,3,3,1,1,3,0,2,4,4,3,1,1,0,4,4,3,0,2,2,4,4,1,4,4,1,0,0,3,1,1,3,0,2,4,3,0,2,1,4,2,4,1,4,2,4,4,2,4,0,4,2,3,4,1,1,2,4,1,3,2,4,4,4,3,3,0,0,4,1,2,4,2,2,1,1,0,0,4,1,2,3,3,4,3,0,4,4,1,0,2,2,1,2,2,4,2,1,1,3,3,1,1,3,2,3,1,4,1,0,2,0,1,0
"rs00495",5,9703962,0,1,0,3,0,4,0,1,3,3,0,0,3,1,1,2,4,2,4,2,0,2,4,3,1,1,4,2,1,4,4,1,3,3,1,3,3,4,0,3,3,2,4,1,3,1,2,4,0,0,1,1,2,2,0,3,0,4,4,3,1,0,3,0,3,4,0,2,0,3,4,1,3,4,0,0,4,0,2,3,1,3,4,3,3,0,4,3,2,1,4,3,4,1,4,3,0,1,0,1,4,3,0,2,2,4,1,3,2,3,0,1,4,2,4,4,1,4,1,1
"rs00496",5,9726264,3,1,3,4,0,2,4,3,1,4,1,2,4,3,3,3,3,1,1,1,4,3,1,0,2,4,4,0,4,2,1,2,3,4,4,4,0,2,0,3,1,1,2,2,1,3,3,1,3,3,3,4,2,2,3,2,1,3,2,4,3,4,1,4,3,3,3,2,1,3,0,3,4,1,0,0,0,4,2,4,2,4,0,0,1,0,1,2,1,4,1,1,4,0,3,1,1,2,4,0,0,2,1,2,2,4,4,4,3,4,0,0,4,0,0,2,3,0,1,0
"rs00497",5,9729156,1,3,0,3,1,4,0,0,0,4,3,2,3,2,0,1,1,4,0,1,1,3,2,1,1,1,1,4,4,4,2,2,4,0,4,4,4,1,1,4,2,2,4,2,4,4,3,4,2,3,4,0,0,0,0,0,4,4,3,3,0,4,0,3,1,3,3,4,1,2,1,0,4,3,4,0,4,0,4,3,4,4,1,3,2,4,1,3,0,1,4,2,0,2,0,1,1,3,1,2,2,0,0,2,4,3,0,3,2,4,3,3,3,3,2,3,4,2,4,2
"rs00498",5,9778944,4,4,0,2,0,1,2,0,3,4,4,1,2,4,3,1,1,4,0,3,0,0,3,4,4,3,2,4,0,1,2,4,4,0,1,1,3,2,4,1,4,4,1,3,0,4,2,3,0,3,4,1,1,2,4,2,0,4,0,1,2,0,4,3,1,4,2,2,4,0,0,4,1,0,2,4,2,0,1,2,0,0,4,3,2,4,2,3,2,2,0,4,4,2,2,4,2,1,3,1,0,4,1,3,3,0,3,2,3,4,3,4,4,4,2,1,4,1,1,3
"rs00499",5,9803656,4,1,4,1,1,2,2,4,2,4,2,0,1,3,3,3,1,4,0,0,3,2,1,2,0,3,2,3,2,0,4,1,4,2,3,2,0,2,0,1,0,0,3,1,3,3,2,1,3,3,1,3,4,2,4,4,3,2,1,1,4,3,1,2,2,2,3,1,2,2,0,4,1,3,2,4,1,4,0,0,3,4,3,1,3,3,2,3,4,0,0,2,0,0,2,0,1,4,3,2,1,2,0,4,2,4,4,1,4,0,4,1,4,0,2,3,4,1,3,3
"rs00500",5,9900558,4,3,3,4,3,4,0,0,3,1,1,1,1,0,0,4,2,1,1,0,4,0,3,3,3,3,4,2,4,1,0,2,3,1,0,4,1,1,2,2,1,0,2,3,0,2,0,1,2,0,4,2,1,1,0,2,1,1,3,0,3,3,4,4,2,4,0,4,0,1,2,2,2,1,2,3,1,1,2,4,0,3,4,3,2,3,4,0,1,4,0,1,3,1,4,4,4,1,2,3,0,3,0,1,2,0,0,3,1,2,2,2,0,3,4,1,2,3,1,2
